{
"type": "FeatureCollection",
"name": "guna_range_aron",
"crs": { "type": "name", "properties": { "name": "urn:ogc:def:crs:OGC:1.3:CRS84" } },
"features": [
{ "type": "Feature", "properties": { "SID": "014", "DID": "067", "RID": "001", "BID": "003", "State": "Madhya_Pradesh", "Division": "Guna", "Range": "Aron", "Beat": "Goumukh", "Beat_Ar": 15.512663133 }, "geometry": { "type": "Polygon", "coordinates": [ [ [ 77.324254564488186, 24.283197220224586 ], [ 77.324449186313856, 24.28267991916692 ], [ 77.324616496419353, 24.281458537363228 ], [ 77.324395816931172, 24.278976689762974 ], [ 77.324394141858846, 24.277505598871954 ], [ 77.32444743508897, 24.276826755382487 ], [ 77.324640774346037, 24.27586249531517 ], [ 77.324838732405937, 24.274366805781689 ], [ 77.324882215839978, 24.273327525776487 ], [ 77.324904471657561, 24.272795586527774 ], [ 77.325005259593226, 24.270454931329411 ], [ 77.325647774655039, 24.269663165615093 ], [ 77.326319115766211, 24.268837198700812 ], [ 77.327467472319469, 24.267212499962731 ], [ 77.328895681074457, 24.265025309126006 ], [ 77.329077167337971, 24.264696516396899 ], [ 77.328957545977943, 24.264446774801648 ], [ 77.328936290572244, 24.264371057617613 ], [ 77.328910494907475, 24.264296535442735 ], [ 77.328880241763528, 24.264223438287608 ], [ 77.32884561893772, 24.264151985359604 ], [ 77.328806735854371, 24.264082401439808 ], [ 77.328763710918778, 24.264014897824914 ], [ 77.328716675381074, 24.263949681387132 ], [ 77.328665774351947, 24.263886950968487 ], [ 77.328611162846698, 24.263826899159206 ], [ 77.328494418439405, 24.263739809823495 ], [ 77.328377146938152, 24.263653317277484 ], [ 77.32825935324513, 24.263567424264782 ], [ 77.328141037329161, 24.263482134396781 ], [ 77.328022208048537, 24.263397448638962 ], [ 77.327902864379055, 24.26331337149896 ], [ 77.327783015186554, 24.263229903039043 ], [ 77.327662659431425, 24.263147049573202 ], [ 77.327541801053727, 24.263064811128338 ], [ 77.327366071970644, 24.262992369795079 ], [ 77.327184118445999, 24.262934260382167 ], [ 77.326997327791815, 24.262890925453991 ], [ 77.326807126687825, 24.262862695862754 ], [ 77.326614964466899, 24.26284978701598 ], [ 77.32642230524381, 24.262852297917725 ], [ 77.326230622037798, 24.262870207513473 ], [ 77.326041371106925, 24.262903380828924 ], [ 77.325856000848077, 24.262951565420718 ], [ 77.325807746719164, 24.262966550704149 ], [ 77.325758611717049, 24.262978889512233 ], [ 77.325708764677685, 24.262988539700448 ], [ 77.325658381287184, 24.262995464592944 ], [ 77.32560763809353, 24.26299964197203 ], [ 77.325556715523803, 24.263001056873883 ], [ 77.325505790972585, 24.262999703345425 ], [ 77.325455042711596, 24.262995588085399 ], [ 77.325404649951395, 24.262988723218797 ], [ 77.325341479177226, 24.262972010851676 ], [ 77.325278654477913, 24.262954231518524 ], [ 77.325216199437023, 24.262935392614974 ], [ 77.325154132727775, 24.262915499694952 ], [ 77.325092477933637, 24.262894560153963 ], [ 77.325031255682632, 24.262872581366587 ], [ 77.324970485632974, 24.262849568893774 ], [ 77.324910190351943, 24.26282553373693 ], [ 77.324850388512544, 24.262800481450018 ], [ 77.324736500355669, 24.262764310421083 ], [ 77.324621319275806, 24.262731758296866 ], [ 77.32450498483324, 24.262702864012144 ], [ 77.324387631700446, 24.262677661950903 ], [ 77.324269402469426, 24.262656182038153 ], [ 77.324150435829651, 24.262638449655171 ], [ 77.324030871494131, 24.262624485674831 ], [ 77.323910855125021, 24.262614306497127 ], [ 77.323790528474618, 24.262607924881294 ], [ 77.323718271576865, 24.262609168687209 ], [ 77.323646107144128, 24.262605590781863 ], [ 77.323574419234845, 24.262597212893912 ], [ 77.323503584833404, 24.262584077476383 ], [ 77.32343397871405, 24.262566254967016 ], [ 77.32336597249386, 24.262543839265554 ], [ 77.323299922795499, 24.262516949454941 ], [ 77.323236180128688, 24.262485728058543 ], [ 77.323175082987049, 24.262450340094684 ], [ 77.323108805082768, 24.26240050292586 ], [ 77.32304701611956, 24.262346032832063 ], [ 77.322990100374739, 24.262287270390082 ], [ 77.322938412382868, 24.262224577640389 ], [ 77.322892272933814, 24.262158345283932 ], [ 77.322851970096409, 24.262088988173325 ], [ 77.322817753408103, 24.262016933528791 ], [ 77.322789835753085, 24.261942631790355 ], [ 77.322768392485244, 24.261866543966185 ], [ 77.322761781674259, 24.261764666345677 ], [ 77.322741991106994, 24.261664235731189 ], [ 77.322709300229164, 24.261566678521277 ], [ 77.322664175994234, 24.261473383621322 ], [ 77.322607258323814, 24.261385674339543 ], [ 77.322539358197616, 24.261304801147872 ], [ 77.322461439181808, 24.261231912646878 ], [ 77.32237461159481, 24.26116804649201 ], [ 77.322280108048417, 24.261114109348249 ], [ 77.322246129001371, 24.261088468727902 ], [ 77.322209555095327, 24.261066030341517 ], [ 77.32217074308231, 24.261047011723232 ], [ 77.322130071641936, 24.261031600758724 ], [ 77.322087939488711, 24.261019946639315 ], [ 77.322044758444889, 24.261012163425082 ], [ 77.322000949523485, 24.261008327307064 ], [ 77.321956941935539, 24.261008477503328 ], [ 77.321913165263169, 24.26101260988014 ], [ 77.32186350422603, 24.261020389574576 ], [ 77.321813260790066, 24.261023814204876 ], [ 77.321762889376558, 24.26102285633246 ], [ 77.321712846098492, 24.261017521047716 ], [ 77.321663577807882, 24.26100785943979 ], [ 77.321615533032599, 24.260993956932982 ], [ 77.321569141226178, 24.260975940363384 ], [ 77.32152482465132, 24.260953970838493 ], [ 77.321482980631686, 24.260928245415659 ], [ 77.321409416935552, 24.260887452392982 ], [ 77.321333038481839, 24.260851266305608 ], [ 77.321254190658664, 24.260819850411718 ], [ 77.321173221994016, 24.260793346315253 ], [ 77.321090499926015, 24.26077187317615 ], [ 77.321006397018692, 24.260755526708046 ], [ 77.320921288006787, 24.260744379157018 ], [ 77.320835554690831, 24.260738482949886 ], [ 77.320749583035948, 24.260737864350535 ], [ 77.320631840189122, 24.260738541383013 ], [ 77.320514321286282, 24.260731830622369 ], [ 77.320397579751287, 24.260717764962411 ], [ 77.320282160854916, 24.26069640885277 ], [ 77.320168607586709, 24.260667862857414 ], [ 77.320057449833357, 24.260632261769896 ], [ 77.319949208349939, 24.260589771029313 ], [ 77.319844392750355, 24.2605405912214 ], [ 77.319743492695196, 24.260484951692451 ], [ 77.319651076768807, 24.26043063691483 ], [ 77.319557789955738, 24.260377590256155 ], [ 77.31946365187197, 24.260325821791916 ], [ 77.319368684088204, 24.260275343418048 ], [ 77.319272907189813, 24.260226167023522 ], [ 77.31917634277049, 24.260178301794884 ], [ 77.319079012392805, 24.26013176053144 ], [ 77.318980937657855, 24.26008655151654 ], [ 77.318882139158461, 24.260042685736195 ], [ 77.318759390094442, 24.260007701861088 ], [ 77.318635319668672, 24.259976879458399 ], [ 77.318510097950067, 24.259950260397964 ], [ 77.31849066100034, 24.259946814231025 ], [ 77.318383893090939, 24.259927880213709 ], [ 77.318256875244458, 24.259909770841446 ], [ 77.318129217604124, 24.25989595430412 ], [ 77.318001093378626, 24.259886450818904 ], [ 77.317872673883727, 24.25988127155745 ], [ 77.317744132413097, 24.259880426803157 ], [ 77.317681738710704, 24.259874821224066 ], [ 77.317619082027278, 24.259872875407172 ], [ 77.31755641746922, 24.259874595711878 ], [ 77.317498743561018, 24.259879566650024 ], [ 77.317432084744254, 24.25988899328345 ], [ 77.317370922478219, 24.259901611884843 ], [ 77.317310761176302, 24.259917780158595 ], [ 77.317251847693029, 24.259937433051341 ], [ 77.317194420156994, 24.259960489188892 ], [ 77.317149062601985, 24.259979155263828 ], [ 77.317102812408166, 24.259995878349496 ], [ 77.317055768402042, 24.260010623030574 ], [ 77.31700803232674, 24.260023358428999 ], [ 77.316959702954648, 24.260034055451911 ], [ 77.316910886861592, 24.260042694095226 ], [ 77.316861687683698, 24.260049252527292 ], [ 77.316812209956865, 24.260053718858618 ], [ 77.316762560163937, 24.260056083923601 ], [ 77.316588421700402, 24.260057166482198 ], [ 77.31642067352675, 24.260065313155057 ], [ 77.316250462832286, 24.260080955779284 ], [ 77.316081241353942, 24.260103908873038 ], [ 77.315913381888677, 24.260134123652872 ], [ 77.315747255427539, 24.260171532356349 ], [ 77.315583228161486, 24.260216052735956 ], [ 77.315421662490209, 24.260267585357209 ], [ 77.31526291500559, 24.260326019002804 ], [ 77.315112428009741, 24.260369509695089 ], [ 77.314963990424502, 24.260418568126404 ], [ 77.31481529624152, 24.260474180177617 ], [ 77.314674246543973, 24.260533057543661 ], [ 77.314533416729446, 24.260598297801224 ], [ 77.314395593181203, 24.26066872978835 ], [ 77.314261005475856, 24.260744235047735 ], [ 77.314129872394133, 24.260824690528107 ], [ 77.314002411826934, 24.260909962333788 ], [ 77.313872483567451, 24.261009002998055 ], [ 77.313732536615902, 24.261095817055264 ], [ 77.31358393589889, 24.261169559925843 ], [ 77.313428128047534, 24.261229510465959 ], [ 77.313266632396818, 24.261275086258049 ], [ 77.313101023266512, 24.26130584167678 ], [ 77.312932912124651, 24.261321479502264 ], [ 77.312763937772274, 24.26132184633331 ], [ 77.312595748568867, 24.261306936974233 ], [ 77.312449846754362, 24.261298761139493 ], [ 77.31230369818708, 24.261296227640255 ], [ 77.312157564904552, 24.261299337475212 ], [ 77.312011702079388, 24.261308087981092 ], [ 77.311866370927902, 24.261322461184882 ], [ 77.311721829757957, 24.261342433673899 ], [ 77.311578334031779, 24.261367969370699 ], [ 77.311436137327675, 24.261399022249449 ], [ 77.311295494280131, 24.261435538164047 ], [ 77.311112369624936, 24.261459670784372 ], [ 77.310928929978203, 24.261481714437561 ], [ 77.310745206904798, 24.261501665739321 ], [ 77.310561227043991, 24.261519521269836 ], [ 77.310377020960033, 24.261535279444239 ], [ 77.310242644797313, 24.26154523180244 ], [ 77.310192613314086, 24.261548937731845 ], [ 77.310008034693965, 24.261560491838562 ], [ 77.309823315640529, 24.261569942889544 ], [ 77.309638481800221, 24.261577288361558 ], [ 77.309474851662955, 24.261592023732078 ], [ 77.309310974411858, 24.261604233510933 ], [ 77.309146897351624, 24.261613917138806 ], [ 77.3089826648784, 24.261621068616204 ], [ 77.308818324281233, 24.261625689190591 ], [ 77.30865392288834, 24.261627775593794 ], [ 77.308489506041994, 24.261627326349984 ], [ 77.308325121015557, 24.261624344513418 ], [ 77.308160813151247, 24.26161882860869 ], [ 77.307984632064446, 24.261605076156492 ], [ 77.307807849892356, 24.261601789317325 ], [ 77.307631205389683, 24.261608980701109 ], [ 77.307455436678424, 24.261626622271436 ], [ 77.307281278356044, 24.261654638098499 ], [ 77.307109457477424, 24.261692913362168 ], [ 77.306940695604453, 24.261741285334406 ], [ 77.306775694928504, 24.261799553213486 ], [ 77.306615144213396, 24.261867474554069 ], [ 77.306478733639764, 24.261928629757204 ], [ 77.306341857701469, 24.261988902597079 ], [ 77.306204521342181, 24.262048291302243 ], [ 77.306066732484695, 24.262106791413228 ], [ 77.305928497073666, 24.262164399359381 ], [ 77.305789823977861, 24.262221115204412 ], [ 77.305650717187405, 24.262276933556947 ], [ 77.305511185586809, 24.262331852674407 ], [ 77.305371235113114, 24.262385869889304 ], [ 77.305217450692524, 24.262380680583707 ], [ 77.305063568877586, 24.262379215313391 ], [ 77.304909699960476, 24.262381478496948 ], [ 77.304755950363585, 24.262387466395957 ], [ 77.304602426509078, 24.262397175272557 ], [ 77.304449235836017, 24.262410597783777 ], [ 77.304296484790385, 24.26242772748305 ], [ 77.304144280882085, 24.262448548899727 ], [ 77.303992730628224, 24.262473047459622 ], [ 77.303856996847401, 24.262496995026982 ], [ 77.303722435903865, 24.262525979310535 ], [ 77.303589270875221, 24.262559950461807 ], [ 77.303457720930638, 24.262598854991715 ], [ 77.303328003379903, 24.262642626753024 ], [ 77.303200333610647, 24.262691194165747 ], [ 77.303074922156512, 24.262744477486116 ], [ 77.302951975682475, 24.262802388813544 ], [ 77.302831696015573, 24.262864830277163 ], [ 77.301913325900969, 24.262765405633598 ], [ 77.300265893224463, 24.26258703561431 ], [ 77.299988193833784, 24.262786584659082 ], [ 77.299676922199154, 24.263019283296465 ], [ 77.298722192705071, 24.263203583074542 ], [ 77.298296396186132, 24.263271269476714 ], [ 77.297641168353266, 24.263301769814152 ], [ 77.296784997961907, 24.263157051625708 ], [ 77.296365482451975, 24.263175965024747 ], [ 77.295764135001278, 24.263606791680065 ], [ 77.295225741379426, 24.263635205412349 ], [ 77.294663451440385, 24.263995643745318 ], [ 77.294362200996304, 24.26428634590274 ], [ 77.293797459662429, 24.264914313677345 ], [ 77.293627378699497, 24.265074004746822 ], [ 77.293428371427524, 24.265298754244224 ], [ 77.292314497510944, 24.264664216612708 ], [ 77.291902231245999, 24.264529182500219 ], [ 77.291530614109163, 24.264439282232605 ], [ 77.291220077810834, 24.264439429219781 ], [ 77.290896576214237, 24.264514705373237 ], [ 77.290181787066388, 24.26468102949341 ], [ 77.289092594537095, 24.265296154639685 ], [ 77.288744746444209, 24.265619138429983 ], [ 77.288168166004922, 24.265928117562034 ], [ 77.287926930977889, 24.265813817196179 ], [ 77.286737740864496, 24.265287903271524 ], [ 77.286049891968645, 24.265031353401326 ], [ 77.285644275300157, 24.264894967282434 ], [ 77.284789604995368, 24.264514732059904 ], [ 77.284542913458438, 24.264324607403378 ], [ 77.284121343390495, 24.26355156970391 ], [ 77.283577949400424, 24.262926483109471 ], [ 77.283290242744442, 24.262551106453248 ], [ 77.283104839614239, 24.26263909735869 ], [ 77.283003324985145, 24.262677122215695 ], [ 77.282900890319681, 24.262713013058036 ], [ 77.28279758900463, 24.262746749508 ], [ 77.282693472432641, 24.262778313882809 ], [ 77.282588597883361, 24.262807691253347 ], [ 77.282483018712142, 24.262834864854966 ], [ 77.282376791189748, 24.262859822461028 ], [ 77.282269968663812, 24.262882548210261 ], [ 77.282162607381338, 24.262903032585793 ], [ 77.282002365068919, 24.262927802810779 ], [ 77.281841599972793, 24.262949529625644 ], [ 77.281680378213608, 24.262968201780755 ], [ 77.28151876882751, 24.262983812564638 ], [ 77.281356841827716, 24.262996356176501 ], [ 77.281194668236978, 24.263005824113833 ], [ 77.281032314080022, 24.263012215966061 ], [ 77.280869849370319, 24.263015525933287 ], [ 77.280707347020723, 24.263015754560222 ], [ 77.280611037822311, 24.263005062636104 ], [ 77.28051604016018, 24.262987033654863 ], [ 77.280423017957403, 24.262961792708435 ], [ 77.28033261990052, 24.262929516260098 ], [ 77.280279958414866, 24.262905895520376 ], [ 77.280245480440243, 24.262890430345038 ], [ 77.280162205053969, 24.262844805944312 ], [ 77.280083378062429, 24.262792966268421 ], [ 77.280009549975048, 24.262735269501654 ], [ 77.279941237369329, 24.262672122348903 ], [ 77.279803223835387, 24.262538558394628 ], [ 77.279669351976665, 24.262401499115168 ], [ 77.279539728254321, 24.262261048284614 ], [ 77.279414457085522, 24.262117317790334 ], [ 77.279293631031891, 24.26197042304408 ], [ 77.279177349557713, 24.261820478605916 ], [ 77.279065703251277, 24.261667599872347 ], [ 77.278958778678643, 24.261511911242167 ], [ 77.278856663429679, 24.261353532605167 ], [ 77.278792547595089, 24.261226031205346 ], [ 77.278725200683795, 24.261099939917052 ], [ 77.278654661529757, 24.260975324058823 ], [ 77.278580965995147, 24.260852250733059 ], [ 77.278504155820173, 24.260730790699068 ], [ 77.278424271815652, 24.260611008386419 ], [ 77.278341358724305, 24.260492969157344 ], [ 77.278255462289593, 24.260376736574909 ], [ 77.278166627253057, 24.260262376001084 ], [ 77.277939590732657, 24.259962431060121 ], [ 77.27781989807508, 24.260387158381381 ], [ 77.277585918657039, 24.260567460017636 ], [ 77.277064141604328, 24.260715432864156 ], [ 77.275651292805279, 24.260979768364638 ], [ 77.274413606774928, 24.26135846137846 ], [ 77.273660622948029, 24.261588847492977 ], [ 77.272873515752295, 24.261850964255665 ], [ 77.271480726217817, 24.26224826834093 ], [ 77.269778449353367, 24.262591025894192 ], [ 77.269621034470447, 24.262956059284232 ], [ 77.269763948578429, 24.264208054641028 ], [ 77.269143329624512, 24.264606195024257 ], [ 77.268341005831388, 24.264908997089851 ], [ 77.268249652919224, 24.266499001649429 ], [ 77.268191810481582, 24.267529359873091 ], [ 77.267728030583797, 24.268175716333008 ], [ 77.26721867075392, 24.268525936563652 ], [ 77.267165388722972, 24.269629918839172 ], [ 77.267279473390133, 24.270338413874725 ], [ 77.265583941539973, 24.270204794378614 ], [ 77.264877720723788, 24.270393379891164 ], [ 77.263917465354325, 24.271506300464914 ], [ 77.263273870582211, 24.272263102793037 ], [ 77.262405149983309, 24.273085068813465 ], [ 77.262195903970408, 24.273499959783379 ], [ 77.262281730685089, 24.273794791531284 ], [ 77.262196993690864, 24.275106852299839 ], [ 77.262152148952367, 24.275514525644589 ], [ 77.262714306982218, 24.275669502013436 ], [ 77.264170611959955, 24.276224186818556 ], [ 77.264806652281877, 24.276481911894955 ], [ 77.265085035019183, 24.27710683805482 ], [ 77.265044936078354, 24.277446631063771 ], [ 77.264770430940871, 24.277779878835247 ], [ 77.264483285492162, 24.277971798056207 ], [ 77.264038518117786, 24.278364955531064 ], [ 77.263896429666318, 24.278768654774051 ], [ 77.263489217313548, 24.279130858502022 ], [ 77.263080821189462, 24.27934689201745 ], [ 77.26335922806787, 24.280331604254648 ], [ 77.263257206251396, 24.280676052328477 ], [ 77.262832213301849, 24.281612723442947 ], [ 77.263169348645391, 24.282012470357305 ], [ 77.263517727880469, 24.282590526915339 ], [ 77.264060802793622, 24.283111492320554 ], [ 77.264714682949943, 24.283741688837065 ], [ 77.264806578017996, 24.284142520379717 ], [ 77.264738596034277, 24.284410008777847 ], [ 77.264412726743672, 24.285282369410908 ], [ 77.264158254899442, 24.286299382104907 ], [ 77.263866204126515, 24.287045467208834 ], [ 77.263734233488492, 24.287761409383865 ], [ 77.263673183299318, 24.288209897757753 ], [ 77.263860327887599, 24.288421769289755 ], [ 77.264263131922419, 24.288758058390062 ], [ 77.265278994400745, 24.289443975031105 ], [ 77.265635381855006, 24.289659018193305 ], [ 77.266268075477612, 24.290082961802028 ], [ 77.267300123006521, 24.290670645083509 ], [ 77.268430246040282, 24.291256046078512 ], [ 77.268878501460861, 24.291538870555232 ], [ 77.269489530312086, 24.291924392741691 ], [ 77.269675222517819, 24.292415689434147 ], [ 77.270208302980393, 24.29334355280054 ], [ 77.270330183583269, 24.294010769567116 ], [ 77.270284690786752, 24.294318436990153 ], [ 77.268736162642085, 24.294615122274426 ], [ 77.26765473408399, 24.294818415628662 ], [ 77.266398415125224, 24.295103367068517 ], [ 77.264751202903611, 24.295322593709773 ], [ 77.263226684107153, 24.29564511403499 ], [ 77.262708579072552, 24.295823093684291 ], [ 77.262639925973545, 24.296116534577148 ], [ 77.262852006099607, 24.296463243334689 ], [ 77.26287705731113, 24.296525630655854 ], [ 77.262895971588364, 24.296589810304429 ], [ 77.262908597809997, 24.296655274432286 ], [ 77.262914838147282, 24.296721506562985 ], [ 77.262914642119213, 24.296787985159746 ], [ 77.262908013474757, 24.296854185484076 ], [ 77.262895001267012, 24.296919585850262 ], [ 77.262875711654303, 24.296983670424947 ], [ 77.262850295049262, 24.297045933645496 ], [ 77.262815217199943, 24.297099546567313 ], [ 77.262781073921019, 24.297153663345807 ], [ 77.262747870270942, 24.29720826956861 ], [ 77.262715618206002, 24.297263350875895 ], [ 77.262684322768465, 24.297318894661455 ], [ 77.262653992958491, 24.297374886542904 ], [ 77.262624636774632, 24.297431313936737 ], [ 77.262594514498005, 24.297491811702745 ], [ 77.262568874453947, 24.297545410453793 ], [ 77.262537110434579, 24.297641850826786 ], [ 77.262515092065399, 24.297740545592163 ], [ 77.262511865234941, 24.297767280559242 ], [ 77.262503008141536, 24.297840671556081 ], [ 77.262500954945523, 24.297941392174764 ], [ 77.262508952957646, 24.298041862197906 ], [ 77.262526931934815, 24.298141242909555 ], [ 77.262554744713555, 24.298238701329851 ], [ 77.262592158209628, 24.298333424598237 ], [ 77.262638856397842, 24.298424617286674 ], [ 77.2626635001685, 24.298467247375768 ], [ 77.262690126038393, 24.29850886646917 ], [ 77.262718681507025, 24.298549395587624 ], [ 77.262749118976245, 24.298588758498699 ], [ 77.262781376033686, 24.298626882470153 ], [ 77.262815396146593, 24.298663698427212 ], [ 77.262851116877613, 24.298699136347182 ], [ 77.262888468850463, 24.298733130670506 ], [ 77.26292738464295, 24.298765617659136 ], [ 77.262968101602382, 24.298811219418763 ], [ 77.263007632091686, 24.29885769007981 ], [ 77.263045951711504, 24.298905003264721 ], [ 77.263083039987848, 24.298953134432082 ], [ 77.263118878458229, 24.299002054539788 ], [ 77.263153442706738, 24.29905173901647 ], [ 77.26318671822871, 24.299102157043638 ], [ 77.263218682595152, 24.299153282258644 ], [ 77.26324932128486, 24.299205085649124 ], [ 77.263288623005948, 24.299299891740322 ], [ 77.263321267545862, 24.299396796017842 ], [ 77.263347125393182, 24.299495406410944 ], [ 77.263366089757199, 24.299595324698295 ], [ 77.263378084459831, 24.299696145664178 ], [ 77.263383061924159, 24.299797461599621 ], [ 77.263380999241321, 24.299898861369069 ], [ 77.263371907959836, 24.299999937710478 ], [ 77.263355822334162, 24.300100279017226 ], [ 77.26332974583184, 24.300207692484356 ], [ 77.263300440218885, 24.30031440582168 ], [ 77.263267928920186, 24.300420334303109 ], [ 77.263232237258364, 24.30052540134562 ], [ 77.263193391598961, 24.300629524051399 ], [ 77.263151421239641, 24.300732622254476 ], [ 77.263106360381144, 24.300834618535621 ], [ 77.263058240268194, 24.300935435452892 ], [ 77.263007100021412, 24.301034996527338 ], [ 77.262992130768438, 24.301110134879853 ], [ 77.262985663252195, 24.301149984263109 ], [ 77.262979868906555, 24.301185683981561 ], [ 77.262970327977982, 24.30126156355032 ], [ 77.262963520572256, 24.301337689683624 ], [ 77.262959451387289, 24.30141397932211 ], [ 77.262958127075677, 24.301490351227539 ], [ 77.262959546447306, 24.301566719585963 ], [ 77.262963710217718, 24.301643005823319 ], [ 77.262970612261455, 24.301719124991134 ], [ 77.262965904576959, 24.301778072614294 ], [ 77.262958434705098, 24.301836779774959 ], [ 77.262948219372959, 24.301895140020594 ], [ 77.262935275348596, 24.301953042382813 ], [ 77.262919630191135, 24.30201038139429 ], [ 77.26290130752615, 24.302067050654554 ], [ 77.262880345736761, 24.302122946584664 ], [ 77.26285678024982, 24.302177965583144 ], [ 77.262830658309724, 24.302232005041422 ], [ 77.262788967403594, 24.302321761163725 ], [ 77.262754790846813, 24.302414147612751 ], [ 77.262728324641685, 24.302508633891104 ], [ 77.262709719502624, 24.302604684640258 ], [ 77.262699082949183, 24.302701746108127 ], [ 77.262696475167772, 24.302799267794743 ], [ 77.262701910094549, 24.302896691621743 ], [ 77.262715356326822, 24.302993460068411 ], [ 77.262736739028142, 24.303089023411502 ], [ 77.262743741801401, 24.303125886125152 ], [ 77.262748668481564, 24.303163032028369 ], [ 77.262751506185481, 24.303200359863759 ], [ 77.262752246924521, 24.303237772023717 ], [ 77.262750888630933, 24.303275170042422 ], [ 77.262747436151471, 24.303312453700009 ], [ 77.262741897248503, 24.303349527314765 ], [ 77.262734287617008, 24.303386289845886 ], [ 77.262724624882196, 24.303422644783254 ], [ 77.262686855715501, 24.303500214702655 ], [ 77.262678654191589, 24.30365676846473 ], [ 77.262671232351678, 24.303690089372562 ], [ 77.262661205105388, 24.303722829588395 ], [ 77.2626486271771, 24.303754822433437 ], [ 77.26263356216873, 24.303785900392835 ], [ 77.26261609040246, 24.303815899691394 ], [ 77.262596300980036, 24.303844666556166 ], [ 77.262574298754544, 24.30387204914015 ], [ 77.262550198344101, 24.303897905605833 ], [ 77.26252412317902, 24.303922100505172 ], [ 77.26244140455276, 24.303984670534611 ], [ 77.262367906626196, 24.304056259620648 ], [ 77.26230479468768, 24.304135734973418 ], [ 77.262271607811087, 24.304190972456258 ], [ 77.262253061688867, 24.304221841463221 ], [ 77.262213529098545, 24.304313216076793 ], [ 77.262186819047074, 24.304408416607863 ], [ 77.262173357158602, 24.304505935225645 ], [ 77.262173354508036, 24.304604231756482 ], [ 77.262186811405314, 24.304701750872603 ], [ 77.262190193310417, 24.304855557434685 ], [ 77.262203760065731, 24.305008891359194 ], [ 77.262227463617663, 24.305161185965432 ], [ 77.262261214456785, 24.305311881481291 ], [ 77.262304889549796, 24.305460419684213 ], [ 77.262358327313507, 24.305606254701967 ], [ 77.262421329666893, 24.305748843995872 ], [ 77.262493665825389, 24.305887664647909 ], [ 77.262575066485482, 24.306022202477937 ], [ 77.262630636514842, 24.306117710389586 ], [ 77.262674821939612, 24.30621808498735 ], [ 77.262707125421556, 24.30632219438986 ], [ 77.262727181127531, 24.306428858938855 ], [ 77.262734761433194, 24.306536872927438 ], [ 77.262729779807572, 24.306645012750192 ], [ 77.262712294577085, 24.306752056802573 ], [ 77.262682501963567, 24.306856792653939 ], [ 77.262640739864466, 24.306958035140532 ], [ 77.26251750629298, 24.307040530993277 ], [ 77.262573320246503, 24.307085159251951 ], [ 77.262629854716025, 24.307129020720357 ], [ 77.262687096010822, 24.307172103551963 ], [ 77.262745031376539, 24.307214401326554 ], [ 77.262803650086894, 24.307255901316946 ], [ 77.262862934468203, 24.307296596162278 ], [ 77.262922875740514, 24.307336475859767 ], [ 77.26298346115739, 24.307375533086049 ], [ 77.263044673077644, 24.307413756867959 ], [ 77.263165408507803, 24.307480535298374 ], [ 77.263282220930066, 24.307552941559212 ], [ 77.263394793787526, 24.307630779968214 ], [ 77.263502832307594, 24.307713843267344 ], [ 77.263606041821262, 24.30780191245805 ], [ 77.263704148531758, 24.307894748829725 ], [ 77.26379689349541, 24.307992105656002 ], [ 77.263884026757779, 24.30809372273022 ], [ 77.263965315196927, 24.308199330941587 ], [ 77.264007248473476, 24.308240587317439 ], [ 77.264048658406708, 24.308282284090282 ], [ 77.264089542080754, 24.308324416722279 ], [ 77.264129891668716, 24.308366978832051 ], [ 77.264169702291923, 24.308409964963616 ], [ 77.264208968094266, 24.308453368750559 ], [ 77.264247687153613, 24.308497184759418 ], [ 77.264285850632888, 24.308541409310635 ], [ 77.264323453694132, 24.308586032432572 ], [ 77.26434627769909, 24.308652643186967 ], [ 77.264352560595981, 24.308663449923468 ], [ 77.264370992313445, 24.308715078284401 ], [ 77.264392771403891, 24.308780190803535 ], [ 77.264413214752977, 24.308845666210726 ], [ 77.264424404369564, 24.308884227942393 ], [ 77.264432312707839, 24.308911481852792 ], [ 77.264450061536635, 24.308977614218477 ], [ 77.26446645258001, 24.309044039758913 ], [ 77.264481480126918, 24.309110735850879 ], [ 77.264495142416393, 24.309177678997806 ], [ 77.264514331740017, 24.309360157778432 ], [ 77.264539804039686, 24.309541990558031 ], [ 77.264571535375325, 24.30972299380063 ], [ 77.264609491910591, 24.309902988410425 ], [ 77.264653636860032, 24.310081794365381 ], [ 77.264703925553519, 24.310259231582911 ], [ 77.264760309353605, 24.310435122659207 ], [ 77.264822730711401, 24.310609294638351 ], [ 77.264891125211108, 24.310781570898673 ], [ 77.264943133358997, 24.310879449932365 ], [ 77.265001635257619, 24.310974199799467 ], [ 77.265066404530756, 24.31106546020094 ], [ 77.265137199902995, 24.311152883369182 ], [ 77.265213746466543, 24.311236134829542 ], [ 77.265295756352558, 24.311314896266651 ], [ 77.265383994686104, 24.311389679271571 ], [ 77.265474888561812, 24.31145777240015 ], [ 77.265571327882625, 24.311521339974107 ], [ 77.265644886160089, 24.31158368089735 ], [ 77.265713703648089, 24.311650410686322 ], [ 77.265777472588624, 24.311721229857842 ], [ 77.265835900191774, 24.311795818268514 ], [ 77.265888724379479, 24.311873837943118 ], [ 77.265935704908017, 24.31195493391073 ], [ 77.265976632164325, 24.312038742399942 ], [ 77.266011317392625, 24.31212488173275 ], [ 77.266039605408523, 24.312212963259096 ], [ 77.266052324546735, 24.312301974527113 ], [ 77.266065402830492, 24.312390944257732 ], [ 77.266078835389948, 24.312479866091561 ], [ 77.266092625141667, 24.312568744566647 ], [ 77.266106771141637, 24.312657575159751 ], [ 77.266121273390567, 24.312746357870701 ], [ 77.266136130911818, 24.312835091788916 ], [ 77.266151345709787, 24.31292377331663 ], [ 77.266166914812317, 24.313012404237568 ], [ 77.266190394789774, 24.313075970457241 ], [ 77.266217085702863, 24.313138462697292 ], [ 77.266246931617218, 24.313199745050717 ], [ 77.266279865724627, 24.313259685140661 ], [ 77.266315815303201, 24.313318150545282 ], [ 77.266354706596246, 24.313375014254163 ], [ 77.266396449051683, 24.313430153645498 ], [ 77.266440954079883, 24.313483447015599 ], [ 77.26648812613486, 24.313534778930414 ], [ 77.266610909953997, 24.313663117873411 ], [ 77.265730437931566, 24.31415991433164 ], [ 77.265963603710546, 24.314472045934991 ], [ 77.266186643610538, 24.314977714710206 ], [ 77.266293715082568, 24.315490648779061 ], [ 77.266286377677417, 24.31582845750858 ], [ 77.266223072517349, 24.31600593395995 ], [ 77.266105796095218, 24.316334717396057 ], [ 77.265756993940997, 24.316903770206117 ], [ 77.265633854244754, 24.317122361222449 ], [ 77.265394887892271, 24.31754655869933 ], [ 77.264855748334512, 24.318294011143603 ], [ 77.264619244562553, 24.31858793681598 ], [ 77.264295841019802, 24.318989858690578 ], [ 77.264190564350471, 24.319099112100883 ], [ 77.264040289438583, 24.319255066597723 ], [ 77.26354332650908, 24.319571010895611 ], [ 77.263120228808262, 24.31985851542531 ], [ 77.262729852901955, 24.320288755186869 ], [ 77.262482246063399, 24.320601821235176 ], [ 77.262253218550825, 24.321241713775692 ], [ 77.262085138399556, 24.321900734278483 ], [ 77.262043931817075, 24.32206229773146 ], [ 77.261843481138314, 24.322852046041042 ], [ 77.261522387929872, 24.324148098456824 ], [ 77.261279933740255, 24.324964070357378 ], [ 77.261591766550126, 24.324791446975198 ], [ 77.26191598297855, 24.324556240717751 ], [ 77.262430185124018, 24.32407525836685 ], [ 77.262758326744262, 24.323606245332446 ], [ 77.263137450147298, 24.323143198972016 ], [ 77.263517704717813, 24.322554927355448 ], [ 77.263896554969605, 24.32214703041728 ], [ 77.264260353618283, 24.322298063827024 ], [ 77.263996504774752, 24.323018381137743 ], [ 77.263840471726454, 24.323995499123935 ], [ 77.263820880672526, 24.324263406798533 ], [ 77.263997012660141, 24.324732229733382 ], [ 77.264094053007398, 24.32523571230006 ], [ 77.264353814160842, 24.326397872271521 ], [ 77.264106209911944, 24.327212752109169 ], [ 77.263988880712247, 24.327463763511542 ], [ 77.26336224782537, 24.328102520713244 ], [ 77.263154962013559, 24.328313554511404 ], [ 77.262589736762024, 24.328888994826094 ], [ 77.262137936270108, 24.329237540782444 ], [ 77.261830930324962, 24.329983259703312 ], [ 77.261650600277534, 24.330489970292565 ], [ 77.261153799474613, 24.330874828113519 ], [ 77.261183343005641, 24.331243379757915 ], [ 77.261198142326222, 24.331427991776891 ], [ 77.261200678037241, 24.331553156961409 ], [ 77.261196642112623, 24.331678289265856 ], [ 77.261186043084649, 24.331803097921032 ], [ 77.261168906201405, 24.331927296800036 ], [ 77.261145270551935, 24.332050595364667 ], [ 77.261115192910751, 24.332172709533054 ], [ 77.261078738891626, 24.332293358902678 ], [ 77.261035995810715, 24.332412261429265 ], [ 77.260987061754108, 24.332529143278766 ], [ 77.260965415943232, 24.332635607598686 ], [ 77.260953746869291, 24.33274337445599 ], [ 77.260952138535544, 24.332851662315036 ], [ 77.260960605044687, 24.332959680073625 ], [ 77.26097908353421, 24.333066645073771 ], [ 77.26100743815924, 24.333171778615494 ], [ 77.26104546590723, 24.333274316839979 ], [ 77.261121994643901, 24.333406702139296 ], [ 77.261183376542121, 24.333512882886659 ], [ 77.261248342678982, 24.333625266138903 ], [ 77.261283626928446, 24.333586996712487 ], [ 77.261421885532471, 24.333449112451795 ], [ 77.261462565299297, 24.333409256476173 ], [ 77.261732011139287, 24.333187253127523 ], [ 77.261946758635403, 24.33303148621529 ], [ 77.262114054849363, 24.332863721909721 ], [ 77.262280119808523, 24.332694935539191 ], [ 77.262444947542079, 24.332525133384657 ], [ 77.262608529105918, 24.332354323511098 ], [ 77.262770858529493, 24.332182512199431 ], [ 77.262931927838352, 24.332009709328489 ], [ 77.263079234801992, 24.331864770417248 ], [ 77.263227412967922, 24.33172057770058 ], [ 77.263376458327869, 24.331577138371088 ], [ 77.263526366914562, 24.331434455105832 ], [ 77.263677130793639, 24.33129253326117 ], [ 77.263828748963078, 24.33115137463345 ], [ 77.263981215435535, 24.331010987303504 ], [ 77.264134525266442, 24.330871373037773 ], [ 77.264288675466474, 24.330732535423834 ], [ 77.264524325761059, 24.330622363793488 ], [ 77.264749806278004, 24.330495573209127 ], [ 77.26496371805456, 24.330352943404822 ], [ 77.265164742016935, 24.330195360402286 ], [ 77.265351636220416, 24.330023794811542 ], [ 77.265523242700695, 24.329839307300325 ], [ 77.265678506291508, 24.329643038800096 ], [ 77.265816463855245, 24.329436202293653 ], [ 77.265936262097327, 24.329220074819968 ], [ 77.266119863511292, 24.329047194339605 ], [ 77.266307387822437, 24.328877891163263 ], [ 77.266498756521642, 24.32871223603523 ], [ 77.266693883183549, 24.328550303252754 ], [ 77.266892682378071, 24.328392166217693 ], [ 77.267095062819891, 24.328237891965209 ], [ 77.267300940100213, 24.328087550292548 ], [ 77.267510219979769, 24.327941208213069 ], [ 77.267722810216441, 24.327798930046004 ], [ 77.267957487737434, 24.327623527307942 ], [ 77.268071990694608, 24.327536828573059 ], [ 77.268190944758331, 24.327446761938397 ], [ 77.268423169391582, 24.327268640175369 ], [ 77.268654153676081, 24.327089170093064 ], [ 77.268883887704078, 24.326908357041269 ], [ 77.269112363506665, 24.326726209997503 ], [ 77.269339570174509, 24.326542736110454 ], [ 77.269565500741052, 24.326357942558733 ], [ 77.269790141340408, 24.32617183646876 ], [ 77.270015632560572, 24.325954659664202 ], [ 77.270245637881914, 24.325741494334689 ], [ 77.270480070832676, 24.325532420192818 ], [ 77.2707188479244, 24.325327514264167 ], [ 77.27096187976494, 24.325126852626862 ], [ 77.271209075017168, 24.324930508634932 ], [ 77.271460344325419, 24.324738554754408 ], [ 77.271562208494842, 24.324663730816592 ], [ 77.271715591436532, 24.324551063399731 ], [ 77.271974727047336, 24.324368101618774 ], [ 77.2725431365362, 24.324072587835023 ], [ 77.273220039917405, 24.324695026893156 ], [ 77.274281076196431, 24.32568349484243 ], [ 77.274810602584452, 24.326237063355244 ], [ 77.274651453247643, 24.327110036943544 ], [ 77.273237428797074, 24.327368438943736 ], [ 77.272850740921555, 24.328063185552821 ], [ 77.272308045492593, 24.329385842220635 ], [ 77.271889092398496, 24.330138132711863 ], [ 77.27168659869929, 24.330501735302793 ], [ 77.271575039501926, 24.33073301423212 ], [ 77.270967231002544, 24.331611139860609 ], [ 77.270756694262118, 24.331916785374386 ], [ 77.270323123129941, 24.332664484080532 ], [ 77.270127323960679, 24.333270673861435 ], [ 77.270081191911487, 24.333361324622832 ], [ 77.269893136221398, 24.333823658598217 ], [ 77.269199363199533, 24.333748542324649 ], [ 77.268209863649105, 24.333641401589187 ], [ 77.267997840123655, 24.334152466706335 ], [ 77.266994512994131, 24.334868591733894 ], [ 77.265994515319093, 24.335354693918667 ], [ 77.264785044473783, 24.336067050728023 ], [ 77.263747975751897, 24.336772059350341 ], [ 77.262772753305285, 24.337437068026393 ], [ 77.262495112984539, 24.337677775607105 ], [ 77.262110675914172, 24.337319960260047 ], [ 77.261857332904782, 24.337131247839736 ], [ 77.261604499753432, 24.336886504769144 ], [ 77.261343612337882, 24.336580296271315 ], [ 77.261209248993865, 24.336422590877945 ], [ 77.26153907988207, 24.336051534538019 ], [ 77.261795552138821, 24.335894720047872 ], [ 77.261910306640985, 24.335615417341987 ], [ 77.261443863757421, 24.335208091973389 ], [ 77.260977657640382, 24.33486833062689 ], [ 77.260561626536031, 24.334636841133605 ], [ 77.260399069096991, 24.334546390801176 ], [ 77.260397823693964, 24.334580098972317 ], [ 77.260393023088781, 24.334613540701081 ], [ 77.260384711571888, 24.334646397492079 ], [ 77.260372966824534, 24.334678364652326 ], [ 77.26035789904806, 24.33470913863956 ], [ 77.260339651818583, 24.334738431520545 ], [ 77.26031839421789, 24.334765969104019 ], [ 77.26029432675584, 24.334791490083418 ], [ 77.260267676343517, 24.334814756836426 ], [ 77.260167651405297, 24.334937489213324 ], [ 77.260082944240125, 24.335069542870489 ], [ 77.260014580734222, 24.335209325169917 ], [ 77.259963387609801, 24.3353551407933 ], [ 77.259929983239317, 24.335505225992442 ], [ 77.25991477354394, 24.335657765717869 ], [ 77.259917940974915, 24.335810912501334 ], [ 77.259939450169625, 24.335962814497901 ], [ 77.259979037942955, 24.336111631667507 ], [ 77.260030006615224, 24.336335350096359 ], [ 77.260097162255718, 24.336555449908317 ], [ 77.260180205281273, 24.336770952433437 ], [ 77.260278764998745, 24.336980892906379 ], [ 77.26039240239669, 24.337184338552824 ], [ 77.260520608262553, 24.337380378639907 ], [ 77.260662812899454, 24.337568139906132 ], [ 77.260818381212573, 24.337746784717634 ], [ 77.260986619592515, 24.337915512928259 ], [ 77.261133234902772, 24.338038194218889 ], [ 77.261273074635469, 24.338167344033089 ], [ 77.261405798559323, 24.338302650901451 ], [ 77.261531085330958, 24.338443785434304 ], [ 77.261648631476334, 24.338590403926663 ], [ 77.261758149403008, 24.338742150149091 ], [ 77.261859375278064, 24.338898656310757 ], [ 77.261952060164944, 24.339059542088673 ], [ 77.262035981844178, 24.339224415620414 ], [ 77.26207021317687, 24.339323644243567 ], [ 77.262098879222393, 24.33942434066963 ], [ 77.262121904436967, 24.339526246008898 ], [ 77.262139230107152, 24.339629093370419 ], [ 77.262150810317323, 24.33973261776649 ], [ 77.262156615966177, 24.339836548014024 ], [ 77.26215662977279, 24.339940613922622 ], [ 77.262150855165032, 24.340044544555671 ], [ 77.262139304426086, 24.340148070849509 ], [ 77.262125277859752, 24.340729327348345 ], [ 77.262397666407026, 24.34061674960326 ], [ 77.26280633886482, 24.340438328134773 ], [ 77.262946427341291, 24.339952129108216 ], [ 77.263332232041861, 24.33999327913563 ], [ 77.263891113370448, 24.340150918733848 ], [ 77.264446173085361, 24.340307479563332 ], [ 77.264788160473955, 24.340577593344772 ], [ 77.265065878683075, 24.341165651860422 ], [ 77.265136688255964, 24.341414599659245 ], [ 77.264674969646279, 24.34168816594045 ], [ 77.264401887045437, 24.34187717646812 ], [ 77.264294495512345, 24.342210758151545 ], [ 77.264584106695096, 24.342541124103484 ], [ 77.264769548651515, 24.342810050848978 ], [ 77.2647980074331, 24.343125555206818 ], [ 77.264750634536568, 24.343738940674513 ], [ 77.264747868796235, 24.344044654660621 ], [ 77.264692658911443, 24.344378632764428 ], [ 77.264294762164027, 24.344518924266847 ], [ 77.264054453186787, 24.344545759941269 ], [ 77.263766460946826, 24.344456427147914 ], [ 77.263556847971813, 24.344391405187338 ], [ 77.263559094064163, 24.344143500791464 ], [ 77.263371091418136, 24.343887448256069 ], [ 77.263041647240357, 24.343891644051379 ], [ 77.262422625848131, 24.344202495871393 ], [ 77.262382869629931, 24.344550624571696 ], [ 77.262432136456681, 24.3446740072784 ], [ 77.262473526379679, 24.344799794887134 ], [ 77.262506903195899, 24.344927567279129 ], [ 77.26253215150021, 24.345056893654139 ], [ 77.262549189402577, 24.345187343465643 ], [ 77.262557959738331, 24.345318477321932 ], [ 77.262558430964461, 24.345449856928095 ], [ 77.262550604101278, 24.345581040622765 ], [ 77.262534502817672, 24.34571158962536 ], [ 77.262448706239638, 24.345908750011066 ], [ 77.262363847779085, 24.346106251661244 ], [ 77.262279928474484, 24.346304089166171 ], [ 77.262196950325531, 24.346502259833091 ], [ 77.262114915348391, 24.346700759163031 ], [ 77.262033822585408, 24.346899584440614 ], [ 77.261953678012432, 24.347098729390488 ], [ 77.261874478667565, 24.347298194894929 ], [ 77.261796228563213, 24.347497973760422 ], [ 77.261689796541916, 24.347693158322755 ], [ 77.261601758041408, 24.34789588826634 ], [ 77.261532744454215, 24.348104710657715 ], [ 77.261483250520754, 24.348318131776249 ], [ 77.261453629331868, 24.348534624300598 ], [ 77.261444095217286, 24.348752634555765 ], [ 77.261454713687471, 24.348970604112584 ], [ 77.26148541130425, 24.349186968056724 ], [ 77.261535967553115, 24.349400181119478 ], [ 77.261630441600488, 24.349495217990537 ], [ 77.261729467137897, 24.349586284647454 ], [ 77.261832843722019, 24.349673198010812 ], [ 77.261940364935327, 24.349755781277924 ], [ 77.262051816357072, 24.349833870230515 ], [ 77.262166972638767, 24.349907309599313 ], [ 77.262285603443445, 24.349975950399969 ], [ 77.262407470447627, 24.350039654426116 ], [ 77.262532329296377, 24.350098296070986 ], [ 77.262572471043725, 24.350112702405319 ], [ 77.262614871234959, 24.3501198478743 ], [ 77.262657982445148, 24.350119468706644 ], [ 77.262700225160472, 24.350111578173156 ], [ 77.262742609530434, 24.350159403921175 ], [ 77.262788510358192, 24.350204426665268 ], [ 77.262837705837157, 24.350246427041814 ], [ 77.2628899582066, 24.350285205436595 ], [ 77.262945016782623, 24.350320573878925 ], [ 77.263002617900895, 24.350352362363502 ], [ 77.263062484908517, 24.350380419754025 ], [ 77.26312432919093, 24.350404609274545 ], [ 77.263187855035497, 24.350424815772637 ], [ 77.263264299287513, 24.350480348270175 ], [ 77.263335086695761, 24.350541853070066 ], [ 77.263399664601693, 24.350608848181064 ], [ 77.263457529024549, 24.350680810434767 ], [ 77.263508223683914, 24.350757174574476 ], [ 77.263551351723464, 24.350837345085885 ], [ 77.263586579670829, 24.350920694420353 ], [ 77.263613628508494, 24.351006569249371 ], [ 77.263632286416339, 24.351094298690082 ], [ 77.263664246180781, 24.351217707481457 ], [ 77.263681557262629, 24.351343547425696 ], [ 77.26368402085393, 24.35147036104545 ], [ 77.263671606770941, 24.351596686721869 ], [ 77.263644461343219, 24.351721058754748 ], [ 77.263602894281235, 24.351842042487789 ], [ 77.26354738949027, 24.351958238004251 ], [ 77.263478586136912, 24.352068302563953 ], [ 77.263397282487858, 24.352170962374892 ], [ 77.263229221094051, 24.352521483223104 ], [ 77.263059934790462, 24.352871508598835 ], [ 77.262889424587883, 24.353221034892549 ], [ 77.262717694430165, 24.353570061226847 ], [ 77.262544742403506, 24.353918580357167 ], [ 77.262370573445835, 24.354266590510353 ], [ 77.262195187590606, 24.354614087166208 ], [ 77.262018587820705, 24.354961066730212 ], [ 77.261840774145071, 24.355307527391655 ], [ 77.261726488295864, 24.355616002326212 ], [ 77.261604754256567, 24.35592207659111 ], [ 77.261475634474536, 24.356225599807718 ], [ 77.261339189427517, 24.356526421581492 ], [ 77.261195485477941, 24.356824395174758 ], [ 77.261044596893925, 24.357119372103181 ], [ 77.260886596927335, 24.35741120748655 ], [ 77.260721561773835, 24.357699758273334 ], [ 77.260549574549174, 24.357984879657302 ], [ 77.260422552496379, 24.358126246321621 ], [ 77.260284808099897, 24.358258921739864 ], [ 77.260137052507375, 24.358382223968203 ], [ 77.259980040773343, 24.358495522881441 ], [ 77.259814579778975, 24.358598236621422 ], [ 77.259641518323605, 24.358689836941117 ], [ 77.259461743122984, 24.358769855497496 ], [ 77.259276176861448, 24.358837881127325 ], [ 77.259085772226229, 24.358893565221681 ], [ 77.258900961800094, 24.358929194574131 ], [ 77.258716814251187, 24.358967595277182 ], [ 77.258533378015883, 24.359008752348423 ], [ 77.258350702459126, 24.359052657135123 ], [ 77.258168836954212, 24.359099300081631 ], [ 77.257987830932322, 24.359148665310613 ], [ 77.257807729840167, 24.359200741430381 ], [ 77.2576285860588, 24.359255513489835 ], [ 77.257450445068386, 24.359312966485202 ], [ 77.257344896976178, 24.359331010255165 ], [ 77.257243529380304, 24.359363436033551 ], [ 77.257148662075338, 24.359409500166958 ], [ 77.257062467825079, 24.359468148987066 ], [ 77.25698691893794, 24.359538039173998 ], [ 77.256923744570727, 24.359617570846538 ], [ 77.256874393921748, 24.359704923407151 ], [ 77.256839993449489, 24.35979809766318 ], [ 77.256821331686993, 24.359894959063077 ], [ 77.256819665984366, 24.360000999683134 ], [ 77.256826099358889, 24.360106887296268 ], [ 77.256840598098492, 24.360212104108058 ], [ 77.25686309395978, 24.360316134768258 ], [ 77.25689347624747, 24.360418469923083 ], [ 77.256931593760953, 24.360518608939685 ], [ 77.256977262681062, 24.360616059966958 ], [ 77.257030259602573, 24.360710347107368 ], [ 77.25709032351385, 24.360801009529577 ], [ 77.257193529019688, 24.361051188031091 ], [ 77.25729687042552, 24.361301318732728 ], [ 77.257391405699678, 24.361529789125104 ], [ 77.257400348726136, 24.361551400738609 ], [ 77.257503962895171, 24.361801438556672 ], [ 77.257607713960468, 24.362051427678441 ], [ 77.257711600920317, 24.3623013699025 ], [ 77.257815622806035, 24.362551263414744 ], [ 77.257919781565448, 24.362801110939426 ], [ 77.25802407723215, 24.363050908863627 ], [ 77.258164157418832, 24.363363202833405 ], [ 77.258293496701356, 24.363671296901916 ], [ 77.258416455080138, 24.363985582353454 ], [ 77.258531492420389, 24.364302375007227 ], [ 77.258638548067537, 24.364621508226364 ], [ 77.258737561406136, 24.364942810857347 ], [ 77.258828483617251, 24.365266115448346 ], [ 77.258911265921228, 24.365591250030594 ], [ 77.258985864483208, 24.36591804086552 ], [ 77.258975158175488, 24.366036586845343 ], [ 77.258953216336124, 24.366153827687988 ], [ 77.258920205801417, 24.366268871393132 ], [ 77.258876378053401, 24.366380842862224 ], [ 77.258845440877252, 24.366442385728995 ], [ 77.258822064233499, 24.366488890183554 ], [ 77.258757678043807, 24.36659219097692 ], [ 77.258683711738286, 24.366689959589234 ], [ 77.258600726214553, 24.366781452438467 ], [ 77.258509351950863, 24.366865973440525 ], [ 77.258356274886879, 24.367033748101257 ], [ 77.258208530145907, 24.36720548866786 ], [ 77.258066241299915, 24.367381052491044 ], [ 77.257929526032214, 24.367560294166783 ], [ 77.257798498117566, 24.36774306464828 ], [ 77.257673265425481, 24.367929213940201 ], [ 77.257553933905129, 24.368118586613143 ], [ 77.257440599664733, 24.368311025355773 ], [ 77.257333355848573, 24.368506373736675 ], [ 77.257197413076213, 24.368771408644534 ], [ 77.257059718552242, 24.369035683956895 ], [ 77.25692027631132, 24.369299188861241 ], [ 77.256779093305013, 24.369561917083395 ], [ 77.25663617557305, 24.369823854213159 ], [ 77.256491526123455, 24.370084993946239 ], [ 77.256345149977392, 24.370345325477381 ], [ 77.256197054111766, 24.370604839822878 ], [ 77.256047242562119, 24.370863526169963 ], [ 77.255482733248201, 24.371761278027691 ], [ 77.255810883034343, 24.371925220331356 ], [ 77.255828537626371, 24.371934041654978 ], [ 77.256219164972265, 24.371963530324379 ], [ 77.256703348956265, 24.372053359002926 ], [ 77.256963689025952, 24.372081849462404 ], [ 77.257248581267447, 24.371799166075508 ], [ 77.257519538533487, 24.371456753276686 ], [ 77.257574342447057, 24.371203140154051 ], [ 77.257452861478868, 24.371029968398148 ], [ 77.257296880632921, 24.370671039081941 ], [ 77.257305869995704, 24.370478991075654 ], [ 77.257735643493803, 24.370184164730269 ], [ 77.258089834693038, 24.37023987162906 ], [ 77.258269403968924, 24.370393611867517 ], [ 77.258331229529361, 24.370758444813905 ], [ 77.25841591691902, 24.370997581998584 ], [ 77.258669437558837, 24.370979645988797 ], [ 77.259058082321602, 24.370683261530509 ], [ 77.259269920494845, 24.370472887469841 ], [ 77.259635330090831, 24.370091443604966 ], [ 77.259913335495412, 24.369768953150199 ], [ 77.260327479501527, 24.369599869511941 ], [ 77.260727147488822, 24.369430675210182 ], [ 77.261228570117964, 24.369215882307103 ], [ 77.261439982060821, 24.369051875869935 ], [ 77.26150302858521, 24.368646218760432 ], [ 77.261960535304496, 24.368484084121498 ], [ 77.262301511851092, 24.368400561627226 ], [ 77.262507442281461, 24.368214545015167 ], [ 77.262639230151933, 24.368049930486222 ], [ 77.262897492876135, 24.367508667586044 ], [ 77.263234650602143, 24.367047500982732 ], [ 77.263618088737402, 24.367070292288609 ], [ 77.264079345428598, 24.367292416518175 ], [ 77.264852123142205, 24.367677380229946 ], [ 77.265567980353012, 24.368160303064258 ], [ 77.26576746099893, 24.368294872604114 ], [ 77.265810152424834, 24.368188032328792 ], [ 77.265854393937744, 24.368081722246334 ], [ 77.265900179438873, 24.367975962179521 ], [ 77.265947500865877, 24.367870771032958 ], [ 77.265996346220874, 24.367766166778239 ], [ 77.266046712363249, 24.367662169260392 ], [ 77.266098585331619, 24.367558795532865 ], [ 77.26615195906038, 24.367456061805672 ], [ 77.266206822480882, 24.367353992379694 ], [ 77.266273988322695, 24.367189568660482 ], [ 77.266349474928532, 24.367028202173291 ], [ 77.266433115412653, 24.366870244792274 ], [ 77.266524728152149, 24.366716042859561 ], [ 77.26662411188218, 24.366565934438686 ], [ 77.266731051636199, 24.366420246650229 ], [ 77.266845308853959, 24.36627929920979 ], [ 77.266966637197882, 24.366143400031973 ], [ 77.267094771682878, 24.366012847857938 ], [ 77.267279481436745, 24.365867300496255 ], [ 77.267464974931272, 24.365722594301388 ], [ 77.26765124822407, 24.365578729240514 ], [ 77.267838295351808, 24.365435710684963 ], [ 77.268026112347684, 24.365293541311498 ], [ 77.268214696222728, 24.365152224707582 ], [ 77.268404040036131, 24.365011765333779 ], [ 77.268594139829432, 24.364872164963806 ], [ 77.268784990625662, 24.364733428976482 ], [ 77.268878665689769, 24.364642919829429 ], [ 77.268978924039146, 24.364558539942688 ], [ 77.26908529175418, 24.364480688546188 ], [ 77.269197262636425, 24.364409736626417 ], [ 77.269314306153134, 24.364346020664922 ], [ 77.269435861521231, 24.364289842593816 ], [ 77.269561356423381, 24.364241471743778 ], [ 77.269690189317927, 24.364201138388243 ], [ 77.269821751145074, 24.364169032101291 ], [ 77.270047013692931, 24.364091225872066 ], [ 77.270273546053716, 24.36401657928684 ], [ 77.270501294872361, 24.363945106388325 ], [ 77.270730205783906, 24.363876823921629 ], [ 77.27096023033927, 24.363811748676682 ], [ 77.271191310238635, 24.363749896466231 ], [ 77.271423393122561, 24.363691280438601 ], [ 77.271656425654058, 24.36363591283175 ], [ 77.271890352492136, 24.3635838094817 ], [ 77.272363895730422, 24.363422280122911 ], [ 77.272417445427067, 24.363210756646826 ], [ 77.272663069509662, 24.362966606460184 ], [ 77.272730167537631, 24.362638342544159 ], [ 77.272888435015332, 24.362188331219006 ], [ 77.273192035986298, 24.361239533772281 ], [ 77.273299677664582, 24.360709278371072 ], [ 77.273444164745698, 24.360334628936762 ], [ 77.273639120024555, 24.360054295242577 ], [ 77.273844899181, 24.359997137038594 ], [ 77.274180225101162, 24.359800054321852 ], [ 77.275779977745159, 24.359164590381322 ], [ 77.276836618666508, 24.358644154076348 ], [ 77.277496002422566, 24.358306843066696 ], [ 77.278166421436993, 24.357936140805982 ], [ 77.279055438947836, 24.357508363450542 ], [ 77.280501730526495, 24.356847370354039 ], [ 77.281274130237406, 24.356547868265654 ], [ 77.283669946479804, 24.355462053693063 ], [ 77.284365259163764, 24.355173700183538 ], [ 77.284570920718139, 24.355128267869851 ], [ 77.28470785133095, 24.35531913687889 ], [ 77.284882687242487, 24.355563462519331 ], [ 77.285197070448177, 24.356039698120483 ], [ 77.28539278311159, 24.355819584472627 ], [ 77.285499211343762, 24.355715132687546 ], [ 77.285603856372873, 24.355609179931832 ], [ 77.285706693311852, 24.355501753119928 ], [ 77.28580769927791, 24.355392875568331 ], [ 77.28590684641901, 24.355282575072465 ], [ 77.286004113792444, 24.355170878576139 ], [ 77.286099474548735, 24.355057812075959 ], [ 77.28619291069532, 24.354943403440917 ], [ 77.286284395375262, 24.354827679570764 ], [ 77.28634531222707, 24.354732274944027 ], [ 77.286406514522895, 24.354637024156109 ], [ 77.28646800127656, 24.354541927199186 ], [ 77.286529773457474, 24.354446985886607 ], [ 77.286591829101525, 24.354352199300177 ], [ 77.286654167206464, 24.354257569238523 ], [ 77.286716790713498, 24.354163097529579 ], [ 77.286779695694804, 24.354068782337265 ], [ 77.286842882133982, 24.353974625467561 ], [ 77.28690532176725, 24.353864516806084 ], [ 77.286973020398634, 24.353757048540526 ], [ 77.287045846011466, 24.35365243103173 ], [ 77.287123655778373, 24.353550870946989 ], [ 77.287206298089146, 24.353452564952729 ], [ 77.287293609513227, 24.353357708723962 ], [ 77.2873854198331, 24.35326648524028 ], [ 77.287481547018757, 24.353179075587011 ], [ 77.287581805202976, 24.353095649079105 ], [ 77.28764865817945, 24.353043832790224 ], [ 77.287719184273044, 24.352996278070808 ], [ 77.287793061132547, 24.352953202899982 ], [ 77.287869949825136, 24.35291480526325 ], [ 77.287949497801918, 24.352881262271328 ], [ 77.288031341895291, 24.352852725666803 ], [ 77.288115103341624, 24.352829327206049 ], [ 77.288200402600594, 24.352811175156969 ], [ 77.288286846571253, 24.352798350591137 ], [ 77.28844799017206, 24.352759258143188 ], [ 77.288608789150643, 24.352718992394657 ], [ 77.288769232658538, 24.352677553265956 ], [ 77.288929310785008, 24.352634946103546 ], [ 77.289089014637398, 24.352591172648744 ], [ 77.289248332357417, 24.352546235524155 ], [ 77.289407253072753, 24.352500137359659 ], [ 77.289565769846448, 24.352452881717632 ], [ 77.289723869834603, 24.352404471213401 ], [ 77.290239284807839, 24.352299629548106 ], [ 77.290259743440359, 24.352322681551616 ], [ 77.290284049443088, 24.35234235159885 ], [ 77.290375349995415, 24.352332033989601 ], [ 77.290466866665156, 24.352323474677835 ], [ 77.290558559004538, 24.352316676975761 ], [ 77.290650388537571, 24.352311644210381 ], [ 77.290742310897187, 24.352308376955428 ], [ 77.290834289579095, 24.352306878552653 ], [ 77.29092628121802, 24.352307147776841 ], [ 77.291018247353989, 24.352309186149128 ], [ 77.291110146601369, 24.352312991556143 ], [ 77.29113151421457, 24.352345653148092 ], [ 77.291161303220818, 24.352372210102931 ], [ 77.291197523957365, 24.352390889998301 ], [ 77.291237761152814, 24.352400442923631 ], [ 77.291279324942053, 24.352400233826902 ], [ 77.291319444784392, 24.352390277372926 ], [ 77.291430983951969, 24.352397588276183 ], [ 77.291542793687512, 24.352399275897294 ], [ 77.291654535855912, 24.35239533501716 ], [ 77.29176587217826, 24.352385776674506 ], [ 77.291876469137435, 24.352370630911665 ], [ 77.29198598914563, 24.35234994219341 ], [ 77.292094104306386, 24.352323774024597 ], [ 77.292200487574277, 24.352292205271972 ], [ 77.292304816682304, 24.352255331999572 ], [ 77.292643995495482, 24.352486078243317 ], [ 77.292997251558774, 24.352608818004761 ], [ 77.293545233472614, 24.352973244823787 ], [ 77.294445444313567, 24.353693533249171 ], [ 77.29460090771893, 24.353922917440268 ], [ 77.294416232283098, 24.354029660036037 ], [ 77.294139165585733, 24.354195779457648 ], [ 77.293639324034402, 24.35432421412747 ], [ 77.293006142600689, 24.354549412937367 ], [ 77.292150808684099, 24.354807341669787 ], [ 77.29175573619915, 24.354960570527563 ], [ 77.291675085050841, 24.355176191297854 ], [ 77.291581099332433, 24.355415739424075 ], [ 77.291511162424001, 24.355766320762619 ], [ 77.291399485896562, 24.356522261879526 ], [ 77.291321175558863, 24.356929207272234 ], [ 77.291175372394989, 24.357686876413471 ], [ 77.290977124916083, 24.358005485854523 ], [ 77.290891737166262, 24.358142716341604 ], [ 77.290783832472059, 24.358358564928523 ], [ 77.290545803956604, 24.358432367183813 ], [ 77.290215062685263, 24.358486586918925 ], [ 77.2898952259727, 24.358474764650843 ], [ 77.289243478628791, 24.358423653786971 ], [ 77.288541216298597, 24.358475105994749 ], [ 77.288333727530258, 24.358596361768512 ], [ 77.287959526384782, 24.358895853375479 ], [ 77.287520139758257, 24.359319995728441 ], [ 77.287333120734004, 24.359460294954673 ], [ 77.286979638381624, 24.359750490705579 ], [ 77.286034299521702, 24.360442457762829 ], [ 77.285598249762685, 24.360732035237703 ], [ 77.285205497790628, 24.36049102118762 ], [ 77.284884659065312, 24.360382659171641 ], [ 77.284557167023294, 24.360292534108023 ], [ 77.28422425588964, 24.360220987550548 ], [ 77.283887181256716, 24.360168285352639 ], [ 77.283547211108896, 24.360134629342841 ], [ 77.283205626915858, 24.36012014559175 ], [ 77.282863716717941, 24.360124886167043 ], [ 77.282522767169553, 24.360148837203038 ], [ 77.282184065634354, 24.360191905368662 ], [ 77.282077810923838, 24.360197551960155 ], [ 77.28197197498875, 24.360207870301902 ], [ 77.281866803492036, 24.360222841459279 ], [ 77.281762540302267, 24.360242426614292 ], [ 77.281659423413359, 24.360266582389741 ], [ 77.281557695845862, 24.36029525460793 ], [ 77.281457590907081, 24.360328372761501 ], [ 77.281359340943226, 24.360365863626786 ], [ 77.281263171529091, 24.360407639478559 ], [ 77.281021462601089, 24.36054194917913 ], [ 77.28078417086212, 24.360682713389156 ], [ 77.280551501468054, 24.360829810829227 ], [ 77.280323653726938, 24.360983112951548 ], [ 77.28010082796834, 24.361142487603768 ], [ 77.279883216678158, 24.361307798059595 ], [ 77.27967100550886, 24.361478900316474 ], [ 77.27946437917889, 24.36165564494614 ], [ 77.279263517488587, 24.361837881580723 ], [ 77.279105051380725, 24.361998614515905 ], [ 77.278957549611277, 24.362167876360129 ], [ 77.278821556123674, 24.362345042594288 ], [ 77.278697575725815, 24.362529455889952 ], [ 77.278586066121207, 24.362720435080721 ], [ 77.278487439904723, 24.362917272467154 ], [ 77.278402063527381, 24.36311923922791 ], [ 77.278330253335653, 24.363325587195373 ], [ 77.278272272564408, 24.363535554252604 ], [ 77.278187594956449, 24.363683701197484 ], [ 77.278095713596244, 24.363828199213739 ], [ 77.277996814470271, 24.363968757045445 ], [ 77.277891098316545, 24.364105088063024 ], [ 77.277778781554161, 24.364236916593047 ], [ 77.277660092396289, 24.364363971566512 ], [ 77.277535270761206, 24.36448599645378 ], [ 77.277404571270637, 24.364602744771098 ], [ 77.277268259346471, 24.364713975535448 ], [ 77.277069442821627, 24.364884503396958 ], [ 77.276976392977133, 24.364952391689794 ], [ 77.276856393925698, 24.365039941551949 ], [ 77.276630471444705, 24.36517929489014 ], [ 77.276393120996616, 24.36530167373159 ], [ 77.276145858244519, 24.365406296412104 ], [ 77.275890260966449, 24.365492493740696 ], [ 77.275627966029944, 24.36555971620432 ], [ 77.275360647706165, 24.365607532902178 ], [ 77.275090013650015, 24.365635639645379 ], [ 77.274560302427957, 24.366160184086461 ], [ 77.274072549236109, 24.366396751650441 ], [ 77.273451501635662, 24.366860541987119 ], [ 77.273092339838598, 24.367173918288554 ], [ 77.272959044722725, 24.367401144001555 ], [ 77.272891802413881, 24.367580818294776 ], [ 77.272705361041204, 24.367879715012773 ], [ 77.272533016334378, 24.368070607625206 ], [ 77.272283328453767, 24.36810475979695 ], [ 77.271915737846612, 24.368113995877245 ], [ 77.271495432574113, 24.368146858111452 ], [ 77.271046168890834, 24.368265173962023 ], [ 77.27044060704911, 24.36846480276855 ], [ 77.269781246078068, 24.368808167419754 ], [ 77.269356225910329, 24.369192108405738 ], [ 77.268918348144908, 24.369717326851518 ], [ 77.268690714021673, 24.370150718742373 ], [ 77.268883680616852, 24.370584617910676 ], [ 77.269233926273657, 24.371043730183967 ], [ 77.269752268278395, 24.372011029951903 ], [ 77.269971056906513, 24.372493171066203 ], [ 77.269837750345957, 24.372720392561391 ], [ 77.269548244658637, 24.372802286440706 ], [ 77.26910094726783, 24.372763090844167 ], [ 77.268786386626573, 24.372712659990153 ], [ 77.268538206187387, 24.372578646553393 ], [ 77.268277554576898, 24.372372466046247 ], [ 77.268043585812137, 24.372118437708174 ], [ 77.26795253662165, 24.372039055878695 ], [ 77.267853847648738, 24.371967744937198 ], [ 77.267748368247311, 24.371905119164616 ], [ 77.267637004667748, 24.371851715598666 ], [ 77.267520719038529, 24.371807997639692 ], [ 77.26740051078059, 24.371774338652465 ], [ 77.267277412598347, 24.371751029162009 ], [ 77.267152486602825, 24.37173826959873 ], [ 77.267026808528442, 24.371736171082382 ], [ 77.266925299964726, 24.371740356964011 ], [ 77.266824079919346, 24.371748511843553 ], [ 77.266723332925366, 24.371760619057277 ], [ 77.266623242562702, 24.37177665832197 ], [ 77.266523991515371, 24.371796599412754 ], [ 77.266425761522484, 24.371820407582046 ], [ 77.266328730485895, 24.371848036311974 ], [ 77.266233078288082, 24.371879438196803 ], [ 77.26613897703848, 24.371914553127539 ], [ 77.265986427896209, 24.371923241762769 ], [ 77.26583435849777, 24.371937318794579 ], [ 77.265682994835302, 24.371956761553566 ], [ 77.265532563936503, 24.371981541959787 ], [ 77.265383289961321, 24.372011621977148 ], [ 77.265235395123014, 24.372046960846117 ], [ 77.26508909784684, 24.372087500618175 ], [ 77.264944620494887, 24.372133184278873 ], [ 77.264802175684665, 24.372183942095617 ], [ 77.264758842104811, 24.372190733617174 ], [ 77.264732647826662, 24.372194838299368 ], [ 77.264664883272346, 24.37221278203193 ], [ 77.26459973303308, 24.372237549446975 ], [ 77.264538011440024, 24.372268829713072 ], [ 77.264480492135206, 24.372306232208778 ], [ 77.264427896240235, 24.372349286432136 ], [ 77.264380882381985, 24.372397454569608 ], [ 77.264340037802455, 24.372450133234615 ], [ 77.264305876305073, 24.372506662483381 ], [ 77.264275300749986, 24.372581941517051 ], [ 77.264242023253786, 24.372656252535954 ], [ 77.264206082994747, 24.372729515450963 ], [ 77.264167517179601, 24.372801650157754 ], [ 77.264126365965183, 24.372872577477739 ], [ 77.264082680354505, 24.372942218314638 ], [ 77.264036501442078, 24.37301049891585 ], [ 77.263987884151021, 24.373077342924535 ], [ 77.263904273331633, 24.373237953363901 ], [ 77.263809755821399, 24.373393409289211 ], [ 77.263704710978246, 24.373543085838538 ], [ 77.263589556350553, 24.373686388245265 ], [ 77.26346475168711, 24.373822744643324 ], [ 77.263330796932493, 24.373951609665539 ], [ 77.263188223304269, 24.374072469795024 ], [ 77.263037603169153, 24.374184841634559 ], [ 77.262879536181742, 24.374288278124112 ], [ 77.262714726259105, 24.374348788904097 ], [ 77.262548637933648, 24.374406291126718 ], [ 77.262381334541402, 24.37446076088408 ], [ 77.262212884307871, 24.374512178821664 ], [ 77.262043352533723, 24.374560521950286 ], [ 77.261872805456747, 24.37460577270738 ], [ 77.261701311287041, 24.374647913545623 ], [ 77.261528938243288, 24.374686926014949 ], [ 77.261355753509164, 24.374722797076831 ], [ 77.261089107381579, 24.374768016995493 ], [ 77.260822503500705, 24.374813451723522 ], [ 77.260555943845461, 24.374859100372909 ], [ 77.26028942839811, 24.374904964750264 ], [ 77.260022956195925, 24.374951042138694 ], [ 77.259756529176798, 24.374997336166043 ], [ 77.259490146386241, 24.375043843212428 ], [ 77.259223808792541, 24.375090565091757 ], [ 77.258957515408298, 24.375137501796761 ], [ 77.258350330310705, 24.375173146751742 ], [ 77.2583212573564, 24.37492641965207 ], [ 77.258272862392616, 24.374515720070622 ], [ 77.258062011399375, 24.373841999603318 ], [ 77.25780009582094, 24.373074098876327 ], [ 77.257327356539676, 24.37335702811729 ], [ 77.25709688401993, 24.373422884094516 ], [ 77.256848825577904, 24.373616327956334 ], [ 77.256376197939829, 24.374054713293958 ], [ 77.255733766050653, 24.374588079549124 ], [ 77.25568843691569, 24.374626027183233 ], [ 77.255449554809644, 24.374912486548833 ], [ 77.255275463799677, 24.374849179254245 ], [ 77.25509746351517, 24.374795766188466 ], [ 77.254916223573829, 24.374752451174661 ], [ 77.254732424840057, 24.374719393867977 ], [ 77.254546758340425, 24.37469672058613 ], [ 77.254359923366849, 24.374684516166109 ], [ 77.254172625472279, 24.374682827561656 ], [ 77.253985565666937, 24.374691659244768 ], [ 77.253799446277313, 24.374710979572662 ], [ 77.253353441350285, 24.374794763459658 ], [ 77.253287022123772, 24.374821953896884 ], [ 77.253222441428264, 24.374852643875172 ], [ 77.253159926021496, 24.374886729462926 ], [ 77.253099684068459, 24.374924091231811 ], [ 77.253041920809878, 24.374964606118461 ], [ 77.25298683373164, 24.375008136548974 ], [ 77.252934609598356, 24.375054531319169 ], [ 77.252885424362589, 24.37510363552931 ], [ 77.252839448177411, 24.375155281590267 ], [ 77.25279894190993, 24.375179114899908 ], [ 77.252761568581718, 24.375206912929546 ], [ 77.252727787870683, 24.375238334188957 ], [ 77.252698018465537, 24.375272990809862 ], [ 77.252672626151025, 24.375310457486489 ], [ 77.25265192381616, 24.375350270572241 ], [ 77.252636167402429, 24.375391939790109 ], [ 77.252625548968624, 24.375434951791899 ], [ 77.252620201562721, 24.375478776518158 ], [ 77.252586980007322, 24.37565277424088 ], [ 77.252555627278369, 24.375827061782125 ], [ 77.252526145495878, 24.376001623805156 ], [ 77.25249853975447, 24.376176443189607 ], [ 77.252472812199031, 24.376351501889097 ], [ 77.252448962985966, 24.376526783648359 ], [ 77.252426995221498, 24.376702273138026 ], [ 77.252406913039252, 24.376877950520402 ], [ 77.252388716579247, 24.377053801346275 ], [ 77.252365129598289, 24.377096299104757 ], [ 77.252342368437454, 24.37713917532303 ], [ 77.252320443098284, 24.377182414723933 ], [ 77.252299358643754, 24.377226002895529 ], [ 77.252279121098283, 24.377269928142823 ], [ 77.252259739485595, 24.377314174277942 ], [ 77.252241217866384, 24.377358728687572 ], [ 77.252223563267535, 24.37740357787801 ], [ 77.252206780752417, 24.377448707437232 ], [ 77.25219205310573, 24.377480287602076 ], [ 77.25216833063223, 24.377506879807751 ], [ 77.252137479445992, 24.37752639212518 ], [ 77.252101925595468, 24.377537289688131 ], [ 77.252130636118167, 24.37756846484967 ], [ 77.252159746926765, 24.377599326058441 ], [ 77.252189258062671, 24.377629868798564 ], [ 77.252219159715438, 24.377660087575208 ], [ 77.25224945189332, 24.377689981485037 ], [ 77.252280129732441, 24.377719543264767 ], [ 77.252311186355556, 24.377748770151801 ], [ 77.252342619831893, 24.377777657615017 ], [ 77.252350137198206, 24.37778440177577 ], [ 77.252374426267082, 24.377806200205082 ], [ 77.25242810976134, 24.377950008544939 ], [ 77.252477147987747, 24.378095202817313 ], [ 77.252521494751733, 24.378241657126228 ], [ 77.25256111472919, 24.378389242949389 ], [ 77.252595971592982, 24.378537833562646 ], [ 77.252626036928504, 24.378687299592738 ], [ 77.25265128132645, 24.378837512561446 ], [ 77.252671686240063, 24.378988342267125 ], [ 77.252687233147086, 24.379139655798362 ], [ 77.252704489182406, 24.379331766512411 ], [ 77.252715404951417, 24.379524266570854 ], [ 77.252719969194473, 24.379716982473276 ], [ 77.252718178589816, 24.379909735359846 ], [ 77.252710034704606, 24.380102350923803 ], [ 77.252695544052941, 24.38029465308896 ], [ 77.252674721021094, 24.380486467645326 ], [ 77.252647583956403, 24.380677618606256 ], [ 77.252614157106521, 24.380867931836043 ], [ 77.252565121792003, 24.381015392881192 ], [ 77.252520513164356, 24.381164026852293 ], [ 77.25248036279784, 24.381313725612035 ], [ 77.252444699383517, 24.381464372871875 ], [ 77.252413552541142, 24.381615858672436 ], [ 77.252386944052148, 24.381768067574566 ], [ 77.252364894679161, 24.381920887743792 ], [ 77.252347421282337, 24.382074202799075 ], [ 77.252334533794894, 24.382227899015536 ], [ 77.252281234617442, 24.383203323000927 ], [ 77.252577519104051, 24.383507341993592 ], [ 77.252860075930485, 24.383635823569421 ], [ 77.253296697956699, 24.383688296566525 ], [ 77.253780483268358, 24.383614820362695 ], [ 77.254463635079517, 24.383542872963449 ], [ 77.254900899045268, 24.383525175654892 ], [ 77.255222760806234, 24.38354869428764 ], [ 77.255474327266967, 24.383712020158995 ], [ 77.255586013466825, 24.384077773114555 ], [ 77.255559514580455, 24.38457819469356 ], [ 77.255136572802456, 24.386012663828495 ], [ 77.254277090566575, 24.388295598965161 ], [ 77.253989656173715, 24.388985894153588 ], [ 77.253785340268081, 24.38914519936834 ], [ 77.253199707114078, 24.388294177008067 ], [ 77.252762172605841, 24.389438493552973 ], [ 77.252445187009499, 24.390298062777301 ], [ 77.252289710426624, 24.391230519974737 ], [ 77.252314457077276, 24.391742526481032 ], [ 77.252264500286884, 24.392375178035358 ], [ 77.252354135109599, 24.392863795463295 ], [ 77.252602617566154, 24.393376411537218 ], [ 77.252730062730961, 24.393805641316529 ], [ 77.252743219352226, 24.394213752945127 ], [ 77.252632972017423, 24.394596075466744 ], [ 77.252482773731131, 24.394857881248534 ], [ 77.252011809356347, 24.395177326659589 ], [ 77.251673250230112, 24.395404095687031 ], [ 77.251489626660558, 24.395629217225189 ], [ 77.251239708376573, 24.395884033168389 ], [ 77.251021686495605, 24.396259912389404 ], [ 77.251120946232462, 24.396305301586725 ], [ 77.251222652571073, 24.396345890077992 ], [ 77.251326531338833, 24.396381569170885 ], [ 77.251432298392416, 24.396412241838544 ], [ 77.251539669463227, 24.396437824601907 ], [ 77.251648349301149, 24.396458248349198 ], [ 77.251758044528302, 24.396473454822381 ], [ 77.251868455666866, 24.396483405587535 ], [ 77.251979282161201, 24.396488072138553 ], [ 77.252116713954393, 24.396518076518358 ], [ 77.252251439365594, 24.396557032348614 ], [ 77.252382765926143, 24.396604741029073 ], [ 77.252510016387063, 24.396660957112104 ], [ 77.252632534643766, 24.396725387444857 ], [ 77.252749690558957, 24.396797702947733 ], [ 77.252860877078078, 24.396877530463016 ], [ 77.252965524980382, 24.396964457383859 ], [ 77.253063090995056, 24.397058036981839 ], [ 77.253120796383925, 24.397172032379412 ], [ 77.253162767976448, 24.397291657548713 ], [ 77.253188369444601, 24.397415099407489 ], [ 77.253197213516913, 24.397540487171032 ], [ 77.253189166673096, 24.397665918580209 ], [ 77.253164349803058, 24.397789496034541 ], [ 77.253123140025835, 24.397909343767417 ], [ 77.253066161478117, 24.398023644806933 ], [ 77.252994277179567, 24.398130668010545 ], [ 77.25287577750052, 24.398255548670164 ], [ 77.252793209912397, 24.398402700997288 ], [ 77.252751339924615, 24.398563640897784 ], [ 77.252752581342563, 24.398729081300019 ], [ 77.252796862028532, 24.398889477548078 ], [ 77.252881630632075, 24.399035579306616 ], [ 77.253001993750047, 24.399158956383143 ], [ 77.253151010228976, 24.399252490540125 ], [ 77.253320080891555, 24.399310788563419 ], [ 77.253505072394205, 24.399323598935709 ], [ 77.253690388534011, 24.399331550557619 ], [ 77.253875877490458, 24.399334634132753 ], [ 77.254061385379273, 24.399332850284832 ], [ 77.254246763238953, 24.399326200579303 ], [ 77.254431856190905, 24.399314686536975 ], [ 77.254616513193838, 24.399298321450313 ], [ 77.254800581250748, 24.399277116791229 ], [ 77.254983911235442, 24.399251092190877 ], [ 77.25512713271192, 24.399217958636164 ], [ 77.255273869621263, 24.399202354106844 ], [ 77.255421571022922, 24.399204551669925 ], [ 77.255567676006365, 24.399224512721844 ], [ 77.255709647199708, 24.399261889051697 ], [ 77.255845021939408, 24.399316034974333 ], [ 77.255971446790952, 24.399386006690186 ], [ 77.25608673151379, 24.399470592503164 ], [ 77.256188872636628, 24.399568322933828 ], [ 77.256212440229447, 24.399692688991582 ], [ 77.256229870483097, 24.39981790037552 ], [ 77.256241124253265, 24.399943705697705 ], [ 77.256246152794574, 24.400073170948424 ], [ 77.256245033767627, 24.400196067985906 ], [ 77.256237679352608, 24.400322113662504 ], [ 77.256224136042377, 24.400447728952443 ], [ 77.256204430826003, 24.400572656648446 ], [ 77.256178601467084, 24.400696647753989 ], [ 77.256103329736661, 24.400828658778046 ], [ 77.256026200054123, 24.400959767671964 ], [ 77.255947226420545, 24.401089952863313 ], [ 77.255866420873232, 24.401219191861454 ], [ 77.255783797405428, 24.401347463997073 ], [ 77.255699370027159, 24.401474746794484 ], [ 77.255613152740466, 24.401601018681337 ], [ 77.255525160517124, 24.401726259898815 ], [ 77.255435405378918, 24.401850449762417 ], [ 77.255353346141106, 24.401957157554559 ], [ 77.255278600111168, 24.402068282034737 ], [ 77.255211451267598, 24.402183400888482 ], [ 77.255152153118715, 24.402302080728756 ], [ 77.255100928735487, 24.402423873483119 ], [ 77.255057972715278, 24.40254831731195 ], [ 77.255023447170657, 24.402674943802818 ], [ 77.25499748177856, 24.40280327255179 ], [ 77.254980176655693, 24.402932820217384 ], [ 77.254969317756846, 24.40305882621491 ], [ 77.254948680270815, 24.403183802503033 ], [ 77.254918367631362, 24.403307113115289 ], [ 77.25487853447521, 24.403428131508281 ], [ 77.254829381686875, 24.403546243233489 ], [ 77.254771162324872, 24.403660845079862 ], [ 77.254704169688253, 24.40377135582079 ], [ 77.254650651790399, 24.403913224236131 ], [ 77.254589446967458, 24.404052459513057 ], [ 77.254520705329782, 24.404188715062354 ], [ 77.254444602599364, 24.404321648103281 ], [ 77.254361326253047, 24.404450924977002 ], [ 77.254271088319058, 24.404576223953828 ], [ 77.25417411263038, 24.404697227007357 ], [ 77.254070643585479, 24.404813632526452 ], [ 77.253960940288536, 24.40492514894791 ], [ 77.253938377012759, 24.405078680221894 ], [ 77.253914500463395, 24.405232043342654 ], [ 77.253889312674573, 24.405385231099412 ], [ 77.253862813732638, 24.405538233556957 ], [ 77.253835005696473, 24.405691040795034 ], [ 77.253805892589327, 24.4058436438117 ], [ 77.25377547055264, 24.405996032641365 ], [ 77.253743748524371, 24.406148200126029 ], [ 77.25371072365715, 24.40630013359824 ], [ 77.253731715045319, 24.406493459186404 ], [ 77.253740899145953, 24.406591931397113 ], [ 77.253749769896189, 24.406687034075794 ], [ 77.253764882618043, 24.406880821192935 ], [ 77.253777052575074, 24.407074780792666 ], [ 77.25378627613145, 24.407268877622666 ], [ 77.25379255264302, 24.407463072840557 ], [ 77.253795878498721, 24.407657328484191 ], [ 77.253796255988362, 24.407851608443053 ], [ 77.253793683481661, 24.408045873866751 ], [ 77.253828624965692, 24.408319301932369 ], [ 77.253872499856556, 24.408591648828953 ], [ 77.253925271018915, 24.408862667692112 ], [ 77.253986890409422, 24.409132117894636 ], [ 77.254057300162074, 24.409399754216388 ], [ 77.254136441356735, 24.409665338653237 ], [ 77.25422424030225, 24.409928630376658 ], [ 77.254320619302391, 24.410189394848409 ], [ 77.254425490804167, 24.410447396549905 ], [ 77.254469969006323, 24.410596522762031 ], [ 77.254495165475717, 24.410749378364116 ], [ 77.254500737195968, 24.410903883374441 ], [ 77.254486607733952, 24.411057928238648 ], [ 77.254452967850341, 24.4112094153813 ], [ 77.254400280229291, 24.411356281822812 ], [ 77.254329258539215, 24.411496524309168 ], [ 77.254240871083837, 24.411628231856483 ], [ 77.25413632478508, 24.411749611822589 ], [ 77.253965519394654, 24.411898134198761 ], [ 77.253794138720522, 24.412046100094113 ], [ 77.253622185738593, 24.412193507723241 ], [ 77.253449662421872, 24.412340357099417 ], [ 77.253276570768278, 24.412486645526428 ], [ 77.253102914740055, 24.412632371226422 ], [ 77.252928695348885, 24.412777531495738 ], [ 77.252753914576203, 24.412922125444496 ], [ 77.252578574411771, 24.413066151279601 ], [ 77.252444356439227, 24.413283643142801 ], [ 77.25235320392089, 24.413519104670765 ], [ 77.252307862076165, 24.413765446190062 ], [ 77.252309692289046, 24.414015256648451 ], [ 77.252358645440268, 24.414261018363366 ], [ 77.252453244966915, 24.414495336302707 ], [ 77.25259064299361, 24.414711158902218 ], [ 77.252766706126593, 24.414901991891082 ], [ 77.25297613891253, 24.415062093444444 ], [ 77.25312209723387, 24.41513741860766 ], [ 77.253267699313199, 24.415213318039473 ], [ 77.253412945176692, 24.415289789031451 ], [ 77.253557830896767, 24.415366829748177 ], [ 77.253702354510324, 24.415444439272378 ], [ 77.25384651306787, 24.415522616679258 ], [ 77.25399030264181, 24.415601360133291 ], [ 77.254133722255233, 24.415680668724892 ], [ 77.254276769969707, 24.415760538827424 ], [ 77.254874291602917, 24.416031176866156 ], [ 77.254847336237532, 24.416059209335064 ], [ 77.254821679614935, 24.416088247091892 ], [ 77.254797367577595, 24.416118239006892 ], [ 77.254774442022878, 24.416149133920197 ], [ 77.254752944897874, 24.416180875252909 ], [ 77.254732910201298, 24.416213412687657 ], [ 77.254714376962966, 24.416246685107193 ], [ 77.254697373321704, 24.416280635826599 ], [ 77.254675681575861, 24.416358941808209 ], [ 77.254646784506733, 24.416435272268927 ], [ 77.254610890405871, 24.416509069724142 ], [ 77.254568262594546, 24.416579799691277 ], [ 77.254519209585453, 24.416646947904294 ], [ 77.254480504144496, 24.416706955394051 ], [ 77.254436981573875, 24.416820436717753 ], [ 77.254396072251097, 24.416897155377836 ], [ 77.254315536823967, 24.417015049051095 ], [ 77.254210460465558, 24.417139304177926 ], [ 77.254099641546532, 24.417259307117504 ], [ 77.253983286302969, 24.417374833642143 ], [ 77.253861614674662, 24.417485671371285 ], [ 77.25373484754094, 24.417591613350758 ], [ 77.253603220471277, 24.41769246448143 ], [ 77.253509834561768, 24.41778413214131 ], [ 77.253418573704423, 24.417877578208959 ], [ 77.253329478737015, 24.417972759648578 ], [ 77.253242589486732, 24.418069636126319 ], [ 77.253157943841401, 24.418168163680555 ], [ 77.253075580667556, 24.418268299260365 ], [ 77.252995532922199, 24.418369998866289 ], [ 77.252917839497428, 24.418473216738118 ], [ 77.252842533375969, 24.4185779061667 ], [ 77.252804692574315, 24.418639529317669 ], [ 77.252785751325121, 24.418676860003732 ], [ 77.252772318062128, 24.418716141500404 ], [ 77.252764623906103, 24.418756696382687 ], [ 77.252762802529418, 24.418797824798823 ], [ 77.252766885107818, 24.418838817076171 ], [ 77.252776800220644, 24.418878964558893 ], [ 77.252792378624434, 24.418917576805253 ], [ 77.252813349266006, 24.418953986073173 ], [ 77.252839351955132, 24.418987563675241 ], [ 77.253409993609438, 24.419401071044973 ], [ 77.253446668471568, 24.41944919076035 ], [ 77.253472923555677, 24.419502717303487 ], [ 77.253487836884005, 24.419559784813959 ], [ 77.253490894084905, 24.419618395985736 ], [ 77.253481984674664, 24.419676505131921 ], [ 77.253461417270785, 24.419732080622612 ], [ 77.253429914970127, 24.419783178911761 ], [ 77.253388577199317, 24.419828017403695 ], [ 77.253338847655797, 24.419865028399837 ], [ 77.25318817948154, 24.419941932552838 ], [ 77.253028726837186, 24.420002185410297 ], [ 77.252862676387338, 24.420044958369743 ], [ 77.252692301344126, 24.420069667366402 ], [ 77.252519942713633, 24.420075973633114 ], [ 77.252347958945535, 24.420063787829626 ], [ 77.25217871005502, 24.420033279855893 ], [ 77.252014515295755, 24.419984868590408 ], [ 77.251833115954128, 24.419931891841316 ], [ 77.25165485670307, 24.419870626933978 ], [ 77.251480186925107, 24.419801230883479 ], [ 77.251363889581583, 24.419748510034641 ], [ 77.251309552882745, 24.419723877843392 ], [ 77.251143383876183, 24.419638762611665 ], [ 77.250982100100444, 24.419546104303901 ], [ 77.250826109810731, 24.419446132783154 ], [ 77.250781906601958, 24.419414655470156 ], [ 77.250469499482506, 24.419118799978506 ], [ 77.250396021839265, 24.419050595199291 ], [ 77.250319584069345, 24.418985177417291 ], [ 77.250240310483761, 24.418922651453734 ], [ 77.250158332305361, 24.418863121280019 ], [ 77.250073783773246, 24.418806684568409 ], [ 77.24998680606322, 24.418753435432222 ], [ 77.249897540424953, 24.418703459856523 ], [ 77.249806134050317, 24.41865684116291 ], [ 77.249712737155775, 24.418613655471006 ], [ 77.248922843033412, 24.418148004968806 ], [ 77.248862451680139, 24.418111826622738 ], [ 77.248795707828492, 24.418086694095248 ], [ 77.24872499229636, 24.418073503657087 ], [ 77.248652828893526, 24.418072726377471 ], [ 77.248581793847748, 24.418084389362519 ], [ 77.24851442207337, 24.418108078644337 ], [ 77.248453119324139, 24.418142945728579 ], [ 77.248400072056796, 24.418187748444534 ], [ 77.2483571731333, 24.418240885594791 ], [ 77.248228674332807, 24.418475182467198 ], [ 77.248221038567181, 24.418489103182814 ], [ 77.248196056331963, 24.418529420451396 ], [ 77.248168313498297, 24.418568196322475 ], [ 77.248137922040556, 24.418605268180695 ], [ 77.248105005636603, 24.418640487952132 ], [ 77.248069700754002, 24.418673711274231 ], [ 77.248032151676711, 24.41870480197376 ], [ 77.247992508515807, 24.41873363385751 ], [ 77.24795093710614, 24.418760087176416 ], [ 77.247907605130962, 24.418784055743394 ], [ 77.247405475839741, 24.419118609143503 ], [ 77.247320295194697, 24.419176693058802 ], [ 77.247229271490639, 24.419226797199816 ], [ 77.247133293059022, 24.419268434373318 ], [ 77.247033296820746, 24.419301197244557 ], [ 77.246930257352034, 24.419324767285286 ], [ 77.246825180982398, 24.419338912921891 ], [ 77.246719092895788, 24.419343497564824 ], [ 77.246613029280581, 24.419338475031882 ], [ 77.246508023461075, 24.419323895763672 ], [ 77.245716298976063, 24.419084926590735 ], [ 77.24523137511801, 24.419510062475482 ], [ 77.245158276958421, 24.419559591465145 ], [ 77.245091579429726, 24.419616191406032 ], [ 77.245032095792212, 24.419679172238997 ], [ 77.244980548281262, 24.419747767332211 ], [ 77.244937564070028, 24.419821143384681 ], [ 77.244903667320187, 24.419898406686436 ], [ 77.244879268180824, 24.419978619290266 ], [ 77.244864664719103, 24.420060803542547 ], [ 77.24486003584768, 24.420143960091874 ], [ 77.244850003875854, 24.421230030345278 ], [ 77.244860466900647, 24.42131248635032 ], [ 77.244875363332326, 24.421394368832747 ], [ 77.24489465557663, 24.421475476991198 ], [ 77.24491830006238, 24.421555616300054 ], [ 77.244946235513524, 24.421634586676998 ], [ 77.244978395621601, 24.421712198838765 ], [ 77.245014703235782, 24.421788262514653 ], [ 77.245055066367442, 24.421862591834781 ], [ 77.245099390018083, 24.421935006324901 ], [ 77.245127361374003, 24.421976460040135 ], [ 77.245148695165042, 24.422021101222594 ], [ 77.24516296848229, 24.422068045082682 ], [ 77.245169896956895, 24.422116359130072 ], [ 77.245169343454748, 24.422165083110869 ], [ 77.245161317835453, 24.422213255198677 ], [ 77.245145981851522, 24.422259915644872 ], [ 77.245123637004369, 24.422304140103304 ], [ 77.245094728356932, 24.422345054111055 ], [ 77.244861597488551, 24.422711621533828 ], [ 77.245109062787023, 24.422927478249527 ], [ 77.245121634415199, 24.422909065505269 ], [ 77.245859789108096, 24.421827926891915 ], [ 77.246337411646138, 24.422226816232673 ], [ 77.24744566184927, 24.42315236021139 ], [ 77.25003056895406, 24.425596438129759 ], [ 77.250714956514827, 24.426328627679641 ], [ 77.251297050761536, 24.426899159197557 ], [ 77.251472366115181, 24.427204496130418 ], [ 77.252528896339086, 24.429044559869109 ], [ 77.253829669665308, 24.431982060586748 ], [ 77.25481474508581, 24.432855048712604 ], [ 77.255064080950291, 24.433059160972483 ], [ 77.255397233115517, 24.432779597401186 ], [ 77.256249783023378, 24.431013265747634 ], [ 77.256259138089163, 24.430986530639803 ], [ 77.256659121597778, 24.429843453629083 ], [ 77.256370078075875, 24.428459762100889 ], [ 77.256760745298294, 24.427652252384519 ], [ 77.256688753979404, 24.427218815458083 ], [ 77.256505437284559, 24.426372073811137 ], [ 77.25631526712607, 24.426074187292581 ], [ 77.25623321927371, 24.425765367462137 ], [ 77.256250956685435, 24.425512537031711 ], [ 77.256422758880106, 24.425288004680539 ], [ 77.257355641439474, 24.424610252428547 ], [ 77.257367309126806, 24.424594296521793 ], [ 77.258252689521527, 24.423383558899943 ], [ 77.259527860544864, 24.42216597598205 ], [ 77.260673737509876, 24.421559997065202 ], [ 77.261442215400791, 24.422069252126818 ], [ 77.262573250552279, 24.422382845225936 ], [ 77.264436099646147, 24.422899321307874 ], [ 77.264436908419029, 24.423589859989157 ], [ 77.264175511954946, 24.425159004172841 ], [ 77.264060954622778, 24.426324402857102 ], [ 77.263875314415628, 24.426440784655217 ], [ 77.262474688794455, 24.426283634591417 ], [ 77.261656825010178, 24.426191864491066 ], [ 77.260025689121647, 24.428021332189587 ], [ 77.260704208555566, 24.428562624065616 ], [ 77.260906201163394, 24.42873384187417 ], [ 77.260952377868122, 24.429083194611241 ], [ 77.260309309563311, 24.429835761841403 ], [ 77.25879128622276, 24.431613728678826 ], [ 77.258463203728866, 24.43225227371785 ], [ 77.258393312135539, 24.433235140721624 ], [ 77.258624647358303, 24.433953226917662 ], [ 77.259137262498882, 24.43466621453031 ], [ 77.26036711029171, 24.435692091328445 ], [ 77.26119401923755, 24.436389421438495 ], [ 77.262096253977077, 24.437101938646595 ], [ 77.262307780633677, 24.43731501402641 ], [ 77.26146537047866, 24.437862255722823 ], [ 77.260838976919544, 24.438399903066614 ], [ 77.259820108850235, 24.43866873750008 ], [ 77.258977996481761, 24.438912026177377 ], [ 77.258565626000561, 24.43922831429785 ], [ 77.258058273549295, 24.439782733669801 ], [ 77.257601405204909, 24.440340262098537 ], [ 77.25713107130089, 24.440990700411081 ], [ 77.256935176247381, 24.441479709252633 ], [ 77.256914660230578, 24.441757343139393 ], [ 77.257010634165056, 24.442514223158174 ], [ 77.257131917051368, 24.443692259138579 ], [ 77.257647153286825, 24.445185131975723 ], [ 77.258149059485461, 24.445643268711152 ], [ 77.258703952560424, 24.445773235404108 ], [ 77.25942289850245, 24.445593204639177 ], [ 77.260422369762395, 24.445275131488774 ], [ 77.261649024004328, 24.444883911084059 ], [ 77.262582203987478, 24.444747805904065 ], [ 77.264012077774879, 24.444621310785344 ], [ 77.265317904528089, 24.444256343175713 ], [ 77.266030442968116, 24.443647190579192 ], [ 77.26699354392494, 24.442779512410262 ], [ 77.26661079795322, 24.441523594265284 ], [ 77.266505257703002, 24.441201355550071 ], [ 77.267164740481874, 24.440755637739997 ], [ 77.267952053967832, 24.441974087180306 ], [ 77.269142852859943, 24.441856529494764 ], [ 77.26966209949407, 24.441946577459845 ], [ 77.269469947473439, 24.442718113644961 ], [ 77.268897894075025, 24.4438050895515 ], [ 77.268580907505495, 24.443967762605478 ], [ 77.267656407068614, 24.444164023811943 ], [ 77.266370590549784, 24.444523822558132 ], [ 77.265312819234666, 24.444825333644658 ], [ 77.26509820341802, 24.445052400596374 ], [ 77.264933864261621, 24.446276582387821 ], [ 77.264802556679015, 24.446578093371443 ], [ 77.264510162705193, 24.447249490271957 ], [ 77.263619453621274, 24.448073123629925 ], [ 77.262891751733676, 24.449100859262703 ], [ 77.262506899917554, 24.45020848396593 ], [ 77.262123532068301, 24.450553291780682 ], [ 77.26141485034168, 24.450792365430146 ], [ 77.261142171549764, 24.450749186358482 ], [ 77.260049815497382, 24.451317153607238 ], [ 77.260026481478974, 24.451329287453518 ], [ 77.259792303842957, 24.451612005725369 ], [ 77.260079796077449, 24.452644611165059 ], [ 77.260788242630696, 24.453821449918696 ], [ 77.259121883909501, 24.455049231326345 ], [ 77.258698928065641, 24.456254924476426 ], [ 77.257733175053701, 24.457645289857719 ], [ 77.258317051529616, 24.458564972011455 ], [ 77.258773902935403, 24.458624081798913 ], [ 77.259878627175823, 24.45763631439867 ], [ 77.260367370387755, 24.457570209695508 ], [ 77.261697009068826, 24.457644133709469 ], [ 77.262691155943799, 24.456306126977069 ], [ 77.262994137646899, 24.456010936177154 ], [ 77.264750581120509, 24.456584870223338 ], [ 77.265025846935359, 24.456649891285359 ], [ 77.265618307704642, 24.456789833191912 ], [ 77.265535603589726, 24.457947904345986 ], [ 77.264417709997787, 24.458688157516537 ], [ 77.263252438502022, 24.459681474090292 ], [ 77.261005956100107, 24.461095473003102 ], [ 77.261153775414684, 24.461854631054429 ], [ 77.261282293053881, 24.462514650466829 ], [ 77.263866741384362, 24.463052132563078 ], [ 77.266183218903521, 24.463651866918987 ], [ 77.268677269276708, 24.464334772718818 ], [ 77.268366170770733, 24.465436369095162 ], [ 77.26812279089711, 24.465926095148465 ], [ 77.267515922739406, 24.466522863995731 ], [ 77.266657296517295, 24.466188229191179 ], [ 77.265347775285846, 24.465862218370624 ], [ 77.26490098247119, 24.465742856503471 ], [ 77.263622386687175, 24.465855785809435 ], [ 77.262918159462757, 24.466068366281206 ], [ 77.26239292152593, 24.466345425744823 ], [ 77.261847437642245, 24.466633162400058 ], [ 77.260632204397609, 24.466405916370579 ], [ 77.259930842263969, 24.466426877751676 ], [ 77.259284592367294, 24.4664461896405 ], [ 77.258970770734166, 24.467510697611374 ], [ 77.258950049268094, 24.467719579176844 ], [ 77.258881654825018, 24.468278448384655 ], [ 77.258884722678559, 24.468797773229742 ], [ 77.258645824066576, 24.469451363178909 ], [ 77.258363460371257, 24.4697453115377 ], [ 77.258114642863987, 24.469988073407379 ], [ 77.257584156405045, 24.470406601549463 ], [ 77.257310438927902, 24.470838956891573 ], [ 77.257227065171733, 24.471159269106831 ], [ 77.257275860392767, 24.471491448178664 ], [ 77.257255307685114, 24.472133219554472 ], [ 77.25727322480391, 24.47261583570581 ], [ 77.257292420480127, 24.473132866014272 ], [ 77.257292090910752, 24.473146220785896 ], [ 77.257282663918915, 24.473529165802073 ], [ 77.257084075504153, 24.473756350697979 ], [ 77.256809799998678, 24.473806208781866 ], [ 77.256309013707138, 24.473701517831934 ], [ 77.255913496297609, 24.473403517423598 ], [ 77.255643238747297, 24.473161504604764 ], [ 77.255112489564169, 24.472567468106099 ], [ 77.254440635565558, 24.472197834354219 ], [ 77.254083525307252, 24.472094990956787 ], [ 77.253512774867588, 24.472020510815376 ], [ 77.253028935556884, 24.471957369073056 ], [ 77.252328426910452, 24.471782967710261 ], [ 77.252329738089543, 24.471837712976328 ], [ 77.252324157871342, 24.471952787951796 ], [ 77.252310267074492, 24.472067270518259 ], [ 77.252288123572924, 24.472180659848032 ], [ 77.252257828625943, 24.47229245905914 ], [ 77.252219510087031, 24.472402176892572 ], [ 77.251731951884551, 24.473231604669479 ], [ 77.251442881577233, 24.47356224103698 ], [ 77.251406198118644, 24.473593604111677 ], [ 77.251374576852811, 24.473629285534454 ], [ 77.251348616113418, 24.473668608917627 ], [ 77.251328811282377, 24.473710825727547 ], [ 77.25131554080015, 24.473755134142944 ], [ 77.251309051238636, 24.473800692487885 ], [ 77.251309470974547, 24.473846634690876 ], [ 77.251316788329547, 24.473892086373958 ], [ 77.251330867166985, 24.473936185745956 ], [ 77.251275573121916, 24.475061796246031 ], [ 77.251228641300386, 24.476017133026897 ], [ 77.251231672950325, 24.476160079903806 ], [ 77.251231342116014, 24.476303053225049 ], [ 77.251227645446036, 24.476445987031507 ], [ 77.251220589456921, 24.476588815439996 ], [ 77.251210173766097, 24.476731471610719 ], [ 77.251196402916648, 24.476873889644867 ], [ 77.251179288376051, 24.477016001890362 ], [ 77.251158832680815, 24.477157746045265 ], [ 77.251135047323601, 24.477299051747799 ], [ 77.251131708220043, 24.477453716207869 ], [ 77.251120945507552, 24.477608095787271 ], [ 77.251102777693134, 24.477761892573895 ], [ 77.251077242995606, 24.477914811516051 ], [ 77.251044388540734, 24.478066554920289 ], [ 77.251004278189427, 24.478216829737274 ], [ 77.250956989577574, 24.47836534753894 ], [ 77.25090261418292, 24.478511817293601 ], [ 77.250841258178653, 24.478655959823705 ], [ 77.250382897493424, 24.479785731341369 ], [ 77.250252177971234, 24.480132161841105 ], [ 77.249392126679169, 24.481833133812788 ], [ 77.249350329909788, 24.481904835622089 ], [ 77.249305050054843, 24.481974745669046 ], [ 77.249256382193565, 24.482042720175038 ], [ 77.24920442428315, 24.482108624415513 ], [ 77.24914927822887, 24.4821723236963 ], [ 77.249091059702565, 24.482233688848982 ], [ 77.249029885321889, 24.482292595228039 ], [ 77.248965877551498, 24.482348926362224 ], [ 77.248899166759784, 24.482402564938024 ], [ 77.248819505043713, 24.482477333707806 ], [ 77.248743502490868, 24.482555225049232 ], [ 77.248671301604276, 24.482636090140147 ], [ 77.248603042002628, 24.482719772007741 ], [ 77.248538854449393, 24.482806110900949 ], [ 77.248478862851343, 24.482894941596697 ], [ 77.248423181306421, 24.4829860924734 ], [ 77.248371919004526, 24.483079389161865 ], [ 77.248325171379079, 24.483174650864122 ], [ 77.248290737591589, 24.483259102699989 ], [ 77.248261534129512, 24.483345188208769 ], [ 77.248237652312426, 24.483432638046658 ], [ 77.248219167737957, 24.483521175522494 ], [ 77.248206139244715, 24.483610522008377 ], [ 77.248198605951629, 24.483700396917072 ], [ 77.248196594173933, 24.483790516852174 ], [ 77.248200109494974, 24.48388059915931 ], [ 77.248209138772964, 24.483970358329479 ], [ 77.248213961528791, 24.484030229161071 ], [ 77.248221300972389, 24.48408988282544 ], [ 77.248231149979958, 24.48414923617382 ], [ 77.248243487695035, 24.484208196919365 ], [ 77.248258302092779, 24.484266678262344 ], [ 77.24827556732393, 24.484324594199347 ], [ 77.248295259521086, 24.484381857838891 ], [ 77.248317347892069, 24.484438384042335 ], [ 77.248341801627788, 24.484494089477014 ], [ 77.248499570929454, 24.484314505878242 ], [ 77.249989421636101, 24.48261863099366 ], [ 77.250169710393592, 24.482543411283888 ], [ 77.250789936840192, 24.482224356732974 ], [ 77.252624442244127, 24.480363431687088 ], [ 77.252175251612627, 24.479331320546258 ], [ 77.252178835469678, 24.478941908074308 ], [ 77.252751187108473, 24.477725602460321 ], [ 77.252817644325106, 24.476883183324183 ], [ 77.252892751732972, 24.476528540793542 ], [ 77.253294311182742, 24.475954094731801 ], [ 77.253765178669994, 24.475630741354884 ], [ 77.2544853945017, 24.475813524450242 ], [ 77.254761619984805, 24.476086149233119 ], [ 77.254941268995864, 24.476913915915471 ], [ 77.255482534107145, 24.478469910402584 ], [ 77.256277663582637, 24.478737016822286 ], [ 77.257555729067946, 24.478263098324494 ], [ 77.259947419692693, 24.47720477130234 ], [ 77.261228393185675, 24.476710157221021 ], [ 77.262577168322679, 24.476297245980078 ], [ 77.26372655822162, 24.47578479465648 ], [ 77.263991361310033, 24.476444875938231 ], [ 77.26401240027478, 24.476497319566679 ], [ 77.264297539896504, 24.477188049086489 ], [ 77.263674747482014, 24.477571574327687 ], [ 77.262484826766922, 24.47839137475442 ], [ 77.261606923175208, 24.47919859712616 ], [ 77.261578279159181, 24.47957821722002 ], [ 77.26098492732622, 24.480357429037504 ], [ 77.260702344294884, 24.480568504989083 ], [ 77.259821274322576, 24.480522003522253 ], [ 77.258261845675108, 24.480560792616068 ], [ 77.258081627189412, 24.480816018782573 ], [ 77.257724638273388, 24.481614765510574 ], [ 77.258287426965495, 24.483132167978976 ], [ 77.258717810470245, 24.484360372420475 ], [ 77.259413351654985, 24.485394682938725 ], [ 77.25998105945169, 24.48593207492587 ], [ 77.259994286412947, 24.485944595093809 ], [ 77.262452162005815, 24.486762781907601 ], [ 77.263757481870527, 24.48725438304038 ], [ 77.264707842363052, 24.488133235303724 ], [ 77.264062472839257, 24.49048865603287 ], [ 77.263926248672718, 24.491976875111668 ], [ 77.264232686639119, 24.492198893531192 ], [ 77.264721324927464, 24.492552914518619 ], [ 77.265357888768179, 24.493242891959525 ], [ 77.264924839324678, 24.49444233177913 ], [ 77.265379160894284, 24.495414200337319 ], [ 77.265461822645563, 24.495560625448395 ], [ 77.266185593774026, 24.49684270189525 ], [ 77.265981647372016, 24.500049364443221 ], [ 77.265946987140254, 24.500476346306765 ], [ 77.265449240351089, 24.50095439357823 ], [ 77.265390964040748, 24.501197407677537 ], [ 77.265309364604008, 24.50153768723078 ], [ 77.2657259200911, 24.502652014031671 ], [ 77.265688683994114, 24.503344512035731 ], [ 77.265590916511343, 24.505162712184628 ], [ 77.264060615999028, 24.505203473210152 ], [ 77.261520172296898, 24.505870933166904 ], [ 77.26079983077166, 24.504086774800893 ], [ 77.259918675137115, 24.504201935706394 ], [ 77.259715359427361, 24.504143326757049 ], [ 77.259484214555911, 24.504076695239796 ], [ 77.25929865533783, 24.503953362085767 ], [ 77.259133331730865, 24.503561978451518 ], [ 77.258767130687616, 24.502778941580516 ], [ 77.258219947680303, 24.502343992211646 ], [ 77.257377936083955, 24.502069324862195 ], [ 77.256915700458123, 24.502065774497552 ], [ 77.256627018481709, 24.502154937417533 ], [ 77.256273816203532, 24.502264026726969 ], [ 77.256449862167258, 24.502576435091701 ], [ 77.256184169394075, 24.50341201295646 ], [ 77.256127610373568, 24.503532689316703 ], [ 77.256069132489301, 24.503652599445548 ], [ 77.256008750807695, 24.503771714554489 ], [ 77.255946475393827, 24.503890013041957 ], [ 77.255882322293033, 24.504007467030203 ], [ 77.255816304548475, 24.504124053134078 ], [ 77.255748435219985, 24.504239746162302 ], [ 77.25567873032864, 24.504354520946276 ], [ 77.255607202926328, 24.504468353197595 ], [ 77.255547321086439, 24.504593780695284 ], [ 77.255497076520527, 24.504722700862814 ], [ 77.255456709872064, 24.504854494168548 ], [ 77.255426414502367, 24.504988530780565 ], [ 77.255406338522064, 24.505124164259659 ], [ 77.255396576769812, 24.505260745045355 ], [ 77.255397173813918, 24.505397615963048 ], [ 77.255408129790709, 24.505534121300435 ], [ 77.255429390558604, 24.505669604022547 ], [ 77.255680977463754, 24.506212562144459 ], [ 77.255818693805679, 24.506315342821541 ], [ 77.255957845797198, 24.506416491519964 ], [ 77.256098411887805, 24.506515990006239 ], [ 77.256240369515126, 24.506613822748804 ], [ 77.256383693171728, 24.506709972387007 ], [ 77.25652835930758, 24.506804423381816 ], [ 77.256674344380656, 24.506897159291036 ], [ 77.256821623836728, 24.506988166374281 ], [ 77.256970173137901, 24.507077429085026 ], [ 77.257096837423504, 24.507127119256591 ], [ 77.257219709414841, 24.50718422607294 ], [ 77.257338273104565, 24.507248508945132 ], [ 77.257452025586517, 24.507319697580812 ], [ 77.25756048790511, 24.507397492970529 ], [ 77.25766320310538, 24.507481564663053 ], [ 77.257759739119763, 24.507571558915629 ], [ 77.257849687805745, 24.507667095977077 ], [ 77.257932670835018, 24.507767773745613 ], [ 77.258042593962102, 24.50793350354158 ], [ 77.258144760541057, 24.508103335615392 ], [ 77.258238990694736, 24.508276968742976 ], [ 77.258325115499645, 24.508454090945293 ], [ 77.258402979889141, 24.508634385832618 ], [ 77.258472443649325, 24.508817531709074 ], [ 77.258533384396671, 24.509003199788893 ], [ 77.258585693572499, 24.509191060487943 ], [ 77.258629275530595, 24.509380775287955 ], [ 77.258685370590968, 24.509569391163282 ], [ 77.258752981202008, 24.509754820407295 ], [ 77.258831892700996, 24.509936471577696 ], [ 77.258921855708266, 24.510113771027441 ], [ 77.259022585205585, 24.510286155672311 ], [ 77.259133760486023, 24.510453078410325 ], [ 77.259255031067482, 24.510614009069894 ], [ 77.25938600973312, 24.510768439776676 ], [ 77.25952628443369, 24.510915878722304 ], [ 77.260316403013775, 24.511646794338574 ], [ 77.260757448044089, 24.512221918935062 ], [ 77.260799448772858, 24.512312154780808 ], [ 77.260839755649968, 24.51240303426038 ], [ 77.260878357058758, 24.512494531996648 ], [ 77.260915244376534, 24.512586619022869 ], [ 77.260950404999292, 24.512679269954443 ], [ 77.260983829292385, 24.512772458526115 ], [ 77.261015508641236, 24.512866154867819 ], [ 77.261045429454327, 24.512960333587227 ], [ 77.261073588035799, 24.513054966658043 ], [ 77.261060972343074, 24.513212080728952 ], [ 77.261382221909543, 24.513222188550284 ], [ 77.261512132393136, 24.513226275522825 ], [ 77.261670382990758, 24.51348691304457 ], [ 77.261828814177335, 24.513727973388846 ], [ 77.261860781727137, 24.51376010596999 ], [ 77.261898560452323, 24.513786433064329 ], [ 77.261940912455046, 24.513806090779692 ], [ 77.261986445832861, 24.513818431714466 ], [ 77.262033666730986, 24.513823054258673 ], [ 77.262081024757961, 24.513819802038583 ], [ 77.262126963138456, 24.513808785073881 ], [ 77.26216997315349, 24.51379036393713 ], [ 77.262208645527807, 24.51376514382353 ], [ 77.262342948103779, 24.513671934351628 ], [ 77.262472249716339, 24.513572980162753 ], [ 77.262596255114545, 24.513468506614839 ], [ 77.262714683766475, 24.513358749114005 ], [ 77.262827266839821, 24.513243959413632 ], [ 77.262933749291776, 24.513124392985439 ], [ 77.26303388873346, 24.513000325268148 ], [ 77.263125197082147, 24.512870726588549 ], [ 77.263214245766463, 24.512739818112738 ], [ 77.263301690498153, 24.512589624182763 ], [ 77.263388819524366, 24.512439278754496 ], [ 77.263475867743352, 24.512288894715557 ], [ 77.263562602248598, 24.512138357387972 ], [ 77.263649097704132, 24.511987706179806 ], [ 77.263735356084752, 24.511836941106662 ], [ 77.263821377382769, 24.511686063072084 ], [ 77.263907160636421, 24.511535069359464 ], [ 77.263992705796852, 24.511383965388067 ], [ 77.264013533294801, 24.51136353266233 ], [ 77.264059423530412, 24.511318507848404 ], [ 77.264128032223539, 24.511254709423966 ], [ 77.264198483106242, 24.511192613995988 ], [ 77.264270725426499, 24.511132266333899 ], [ 77.264344707470258, 24.511073708490141 ], [ 77.264420376520306, 24.511016984316036 ], [ 77.264497675952668, 24.510962133117054 ], [ 77.264576555057801, 24.51090919514726 ], [ 77.264656953264193, 24.510858209682169 ], [ 77.264782180770354, 24.51076395675808 ], [ 77.264904268304633, 24.510666315382327 ], [ 77.265023106463474, 24.510565375046472 ], [ 77.265138586848124, 24.510461223443464 ], [ 77.265250608899834, 24.510353954648458 ], [ 77.265359068088131, 24.510243665416183 ], [ 77.265463871712029, 24.510130454397885 ], [ 77.265564923098822, 24.510014422924218 ], [ 77.265662131474556, 24.509895675080358 ], [ 77.265700473862623, 24.509795181509769 ], [ 77.265740347606496, 24.509695187326194 ], [ 77.265781745604585, 24.509595713247467 ], [ 77.265824660747029, 24.509496780894587 ], [ 77.265869582725799, 24.509398598120871 ], [ 77.265915004345075, 24.509300607003269 ], [ 77.265962414658006, 24.509203405967106 ], [ 77.266011306866389, 24.509106822250345 ], [ 77.266061668966827, 24.509010872920559 ], [ 77.266058954068001, 24.508949768626767 ], [ 77.266050511844199, 24.508889103876992 ], [ 77.266036406331182, 24.508829327140703 ], [ 77.266016740133082, 24.508770879051994 ], [ 77.265991660336411, 24.50871419335791 ], [ 77.265961352677991, 24.508659686939183 ], [ 77.265926040516419, 24.508607764318153 ], [ 77.265885983918977, 24.508558809523478 ], [ 77.265841479694203, 24.508513182477596 ], [ 77.265775576726497, 24.508469620420062 ], [ 77.265752082164369, 24.508449375111418 ], [ 77.265716966345096, 24.508418069237603 ], [ 77.265666791345595, 24.508359535677702 ], [ 77.26562603824263, 24.508295168902983 ], [ 77.265595504023381, 24.508226225916086 ], [ 77.265585986672164, 24.508191396802548 ], [ 77.265575786401655, 24.508154057936203 ], [ 77.265567270288471, 24.508080078684316 ], [ 77.265570124100776, 24.508005736355408 ], [ 77.265584290147842, 24.507932485546366 ], [ 77.265679992958638, 24.507890951531248 ], [ 77.265777055755436, 24.507852148229752 ], [ 77.265875383450137, 24.507816111945154 ], [ 77.265974882945514, 24.507782877189882 ], [ 77.26607546017415, 24.507752476662699 ], [ 77.266177016183036, 24.507724937606291 ], [ 77.266279456946407, 24.507700288204319 ], [ 77.26638276707493, 24.507678918515893 ], [ 77.266486590182325, 24.507659749221641 ], [ 77.267073627499457, 24.507498458148135 ], [ 77.268604150816842, 24.508043916128489 ], [ 77.268190079372971, 24.509183478138031 ], [ 77.267773890466415, 24.510532782854582 ], [ 77.267448795349878, 24.512094489899084 ], [ 77.267643442070835, 24.512900124731377 ], [ 77.26796163740245, 24.513768452639734 ], [ 77.266826842626315, 24.516489385114788 ], [ 77.266448241297752, 24.517050939213981 ], [ 77.26611408135237, 24.517935588154575 ], [ 77.266412484137504, 24.517936933828274 ], [ 77.266525440607253, 24.517930420333222 ], [ 77.266637989974186, 24.517919502413221 ], [ 77.266749928657333, 24.517904202903559 ], [ 77.266861053051272, 24.517884547349304 ], [ 77.266971157469754, 24.517860573021864 ], [ 77.26708004506186, 24.51783232267956 ], [ 77.267187515933486, 24.517799848090075 ], [ 77.26729337603183, 24.517763210097954 ], [ 77.267397430284646, 24.517722473153199 ], [ 77.267524497919567, 24.517674999296379 ], [ 77.267654525080275, 24.517634793245183 ], [ 77.267787017792713, 24.517602007483102 ], [ 77.267921470485788, 24.517576767311461 ], [ 77.26805736895227, 24.517559170871934 ], [ 77.268194195357893, 24.51754928105591 ], [ 77.268331429096477, 24.517547139962328 ], [ 77.268468545933942, 24.517552754439933 ], [ 77.268605020919807, 24.517566101528754 ], [ 77.269519193998903, 24.517740047575703 ], [ 77.269524042444701, 24.518721165340292 ], [ 77.267758128765607, 24.519207387693381 ], [ 77.267051337706462, 24.519761722634119 ], [ 77.266502511807715, 24.521017915483494 ], [ 77.265966886822866, 24.520906919178934 ], [ 77.265455068198307, 24.521829624034584 ], [ 77.26461619242896, 24.522795005357185 ], [ 77.264038932981023, 24.523459304333045 ], [ 77.264006480320901, 24.523496649749152 ], [ 77.263784246280039, 24.523601074326113 ], [ 77.263801374035125, 24.523746159527018 ], [ 77.263803202890372, 24.523892078870276 ], [ 77.263789712510658, 24.524037485547542 ], [ 77.263761028646627, 24.524181035668562 ], [ 77.263717415091193, 24.524321404457449 ], [ 77.263659277548328, 24.524457295314775 ], [ 77.263585030061563, 24.524555888735495 ], [ 77.263521337584379, 24.524660479574084 ], [ 77.263468774444817, 24.524770123888207 ], [ 77.263427813677851, 24.524883835413139 ], [ 77.263398825025206, 24.525000588255637 ], [ 77.263382069882752, 24.525119329499436 ], [ 77.2633776982385, 24.525238990019684 ], [ 77.263385752570599, 24.525358489931669 ], [ 77.263406156870928, 24.525476751151352 ], [ 77.263447738119368, 24.525625774228224 ], [ 77.263507766840902, 24.525769436999457 ], [ 77.263585444999649, 24.525905836652644 ], [ 77.263679745640786, 24.526033163455214 ], [ 77.263789417526709, 24.526149733306347 ], [ 77.26391300577535, 24.526253997831763 ], [ 77.264048874267445, 24.526344577071477 ], [ 77.264195223325657, 24.526420269552386 ], [ 77.264350110240528, 24.526480075026541 ], [ 77.264518985971989, 24.526567877601853 ], [ 77.264686002896241, 24.526658605672687 ], [ 77.26485110207733, 24.526752227183795 ], [ 77.265014223640819, 24.526848704653752 ], [ 77.265175308641204, 24.52694800693083 ], [ 77.265334298214597, 24.527050093832109 ], [ 77.265491134409714, 24.527154933310428 ], [ 77.265645762326585, 24.527262483407075 ], [ 77.265660881276531, 24.527273421660674 ], [ 77.265716425778379, 24.52694236042371 ], [ 77.265781370952411, 24.526555271195434 ], [ 77.265794988801048, 24.526473544517749 ], [ 77.265814948618157, 24.526392917530611 ], [ 77.265841148931642, 24.526313798600963 ], [ 77.265873456705123, 24.52623659314461 ], [ 77.2659117074205, 24.526161694595409 ], [ 77.265955704082984, 24.526089485300467 ], [ 77.266005223177132, 24.526020332953347 ], [ 77.26606001168085, 24.525954593280879 ], [ 77.266119791121227, 24.525892598332806 ], [ 77.266170808536202, 24.525793127415678 ], [ 77.266220780467037, 24.525693212265114 ], [ 77.266269701889158, 24.525592862778904 ], [ 77.26631756974416, 24.525492089773056 ], [ 77.266364379024125, 24.525390901339176 ], [ 77.266410124712806, 24.525289306471912 ], [ 77.26645480277304, 24.52518731507643 ], [ 77.266498409175895, 24.525084936155068 ], [ 77.266540940871508, 24.524982179620508 ], [ 77.266580062859333, 24.524914180637339 ], [ 77.266622874715111, 24.524848069434555 ], [ 77.266669271251828, 24.524784013200048 ], [ 77.266719130558755, 24.524722172671751 ], [ 77.266772327764642, 24.524662708564978 ], [ 77.266828728258872, 24.524605767069854 ], [ 77.266888191516941, 24.524551493428163 ], [ 77.266950563227581, 24.524500029163995 ], [ 77.267015687262543, 24.52445149862714 ], [ 77.267163089555069, 24.524340333030597 ], [ 77.267319073898577, 24.524239445911956 ], [ 77.267482783336973, 24.524149385274974 ], [ 77.267653323887615, 24.524070646459279 ], [ 77.267829763668175, 24.524003659489566 ], [ 77.268011131883995, 24.523948791778032 ], [ 77.268196441572883, 24.523906343782272 ], [ 77.268384671851166, 24.523876547063914 ], [ 77.26857479653188, 24.523859565410042 ], [ 77.268777873430381, 24.523835883768832 ], [ 77.268981673030581, 24.52381816387603 ], [ 77.269185989849476, 24.523806424036909 ], [ 77.2693906115516, 24.523800676183257 ], [ 77.269595329807728, 24.523800925956195 ], [ 77.269799935350633, 24.52380717357175 ], [ 77.270004216017142, 24.523819411999433 ], [ 77.270207964612354, 24.523837630635079 ], [ 77.270410970082551, 24.523861808910954 ], [ 77.270536773613927, 24.523874563062019 ], [ 77.270663337815378, 24.523875844263557 ], [ 77.270789418875069, 24.523865636743057 ], [ 77.270913772903029, 24.523844042145967 ], [ 77.271035172772244, 24.523811273341344 ], [ 77.271152423923013, 24.523767653638423 ], [ 77.271264367358697, 24.523713613196325 ], [ 77.271369903396561, 24.523649682881246 ], [ 77.271467989686116, 24.523576495154607 ], [ 77.271534478371805, 24.523509079148397 ], [ 77.271606687991977, 24.523446782453043 ], [ 77.271684149865791, 24.523390012454481 ], [ 77.271766359167216, 24.523339134717862 ], [ 77.271852782715683, 24.523294484788948 ], [ 77.271942856186257, 24.523256349205607 ], [ 77.272035996827952, 24.52322497823976 ], [ 77.272131596659577, 24.523200574103893 ], [ 77.272229036240518, 24.523183296475427 ], [ 77.272274533085692, 24.523163776858127 ], [ 77.272321214631205, 24.523146759014484 ], [ 77.272368918419573, 24.523132304031162 ], [ 77.272417474186369, 24.523120463001035 ], [ 77.272466711773788, 24.523111275276193 ], [ 77.272516459082524, 24.523104776581743 ], [ 77.272566539225053, 24.523100986349217 ], [ 77.272616777312663, 24.523099921315929 ], [ 77.272743946840961, 24.523091627922369 ], [ 77.273903299364221, 24.522569601537953 ], [ 77.273631634313759, 24.521591971664296 ], [ 77.273783727524318, 24.520729015339157 ], [ 77.274044988847606, 24.518687041405475 ], [ 77.274204016136423, 24.516952673869 ], [ 77.274159033459853, 24.516548380604519 ], [ 77.273898000969723, 24.514202292987154 ], [ 77.273586926255476, 24.512672162484208 ], [ 77.273350026550787, 24.511506861696514 ], [ 77.273234136412896, 24.510407455572473 ], [ 77.273179119914019, 24.50954736468681 ], [ 77.272900268946813, 24.508721679098173 ], [ 77.272578197618344, 24.507768002099741 ], [ 77.27252469861979, 24.507522970950628 ], [ 77.272329244378682, 24.50662775118623 ], [ 77.272129908344539, 24.505948231581648 ], [ 77.271798094764009, 24.50408915020553 ], [ 77.271653555351875, 24.503185991800777 ], [ 77.270690999997669, 24.502941847604102 ], [ 77.270284636577117, 24.50235683901801 ], [ 77.270124255118375, 24.501326596554108 ], [ 77.270060471443927, 24.500400334030587 ], [ 77.270163619209995, 24.500150735637586 ], [ 77.270261151373532, 24.4999147245716 ], [ 77.2705819906637, 24.499166867716649 ], [ 77.271218281671409, 24.498243212915288 ], [ 77.271311990549904, 24.497987578166111 ], [ 77.271908676973439, 24.497223871982992 ], [ 77.271413950713722, 24.496450138314792 ], [ 77.270289726668409, 24.49505212857607 ], [ 77.269464478445286, 24.494006779506687 ], [ 77.270188529624093, 24.493301476541646 ], [ 77.270992478833335, 24.492615444086937 ], [ 77.271411656002229, 24.492257376648613 ], [ 77.272831144422781, 24.493245739422701 ], [ 77.273724130398875, 24.493887156508368 ], [ 77.274384331446726, 24.494366092686327 ], [ 77.274790928689569, 24.494470909957663 ], [ 77.275597219261257, 24.495098759547311 ], [ 77.276490707908081, 24.495518031599353 ], [ 77.277100064537521, 24.49525913235027 ], [ 77.277803991778171, 24.495063100740222 ], [ 77.278531949259204, 24.494919095636906 ], [ 77.279211781483497, 24.494950626840112 ], [ 77.279845346910648, 24.494981931303087 ], [ 77.280519822641324, 24.495025417945619 ], [ 77.281281340276308, 24.495028745285719 ], [ 77.281860109982091, 24.495059585021774 ], [ 77.282671786819563, 24.495111273549192 ], [ 77.283242061631228, 24.495155386196387 ], [ 77.282973107524398, 24.494788258860726 ], [ 77.282974293562162, 24.493971266913309 ], [ 77.282891539838886, 24.493523588661134 ], [ 77.282448789113502, 24.493349452450698 ], [ 77.281742823195231, 24.49327494899201 ], [ 77.28038051933342, 24.493249535688658 ], [ 77.280448090524544, 24.491383458695012 ], [ 77.280506138672934, 24.490083558304029 ], [ 77.279707722982735, 24.489692720900461 ], [ 77.279328182549207, 24.48963277573657 ], [ 77.278172744309984, 24.489132718521521 ], [ 77.278242557903752, 24.488858121927393 ], [ 77.279304707917191, 24.488867221222041 ], [ 77.279707590580188, 24.488773705122391 ], [ 77.280428063748928, 24.488457687620425 ], [ 77.280722621413204, 24.488203378065911 ], [ 77.280893927378656, 24.487037907585087 ], [ 77.280917735385927, 24.486450769645277 ], [ 77.281260688485176, 24.484119583916989 ], [ 77.281629162499385, 24.484187933399344 ], [ 77.283506391043787, 24.484536130345987 ], [ 77.284811689233351, 24.48436916277436 ], [ 77.285779303490713, 24.482471317437032 ], [ 77.285757149907866, 24.481410339145054 ], [ 77.285594905324245, 24.480578573717104 ], [ 77.285183221884296, 24.47921813156211 ], [ 77.284183801750842, 24.477165225695014 ], [ 77.283121188574853, 24.476849228597516 ], [ 77.283147652513179, 24.47575309819112 ], [ 77.283786436833523, 24.473917523588604 ], [ 77.284078123066038, 24.47335316370356 ], [ 77.284251720572172, 24.473017280579956 ], [ 77.284882546304985, 24.472003037829001 ], [ 77.285076418525492, 24.47175354274647 ], [ 77.285109609368988, 24.471704460462348 ], [ 77.285668794583643, 24.470877524450312 ], [ 77.286327689449806, 24.47009592284088 ], [ 77.28688649667896, 24.470161104732746 ], [ 77.287704338960694, 24.469241049622262 ], [ 77.288705727903846, 24.468292593039099 ], [ 77.289542605785286, 24.467884820836947 ], [ 77.289884077411642, 24.468469612700545 ], [ 77.289998773633485, 24.468738131774025 ], [ 77.288393251346875, 24.470070368901951 ], [ 77.287898768133019, 24.470812089143386 ], [ 77.288212052266488, 24.471113640583106 ], [ 77.288672713533487, 24.471437332559596 ], [ 77.288788459255215, 24.472010991381318 ], [ 77.288793188426936, 24.472649737768801 ], [ 77.288019338205714, 24.473727278514961 ], [ 77.287932610436656, 24.474178784146137 ], [ 77.28813154833307, 24.474445731790084 ], [ 77.288891741469982, 24.474344970618766 ], [ 77.289138024154795, 24.473860016564551 ], [ 77.289475684974022, 24.474153923976285 ], [ 77.290052025244691, 24.474605399642936 ], [ 77.289902632792447, 24.476477364017185 ], [ 77.289737454532883, 24.476948505442557 ], [ 77.28887631451839, 24.477801331233881 ], [ 77.28877965671677, 24.478074203545344 ], [ 77.289025792526772, 24.479100125195419 ], [ 77.289365761616367, 24.480300613089906 ], [ 77.289419503957333, 24.480732112972433 ], [ 77.289513171930679, 24.481151879247854 ], [ 77.289896793953403, 24.481724055458763 ], [ 77.289889358346159, 24.482706077159957 ], [ 77.289620667564463, 24.482945752831171 ], [ 77.28920592337677, 24.483662857108239 ], [ 77.289432290615679, 24.484802168392402 ], [ 77.289626213906772, 24.485372761466262 ], [ 77.290180901875942, 24.486014222352892 ], [ 77.289304401704925, 24.487258253235865 ], [ 77.289293856906326, 24.487273219070765 ], [ 77.288707834578233, 24.488770245039579 ], [ 77.287713915111041, 24.48916597448946 ], [ 77.287133775404186, 24.489793119581286 ], [ 77.286805748940836, 24.490569759760874 ], [ 77.287549624651646, 24.491407211034602 ], [ 77.289129726246188, 24.491570528327159 ], [ 77.290238806094692, 24.492385512189625 ], [ 77.291488215818759, 24.49310220400718 ], [ 77.292756205482974, 24.493072345141847 ], [ 77.293204051983309, 24.492977597803943 ], [ 77.293597140137294, 24.4927865955257 ], [ 77.293947696448186, 24.492560785589127 ], [ 77.294391056655044, 24.492304643325596 ], [ 77.294894568558163, 24.491915535285205 ], [ 77.295207481012199, 24.491647121506446 ], [ 77.295374734685979, 24.491364504814193 ], [ 77.296501437796152, 24.49128265788563 ], [ 77.296855660612735, 24.491132061099027 ], [ 77.29776427228218, 24.490347750829876 ], [ 77.298176922628414, 24.489168728081236 ], [ 77.298510007477361, 24.488246491981538 ], [ 77.298700007819477, 24.487720418016888 ], [ 77.298705857568862, 24.487704224519046 ], [ 77.298860688297964, 24.487354670283114 ], [ 77.299211027368401, 24.486563729588966 ], [ 77.298529371099249, 24.485832666542159 ], [ 77.29867110261732, 24.482675143400812 ], [ 77.298158197603328, 24.481812939662362 ], [ 77.298046826337867, 24.481625724485387 ], [ 77.296863833588404, 24.480532867912274 ], [ 77.295807665334706, 24.47957295237704 ], [ 77.295258817694574, 24.478617876741165 ], [ 77.295405459436083, 24.47834327096518 ], [ 77.295796502951674, 24.47714225271444 ], [ 77.296124965167039, 24.476051902177431 ], [ 77.296132288884678, 24.476027588177878 ], [ 77.296180388942943, 24.475703464226157 ], [ 77.296420603857115, 24.474938291915528 ], [ 77.29647765046019, 24.474497325780614 ], [ 77.296537904221552, 24.4742096373725 ], [ 77.296662320117861, 24.473615596779496 ], [ 77.29674032136586, 24.473243157074766 ], [ 77.296877645101716, 24.472076109841034 ], [ 77.297161219268034, 24.469980022175015 ], [ 77.297452841354584, 24.468840336633001 ], [ 77.297416594740525, 24.468497226840924 ], [ 77.297833898410786, 24.466889038726062 ], [ 77.298293237663259, 24.465769935225254 ], [ 77.298464146897814, 24.465129709483971 ], [ 77.29894857966606, 24.463529303278143 ], [ 77.299162745994167, 24.46317654658132 ], [ 77.299225293280557, 24.463221852977636 ], [ 77.299292774487043, 24.463255751359913 ], [ 77.299365339534546, 24.463279254415124 ], [ 77.299441095282404, 24.463291747512638 ], [ 77.299518059197382, 24.463292905292214 ], [ 77.299594222449983, 24.46328269845306 ], [ 77.299669805554728, 24.463282325861641 ], [ 77.299745235093269, 24.463277884077865 ], [ 77.299820247456069, 24.463269388314753 ], [ 77.299894584842505, 24.463256866473394 ], [ 77.299967987327321, 24.463240363600733 ], [ 77.300040201797117, 24.463219935632701 ], [ 77.30011097895833, 24.463195652985377 ], [ 77.300180071355982, 24.463167601443171 ], [ 77.300764783007423, 24.463036883696834 ], [ 77.301497269016707, 24.462873125649338 ], [ 77.302007547516482, 24.462790122732809 ], [ 77.302121628946708, 24.462778224356097 ], [ 77.302236178246361, 24.462771016961163 ], [ 77.302350965390929, 24.462768514205923 ], [ 77.30246575945668, 24.462770719807043 ], [ 77.302580330562193, 24.462777631167228 ], [ 77.302694447934542, 24.46278923484482 ], [ 77.30280788387185, 24.462805504776668 ], [ 77.302920407743514, 24.462826411265887 ], [ 77.30303179593659, 24.462851912023122 ], [ 77.303648702776755, 24.463037555471814 ], [ 77.303743838988225, 24.463053649305195 ], [ 77.303840529258537, 24.463056621055806 ], [ 77.303936630866559, 24.463046405268667 ], [ 77.304030004448094, 24.463023228253366 ], [ 77.304118578151019, 24.462987606749621 ], [ 77.304200383318417, 24.462940330125289 ], [ 77.30427360293487, 24.462882449893499 ], [ 77.304336610363279, 24.462815251093936 ], [ 77.304388005089223, 24.462740227265048 ], [ 77.304777905206763, 24.46212099447391 ], [ 77.304804113711597, 24.462083564362928 ], [ 77.304831444106625, 24.462046813578951 ], [ 77.304859877390371, 24.462010770884202 ], [ 77.304889389651663, 24.461975462294898 ], [ 77.304919959931638, 24.461940914752393 ], [ 77.304951565282252, 24.461907156989749 ], [ 77.304984177853768, 24.461874214091193 ], [ 77.305017776727226, 24.461842108482259 ], [ 77.305049512188347, 24.461813419524862 ], [ 77.305151960189363, 24.461753224818175 ], [ 77.305253088248136, 24.461697814533611 ], [ 77.305355658706219, 24.461644670984374 ], [ 77.305459610122924, 24.461593824424735 ], [ 77.305564880047456, 24.461545307811491 ], [ 77.305671408066075, 24.461499146890908 ], [ 77.305779131760389, 24.461455371007368 ], [ 77.30588798578377, 24.461414005871244 ], [ 77.305997905808411, 24.461375073587565 ], [ 77.306143269770885, 24.461304337026387 ], [ 77.306284797531944, 24.461227357198258 ], [ 77.306422169809537, 24.46114430879614 ], [ 77.306555074120482, 24.461055379208435 ], [ 77.30668321168713, 24.460960768569908 ], [ 77.306806292480587, 24.460860692434789 ], [ 77.306924039222721, 24.460755375483334 ], [ 77.307036186360094, 24.460645056030401 ], [ 77.307142478114272, 24.460529983301306 ], [ 77.307222780111161, 24.46040055118203 ], [ 77.307307246132495, 24.460273359712676 ], [ 77.307395803161739, 24.460148520347463 ], [ 77.307488370305904, 24.460026142676426 ], [ 77.307584865686408, 24.459906336282149 ], [ 77.307685206502271, 24.459789203514777 ], [ 77.307789302012893, 24.459674852085453 ], [ 77.307897062552399, 24.459563379777926 ], [ 77.308008392528123, 24.459454885235694 ], [ 77.308084751454629, 24.459395393057257 ], [ 77.308165466176803, 24.459340930206146 ], [ 77.30825013967987, 24.45929176201588 ], [ 77.308338358383438, 24.459248130215904 ], [ 77.308429694193478, 24.459210243914583 ], [ 77.308523697492674, 24.459178291289692 ], [ 77.308619909075361, 24.459152428837694 ], [ 77.308717860131139, 24.459132783179804 ], [ 77.308817071273864, 24.459119449249052 ], [ 77.308834590545146, 24.459118132519777 ], [ 77.3089138453971, 24.459112178664864 ], [ 77.309010851432276, 24.459108288603424 ], [ 77.30910795021029, 24.459107784367248 ], [ 77.30920499865482, 24.45911066671448 ], [ 77.309301856688919, 24.459116931909868 ], [ 77.309398383320087, 24.459126568082542 ], [ 77.309494438534387, 24.459139564272661 ], [ 77.309589884369956, 24.459155900503589 ], [ 77.309684580930892, 24.459175552268945 ], [ 77.309831671191091, 24.459202811450552 ], [ 77.309980402597674, 24.459221135366619 ], [ 77.310130133462664, 24.459230442541781 ], [ 77.310280205931164, 24.459230694738533 ], [ 77.310429971706768, 24.459221889017051 ], [ 77.310578776218151, 24.459204063038143 ], [ 77.31072597340399, 24.459177296978073 ], [ 77.310870922816946, 24.459141706281716 ], [ 77.311012992560421, 24.459097444393375 ], [ 77.311073944642715, 24.459069179151914 ], [ 77.311136846527205, 24.459044754118501 ], [ 77.31120141011003, 24.459024280084446 ], [ 77.311267339520512, 24.459007853333464 ], [ 77.311334331208158, 24.458995545707094 ], [ 77.311402078773142, 24.45898741638165 ], [ 77.31147027305299, 24.458983501933698 ], [ 77.311538600117501, 24.458983819938251 ], [ 77.311606747188719, 24.458988369011891 ], [ 77.311718951949601, 24.459001435787858 ], [ 77.311831958117921, 24.45900588905846 ], [ 77.311944975554212, 24.459001698660256 ], [ 77.312057217569148, 24.45898889135923 ], [ 77.312167900869241, 24.458967557172784 ], [ 77.312276254461352, 24.458937846725135 ], [ 77.312381521674055, 24.458899965842782 ], [ 77.312482969993638, 24.458854179239086 ], [ 77.312579891111909, 24.45880080509485 ], [ 77.312666307553812, 24.458758837510231 ], [ 77.312756554053848, 24.458724275220312 ], [ 77.3128498722416, 24.458697409835228 ], [ 77.31294548363509, 24.458678463273284 ], [ 77.31304258659344, 24.458667597674051 ], [ 77.313140369261092, 24.458664901944996 ], [ 77.313238010490593, 24.458670398993824 ], [ 77.313334694665741, 24.45868404312715 ], [ 77.313429610713982, 24.458705720043234 ], [ 77.313532207251072, 24.458720750267357 ], [ 77.313631992336838, 24.458747253188985 ], [ 77.313727444030036, 24.458784823009044 ], [ 77.313817102018632, 24.458832888191907 ], [ 77.313899596247509, 24.458890709866868 ], [ 77.313973664449634, 24.458957408148198 ], [ 77.314038175833772, 24.459031961403792 ], [ 77.314092144677829, 24.459113231643141 ], [ 77.314134747008524, 24.459199975476437 ], [ 77.314161613120731, 24.459264466070092 ], [ 77.314184462895014, 24.45933023972287 ], [ 77.314203226113975, 24.459397087283961 ], [ 77.314217841463375, 24.459464796957622 ], [ 77.314228264433766, 24.459533153457407 ], [ 77.314234459411253, 24.459601939755089 ], [ 77.314236408565662, 24.459670936242166 ], [ 77.314234103941473, 24.459739922478597 ], [ 77.314227553346541, 24.459808680848592 ], [ 77.314217189279759, 24.460851095056192 ], [ 77.31422533352071, 24.460948173997842 ], [ 77.314244496437965, 24.461043945077311 ], [ 77.314274469069119, 24.461137364468865 ], [ 77.314314923817875, 24.461227413672372 ], [ 77.314365420302153, 24.461313107684902 ], [ 77.314425407169239, 24.461393513078701 ], [ 77.314494230935892, 24.461467752581999 ], [ 77.314571137867034, 24.461535015931908 ], [ 77.314655291664963, 24.461594568132785 ], [ 77.315280640768165, 24.462114024275486 ], [ 77.315329344047967, 24.462165710095665 ], [ 77.315386250149785, 24.46220981816861 ], [ 77.315449970187629, 24.462245271680992 ], [ 77.315518948643529, 24.462271204860016 ], [ 77.31559149674365, 24.462286983087683 ], [ 77.315665845569342, 24.462292223159107 ], [ 77.315740179598819, 24.462286794430533 ], [ 77.315812680014929, 24.462270831779932 ], [ 77.315873790223719, 24.462265985880759 ], [ 77.316491436879687, 24.46221701046256 ], [ 77.316571600749427, 24.462201462700374 ], [ 77.316652992751443, 24.462192773740281 ], [ 77.316734913613644, 24.462191018877164 ], [ 77.316816659648595, 24.462196213763697 ], [ 77.31689752967543, 24.462208312654525 ], [ 77.316976828950416, 24.462227210240822 ], [ 77.317053876010718, 24.462252748925899 ], [ 77.317128009706224, 24.462284704425066 ], [ 77.31719859397576, 24.462322803863916 ], [ 77.317291465302034, 24.462362056195527 ], [ 77.317387052219686, 24.462395404099031 ], [ 77.317484907099072, 24.462422690768982 ], [ 77.31758457118849, 24.462443790028825 ], [ 77.317685578592915, 24.462458602747418 ], [ 77.317787455279586, 24.462467057734905 ], [ 77.317889725930485, 24.462469118115077 ], [ 77.317991911060972, 24.462464772272604 ], [ 77.318093531883036, 24.462454042016848 ], [ 77.318296772390823, 24.462413481206898 ], [ 77.318351604548297, 24.462397854086532 ], [ 77.318408808336798, 24.462393212704871 ], [ 77.318465788708025, 24.462399768521745 ], [ 77.318519957998632, 24.462417222743607 ], [ 77.318568859117022, 24.462444784378864 ], [ 77.318610271838438, 24.462481201717946 ], [ 77.31864231687004, 24.462524823603164 ], [ 77.318663539141454, 24.462573666869186 ], [ 77.318672976006368, 24.462625517092992 ], [ 77.318661282238168, 24.462756221704094 ], [ 77.318653638958466, 24.462887175215979 ], [ 77.31865005199829, 24.463018275609716 ], [ 77.318650522286433, 24.463149417217647 ], [ 77.318655051754206, 24.463280492572729 ], [ 77.318663634407812, 24.463411397762741 ], [ 77.318676267205788, 24.463542029799928 ], [ 77.3186929363075, 24.463672279295178 ], [ 77.318713628772755, 24.463802046800978 ], [ 77.318766162462239, 24.464095611564559 ], [ 77.318801725565976, 24.464129588357249 ], [ 77.318844242684534, 24.464156037761889 ], [ 77.318891845019294, 24.464173801837667 ], [ 77.318942447393169, 24.46418209500083 ], [ 77.318993827707089, 24.464180558794617 ], [ 77.319043729592579, 24.464169259023173 ], [ 77.319089965980808, 24.464148691019126 ], [ 77.319130505153339, 24.464119756784871 ], [ 77.319163569729, 24.464083729582761 ], [ 77.319467143254755, 24.463453660090593 ], [ 77.319519506284948, 24.463412242567177 ], [ 77.319575223558019, 24.463374671737594 ], [ 77.319633959594995, 24.463341172771059 ], [ 77.319695358400722, 24.463311947204812 ], [ 77.319759048405032, 24.463287172077095 ], [ 77.319824649400985, 24.463266996364531 ], [ 77.319891763656486, 24.463251541821045 ], [ 77.319959983815494, 24.463240902131997 ], [ 77.320028902765003, 24.463235142985873 ], [ 77.320110658473908, 24.463235104815219 ], [ 77.320192120046187, 24.463241457356013 ], [ 77.320272689904911, 24.463254154726737 ], [ 77.320351782719754, 24.46327310416925 ], [ 77.320428816526061, 24.463298165984334 ], [ 77.320503231432895, 24.463329158183107 ], [ 77.320574482731445, 24.463365854630723 ], [ 77.320647283409528, 24.463413256236912 ], [ 77.32088709158171, 24.463654709460805 ], [ 77.320975404082375, 24.463815765369723 ], [ 77.32099959653705, 24.463853906101555 ], [ 77.321029207765207, 24.463888699993269 ], [ 77.32106368972093, 24.463919507212161 ], [ 77.321102408880989, 24.463945758659161 ], [ 77.321144653997763, 24.463966972282901 ], [ 77.321189646906618, 24.463982758577707 ], [ 77.321236560240351, 24.463992826131395 ], [ 77.32128452917614, 24.463996992548996 ], [ 77.321312555046873, 24.463995934789327 ], [ 77.321332673206896, 24.46399517738535 ], [ 77.321388806449619, 24.463995503798795 ], [ 77.321444765374025, 24.463999555555286 ], [ 77.321500257124285, 24.464007307953047 ], [ 77.321554988984985, 24.464018720033856 ], [ 77.321608673330246, 24.464033732812787 ], [ 77.321661027639124, 24.464052267471597 ], [ 77.321711776469058, 24.464074225373274 ], [ 77.321760654376831, 24.464099492599029 ], [ 77.321807402018507, 24.464127934500663 ], [ 77.32184782008845, 24.464163380059873 ], [ 77.321892543134041, 24.464194190830636 ], [ 77.321940938403458, 24.464219935912638 ], [ 77.321992325194586, 24.464240251799374 ], [ 77.322045979702793, 24.464254852348539 ], [ 77.322101145859804, 24.464263530667015 ], [ 77.32215704711227, 24.464266166422167 ], [ 77.322212895341849, 24.464262721390426 ], [ 77.322267904640881, 24.464253244073184 ], [ 77.322381454398609, 24.464243598095543 ], [ 77.322494618794096, 24.464230698603807 ], [ 77.322607285207397, 24.464214559234719 ], [ 77.322719343947767, 24.464195197259269 ], [ 77.322830685324604, 24.464172629948855 ], [ 77.322941197627244, 24.464146879979708 ], [ 77.323050775042219, 24.464117972780748 ], [ 77.323159308772858, 24.464085936469186 ], [ 77.323266691965074, 24.464050802789487 ], [ 77.323482556714339, 24.463871581245016 ], [ 77.32325497099751, 24.463634955027825 ], [ 77.323078192788245, 24.462639255916596 ], [ 77.322805238358626, 24.462036385747332 ], [ 77.324445280538029, 24.461428973978432 ], [ 77.327937658425085, 24.460388076923838 ], [ 77.330151978127461, 24.459617772659012 ], [ 77.329875226715515, 24.459304266708827 ], [ 77.329457924949764, 24.457399347278365 ], [ 77.329254623183544, 24.456158306726241 ], [ 77.328900604572269, 24.456317012297891 ], [ 77.328098841947664, 24.456561238268637 ], [ 77.327771666896965, 24.456399340246524 ], [ 77.326302573935877, 24.456220489164476 ], [ 77.325662042768187, 24.455742792167239 ], [ 77.325029419266571, 24.454133236362733 ], [ 77.324790074678674, 24.45338205606534 ], [ 77.324167155245476, 24.451865987467322 ], [ 77.323542383292235, 24.449806339918442 ], [ 77.323541202224462, 24.44950624508035 ], [ 77.323245296433967, 24.448340058453152 ], [ 77.32279487096109, 24.447031030261385 ], [ 77.322701828511455, 24.446801916906228 ], [ 77.322616987124476, 24.446474093417411 ], [ 77.323198019384918, 24.445465054416331 ], [ 77.32302642646323, 24.44462468157192 ], [ 77.323655329841586, 24.443637195564691 ], [ 77.323770116071898, 24.443537032851857 ], [ 77.324877604337388, 24.442570637751626 ], [ 77.325750561750382, 24.441867553061389 ], [ 77.3263628273466, 24.441576038851299 ], [ 77.326826022934242, 24.44138721137989 ], [ 77.326928546079543, 24.441070378038479 ], [ 77.326713733913436, 24.439900110380499 ], [ 77.326487967937425, 24.438691216219286 ], [ 77.326231855550546, 24.437392760989287 ], [ 77.326121413244564, 24.436277600706358 ], [ 77.325998264329684, 24.435611473411136 ], [ 77.325930361335622, 24.435115928991657 ], [ 77.325751123821476, 24.43409479675141 ], [ 77.325764086735177, 24.433470118100168 ], [ 77.326267215023947, 24.433253863388899 ], [ 77.327321420345569, 24.432864761846254 ], [ 77.328567945929095, 24.432568564804736 ], [ 77.329660094730045, 24.430396712814577 ], [ 77.330877415071043, 24.429907575853161 ], [ 77.332048582735624, 24.42948802822783 ], [ 77.332902964837515, 24.429001400626309 ], [ 77.333586569654443, 24.42829854673985 ], [ 77.333584695469568, 24.428015263354304 ], [ 77.332770386087944, 24.427457261431108 ], [ 77.331515185228426, 24.427130948072531 ], [ 77.329968359329953, 24.426948379140743 ], [ 77.32867208220317, 24.427139117886664 ], [ 77.327585889019431, 24.427241859397554 ], [ 77.326200014118186, 24.427372934991965 ], [ 77.325640487379857, 24.42726018829465 ], [ 77.326105069551133, 24.426654009193072 ], [ 77.325908679614159, 24.425169425270518 ], [ 77.325748639751112, 24.423959606971458 ], [ 77.325461233231721, 24.42097337489724 ], [ 77.325259554653698, 24.41969992859395 ], [ 77.324981316227877, 24.417729687100824 ], [ 77.325308917038697, 24.417312781438493 ], [ 77.325554597012911, 24.417000126587563 ], [ 77.325962556893714, 24.416756432290292 ], [ 77.327045655783451, 24.416226038101176 ], [ 77.32824928491614, 24.415512644652157 ], [ 77.327682698308465, 24.414935904539394 ], [ 77.327279828208589, 24.414310546644852 ], [ 77.327119109126926, 24.414010608924663 ], [ 77.327212366576546, 24.412661213695326 ], [ 77.327243516984836, 24.412085875400063 ], [ 77.327290474550708, 24.411218626677226 ], [ 77.327341733268511, 24.410271896212389 ], [ 77.326559390617362, 24.409469516086183 ], [ 77.325446721100917, 24.40890894959719 ], [ 77.324792409980205, 24.408522973192557 ], [ 77.324433235053064, 24.408263208761035 ], [ 77.323693396172061, 24.4072858671151 ], [ 77.32358189668642, 24.406244119313207 ], [ 77.323472400947907, 24.404969704596859 ], [ 77.323708520349484, 24.404023644225436 ], [ 77.323756893955576, 24.403068774965107 ], [ 77.323682597746767, 24.40237019390851 ], [ 77.323376866355957, 24.401751476870487 ], [ 77.32357172539264, 24.40088339076145 ], [ 77.323700676667301, 24.40012215110756 ], [ 77.323623851398295, 24.399717464510971 ], [ 77.323097250796451, 24.398697211353838 ], [ 77.322795957446843, 24.397745858987754 ], [ 77.322617025620517, 24.39676485416306 ], [ 77.322961946196216, 24.395567198164994 ], [ 77.323719527126741, 24.394629693383013 ], [ 77.322818626375835, 24.393698806006906 ], [ 77.32247572746688, 24.393108501219054 ], [ 77.322639382396062, 24.392754537746924 ], [ 77.323438104036896, 24.391826081116836 ], [ 77.323939592077622, 24.391094915654527 ], [ 77.323954631329244, 24.390356044563127 ], [ 77.323962769632274, 24.389956166983541 ], [ 77.324073160071265, 24.389608622179612 ], [ 77.325054519013889, 24.389101348793595 ], [ 77.325860528680352, 24.388752007897224 ], [ 77.324986323438665, 24.387627095549139 ], [ 77.324019191795088, 24.386481205760631 ], [ 77.323217696749353, 24.385959175893792 ], [ 77.321532578139895, 24.385824539860408 ], [ 77.320033805794097, 24.385568214536381 ], [ 77.319459954083769, 24.385380362961214 ], [ 77.319055206435721, 24.384308150798855 ], [ 77.319011513710166, 24.383168917743735 ], [ 77.319027962849077, 24.38281389111226 ], [ 77.320471665189189, 24.381452744355478 ], [ 77.320256341396032, 24.380207630776688 ], [ 77.319881900753188, 24.378625133374587 ], [ 77.319663006054071, 24.377392678617781 ], [ 77.319585783526904, 24.376563325475882 ], [ 77.319479297935757, 24.37541967438348 ], [ 77.3192502917274, 24.374239141910316 ], [ 77.31926642192316, 24.373920850788679 ], [ 77.320397343885162, 24.373289837758691 ], [ 77.321300621485037, 24.372512595714142 ], [ 77.322498794151628, 24.371676246225174 ], [ 77.323791709120925, 24.371168770033563 ], [ 77.324747948193931, 24.370453121690083 ], [ 77.325916797022273, 24.369910446727044 ], [ 77.327154427588823, 24.369147822015393 ], [ 77.328154263000116, 24.368416629163278 ], [ 77.329467228208756, 24.368230108767303 ], [ 77.330557233923187, 24.367820154411188 ], [ 77.331765759239062, 24.367326703129354 ], [ 77.334252315733281, 24.366361961518479 ], [ 77.334980549174745, 24.366009811634381 ], [ 77.3363800047631, 24.365089057110168 ], [ 77.336878823767307, 24.364894467902143 ], [ 77.337858796816022, 24.364521804161388 ], [ 77.339093090426076, 24.364138694163508 ], [ 77.340367725059039, 24.363731368551708 ], [ 77.341540930765603, 24.363135470655653 ], [ 77.342684641819275, 24.362384293807509 ], [ 77.34352394033057, 24.361395121322847 ], [ 77.344293921407498, 24.360531067269719 ], [ 77.342535360673892, 24.359400712831185 ], [ 77.342485459619397, 24.35897173168625 ], [ 77.342534250687748, 24.35782845181259 ], [ 77.341977588488547, 24.35719993474687 ], [ 77.340497205809584, 24.356355260208399 ], [ 77.339852912609601, 24.35597597472157 ], [ 77.338257927781854, 24.355037007877446 ], [ 77.337234485453322, 24.354233704389397 ], [ 77.336248378788937, 24.353599910419685 ], [ 77.336358113012821, 24.353282283128252 ], [ 77.336442440473789, 24.352805270215928 ], [ 77.336553213621599, 24.352365185910866 ], [ 77.336995728772933, 24.351190938577901 ], [ 77.335887066862128, 24.35108211140459 ], [ 77.334093289727463, 24.35115425034417 ], [ 77.333747564278795, 24.350443418178891 ], [ 77.333507181356751, 24.349949174111213 ], [ 77.332879936075329, 24.348907559430081 ], [ 77.331933274496279, 24.348027417694595 ], [ 77.33065674090966, 24.347250604632087 ], [ 77.330491722516442, 24.3463926401474 ], [ 77.330491044859301, 24.344791920466935 ], [ 77.330302872931952, 24.342681314348727 ], [ 77.330085845061546, 24.341102042375486 ], [ 77.329984927797838, 24.338694892875871 ], [ 77.330179206498855, 24.337383709400413 ], [ 77.330316639759275, 24.336038106617067 ], [ 77.328705689704876, 24.334813645223996 ], [ 77.328761580030758, 24.333442513905702 ], [ 77.328753789348042, 24.333290622773884 ], [ 77.328961796952839, 24.332022830862936 ], [ 77.329248316958427, 24.329569883570763 ], [ 77.329616429846965, 24.328318984637754 ], [ 77.330155819152509, 24.327254628582185 ], [ 77.330933827372192, 24.326367548669829 ], [ 77.33116872629472, 24.325577628342298 ], [ 77.331266453736703, 24.32279878509048 ], [ 77.331599376612218, 24.320349073334064 ], [ 77.331618049211912, 24.319900932037132 ], [ 77.33165144581065, 24.319099429892081 ], [ 77.331387900709572, 24.317288577872144 ], [ 77.331545875023082, 24.316371179931245 ], [ 77.331609863312096, 24.315999573676546 ], [ 77.33179659503179, 24.315773560083422 ], [ 77.331864033476108, 24.314589464207852 ], [ 77.331779374724348, 24.313351418344151 ], [ 77.331720170215519, 24.312471921438714 ], [ 77.333392160030925, 24.312086111171215 ], [ 77.337609527796104, 24.311316743425436 ], [ 77.338027645946767, 24.311293916171433 ], [ 77.337595917610372, 24.310689973647012 ], [ 77.336573838690498, 24.309492714261424 ], [ 77.335067983763693, 24.307894748232609 ], [ 77.334472232758117, 24.307365489166205 ], [ 77.333007661329532, 24.306346897772688 ], [ 77.330658985680529, 24.305387507758372 ], [ 77.32958571240701, 24.304972036358436 ], [ 77.32859055121159, 24.304586794460445 ], [ 77.327977184810237, 24.304200853002428 ], [ 77.327625353244059, 24.303894879373232 ], [ 77.326846137155087, 24.302899105792239 ], [ 77.326426529654526, 24.301853946632122 ], [ 77.326399841000608, 24.300951141079274 ], [ 77.326186523778745, 24.29974006250287 ], [ 77.326050263222029, 24.299012680368612 ], [ 77.325779192249172, 24.298025787986255 ], [ 77.325363224591342, 24.297202004710289 ], [ 77.324529599922869, 24.295602922402356 ], [ 77.323610051877651, 24.293919537360612 ], [ 77.323471283431914, 24.293096059694957 ], [ 77.323313281143854, 24.292023107040965 ], [ 77.322976351696809, 24.2915575421356 ], [ 77.322272864583454, 24.29057450789918 ], [ 77.322028163748357, 24.290031675857193 ], [ 77.321821217713676, 24.289007762901466 ], [ 77.321520479990369, 24.288163136951521 ], [ 77.321515710198895, 24.288149740249199 ], [ 77.321393225184778, 24.287655341056016 ], [ 77.321552993853885, 24.287105359357472 ], [ 77.322925874259965, 24.285337565496345 ], [ 77.323335784946153, 24.284621959490142 ], [ 77.324254564488186, 24.283197220224586 ] ], [ [ 77.279709913484865, 24.299118955639251 ], [ 77.280351925780877, 24.298405642163164 ], [ 77.28130142512515, 24.29800974295248 ], [ 77.282638524324085, 24.298629044535375 ], [ 77.281845178197727, 24.300257540748461 ], [ 77.281180423945685, 24.301409428540477 ], [ 77.280394155339323, 24.302944290515548 ], [ 77.279662966244175, 24.302830308880726 ], [ 77.278629277812001, 24.302678556586759 ], [ 77.277716931179569, 24.302748680743704 ], [ 77.27742462854053, 24.302785669095659 ], [ 77.276473557465664, 24.303232920847254 ], [ 77.276146126776069, 24.30336091826744 ], [ 77.275789763500242, 24.302089790164544 ], [ 77.27668028444036, 24.3017715503685 ], [ 77.277811152744235, 24.301390669404849 ], [ 77.27811314473638, 24.301247979061213 ], [ 77.278711461764402, 24.300718993779764 ], [ 77.279335882447626, 24.299700491233494 ], [ 77.279709913484865, 24.299118955639251 ] ], [ [ 77.281995723869585, 24.314600151434966 ], [ 77.281990683364526, 24.315166543296197 ], [ 77.28214207726181, 24.31605651844686 ], [ 77.282539561228887, 24.317326115102137 ], [ 77.282754197216533, 24.318233316665538 ], [ 77.283048922060217, 24.318625660436005 ], [ 77.283236248982845, 24.318805445874723 ], [ 77.28351047351363, 24.318839927486273 ], [ 77.283743375733991, 24.318874101131602 ], [ 77.284608557660704, 24.318970016150395 ], [ 77.284835511489163, 24.319093510576376 ], [ 77.284954213197551, 24.319483973839262 ], [ 77.284871746299288, 24.319757219208576 ], [ 77.284540289241548, 24.319746610555931 ], [ 77.284209042282484, 24.319779263123191 ], [ 77.283879552725807, 24.319824434890212 ], [ 77.283552381028485, 24.319882046953168 ], [ 77.283228086825133, 24.319952002342571 ], [ 77.282907225026676, 24.320034181478 ], [ 77.282590345813261, 24.32012844307107 ], [ 77.282277988705019, 24.320234625887487 ], [ 77.281970686497402, 24.320352549679352 ], [ 77.28166896627944, 24.320482011579607 ], [ 77.281060210438824, 24.320782524695503 ], [ 77.280326247646045, 24.321303529934344 ], [ 77.280011267690639, 24.321396258409056 ], [ 77.279569583793801, 24.321588654223834 ], [ 77.279199453766779, 24.321545172388358 ], [ 77.27819519003036, 24.321068317763718 ], [ 77.27796337558857, 24.320925814998791 ], [ 77.277848807609374, 24.32085538823392 ], [ 77.27760613167365, 24.32064662953481 ], [ 77.277453766000562, 24.319815121498891 ], [ 77.277355365129722, 24.319217312905511 ], [ 77.277267427914353, 24.318248504730878 ], [ 77.277268497489146, 24.317952389688735 ], [ 77.277269967995039, 24.317545242889381 ], [ 77.277455443335285, 24.317128362892955 ], [ 77.278016478365615, 24.316629161980316 ], [ 77.27858220914743, 24.316341655913952 ], [ 77.279327853562819, 24.31591887446984 ], [ 77.279570575670263, 24.31576010921313 ], [ 77.279691185257917, 24.315530325233606 ], [ 77.279918105035719, 24.315029047810128 ], [ 77.280139237612445, 24.314421155456085 ], [ 77.280315792062424, 24.314237809329232 ], [ 77.280744207293722, 24.314221651138183 ], [ 77.281209588533358, 24.314210608517641 ], [ 77.28189872977417, 24.314210982696608 ], [ 77.281995723869585, 24.314600151434966 ] ], [ [ 77.296197258890786, 24.294009230159023 ], [ 77.296718376818504, 24.293380439025182 ], [ 77.297263378785658, 24.292942656124346 ], [ 77.297671111481847, 24.292684354384484 ], [ 77.298464061123724, 24.292451809085168 ], [ 77.299945366043062, 24.292200839566242 ], [ 77.300634473122926, 24.291907287209312 ], [ 77.301864366751005, 24.291631579427882 ], [ 77.303395748926945, 24.291266428182809 ], [ 77.303896890240821, 24.291201335208658 ], [ 77.305224477914223, 24.290742157235524 ], [ 77.307647598024488, 24.289868802051835 ], [ 77.309087940772145, 24.289594788257475 ], [ 77.309472249534281, 24.289526115253416 ], [ 77.309975321087563, 24.289436218887506 ], [ 77.310160754536213, 24.289987686698304 ], [ 77.310591993554368, 24.291075081340555 ], [ 77.309315990262562, 24.291405554246658 ], [ 77.30813488522567, 24.291814940391173 ], [ 77.30759262466465, 24.292003524833142 ], [ 77.30667144232703, 24.292931433351974 ], [ 77.306956080251851, 24.293683648848113 ], [ 77.307059881705285, 24.294588571468985 ], [ 77.307443975268029, 24.295367051968803 ], [ 77.306495044874467, 24.296168222404699 ], [ 77.30541527468813, 24.296902869076735 ], [ 77.305089704213842, 24.297069267646311 ], [ 77.304570456489671, 24.29750865908554 ], [ 77.304060953147811, 24.297959636065055 ], [ 77.303481263944022, 24.298424662228026 ], [ 77.303080487226325, 24.298763126926708 ], [ 77.302493242219683, 24.29934198801617 ], [ 77.302233881515164, 24.299567062980323 ], [ 77.301589562611198, 24.30011937859927 ], [ 77.30035706627325, 24.301014204498671 ], [ 77.300095057075339, 24.301178149632001 ], [ 77.299749340602986, 24.301417735839546 ], [ 77.299470500550669, 24.301689225315641 ], [ 77.299170093085877, 24.301918196350165 ], [ 77.298930803437145, 24.301662026573041 ], [ 77.29845123613849, 24.3009098936718 ], [ 77.297835539506195, 24.29968788805477 ], [ 77.297708528362236, 24.299329377662822 ], [ 77.297309801477809, 24.298517964226964 ], [ 77.296707644327697, 24.297466409488244 ], [ 77.295965875696567, 24.296350093234185 ], [ 77.295590667391167, 24.29584533956935 ], [ 77.295317303587638, 24.295477588427723 ], [ 77.295419467827188, 24.295244543131712 ], [ 77.295632952417392, 24.294919431193811 ], [ 77.296197258890786, 24.294009230159023 ] ], [ [ 77.312159412570225, 24.284597621122312 ], [ 77.31262475103199, 24.283516610810441 ], [ 77.312649165571841, 24.282849691635864 ], [ 77.312815683731515, 24.281795098106517 ], [ 77.31295243079056, 24.28087472942866 ], [ 77.313733516545028, 24.280735999198932 ], [ 77.31461908115233, 24.280664069965976 ], [ 77.314972793793928, 24.280696108358939 ], [ 77.315593917607288, 24.281337014931609 ], [ 77.316252762603256, 24.282151957473456 ], [ 77.316615542567817, 24.282377278566074 ], [ 77.317103010786781, 24.282282331976223 ], [ 77.317474573957227, 24.281938877411275 ], [ 77.317819393144404, 24.281641241549369 ], [ 77.319917045491039, 24.282369842787574 ], [ 77.320246688485184, 24.281861172149053 ], [ 77.32009419127867, 24.281629211766806 ], [ 77.319234008613293, 24.281342753564847 ], [ 77.31814610415897, 24.280589356904056 ], [ 77.317373981275921, 24.280230020357191 ], [ 77.317109312211699, 24.27997304385023 ], [ 77.316902860977038, 24.279645440401136 ], [ 77.316650830757567, 24.279245508873359 ], [ 77.316259259669209, 24.278199636280764 ], [ 77.316485781765493, 24.278169394867586 ], [ 77.317903716051489, 24.278083732368639 ], [ 77.31867734403221, 24.278056490475635 ], [ 77.319444142926685, 24.277699662083997 ], [ 77.319581418914808, 24.277635780492755 ], [ 77.319855768787335, 24.277620201664796 ], [ 77.320514602723634, 24.278118734892914 ], [ 77.3208974780582, 24.278320207295334 ], [ 77.321513355353289, 24.278255249221679 ], [ 77.322184799557661, 24.278251102017869 ], [ 77.322883865140625, 24.278393856419591 ], [ 77.323285608602816, 24.278544000930111 ], [ 77.323463281275096, 24.278767974154977 ], [ 77.323514942343067, 24.278994718899344 ], [ 77.323184693544107, 24.279227853598464 ], [ 77.321730008667984, 24.279315582827458 ], [ 77.321709697651954, 24.279782077914525 ], [ 77.321706493482168, 24.279822738885112 ], [ 77.321610843252856, 24.281036116809783 ], [ 77.321524533645274, 24.281622193109929 ], [ 77.321432677730243, 24.282447547357233 ], [ 77.321298622381462, 24.28303743231654 ], [ 77.321163557399032, 24.283741508332735 ], [ 77.321008690140516, 24.284007747800956 ], [ 77.320687483610101, 24.284701184170753 ], [ 77.320507317447138, 24.285004917753838 ], [ 77.319972446302515, 24.284716590365456 ], [ 77.31920146811855, 24.284265762166125 ], [ 77.3189337182515, 24.284345359847784 ], [ 77.319186856292575, 24.284730923689352 ], [ 77.319359450158615, 24.285363179917024 ], [ 77.319209792986612, 24.285512808757296 ], [ 77.318835290116695, 24.28569088163604 ], [ 77.318482830523536, 24.285582096642965 ], [ 77.318291868956678, 24.285177120062489 ], [ 77.317881691289529, 24.284525879982215 ], [ 77.317589261722944, 24.283986654974726 ], [ 77.317068591021467, 24.283616533895316 ], [ 77.316634509522757, 24.283848515643399 ], [ 77.316387844039227, 24.284057366675956 ], [ 77.316817632361477, 24.284713901788155 ], [ 77.317199844353624, 24.285278874809055 ], [ 77.317458097320554, 24.285922607587469 ], [ 77.317391656355454, 24.286493744912502 ], [ 77.317282499824628, 24.286841209114673 ], [ 77.317201982329308, 24.287097509253645 ], [ 77.316828061992027, 24.287420660787365 ], [ 77.315834433122859, 24.287635345663755 ], [ 77.315569633764568, 24.287736379375747 ], [ 77.315482138830617, 24.288118298081688 ], [ 77.315739575593781, 24.288475637552366 ], [ 77.315491082195351, 24.288669536838125 ], [ 77.315250593182952, 24.288935325362509 ], [ 77.314739525575888, 24.288560764085549 ], [ 77.313944837481131, 24.287933967150067 ], [ 77.313607236525712, 24.287817750268111 ], [ 77.313348109722483, 24.287886223853416 ], [ 77.313146058536802, 24.288039091489036 ], [ 77.313024047785362, 24.288368920937071 ], [ 77.312980008289486, 24.288934506269452 ], [ 77.312744151496673, 24.289070567121293 ], [ 77.312397899587268, 24.288627420508149 ], [ 77.31176041561028, 24.287427207651138 ], [ 77.31132166730994, 24.286699414282587 ], [ 77.311397928221055, 24.286136834912362 ], [ 77.311810260827457, 24.285235902745171 ], [ 77.312159412570225, 24.284597621122312 ] ], [ [ 77.295028545208851, 24.283683425885446 ], [ 77.294776817190524, 24.283140567241205 ], [ 77.295001466179599, 24.282994663496492 ], [ 77.295645623870485, 24.282680249570316 ], [ 77.296753031746519, 24.282181293057665 ], [ 77.296817840938559, 24.281888963303135 ], [ 77.296676762399485, 24.281274192693864 ], [ 77.296520544270024, 24.280684795672361 ], [ 77.296482954961888, 24.280360822909142 ], [ 77.296518659830269, 24.279629974928412 ], [ 77.297573766519093, 24.27928446271876 ], [ 77.297526826087719, 24.278783023885143 ], [ 77.29754478036331, 24.27798367973968 ], [ 77.295789231209312, 24.27798084836104 ], [ 77.294284009898391, 24.278025868119673 ], [ 77.292809485157875, 24.278017470234253 ], [ 77.292744448376666, 24.277707515913228 ], [ 77.292693051701775, 24.277357485330576 ], [ 77.292618125931114, 24.276847208218694 ], [ 77.292965676114292, 24.276625138590944 ], [ 77.294044547561157, 24.276365110002558 ], [ 77.294341580172102, 24.276220248053807 ], [ 77.294873908842305, 24.275910272645827 ], [ 77.294978910101392, 24.27584912891977 ], [ 77.296250357251239, 24.275521117890342 ], [ 77.296857888211875, 24.275316141810563 ], [ 77.297392555482844, 24.275106890125901 ], [ 77.29808505659463, 24.275154556357972 ], [ 77.298513415806298, 24.275060607771294 ], [ 77.299589385365422, 24.274851113547328 ], [ 77.299969853340187, 24.275396932117619 ], [ 77.300451953646103, 24.276000095697118 ], [ 77.300693453147034, 24.276492739935911 ], [ 77.301202056066728, 24.277055993639426 ], [ 77.30156007325732, 24.277560662665248 ], [ 77.301764990968721, 24.277743947639809 ], [ 77.302060881550062, 24.277992234263483 ], [ 77.302538811805036, 24.277931870342556 ], [ 77.302968998006904, 24.277903177072254 ], [ 77.303276644545889, 24.278284829899071 ], [ 77.303290590506265, 24.278565092089739 ], [ 77.30255521745741, 24.278900717429593 ], [ 77.302230212027055, 24.279159442172006 ], [ 77.301132795692155, 24.27967817848435 ], [ 77.301912208195318, 24.28116084888433 ], [ 77.302387483268674, 24.281154328226695 ], [ 77.303137035697873, 24.281014738838742 ], [ 77.304607973910436, 24.28073155461081 ], [ 77.304910961523859, 24.280921108803142 ], [ 77.305038689713967, 24.281281625365807 ], [ 77.304974319613322, 24.28213578813136 ], [ 77.3041989301271, 24.283120347705562 ], [ 77.303727786262854, 24.283640125290148 ], [ 77.303092072863507, 24.284597698727751 ], [ 77.302317300139293, 24.285534465271137 ], [ 77.301854167215737, 24.286085874511926 ], [ 77.301700943089415, 24.286268302272379 ], [ 77.301446366656663, 24.286470303155756 ], [ 77.300597684369436, 24.286472045097881 ], [ 77.299523125649941, 24.286727646950212 ], [ 77.299162438884693, 24.286897203111643 ], [ 77.298414045372084, 24.28733816169326 ], [ 77.298329484529717, 24.286318209711403 ], [ 77.298284557202194, 24.286012690449752 ], [ 77.297820115338922, 24.285942197483315 ], [ 77.297390804614452, 24.285938440772327 ], [ 77.297151609254996, 24.285654967667547 ], [ 77.296989571312963, 24.285310562382723 ], [ 77.296947662904103, 24.28507884647745 ], [ 77.296932414149211, 24.284308817351867 ], [ 77.296928118410037, 24.283963351357549 ], [ 77.295935134913634, 24.283982940467165 ], [ 77.295028545208851, 24.283683425885446 ] ], [ [ 77.313970476147702, 24.273462747294577 ], [ 77.314719114933567, 24.272781627103022 ], [ 77.315092225797187, 24.272529512892334 ], [ 77.315673352670814, 24.273247213822376 ], [ 77.317080080006164, 24.275055409905757 ], [ 77.316300302928425, 24.275901524344434 ], [ 77.31547337583595, 24.277081532539302 ], [ 77.315212313748276, 24.277243856563786 ], [ 77.314681079649986, 24.276422845029717 ], [ 77.313653490222123, 24.275054299260621 ], [ 77.312997687816008, 24.274346042912583 ], [ 77.313258893209195, 24.274166734808322 ], [ 77.313970476147702, 24.273462747294577 ] ], [ [ 77.292142773389443, 24.281425066165657 ], [ 77.291941735376085, 24.280791398055023 ], [ 77.292014724256831, 24.280458673156076 ], [ 77.29235909421466, 24.280284594319504 ], [ 77.292717834510412, 24.280175794661851 ], [ 77.293293079982035, 24.280144068580537 ], [ 77.293832370535199, 24.280259972665412 ], [ 77.294280103140508, 24.280515135746523 ], [ 77.294370007915944, 24.28084721865196 ], [ 77.29408147832882, 24.281168903460362 ], [ 77.293625474867198, 24.281408079313255 ], [ 77.29332818938137, 24.281507277893365 ], [ 77.292567936491565, 24.281495893320297 ], [ 77.292142773389443, 24.281425066165657 ] ], [ [ 77.27172528828315, 24.336609131739891 ], [ 77.271609098962116, 24.334970316415557 ], [ 77.272104194360779, 24.3346708097754 ], [ 77.272413538982775, 24.334483671906771 ], [ 77.273100175294346, 24.334155933906391 ], [ 77.27385036501326, 24.333611401224587 ], [ 77.27425157668516, 24.333362645980888 ], [ 77.27475919269196, 24.333048506679962 ], [ 77.275168943434608, 24.333418450612935 ], [ 77.275204538154782, 24.33346179523673 ], [ 77.275896050447002, 24.334212725769259 ], [ 77.276486056393296, 24.334996569539317 ], [ 77.276801178708425, 24.335544917662585 ], [ 77.276842313770118, 24.335824874488001 ], [ 77.276251550558399, 24.336676548661849 ], [ 77.275896724739098, 24.337313077411295 ], [ 77.275182775109087, 24.337440873465138 ], [ 77.274834982935545, 24.337291774602097 ], [ 77.274444151858546, 24.337075767161746 ], [ 77.273716134100539, 24.337150184457617 ], [ 77.273291009896468, 24.337342147958516 ], [ 77.272952983842686, 24.337725781367382 ], [ 77.272776637080582, 24.337924200481858 ], [ 77.272166897141972, 24.337786435494412 ], [ 77.271935715703421, 24.337611577616943 ], [ 77.271882319752564, 24.337078511035585 ], [ 77.27172528828315, 24.336609131739891 ] ], [ [ 77.27401844562192, 24.41274379575583 ], [ 77.274009536115372, 24.412603183040662 ], [ 77.273998594595341, 24.412462691367587 ], [ 77.27398562480235, 24.41232234424794 ], [ 77.273970625537331, 24.412182166058734 ], [ 77.273953602497144, 24.412042182132247 ], [ 77.273934556438888, 24.411902418666603 ], [ 77.273913493108182, 24.411762895575013 ], [ 77.273852703757854, 24.411621757514261 ], [ 77.27379729598664, 24.411478773270947 ], [ 77.273747334298619, 24.411334116752215 ], [ 77.273702882226829, 24.411187960051016 ], [ 77.273663990424708, 24.411040481484893 ], [ 77.273630704654181, 24.410891854817802 ], [ 77.273603068630706, 24.410742261926579 ], [ 77.273581112301812, 24.410591880067564 ], [ 77.273564864571384, 24.410440892810808 ], [ 77.273565013130835, 24.40983709331093 ], [ 77.273585881024403, 24.409818726202481 ], [ 77.273601633043072, 24.409796489078804 ], [ 77.273611436056044, 24.409771549813854 ], [ 77.273614777169527, 24.40974522230831 ], [ 77.273611480205489, 24.409718888938396 ], [ 77.273601716132902, 24.409693937410132 ], [ 77.273598404693871, 24.409614115387892 ], [ 77.273605735894776, 24.409534518235578 ], [ 77.273623599423615, 24.40945633102276 ], [ 77.273651727336159, 24.40938071865958 ], [ 77.273689704107198, 24.40930880519927 ], [ 77.27373696178951, 24.409241663866709 ], [ 77.273792798981944, 24.409180291912694 ], [ 77.273856382859364, 24.409125604307267 ], [ 77.273926766110407, 24.409078414901231 ], [ 77.274094530754937, 24.408969010851603 ], [ 77.274263137478854, 24.408860699513045 ], [ 77.274432577416192, 24.408753479912676 ], [ 77.274602840601091, 24.408647363714337 ], [ 77.274773919121643, 24.408542353565181 ], [ 77.274945806044101, 24.408438453023194 ], [ 77.275118492421768, 24.408335670147057 ], [ 77.275291967367835, 24.408234009368083 ], [ 77.275466222954549, 24.408133475139959 ], [ 77.275655403215708, 24.408035168486101 ], [ 77.275846976896162, 24.407940827521443 ], [ 77.276040842971739, 24.407850500249221 ], [ 77.276236902391858, 24.407764234687939 ], [ 77.276435054174883, 24.407682074326072 ], [ 77.276635194389385, 24.407604061727088 ], [ 77.276837221085529, 24.407530238566704 ], [ 77.277041028409727, 24.407460641975717 ], [ 77.277246511503577, 24.407395308189685 ], [ 77.27727338031292, 24.407365069741189 ], [ 77.277297082489724, 24.407332688541459 ], [ 77.27731741535132, 24.407298438543748 ], [ 77.277334205609151, 24.407262615599198 ], [ 77.277347307517715, 24.407225523895004 ], [ 77.277356611686017, 24.407187483246211 ], [ 77.277362036306499, 24.407148817287926 ], [ 77.277363535982559, 24.407109858961171 ], [ 77.277361098866962, 24.407070939652534 ], [ 77.27737177313675, 24.406808230244284 ], [ 77.277381183230645, 24.406545480603459 ], [ 77.277389333069024, 24.406282694372898 ], [ 77.277396218641769, 24.406019879651645 ], [ 77.277401840926785, 24.405757038253828 ], [ 77.277403715080823, 24.405644025466223 ], [ 77.277406201839483, 24.4054941774199 ], [ 77.277409298388491, 24.405231301643749 ], [ 77.277411129554864, 24.404968415433949 ], [ 77.277411702193461, 24.404705525164861 ], [ 77.277413692545153, 24.404630889455873 ], [ 77.277420343145934, 24.404556480290086 ], [ 77.277431631104974, 24.404482539552955 ], [ 77.277447522642376, 24.404409313563733 ], [ 77.277467960389956, 24.40433703943161 ], [ 77.277492882040704, 24.404265955131699 ], [ 77.277522203647678, 24.404196292153252 ], [ 77.277555829445831, 24.404128280090195 ], [ 77.277593650922952, 24.404062140311215 ], [ 77.277662652308194, 24.403948295727709 ], [ 77.277719169148384, 24.403828818752441 ], [ 77.277762662534798, 24.403704855124985 ], [ 77.277792713530047, 24.40357759122567 ], [ 77.277809034079723, 24.403448246931834 ], [ 77.277811470107082, 24.403318060285812 ], [ 77.277799996644717, 24.403188280232747 ], [ 77.27777472193938, 24.403060148587027 ], [ 77.277735892445989, 24.402934892844556 ], [ 77.277724573927586, 24.402882965610416 ], [ 77.277710457043781, 24.402831616150628 ], [ 77.277693577154224, 24.402780971178903 ], [ 77.27767397358754, 24.402731154729295 ], [ 77.277651696528849, 24.402682290013985 ], [ 77.277626801126345, 24.402634496669705 ], [ 77.277599348453663, 24.402587893474394 ], [ 77.277569405541797, 24.402542594734665 ], [ 77.277537046357452, 24.402498711196493 ], [ 77.27737209120609, 24.402232075426724 ], [ 77.280201409461952, 24.401875599502016 ], [ 77.280788552727344, 24.402339344184167 ], [ 77.28089234977169, 24.403207762784469 ], [ 77.280877907739352, 24.403575125018438 ], [ 77.281559601279497, 24.403447539951237 ], [ 77.282017719611218, 24.40336931214609 ], [ 77.282478846972197, 24.40295425973261 ], [ 77.282582166479131, 24.402628392249024 ], [ 77.28285500882221, 24.402058814191733 ], [ 77.283252338928037, 24.401455626093707 ], [ 77.28391562176337, 24.400888967765656 ], [ 77.284978317377124, 24.400570271881616 ], [ 77.285788045536435, 24.400196056998102 ], [ 77.286078818480533, 24.400116566635059 ], [ 77.286351887157352, 24.399997766090198 ], [ 77.287067547636099, 24.400017661383384 ], [ 77.287740862627373, 24.400070622834068 ], [ 77.288847238251563, 24.400639203517834 ], [ 77.288909555042522, 24.40104229539682 ], [ 77.28767741097009, 24.401863241701573 ], [ 77.287574213771336, 24.401777338748463 ], [ 77.28746652925949, 24.401696186548005 ], [ 77.287354619034858, 24.401619980327673 ], [ 77.287238751703313, 24.401548903625972 ], [ 77.287119210750248, 24.401483130157455 ], [ 77.286996282754089, 24.401422818305978 ], [ 77.286870265260077, 24.401368112989584 ], [ 77.286741463805669, 24.401319147445097 ], [ 77.286640627576261, 24.401286035821737 ], [ 77.286610188986302, 24.401276040496512 ], [ 77.286436165996832, 24.401251070483937 ], [ 77.286261353537128, 24.401231255298089 ], [ 77.286085933852263, 24.401216617070137 ], [ 77.285910090237465, 24.401207170714152 ], [ 77.285734005041633, 24.401202926622073 ], [ 77.285557861672075, 24.401203887065538 ], [ 77.285381844530264, 24.401210053421355 ], [ 77.285206135147476, 24.401221417110584 ], [ 77.285030919008022, 24.40123796868118 ], [ 77.28487149615394, 24.401314839453121 ], [ 77.284725429122489, 24.401411437448875 ], [ 77.284595608985683, 24.401525847846823 ], [ 77.284484603474823, 24.401655809292514 ], [ 77.284394612287301, 24.401798748785449 ], [ 77.284327412335102, 24.401951838167221 ], [ 77.284284335552286, 24.402112049047293 ], [ 77.284266233879066, 24.402276207633459 ], [ 77.284273465756073, 24.402441070497876 ], [ 77.284246683555807, 24.402652128121563 ], [ 77.284216125593375, 24.402862755567323 ], [ 77.284181799261589, 24.403072895985638 ], [ 77.284143714920319, 24.403282491645879 ], [ 77.28410188191107, 24.403491488422294 ], [ 77.28405631257472, 24.403699827695203 ], [ 77.284007018225893, 24.403907455353217 ], [ 77.283954012176167, 24.404114314589776 ], [ 77.283897308707623, 24.404320350412 ], [ 77.283888060655755, 24.404465996193441 ], [ 77.283868052124745, 24.40461073412963 ], [ 77.283837375831098, 24.404753896537315 ], [ 77.283796172738946, 24.404894825124181 ], [ 77.283744632044488, 24.405032872795314 ], [ 77.283682991185103, 24.405167402750344 ], [ 77.283611534772788, 24.405297797507618 ], [ 77.283530588693608, 24.405423457054098 ], [ 77.283440527973923, 24.40554380161414 ], [ 77.283422099446966, 24.405576748073184 ], [ 77.283408365886103, 24.405611562273485 ], [ 77.28339954828219, 24.405647685883554 ], [ 77.283395785928846, 24.405684541895912 ], [ 77.283397141329516, 24.405721537373314 ], [ 77.283403588224829, 24.405758078713738 ], [ 77.282909166429334, 24.406022512444491 ], [ 77.282734629025015, 24.406138553310349 ], [ 77.282553351402242, 24.406245579170228 ], [ 77.28236588982098, 24.40634326449857 ], [ 77.282172817095969, 24.406431308282716 ], [ 77.281974723501847, 24.406509443061758 ], [ 77.281772214856602, 24.406577428590236 ], [ 77.281565912472516, 24.406635057256977 ], [ 77.281356444287212, 24.406682153115892 ], [ 77.281144453739302, 24.406718571952638 ], [ 77.281025493084783, 24.406741254219813 ], [ 77.280906400496477, 24.406763354642255 ], [ 77.280787181901573, 24.406784872360817 ], [ 77.280667838296054, 24.40680580647965 ], [ 77.280548374629007, 24.406826155229112 ], [ 77.280428793844663, 24.406845920437625 ], [ 77.280309098935774, 24.406865098514483 ], [ 77.280189293824733, 24.406883692198619 ], [ 77.280069382482523, 24.406901698809868 ], [ 77.279304136357652, 24.407737788444329 ], [ 77.278978515051648, 24.40783438085014 ], [ 77.278215623427883, 24.408406377405282 ], [ 77.277436576862925, 24.409142647536409 ], [ 77.276969433132322, 24.409492306446815 ], [ 77.276857586195973, 24.410637466310938 ], [ 77.276902195015666, 24.411262189001842 ], [ 77.276688121677481, 24.411851212016021 ], [ 77.275472747437874, 24.411779083210213 ], [ 77.275443766112403, 24.412450565502688 ], [ 77.275319995173561, 24.413457182459965 ], [ 77.274890954179554, 24.413359810582332 ], [ 77.274821883988778, 24.413357408203559 ], [ 77.274753255532033, 24.413349871712128 ], [ 77.27468552408655, 24.413337249703762 ], [ 77.274619137708029, 24.413319625945292 ], [ 77.274554536252055, 24.413297118464101 ], [ 77.274492146482899, 24.413269874995169 ], [ 77.27443238402175, 24.413238075705191 ], [ 77.274375643499553, 24.413201931311818 ], [ 77.274322301515909, 24.413161683105876 ], [ 77.274293198226346, 24.413141220003247 ], [ 77.274263103288462, 24.413122001249313 ], [ 77.274232077527827, 24.41310406343047 ], [ 77.274200186677064, 24.413087445880052 ], [ 77.274167498473716, 24.413072184333636 ], [ 77.274134080704087, 24.413058309107925 ], [ 77.274100004121294, 24.41304584963904 ], [ 77.27406534048103, 24.41303483356408 ], [ 77.274030161587618, 24.413025283101664 ], [ 77.27402532136324, 24.412884504210403 ], [ 77.27401844562192, 24.41274379575583 ] ], [ [ 77.262435661520357, 24.382988865195777 ], [ 77.264038937918031, 24.383059779916422 ], [ 77.265672811591571, 24.383130599458628 ], [ 77.266249758804832, 24.383181947945825 ], [ 77.266292580181855, 24.38412161490276 ], [ 77.26631328290604, 24.384666842856443 ], [ 77.266295455902466, 24.385218570305309 ], [ 77.268156397088248, 24.385387218602986 ], [ 77.268734098311356, 24.385356372089941 ], [ 77.269745820878242, 24.385575386303355 ], [ 77.270373257451539, 24.385721036722792 ], [ 77.270758287313399, 24.385712207876871 ], [ 77.2717581367029, 24.385825443168237 ], [ 77.273111213701313, 24.385907733982236 ], [ 77.273456061997081, 24.386086463415019 ], [ 77.273596039564794, 24.386216679761294 ], [ 77.273683426619343, 24.386487399187352 ], [ 77.273731687858728, 24.386828274273128 ], [ 77.273666054391327, 24.386992165088749 ], [ 77.273409436224682, 24.386990228692405 ], [ 77.272767995629522, 24.386973644929984 ], [ 77.272575108767654, 24.387019154979342 ], [ 77.272315741583526, 24.387322481828921 ], [ 77.271743350891029, 24.388187049497937 ], [ 77.271503139789587, 24.388906408990824 ], [ 77.271385437858171, 24.389152096605617 ], [ 77.27116614345546, 24.389279597555596 ], [ 77.270909204262665, 24.389312879318041 ], [ 77.270333285912997, 24.389144138118194 ], [ 77.26973361307887, 24.38876386160063 ], [ 77.269208948456921, 24.38829878557619 ], [ 77.269085198794755, 24.387792952708409 ], [ 77.268895491121583, 24.387486228970864 ], [ 77.268512153332509, 24.387307197549603 ], [ 77.26803815222388, 24.387221412778668 ], [ 77.267665311141712, 24.387300776895081 ], [ 77.267073071244312, 24.387519377757144 ], [ 77.265583579070778, 24.387284043937623 ], [ 77.264990968894153, 24.38714000223446 ], [ 77.26467547043201, 24.38715310958268 ], [ 77.263735774733163, 24.387226746934616 ], [ 77.263358118542627, 24.3872752807642 ], [ 77.26311609164064, 24.387412975576684 ], [ 77.26286457330896, 24.387712167986361 ], [ 77.262826644317343, 24.387953343969482 ], [ 77.262826666758031, 24.388779722009737 ], [ 77.262746123836394, 24.389603633795048 ], [ 77.26248275595195, 24.389930614208371 ], [ 77.261927131486104, 24.390327498872775 ], [ 77.261640523909861, 24.390600156270473 ], [ 77.262053717945577, 24.391443247229724 ], [ 77.262316268848821, 24.392087578489797 ], [ 77.262324874331327, 24.392276564109377 ], [ 77.262270257619889, 24.392606758586787 ], [ 77.261810385870064, 24.392668104655485 ], [ 77.261458929460076, 24.392688538374234 ], [ 77.260343233529895, 24.392609574340092 ], [ 77.259983954498438, 24.392606831085768 ], [ 77.259290522236668, 24.392660242094099 ], [ 77.258533573157948, 24.392642714574194 ], [ 77.257827523850565, 24.392672540062843 ], [ 77.257613460251505, 24.392224717279692 ], [ 77.257221795328988, 24.391552439697612 ], [ 77.256941220075973, 24.391362424152828 ], [ 77.256329326397903, 24.390623114211142 ], [ 77.255858861857305, 24.39014984066894 ], [ 77.255553059079844, 24.389912662904884 ], [ 77.255541945403905, 24.38972470834457 ], [ 77.255699243933449, 24.389361921360091 ], [ 77.25646260391359, 24.388675008430319 ], [ 77.257628400149102, 24.387577278906623 ], [ 77.258031831094286, 24.38695805371772 ], [ 77.258329187721486, 24.386713750898593 ], [ 77.258758207594525, 24.386301853165808 ], [ 77.259597340740697, 24.385744660147036 ], [ 77.260192371756418, 24.385383034555144 ], [ 77.260840527677487, 24.384659991626574 ], [ 77.261075002196733, 24.384274302777047 ], [ 77.261417997814021, 24.383427295688417 ], [ 77.261883842516696, 24.382996401959492 ], [ 77.262435661520357, 24.382988865195777 ] ], [ [ 77.287755661387337, 24.381828635973072 ], [ 77.288017000574953, 24.381628686027693 ], [ 77.288588318705024, 24.381597312735799 ], [ 77.289106777929163, 24.381672428739886 ], [ 77.289585570649976, 24.381830382874767 ], [ 77.289817583742177, 24.382010251157677 ], [ 77.290139807038756, 24.382262047609849 ], [ 77.290407418525845, 24.381513410853724 ], [ 77.29052726364786, 24.381169890872926 ], [ 77.290841768858542, 24.380827817247287 ], [ 77.291118390221669, 24.38059066369831 ], [ 77.29157448502599, 24.380380278527273 ], [ 77.292486671215642, 24.379959504794474 ], [ 77.29317729403094, 24.379643967700545 ], [ 77.293825594721881, 24.379352269185397 ], [ 77.294363792612771, 24.379073984240584 ], [ 77.294922778896606, 24.37904954488366 ], [ 77.295016330996148, 24.379669438565916 ], [ 77.295225399915736, 24.380290188068596 ], [ 77.295499814962568, 24.380986931905809 ], [ 77.295777378264106, 24.381474605426302 ], [ 77.296119939689291, 24.381930212909388 ], [ 77.296527851039656, 24.382461816594507 ], [ 77.296591998925493, 24.382673725094456 ], [ 77.296640248924703, 24.382949580738579 ], [ 77.296473489928616, 24.383144680478676 ], [ 77.296025248329698, 24.383443414490404 ], [ 77.295726065896162, 24.383682841524443 ], [ 77.295525898518292, 24.383922999763517 ], [ 77.295388477531617, 24.38421255529477 ], [ 77.295482034628904, 24.384832448495228 ], [ 77.295561351913548, 24.385195495295665 ], [ 77.295526347819049, 24.385421772068867 ], [ 77.295457937032225, 24.385693111098799 ], [ 77.295255766899828, 24.386159790667453 ], [ 77.294886428857268, 24.38686687224849 ], [ 77.294719396178024, 24.387092171927797 ], [ 77.294454485113249, 24.387073746972934 ], [ 77.293438094249225, 24.386813198471639 ], [ 77.292697120238444, 24.38663081926855 ], [ 77.291942345241836, 24.386550254819475 ], [ 77.291688236660704, 24.386465077760064 ], [ 77.291625999915041, 24.386298034098512 ], [ 77.291609639750519, 24.386089685965889 ], [ 77.291498808161435, 24.385878278844608 ], [ 77.290957424576405, 24.385458588678599 ], [ 77.290466911508759, 24.384952347312225 ], [ 77.29026137450559, 24.384713295309844 ], [ 77.290043175162339, 24.384438519111448 ], [ 77.289747428092241, 24.384127537859491 ], [ 77.289491037397696, 24.383769343710679 ], [ 77.289104554658778, 24.383445808996871 ], [ 77.288667219570684, 24.383003133677235 ], [ 77.288435237084684, 24.382760042899179 ], [ 77.287984928946656, 24.382317269103464 ], [ 77.287818016505469, 24.382114129643455 ], [ 77.287755661387337, 24.381828635973072 ] ], [ [ 77.302230675690652, 24.422966955892541 ], [ 77.302497528272397, 24.422598117483595 ], [ 77.302439541491452, 24.42209212235759 ], [ 77.302622525785438, 24.420491891273521 ], [ 77.30254158351029, 24.419047436696282 ], [ 77.302038075502651, 24.418281783763671 ], [ 77.301680048393891, 24.41808346045207 ], [ 77.300424122468172, 24.417566177886929 ], [ 77.300296638313554, 24.417132007198159 ], [ 77.300219307530568, 24.416868641511343 ], [ 77.301896578794668, 24.416623282312194 ], [ 77.302435366608321, 24.41694611528056 ], [ 77.303052791038937, 24.417316060961152 ], [ 77.303488921415507, 24.417649467492211 ], [ 77.304002654719909, 24.418434090626768 ], [ 77.304668789580418, 24.419553248325791 ], [ 77.305132134034693, 24.420049328334173 ], [ 77.305402474588959, 24.419889988109162 ], [ 77.306514764100825, 24.419633072457128 ], [ 77.306964932415468, 24.419644294173924 ], [ 77.307696109148182, 24.419259038741647 ], [ 77.308260644126477, 24.418857647322682 ], [ 77.308760069830186, 24.4182980560925 ], [ 77.309007854591556, 24.418212278373691 ], [ 77.309660257062859, 24.418656404847685 ], [ 77.309893071596974, 24.418774233102646 ], [ 77.310703801491954, 24.418511238278143 ], [ 77.311647914403025, 24.418131340510808 ], [ 77.311949894658255, 24.418412026967506 ], [ 77.312215103866137, 24.418802000175155 ], [ 77.312558457226203, 24.418852519112562 ], [ 77.313254475469193, 24.418787975770215 ], [ 77.313621708050363, 24.419254901421432 ], [ 77.313659358156301, 24.41975770435074 ], [ 77.313564801601956, 24.419979948004624 ], [ 77.312856093966957, 24.420194537778357 ], [ 77.312124348427957, 24.420255051018085 ], [ 77.311459580214802, 24.420463616094509 ], [ 77.311008589021384, 24.420625967654352 ], [ 77.310532924369269, 24.420869718003804 ], [ 77.310134735276065, 24.421151139815809 ], [ 77.309711532044474, 24.421471341056549 ], [ 77.309402014243304, 24.421631938721383 ], [ 77.308999136541203, 24.421791795511897 ], [ 77.308970218535734, 24.421802212799033 ], [ 77.308463521758242, 24.421984752742606 ], [ 77.30790774443355, 24.42205702901331 ], [ 77.307500425869719, 24.422250924495284 ], [ 77.307256391041534, 24.42255029943934 ], [ 77.307107493503509, 24.423484387159771 ], [ 77.306878853820621, 24.424216780677206 ], [ 77.306447364432117, 24.424786873989113 ], [ 77.306060296119895, 24.425993213900409 ], [ 77.306050300465742, 24.426259514361782 ], [ 77.30591495656094, 24.426532823951554 ], [ 77.305443840386474, 24.426657879407404 ], [ 77.305243276917921, 24.426516208757487 ], [ 77.304908441360311, 24.425627424813953 ], [ 77.304484706171039, 24.425494857876167 ], [ 77.303342857566989, 24.424945435576149 ], [ 77.303081669655882, 24.424856118477958 ], [ 77.302417529419969, 24.424676438225223 ], [ 77.302180409655691, 24.424231302510268 ], [ 77.301915965321356, 24.423196255290694 ], [ 77.302230675690652, 24.422966955892541 ] ], [ [ 77.283607875837276, 24.458074990327628 ], [ 77.284402401951695, 24.458888655465888 ], [ 77.285101723856386, 24.459116864827852 ], [ 77.286387136574248, 24.458602486221814 ], [ 77.286531537598748, 24.458433889941066 ], [ 77.287030692420004, 24.457475249186611 ], [ 77.287081961884638, 24.457185118146352 ], [ 77.287073887309845, 24.456418838304739 ], [ 77.286766364991323, 24.45501142055307 ], [ 77.2866617518781, 24.454309788091241 ], [ 77.286481991109767, 24.453168316166831 ], [ 77.286478951617056, 24.452729288573988 ], [ 77.28670648301005, 24.452163504136372 ], [ 77.287008960010823, 24.451916447776416 ], [ 77.287791125559991, 24.451487884729325 ], [ 77.288272985477235, 24.451223861571236 ], [ 77.288699557993411, 24.451143270858992 ], [ 77.288710521165299, 24.451141028711486 ], [ 77.289540977198541, 24.450971183434174 ], [ 77.290681529504653, 24.451631549754534 ], [ 77.290906391430582, 24.451814463224 ], [ 77.291210114783226, 24.452662537843754 ], [ 77.291296200175097, 24.453056640989477 ], [ 77.291812682030525, 24.453638840304183 ], [ 77.292226394468699, 24.454008886643969 ], [ 77.292113241051979, 24.454875717676266 ], [ 77.291669300965779, 24.455550763723082 ], [ 77.290971048233345, 24.456612491507162 ], [ 77.290937398945516, 24.456656815685076 ], [ 77.290093069724591, 24.457769001166788 ], [ 77.289552678297966, 24.458243977825603 ], [ 77.289029518804796, 24.458703801522056 ], [ 77.287076249644102, 24.459702522736549 ], [ 77.285501898824975, 24.46050463744346 ], [ 77.284133157443378, 24.461314189958063 ], [ 77.283112584666938, 24.461252442511977 ], [ 77.283036251932472, 24.460898224526328 ], [ 77.28257867686753, 24.460033535538901 ], [ 77.281754762724304, 24.459024895505923 ], [ 77.281684897960019, 24.458659999063407 ], [ 77.282248305169048, 24.458039984456406 ], [ 77.282954408964628, 24.457497532400708 ], [ 77.283273139168742, 24.457772329014141 ], [ 77.283607875837276, 24.458074990327628 ] ], [ [ 77.293032015195095, 24.448055533538771 ], [ 77.29440121011497, 24.447805729401271 ], [ 77.295574607960432, 24.447732527554809 ], [ 77.295677055024257, 24.447996824381164 ], [ 77.296069265614378, 24.448524907607837 ], [ 77.296498690375145, 24.448902873321259 ], [ 77.296789707760993, 24.448949949725925 ], [ 77.297265145309581, 24.448878601913453 ], [ 77.298091419194748, 24.448621973120687 ], [ 77.298489579865091, 24.448498308833052 ], [ 77.298805481728863, 24.448448190148422 ], [ 77.299456583808151, 24.448524532294261 ], [ 77.300102564670354, 24.44849879896551 ], [ 77.300308579740431, 24.448664190977155 ], [ 77.30025835798368, 24.449161942210402 ], [ 77.299970850217051, 24.450396915698711 ], [ 77.299652956475072, 24.451017598747086 ], [ 77.299238501300565, 24.451640924572082 ], [ 77.298809861819066, 24.452406543141144 ], [ 77.298550359264354, 24.452810681508211 ], [ 77.298361384754585, 24.453084162653642 ], [ 77.297757965216348, 24.453693575752922 ], [ 77.297232486411161, 24.454060228989317 ], [ 77.296552683375282, 24.454361825508084 ], [ 77.295893345653511, 24.453675840859773 ], [ 77.294887539786458, 24.452479482379427 ], [ 77.294818376809147, 24.451723811208577 ], [ 77.294557495721023, 24.45134501431227 ], [ 77.294323104073683, 24.45048018213307 ], [ 77.294310318535949, 24.449695396232194 ], [ 77.293908713627431, 24.449432260897066 ], [ 77.292489460025877, 24.448968501738207 ], [ 77.29237304790918, 24.448934943013459 ], [ 77.292174513303706, 24.448877707533683 ], [ 77.292195470090704, 24.448613967732157 ], [ 77.29240543455694, 24.448126549131228 ], [ 77.293032015195095, 24.448055533538771 ] ] ] } }
]
}
