{
"type": "FeatureCollection",
"name": "guna_range_south_guna",
"crs": { "type": "name", "properties": { "name": "urn:ogc:def:crs:OGC:1.3:CRS84" } },
"features": [
{ "type": "Feature", "properties": { "SID": "014", "DID": "067", "RID": "010", "BID": "008", "State": "Madhya_Pradesh", "Division": "Guna", "Range": "South_Guna", "Beat": "Bajrangarh", "Beat_Ar": 17.680472359 }, "geometry": { "type": "MultiPolygon", "coordinates": [ [ [ [ 77.184248450105514, 24.344241153484674 ], [ 77.182681525211933, 24.344725665698967 ], [ 77.179037209026859, 24.345565198272219 ], [ 77.178349485997529, 24.345510583636642 ], [ 77.175149653725313, 24.344712765004616 ], [ 77.175340865181269, 24.343920562863655 ], [ 77.175503347656644, 24.342941859792148 ], [ 77.17471032445458, 24.342563083881203 ], [ 77.174160801597296, 24.342453580028163 ], [ 77.173701329635293, 24.342519819264407 ], [ 77.172112692568859, 24.343782951095886 ], [ 77.171519048690683, 24.344275095213327 ], [ 77.1699026003581, 24.345124467803672 ], [ 77.170903704806349, 24.34683617549025 ], [ 77.17213713638796, 24.347392318558942 ], [ 77.174051210332877, 24.347409596511941 ], [ 77.174983775410197, 24.347452236137208 ], [ 77.176005305376705, 24.347782604789266 ], [ 77.180075764608915, 24.347921291280723 ], [ 77.181915082521598, 24.348776294996444 ], [ 77.184924814547159, 24.347777212803496 ], [ 77.185868756887473, 24.34743486336798 ], [ 77.18627108698962, 24.345433615461257 ], [ 77.184876685956795, 24.344911280122044 ], [ 77.184435551471893, 24.344662689569279 ], [ 77.184248450105514, 24.344241153484674 ] ] ], [ [ [ 77.267369252697222, 24.576431541284002 ], [ 77.267386428253573, 24.578613245465689 ], [ 77.269094347183554, 24.578905058829381 ], [ 77.270571208033914, 24.57918664658753 ], [ 77.27125785357218, 24.578921527765139 ], [ 77.270721506817182, 24.577920714877504 ], [ 77.270539583993028, 24.577581249619975 ], [ 77.27029277249656, 24.577257583712839 ], [ 77.269488219869729, 24.5762024905098 ], [ 77.269357538958232, 24.575322883012358 ], [ 77.269614122725713, 24.573588137234434 ], [ 77.269522416744621, 24.571548432517957 ], [ 77.27075610197403, 24.571110068698168 ], [ 77.27021661495894, 24.570419542261281 ], [ 77.266275504256654, 24.569671403209266 ], [ 77.267292301835923, 24.571723626818422 ], [ 77.268170994626189, 24.573787009350092 ], [ 77.267770391920337, 24.575138560648096 ], [ 77.267369252697222, 24.576431541284002 ] ] ], [ [ [ 77.240055161987755, 24.597178949627548 ], [ 77.241411021284634, 24.596847850075854 ], [ 77.244203610977394, 24.596738943988349 ], [ 77.245744124897499, 24.596849107294979 ], [ 77.247246499140218, 24.597212449199287 ], [ 77.248446793536999, 24.597522858948007 ], [ 77.250031527590878, 24.597973367582966 ], [ 77.250420528103888, 24.598013435672126 ], [ 77.250778526222206, 24.597897640014313 ], [ 77.251073620450015, 24.597566452906118 ], [ 77.25087551506401, 24.596945956011361 ], [ 77.25068076851106, 24.596418164291062 ], [ 77.250587364972915, 24.595999403041937 ], [ 77.251188141547544, 24.59593604913492 ], [ 77.251767974632287, 24.595874899775545 ], [ 77.251678907892781, 24.594562354032341 ], [ 77.251654849922232, 24.594207793916144 ], [ 77.24999021150829, 24.593896951956587 ], [ 77.249981655015432, 24.593589451691081 ], [ 77.249997007138376, 24.593171717075425 ], [ 77.251200508960551, 24.591806975704969 ], [ 77.252241771227773, 24.590771425263242 ], [ 77.252866434192782, 24.590276398030664 ], [ 77.253680420003079, 24.590016097768352 ], [ 77.254115268880852, 24.589747481286018 ], [ 77.254474276721368, 24.58872808335412 ], [ 77.255814706747302, 24.588028039919987 ], [ 77.25627650916681, 24.58700211272081 ], [ 77.258043461683755, 24.58733568728519 ], [ 77.259090222194999, 24.587176966152136 ], [ 77.25830123516559, 24.588188286002051 ], [ 77.257000037065083, 24.589856109664826 ], [ 77.257634372839945, 24.590773122811274 ], [ 77.257971444997338, 24.591260397022786 ], [ 77.259077117503551, 24.593340263108001 ], [ 77.259307234207768, 24.593773122907308 ], [ 77.260165339372435, 24.594613595703603 ], [ 77.261069140689742, 24.595347661670626 ], [ 77.262459952227971, 24.596091189788975 ], [ 77.263650296098817, 24.597032084359224 ], [ 77.264936561494167, 24.596281759771184 ], [ 77.265794478493348, 24.596052382782862 ], [ 77.267073594057322, 24.595941420292295 ], [ 77.266120031373688, 24.597431175619096 ], [ 77.267850156809899, 24.598748708091978 ], [ 77.272318054116496, 24.601351271080144 ], [ 77.272104009344744, 24.604276221524543 ], [ 77.270517046819762, 24.605703662719403 ], [ 77.27085547395194, 24.606576358080801 ], [ 77.267742067231339, 24.606671957467903 ], [ 77.266899830852452, 24.606289095547162 ], [ 77.265328624689602, 24.605927082583005 ], [ 77.264832503150259, 24.604880142688256 ], [ 77.264032284774373, 24.604655497530224 ], [ 77.262675124277763, 24.603813540504838 ], [ 77.262171682321608, 24.602779598966229 ], [ 77.261853031308078, 24.602050309416061 ], [ 77.261621931928744, 24.601269211993653 ], [ 77.261226957441679, 24.598690820230384 ], [ 77.260193232317704, 24.598016278617116 ], [ 77.258683538553655, 24.598817480547268 ], [ 77.256881689690459, 24.600038093811381 ], [ 77.258451141141592, 24.602895970597864 ], [ 77.257628724023391, 24.603550799069392 ], [ 77.256725396645777, 24.603601307885921 ], [ 77.253589030955553, 24.603776640343256 ], [ 77.252722007655393, 24.603710490395969 ], [ 77.251208096262417, 24.603361785275418 ], [ 77.250969557894621, 24.603406081116255 ], [ 77.250314155860579, 24.603169863644119 ], [ 77.248437446335387, 24.603102390074589 ], [ 77.247873518482791, 24.603097098606373 ], [ 77.246671883236914, 24.603326261475715 ], [ 77.244827544613969, 24.604043821076552 ], [ 77.244639004112571, 24.604998238680651 ], [ 77.245352937614712, 24.605443530697116 ], [ 77.24580723159697, 24.605730284975781 ], [ 77.246578958368346, 24.60581354384313 ], [ 77.248034364349124, 24.606817165948069 ], [ 77.248440884067577, 24.606861879173454 ], [ 77.248951263184992, 24.606899164820202 ], [ 77.25076253012908, 24.60744782406438 ], [ 77.251359089574862, 24.608027277742359 ], [ 77.252588297226353, 24.608245064657044 ], [ 77.252582526740341, 24.608313611649422 ], [ 77.252520841083665, 24.609046267805724 ], [ 77.252464724290505, 24.609712761504564 ], [ 77.250524100032777, 24.61048083912808 ], [ 77.248819260242499, 24.610409300793933 ], [ 77.248336614126288, 24.610330576154769 ], [ 77.247038278802165, 24.610106300153152 ], [ 77.246593378089543, 24.610054983874022 ], [ 77.246001054137608, 24.610361445066918 ], [ 77.246125792163966, 24.611034863334051 ], [ 77.246813647431921, 24.613172020049767 ], [ 77.247806481784764, 24.613466875092037 ], [ 77.249091389007958, 24.61484283962017 ], [ 77.250569435288838, 24.616605057365287 ], [ 77.250745422864412, 24.616815567499653 ], [ 77.251078785414748, 24.617068754321515 ], [ 77.251447802735882, 24.617528991016613 ], [ 77.249354417158727, 24.618896072205647 ], [ 77.249322365547258, 24.61901891876693 ], [ 77.249272886911598, 24.620902715435616 ], [ 77.249763837626247, 24.621096916368089 ], [ 77.250925966118672, 24.621724765172178 ], [ 77.250844348154487, 24.623664756177462 ], [ 77.251002363502451, 24.624297993290831 ], [ 77.249308458019769, 24.627194292968809 ], [ 77.248857236779173, 24.627739641274605 ], [ 77.24901726134496, 24.628700648594716 ], [ 77.249131649763797, 24.629387582506745 ], [ 77.249254416961222, 24.630124832029601 ], [ 77.249270732122525, 24.632300493495244 ], [ 77.250840639012097, 24.633920611691426 ], [ 77.25091415939886, 24.634855404473928 ], [ 77.250139733963096, 24.635867571466257 ], [ 77.249558378165105, 24.636313472310462 ], [ 77.249124748751228, 24.636893136018486 ], [ 77.249936587471296, 24.636933150805771 ], [ 77.25027114164682, 24.637321750260941 ], [ 77.250559815888153, 24.637718999593851 ], [ 77.251246262817261, 24.638323069715661 ], [ 77.252423066855869, 24.639149262233058 ], [ 77.252490129439849, 24.639773476550321 ], [ 77.252496459723289, 24.640072898898481 ], [ 77.253240975704216, 24.640397167668294 ], [ 77.25325487426899, 24.640862966709918 ], [ 77.25230009167241, 24.642647387728275 ], [ 77.252763709137, 24.643793130022022 ], [ 77.253723424667683, 24.644492723916166 ], [ 77.255397504007163, 24.645737719513615 ], [ 77.255978040801097, 24.64547892448482 ], [ 77.256036565965957, 24.645445288896585 ], [ 77.256096560614708, 24.645413890045212 ], [ 77.256157922455941, 24.645384783135786 ], [ 77.256220547297445, 24.645358015230535 ], [ 77.256284326986389, 24.645333634264318 ], [ 77.256349154416981, 24.645311681857976 ], [ 77.2564149185812, 24.645292194183522 ], [ 77.256481506520018, 24.645275204688488 ], [ 77.256548806296237, 24.645260743215783 ], [ 77.256602827115245, 24.645236620061759 ], [ 77.256652601305632, 24.645205797804937 ], [ 77.256697142935209, 24.64516888751351 ], [ 77.256735566724871, 24.645126622961339 ], [ 77.256767110942491, 24.64507984274065 ], [ 77.256791147434058, 24.645029474082062 ], [ 77.256807201518939, 24.644976518556675 ], [ 77.256814952231196, 24.644922025885826 ], [ 77.256814247282108, 24.644867078702063 ], [ 77.256805642534218, 24.64479985606674 ], [ 77.256806381343353, 24.644732176268747 ], [ 77.256816449723132, 24.644665123908908 ], [ 77.256835688585497, 24.644599766209616 ], [ 77.2568637898394, 24.644537147565988 ], [ 77.256900307469635, 24.644478267052317 ], [ 77.25694465469843, 24.64442406485286 ], [ 77.256996124894826, 24.644375405263673 ], [ 77.257053899580029, 24.644333065916559 ], [ 77.257148923689172, 24.644303675451571 ], [ 77.257241002381946, 24.644267286106654 ], [ 77.257329520707202, 24.644224143322585 ], [ 77.257413887030964, 24.644174536073432 ], [ 77.257493537022256, 24.644118793284449 ], [ 77.257567937547563, 24.644057290184239 ], [ 77.257636591711602, 24.643990437504911 ], [ 77.257699038865738, 24.643918680579201 ], [ 77.257754865460512, 24.643842501229827 ], [ 77.257782495108856, 24.643798042447987 ], [ 77.257812230784126, 24.643754735183464 ], [ 77.257844015412928, 24.643712660280457 ], [ 77.25787778795312, 24.64367190035901 ], [ 77.257913485419834, 24.643632534411392 ], [ 77.257951036973921, 24.643594635950318 ], [ 77.257990370779822, 24.643558279383907 ], [ 77.25803141306794, 24.643523534589676 ], [ 77.258074081192603, 24.64349046957031 ], [ 77.258116938111527, 24.643456967954588 ], [ 77.258155947788879, 24.643419745410799 ], [ 77.258190728323186, 24.643379173815212 ], [ 77.258220934157649, 24.643335648806641 ], [ 77.258246268833943, 24.643289599819592 ], [ 77.25826648407056, 24.643241482851778 ], [ 77.258281376898324, 24.643191769603348 ], [ 77.258290803460213, 24.643140951196624 ], [ 77.25829467018481, 24.6430895308816 ], [ 77.258630110204038, 24.642633871902216 ], [ 77.258417417754146, 24.641989027305449 ], [ 77.257882478341074, 24.640824987546665 ], [ 77.259180265696784, 24.639894257831468 ], [ 77.259912990734449, 24.639483067790849 ], [ 77.261976763792418, 24.638974181872157 ], [ 77.261848879951799, 24.637378063201172 ], [ 77.262389494968858, 24.636472051150083 ], [ 77.263527544849524, 24.637171353406877 ], [ 77.263067295052068, 24.636103971337992 ], [ 77.261848534045711, 24.635887857255458 ], [ 77.25907814922536, 24.634675793569595 ], [ 77.256829421670588, 24.635949341371809 ], [ 77.255833347961683, 24.635292995794757 ], [ 77.256762284977171, 24.632858800546963 ], [ 77.257392657573206, 24.629992321680962 ], [ 77.257523763649331, 24.629396128592834 ], [ 77.258816945204913, 24.629532841219657 ], [ 77.261073961763458, 24.629771419818425 ], [ 77.262342815520171, 24.630358074769241 ], [ 77.263683395529526, 24.630507834605154 ], [ 77.264199799308756, 24.630014456140692 ], [ 77.266241011880709, 24.628515193518279 ], [ 77.266425359177035, 24.627412516450235 ], [ 77.265672473648124, 24.625165862611485 ], [ 77.261490744134903, 24.623737311886288 ], [ 77.263955104318427, 24.622318796098437 ], [ 77.263630788537597, 24.622057695012501 ], [ 77.261896592337408, 24.620997402397876 ], [ 77.260508222880304, 24.619063973930192 ], [ 77.259329202527695, 24.620439900749023 ], [ 77.25896563974409, 24.62089465249429 ], [ 77.258262300705766, 24.621585508728344 ], [ 77.257568738448185, 24.622228972194279 ], [ 77.256760871817363, 24.621156673729015 ], [ 77.256329304765657, 24.620644679259637 ], [ 77.255594796489333, 24.619992475191935 ], [ 77.255389634942688, 24.618932975353584 ], [ 77.255293251660916, 24.618435229730661 ], [ 77.254327618285728, 24.616743805872751 ], [ 77.253239884151995, 24.614175399758707 ], [ 77.253400460492813, 24.613327885736442 ], [ 77.252860010309107, 24.61165981738095 ], [ 77.254100416235303, 24.610651796449545 ], [ 77.255557135059263, 24.608641329299651 ], [ 77.255820960300454, 24.60831532863995 ], [ 77.256086764724472, 24.60798688247726 ], [ 77.256730365119694, 24.607862537135322 ], [ 77.257717677309046, 24.607221595062686 ], [ 77.258158336669439, 24.606667971240455 ], [ 77.257837724980959, 24.606006949820838 ], [ 77.258387319512366, 24.605990691430634 ], [ 77.25917843308396, 24.60596570091116 ], [ 77.259712702559909, 24.60595147206557 ], [ 77.260609001093542, 24.605580384052715 ], [ 77.262012662719755, 24.605900451493913 ], [ 77.262831128166482, 24.606891457066016 ], [ 77.263657524591778, 24.607208447134319 ], [ 77.264116653130642, 24.607013029447515 ], [ 77.264473413636352, 24.607294269795744 ], [ 77.264951313523426, 24.607427236065092 ], [ 77.265659578979168, 24.607532933982124 ], [ 77.266234656704412, 24.607756160688059 ], [ 77.267221006287741, 24.608421272269563 ], [ 77.267631219909347, 24.608812329212345 ], [ 77.267879291886359, 24.609072838407933 ], [ 77.268405165318967, 24.608908773401517 ], [ 77.269206361797487, 24.608593697592116 ], [ 77.271990730867856, 24.607911829349835 ], [ 77.273098172140251, 24.608094282914934 ], [ 77.274320354296989, 24.607923051809536 ], [ 77.276927276735393, 24.608874246111739 ], [ 77.273903167496911, 24.61127328363483 ], [ 77.273466859606458, 24.612734520172669 ], [ 77.273016273770025, 24.614089648396888 ], [ 77.273645925644317, 24.614667632964697 ], [ 77.274880257314948, 24.614520859342296 ], [ 77.275693822132936, 24.614725061467691 ], [ 77.276249225461484, 24.615331212494901 ], [ 77.276600256459332, 24.615465672985525 ], [ 77.277433850896514, 24.615837310015628 ], [ 77.277386412557931, 24.616392545177927 ], [ 77.277748419437771, 24.617218329093745 ], [ 77.276318030611733, 24.617141744715177 ], [ 77.275094513241939, 24.618702024646943 ], [ 77.274826683981473, 24.61904356468763 ], [ 77.274304934423625, 24.619599490970199 ], [ 77.274283613428395, 24.620450023626294 ], [ 77.274745198195149, 24.621178661275582 ], [ 77.275948548265788, 24.621878036701975 ], [ 77.277828160392332, 24.621865525214726 ], [ 77.278515087329055, 24.621860948425692 ], [ 77.279420935488943, 24.622239662131665 ], [ 77.280646421263995, 24.621994907861009 ], [ 77.283174092175258, 24.621175065127883 ], [ 77.285521325509634, 24.618332121828111 ], [ 77.28742716107061, 24.616763501970148 ], [ 77.291847969602898, 24.617789230861352 ], [ 77.292994515488147, 24.61777551945606 ], [ 77.296116283713616, 24.617331207750926 ], [ 77.297413688456189, 24.61669520264611 ], [ 77.299206505961664, 24.61528535073192 ], [ 77.299297002693379, 24.615017148621956 ], [ 77.299424008074155, 24.614640750570789 ], [ 77.299450767874134, 24.614343529875818 ], [ 77.300732101102099, 24.613115779481387 ], [ 77.30112208763272, 24.612965531987896 ], [ 77.30059539679489, 24.6120704548254 ], [ 77.29939823645725, 24.610108209803514 ], [ 77.299015781618778, 24.609274423573048 ], [ 77.298593044005699, 24.608521406070651 ], [ 77.297863869636444, 24.607222085324882 ], [ 77.29670051268819, 24.60483023864677 ], [ 77.296439784914597, 24.604294171941429 ], [ 77.295498352351984, 24.602358510324223 ], [ 77.294472659195904, 24.600376187771765 ], [ 77.294390839111742, 24.600251255267715 ], [ 77.294310128973962, 24.600125719542227 ], [ 77.294230536601944, 24.599999589687119 ], [ 77.294152063888134, 24.599872874750059 ], [ 77.294074717680189, 24.599745582009273 ], [ 77.29399850382157, 24.599617720541772 ], [ 77.293923425208604, 24.599489297596346 ], [ 77.293849488672436, 24.599360322257361 ], [ 77.293776697093094, 24.59923080357969 ], [ 77.29371469168214, 24.599118013740629 ], [ 77.293640718774824, 24.599011423465363 ], [ 77.293555514740461, 24.598912093151043 ], [ 77.293459923319475, 24.598821005417765 ], [ 77.293354893639432, 24.598739065997833 ], [ 77.293241470482002, 24.598667087406742 ], [ 77.293120776552186, 24.598605783392784 ], [ 77.292994010543453, 24.598555764407173 ], [ 77.292862430459749, 24.598517524836311 ], [ 77.292658068004854, 24.598480529992504 ], [ 77.29245893176477, 24.598424574517992 ], [ 77.292267119648017, 24.59835024672546 ], [ 77.292084650751249, 24.598258330339053 ], [ 77.2919134506202, 24.598149795350636 ], [ 77.291755321735195, 24.59802578424981 ], [ 77.291611932708904, 24.597887604715282 ], [ 77.291484792749287, 24.597736713164554 ], [ 77.291375240948184, 24.597574697511028 ], [ 77.291316100928199, 24.597477510803646 ], [ 77.291261657617156, 24.597378056068226 ], [ 77.291212014012075, 24.59727652374832 ], [ 77.291167266178292, 24.59717310604173 ], [ 77.291127497274928, 24.59706800227471 ], [ 77.291092784549804, 24.596961409922745 ], [ 77.291063194311974, 24.596853534507535 ], [ 77.291038782020706, 24.596744579662946 ], [ 77.291019596163977, 24.596634755292389 ], [ 77.291009791023001, 24.596566297365928 ], [ 77.290995841555045, 24.596498443386615 ], [ 77.290977790341088, 24.596431403210737 ], [ 77.290955691838988, 24.596365384073451 ], [ 77.290929617338193, 24.596300588819656 ], [ 77.290899645066105, 24.596237217636158 ], [ 77.290865868089895, 24.596175468111017 ], [ 77.290828391417975, 24.596115527986413 ], [ 77.290787330923166, 24.596057585085482 ], [ 77.289248474530424, 24.594038849400114 ], [ 77.289038444180107, 24.592023901305968 ], [ 77.288145699361692, 24.592527075044469 ], [ 77.286485667482907, 24.593391934682334 ], [ 77.287924987511985, 24.594215202101086 ], [ 77.288930747405203, 24.595358817092574 ], [ 77.287911549320029, 24.594797101373047 ], [ 77.285966148800199, 24.593743906152088 ], [ 77.281955461470261, 24.592865785674924 ], [ 77.279947495904182, 24.590689036519379 ], [ 77.277408353589408, 24.589738092961557 ], [ 77.274755329313066, 24.590515202227323 ], [ 77.272833547437969, 24.590767607480242 ], [ 77.272098875577313, 24.590990333075911 ], [ 77.271655901894505, 24.591124624118926 ], [ 77.269997901571287, 24.591620280564602 ], [ 77.270914369840639, 24.589246027518989 ], [ 77.271001124471653, 24.588330135792422 ], [ 77.267507290512214, 24.585452695557773 ], [ 77.265567853860802, 24.583374134809958 ], [ 77.264729894139592, 24.58240098993172 ], [ 77.26328058713564, 24.580227226975666 ], [ 77.262159926918429, 24.580790380729553 ], [ 77.261425555433277, 24.581754221936976 ], [ 77.260094875572619, 24.58223385343889 ], [ 77.256669451457768, 24.582538904788752 ], [ 77.256967200284478, 24.581720875689264 ], [ 77.257432230933176, 24.58049594705075 ], [ 77.257549114341131, 24.579641039964496 ], [ 77.257465706465766, 24.578834713178619 ], [ 77.256858368588055, 24.577819134106324 ], [ 77.256038605732627, 24.577022739792106 ], [ 77.255506585342047, 24.575958225466398 ], [ 77.255218504037671, 24.57538179727004 ], [ 77.254296274822849, 24.574056400221998 ], [ 77.254706495034796, 24.571860834920553 ], [ 77.255822635642687, 24.572184534952587 ], [ 77.256262114184324, 24.572311988926533 ], [ 77.256824626542794, 24.572283176020722 ], [ 77.257443527662971, 24.572039357543456 ], [ 77.258302766989587, 24.571480327684355 ], [ 77.259749076077966, 24.570163263738799 ], [ 77.260472647530335, 24.569381639290487 ], [ 77.261745289559016, 24.568203147930138 ], [ 77.262515553477897, 24.567387025033046 ], [ 77.262896049125132, 24.566493494122366 ], [ 77.263029637407854, 24.565804071332842 ], [ 77.262953492984252, 24.565206888609179 ], [ 77.262677814017863, 24.564572333196466 ], [ 77.262113859585696, 24.563772547072912 ], [ 77.261327513948657, 24.563493077902972 ], [ 77.260364816198788, 24.56349294964371 ], [ 77.256976719837994, 24.564121514351896 ], [ 77.255941119572483, 24.564021629117182 ], [ 77.255319373939798, 24.563594247323309 ], [ 77.255141923116796, 24.563170288495382 ], [ 77.255300339953479, 24.562707486824998 ], [ 77.255768130043847, 24.562403551987234 ], [ 77.256513333152014, 24.561919368676026 ], [ 77.257381923400288, 24.561220220705028 ], [ 77.256263737395571, 24.558556566222904 ], [ 77.255973468381782, 24.55693076353786 ], [ 77.255698951908585, 24.555393159808467 ], [ 77.255529824118383, 24.554538196576807 ], [ 77.253533597160086, 24.553830491887414 ], [ 77.253553671683562, 24.552751893911058 ], [ 77.25356559767954, 24.552111100840804 ], [ 77.253266535634481, 24.551387469536071 ], [ 77.252445761031595, 24.550615993164406 ], [ 77.250694256643854, 24.549758116466048 ], [ 77.249741182528112, 24.549657524338116 ], [ 77.249160297102065, 24.549649717304735 ], [ 77.248790650078391, 24.546489654932223 ], [ 77.248751428458846, 24.546154339437518 ], [ 77.248505573506179, 24.546189018914113 ], [ 77.24826045634461, 24.546227821306857 ], [ 77.248016160974629, 24.546270736431577 ], [ 77.247772767497736, 24.546317748655362 ], [ 77.247530360977819, 24.546368839674592 ], [ 77.247289017542712, 24.546423996536195 ], [ 77.247048824273591, 24.546483196437308 ], [ 77.246809859299134, 24.546546423731808 ], [ 77.246572205777142, 24.54661365287788 ], [ 77.246351164069793, 24.546735386599266 ], [ 77.246121656462265, 24.546843223842227 ], [ 77.245884731260006, 24.546936674155571 ], [ 77.245641461839099, 24.547015313220864 ], [ 77.245392950593811, 24.54707878288351 ], [ 77.245140332817215, 24.547126798408986 ], [ 77.244884751128865, 24.547159137446581 ], [ 77.244627367186894, 24.547175654571539 ], [ 77.244369352858214, 24.547176274894277 ], [ 77.244250919518677, 24.547161809805264 ], [ 77.244132413264737, 24.547147862482237 ], [ 77.244013834103399, 24.547134432022052 ], [ 77.243895185957385, 24.547121521164406 ], [ 77.243776473770396, 24.54710912904444 ], [ 77.243657695566313, 24.547097255646584 ], [ 77.243538859242463, 24.547085901032062 ], [ 77.243419963784802, 24.547075067902409 ], [ 77.243301012187601, 24.54706475266795 ], [ 77.243090491806655, 24.547100921124585 ], [ 77.242877585610785, 24.547122459060507 ], [ 77.242663510353324, 24.54712924046628 ], [ 77.242449485914648, 24.547121227875209 ], [ 77.24223673435479, 24.547098467840311 ], [ 77.242026465134899, 24.547061087206018 ], [ 77.24181987799291, 24.547009302162486 ], [ 77.241618153177583, 24.546943406427278 ], [ 77.2414224395567, 24.546863775668506 ], [ 77.241282133961079, 24.546747462295084 ], [ 77.241134088740694, 24.546639473568661 ], [ 77.240978892308902, 24.54654024125907 ], [ 77.240817163071029, 24.546450156728373 ], [ 77.240649545357186, 24.546369583543658 ], [ 77.240476704654768, 24.546298839376828 ], [ 77.240299331456967, 24.546238206873305 ], [ 77.240118129466055, 24.546187928140959 ], [ 77.239933823517973, 24.546148202103009 ], [ 77.239693249556694, 24.546050681065172 ], [ 77.239446591343111, 24.545966835053036 ], [ 77.239194778982323, 24.545896977477305 ], [ 77.238938757844494, 24.545841372198279 ], [ 77.238679491587405, 24.545800227227708 ], [ 77.238417956208522, 24.545773697392391 ], [ 77.238155134139689, 24.545761882482015 ], [ 77.237892015227445, 24.545764828160074 ], [ 77.237629587874295, 24.545782523185178 ], [ 77.237483528071593, 24.545765124534466 ], [ 77.23733633182195, 24.545770009118307 ], [ 77.237192033878728, 24.545797038698858 ], [ 77.237054588709952, 24.545845474714739 ], [ 77.236927762779388, 24.545913989177684 ], [ 77.236815033458356, 24.546000705425577 ], [ 77.236719489859055, 24.546103244307044 ], [ 77.236643751191224, 24.546218796696159 ], [ 77.236589892035411, 24.546344195156667 ], [ 77.236573362599344, 24.546430554172275 ], [ 77.236548591022682, 24.546515248233646 ], [ 77.236515772022784, 24.546597621346535 ], [ 77.236475155466337, 24.546677033301282 ], [ 77.236427060108085, 24.546752868812451 ], [ 77.23637185973466, 24.546824541023479 ], [ 77.236309978194612, 24.546891495080626 ], [ 77.236241898284334, 24.54695320820268 ], [ 77.236168146803195, 24.547009204015488 ], [ 77.236022002122837, 24.547198118141882 ], [ 77.235867768827973, 24.547381574972324 ], [ 77.235705692548606, 24.547559281969985 ], [ 77.235536025687495, 24.547730962004906 ], [ 77.235359039369712, 24.547896342610066 ], [ 77.235175010539649, 24.548055163105555 ], [ 77.234984230855403, 24.548207173765544 ], [ 77.234787000790249, 24.548352133062515 ], [ 77.234583631573244, 24.548489811295614 ], [ 77.234355486764002, 24.548628194493531 ], [ 77.234115670547894, 24.548748942443087 ], [ 77.233865807094091, 24.548851236008158 ], [ 77.233607589508111, 24.54893438304741 ], [ 77.233342768967802, 24.548997818330751 ], [ 77.233073141808021, 24.549041111567849 ], [ 77.232800533667842, 24.54906397270328 ], [ 77.232526794634424, 24.549066242847655 ], [ 77.232253778368232, 24.549047908564326 ], [ 77.232059924814564, 24.5490132125373 ], [ 77.231867845771689, 24.548971054610607 ], [ 77.23167788714477, 24.548921510668276 ], [ 77.231490386811046, 24.548864670080562 ], [ 77.231305679590221, 24.548800632130089 ], [ 77.231124097176377, 24.548729513236704 ], [ 77.230945960298243, 24.548651440573423 ], [ 77.230771590558874, 24.548566553062649 ], [ 77.230601296620918, 24.548475000364309 ], [ 77.230242204079786, 24.54834366340274 ], [ 77.229884077859623, 24.548210138492497 ], [ 77.229526934700772, 24.548074432094857 ], [ 77.229170788398292, 24.547936548841751 ], [ 77.228815655674907, 24.54779649700092 ], [ 77.228461553278791, 24.547654282130974 ], [ 77.228108495004136, 24.547509908864143 ], [ 77.227756499564691, 24.547363383677911 ], [ 77.227518956625303, 24.547262749567064 ], [ 77.227204534786566, 24.547693960982485 ], [ 77.227080020693407, 24.547864722947882 ], [ 77.226641128484587, 24.548211491883702 ], [ 77.226019664271575, 24.548703262188027 ], [ 77.225285679086724, 24.549282407008057 ], [ 77.224602509406324, 24.549822153222692 ], [ 77.22395366580497, 24.550334775315548 ], [ 77.222260822324188, 24.55196339270984 ], [ 77.221220191739604, 24.553053590713027 ], [ 77.219362107821624, 24.554746709820517 ], [ 77.217988433423699, 24.556525060636748 ], [ 77.217671969641813, 24.556934742711558 ], [ 77.215377724061568, 24.560724250560444 ], [ 77.21388184844821, 24.563221502131441 ], [ 77.21306504126693, 24.565032540701814 ], [ 77.210128497319815, 24.567803940989531 ], [ 77.208403156821575, 24.569432165940459 ], [ 77.208414293274117, 24.572648457608484 ], [ 77.208487291685003, 24.573260833972636 ], [ 77.208532872006941, 24.573643198744982 ], [ 77.208802332775932, 24.57590363299596 ], [ 77.208892590787471, 24.576660770132644 ], [ 77.209131176063266, 24.578662123707293 ], [ 77.208614594936051, 24.583903959976759 ], [ 77.201466401581285, 24.579387076336378 ], [ 77.197406812972162, 24.576799748995157 ], [ 77.197376551845707, 24.576780461661894 ], [ 77.193383208454705, 24.573449650886552 ], [ 77.192131197872285, 24.573529143728926 ], [ 77.192112499778858, 24.573530331122978 ], [ 77.192057844352021, 24.573533801124398 ], [ 77.190705355355306, 24.573736366850046 ], [ 77.18972159303523, 24.574192956227545 ], [ 77.18934870046067, 24.574366021212821 ], [ 77.188531902285902, 24.575077266270398 ], [ 77.187405015713352, 24.576112179407964 ], [ 77.186076135893657, 24.578909010186695 ], [ 77.18551335924866, 24.580684135776096 ], [ 77.185138165090024, 24.581867549586118 ], [ 77.184769695085549, 24.582362859014598 ], [ 77.184323540504224, 24.582833802012814 ], [ 77.182223108514123, 24.582629000242441 ], [ 77.179478911365592, 24.581104931744342 ], [ 77.17855391323728, 24.580436992925751 ], [ 77.173030312026512, 24.576283772106589 ], [ 77.171739447782485, 24.575799594460424 ], [ 77.170617950253344, 24.575658790002961 ], [ 77.16718138781502, 24.576049481856984 ], [ 77.16479530746237, 24.574342234642213 ], [ 77.16315845297612, 24.574268986396831 ], [ 77.159120554307194, 24.576949201456646 ], [ 77.158549486326393, 24.577718038701303 ], [ 77.158457784960675, 24.578986708922759 ], [ 77.158366003423509, 24.579262490849842 ], [ 77.157401189318662, 24.579596045319942 ], [ 77.15612871784721, 24.579736820115492 ], [ 77.155160145260723, 24.580444481051977 ], [ 77.155359454722927, 24.581877689237157 ], [ 77.15671588490936, 24.583700488623141 ], [ 77.157029284239854, 24.584194286041939 ], [ 77.156605686020583, 24.585064006115083 ], [ 77.15660220114971, 24.585412219711213 ], [ 77.157107437251781, 24.586304512587333 ], [ 77.157407267497177, 24.586155610648632 ], [ 77.157784436572143, 24.586560000857947 ], [ 77.159083036972604, 24.58781447505616 ], [ 77.159288743152345, 24.588233765830463 ], [ 77.158701200114578, 24.588833153100683 ], [ 77.158512847635379, 24.590209397082024 ], [ 77.158266706737621, 24.590375992705596 ], [ 77.157946706278466, 24.590507137486213 ], [ 77.155884545675221, 24.591352248496133 ], [ 77.154854979920515, 24.592058908647477 ], [ 77.153198715165161, 24.593785858058339 ], [ 77.153636279247578, 24.594049948238922 ], [ 77.156557764134817, 24.594255948210787 ], [ 77.158051023063678, 24.594777057986452 ], [ 77.157485309846408, 24.59625720265095 ], [ 77.156972329514986, 24.598568170242938 ], [ 77.156873259864, 24.599014469746617 ], [ 77.156097437770313, 24.60236860153433 ], [ 77.155532455703153, 24.604538393943081 ], [ 77.15522142157937, 24.605935607306147 ], [ 77.159492698352494, 24.609614645031581 ], [ 77.162462540395424, 24.61217250315185 ], [ 77.161446481213957, 24.612702757225271 ], [ 77.159616146248524, 24.613657928746633 ], [ 77.158430659966868, 24.61474290704237 ], [ 77.157794562640447, 24.615335286497817 ], [ 77.157971385526665, 24.615700281671064 ], [ 77.1573978588698, 24.616815829321574 ], [ 77.156913090879954, 24.617218045985638 ], [ 77.156568855321197, 24.617320407371675 ], [ 77.156349849801686, 24.617344258416196 ], [ 77.153801127171263, 24.61695928761673 ], [ 77.152179085737686, 24.617173831102843 ], [ 77.151092462372603, 24.617624290324102 ], [ 77.150769343371152, 24.619299711173678 ], [ 77.149216212808625, 24.619136955503659 ], [ 77.148399679099882, 24.618884738795469 ], [ 77.147897558906052, 24.618976288211737 ], [ 77.147305391545515, 24.620046163619431 ], [ 77.146494599509566, 24.621185830842396 ], [ 77.145501639403776, 24.62183401015432 ], [ 77.145034619939068, 24.622407521239079 ], [ 77.144670222834492, 24.622538823316557 ], [ 77.143904329845839, 24.622584902252601 ], [ 77.142176265794689, 24.622159213954816 ], [ 77.140814523313352, 24.622265579057501 ], [ 77.139721383226771, 24.623228760602494 ], [ 77.139096506196722, 24.62452799309056 ], [ 77.139049759790737, 24.625862198677986 ], [ 77.139200629174638, 24.626682249815595 ], [ 77.139531051134853, 24.626970343421561 ], [ 77.14383084325658, 24.62610598814782 ], [ 77.144814491107468, 24.626938546396676 ], [ 77.145499211515059, 24.627942031868486 ], [ 77.14507778405617, 24.629051186703673 ], [ 77.145214001775358, 24.630332969392647 ], [ 77.14606791214193, 24.631918918470497 ], [ 77.145093979881452, 24.632132535158551 ], [ 77.145538869237271, 24.63249040051765 ], [ 77.146582254998464, 24.633835571391984 ], [ 77.145306553311855, 24.633883076709559 ], [ 77.144172033841457, 24.634569967615427 ], [ 77.143227084149117, 24.635446458075393 ], [ 77.143075355241777, 24.636394564556234 ], [ 77.14347216669394, 24.637095936690692 ], [ 77.144578987312329, 24.639052214320657 ], [ 77.145546045311875, 24.63964011207792 ], [ 77.14749458669462, 24.639673685995788 ], [ 77.14801319174903, 24.640988612057789 ], [ 77.148719098087469, 24.641525003048503 ], [ 77.149173580710396, 24.641718277492796 ], [ 77.150350864282942, 24.642732249672189 ], [ 77.151171816392704, 24.644679380502573 ], [ 77.15112267625446, 24.645089876810175 ], [ 77.151808610180595, 24.64630319278314 ], [ 77.151881769313476, 24.647551810680913 ], [ 77.151400981320535, 24.648559804906178 ], [ 77.150379716360831, 24.649756233482499 ], [ 77.149406891485512, 24.650682777831072 ], [ 77.148922871157069, 24.652819551206228 ], [ 77.147535290600189, 24.653970614272396 ], [ 77.147010997716009, 24.654717441632979 ], [ 77.146332492366895, 24.657800355179752 ], [ 77.146511886498004, 24.658703846422451 ], [ 77.148595626696078, 24.661249736684212 ], [ 77.149451174985757, 24.661283100655805 ], [ 77.151484137895721, 24.658582833271964 ], [ 77.152156479821016, 24.658177652463099 ], [ 77.152601008959039, 24.658019633831525 ], [ 77.153392685781284, 24.657194870627855 ], [ 77.152318213297661, 24.654878515026748 ], [ 77.154293472564916, 24.652859161144164 ], [ 77.154982704192065, 24.652308706496509 ], [ 77.15679475908928, 24.651495529840922 ], [ 77.157386832722352, 24.650040553155506 ], [ 77.157837456184495, 24.648933152644165 ], [ 77.159883784750193, 24.645232993816496 ], [ 77.160605091169842, 24.644753567874783 ], [ 77.162406135698646, 24.644229280606556 ], [ 77.163100787851661, 24.643393268667335 ], [ 77.163240586864234, 24.642790550283479 ], [ 77.163391225353479, 24.642141093636777 ], [ 77.163527062482274, 24.641907271147002 ], [ 77.16479363670237, 24.639727014611051 ], [ 77.16508936063839, 24.638394287026539 ], [ 77.164737724185628, 24.637588626496758 ], [ 77.162037670501235, 24.635487484457141 ], [ 77.161982014184716, 24.634502002492511 ], [ 77.163827362896825, 24.634092848576824 ], [ 77.16441732043063, 24.633760605298033 ], [ 77.164521199907242, 24.633702104349727 ], [ 77.166033047369837, 24.632850667964 ], [ 77.166882653351976, 24.631846182772716 ], [ 77.1686181567446, 24.629962109324438 ], [ 77.16880973230198, 24.629596866765937 ], [ 77.170436021749069, 24.626496196237262 ], [ 77.173779250439068, 24.622616119344372 ], [ 77.175514550128952, 24.622791882324755 ], [ 77.176166259109038, 24.622236315152005 ], [ 77.176636141582776, 24.620704707965015 ], [ 77.177290656235954, 24.619862843070994 ], [ 77.176312797144689, 24.619498946426685 ], [ 77.177613261476125, 24.61910189732011 ], [ 77.178563592548883, 24.618428886484445 ], [ 77.178875158318021, 24.618144996767644 ], [ 77.179318301747927, 24.617741215153831 ], [ 77.181836085261011, 24.617008363685816 ], [ 77.18311636444102, 24.616932837584791 ], [ 77.184409210770852, 24.617330895568859 ], [ 77.185014293884493, 24.61806710995285 ], [ 77.185470717950096, 24.619636893742875 ], [ 77.186092157116107, 24.620468775977859 ], [ 77.187112379877647, 24.621301578708994 ], [ 77.18726423423341, 24.621362352581365 ], [ 77.188451930059003, 24.621837673751564 ], [ 77.188181962479362, 24.622953866896513 ], [ 77.187736913925718, 24.623066099417734 ], [ 77.187573821643113, 24.624494945616778 ], [ 77.187878786235444, 24.625548910701806 ], [ 77.186952087882474, 24.625425325806955 ], [ 77.186622121654693, 24.62555541446833 ], [ 77.18685320275651, 24.626697014735733 ], [ 77.187578136915278, 24.627202610904373 ], [ 77.18848427394866, 24.627646793987694 ], [ 77.189267611321398, 24.628036061833985 ], [ 77.185953840488736, 24.632374136405932 ], [ 77.184801155661106, 24.633775679940495 ], [ 77.18224002362318, 24.636147593111872 ], [ 77.181513720822309, 24.636769595584241 ], [ 77.180907119822635, 24.63631706813408 ], [ 77.180607655532953, 24.636994640655733 ], [ 77.180549055961322, 24.637769863400756 ], [ 77.17929123033241, 24.638056918355929 ], [ 77.179140875824373, 24.639749743348812 ], [ 77.180662806356807, 24.641665660983886 ], [ 77.182212020070097, 24.642849214174745 ], [ 77.182527801297226, 24.646692382771846 ], [ 77.180704729846411, 24.648838944982295 ], [ 77.180260080797424, 24.651566903097212 ], [ 77.179812440103717, 24.652521643271161 ], [ 77.178081541376102, 24.653603365195014 ], [ 77.176763672764849, 24.654426938659551 ], [ 77.175949428860207, 24.655460309786093 ], [ 77.175578553801557, 24.655930985063435 ], [ 77.174415245048479, 24.656258039512551 ], [ 77.171712073628029, 24.65628213981643 ], [ 77.170878723410382, 24.656521222574543 ], [ 77.170217090402886, 24.657543092122619 ], [ 77.169592776935204, 24.660271754936542 ], [ 77.17164063552481, 24.660467882765406 ], [ 77.172573681958966, 24.661785521271511 ], [ 77.172775669462609, 24.662443616058543 ], [ 77.17361673709739, 24.662405561754213 ], [ 77.174426439174468, 24.661940343337676 ], [ 77.175336746864716, 24.661040597941017 ], [ 77.175753498774313, 24.659887372548134 ], [ 77.177384734370335, 24.659234439804756 ], [ 77.178616094533311, 24.658680079968747 ], [ 77.181023950450424, 24.657298214627062 ], [ 77.181632665027692, 24.656728786101564 ], [ 77.181969063268028, 24.655537650300243 ], [ 77.184255075264886, 24.653701247935746 ], [ 77.184855229161627, 24.6543989167122 ], [ 77.18435833766533, 24.656018009866742 ], [ 77.184365068170479, 24.659252958155538 ], [ 77.18442911687012, 24.660879481046873 ], [ 77.184749335332228, 24.663089473796298 ], [ 77.184824169210216, 24.664482198222267 ], [ 77.184255998459236, 24.667297203747562 ], [ 77.183937142778433, 24.668953157115279 ], [ 77.183692867585265, 24.670336507730351 ], [ 77.183379442781373, 24.671454474492339 ], [ 77.182365791516077, 24.675066937971383 ], [ 77.182105041439783, 24.675085794731597 ], [ 77.180009373399386, 24.675237107342504 ], [ 77.178570032109519, 24.675677015859073 ], [ 77.177462542531771, 24.676334244911779 ], [ 77.175324980706748, 24.677321779839328 ], [ 77.173962072507337, 24.678655274969369 ], [ 77.173110616588275, 24.679138677840484 ], [ 77.172605366084426, 24.679134493579106 ], [ 77.16678916182947, 24.678014116744283 ], [ 77.165465920195061, 24.677759184618264 ], [ 77.16452722445851, 24.679256392825881 ], [ 77.164091838028497, 24.680524697662229 ], [ 77.161762921538127, 24.680858709859546 ], [ 77.160492382378408, 24.681632771065395 ], [ 77.159747121953004, 24.685539154634611 ], [ 77.159132725199825, 24.687656746752566 ], [ 77.157955054786385, 24.687425332645855 ], [ 77.158510196488379, 24.687980047915644 ], [ 77.1594474228324, 24.688820638113871 ], [ 77.160336162090971, 24.68956984401218 ], [ 77.160668520923551, 24.690358427892129 ], [ 77.161367831287009, 24.69140242190851 ], [ 77.162191112043033, 24.691664255537486 ], [ 77.162026434738479, 24.692511904727706 ], [ 77.160784566287035, 24.692935741346581 ], [ 77.15988079745604, 24.6938384962179 ], [ 77.1601350658878, 24.697625081934568 ], [ 77.161961407099469, 24.699386887414018 ], [ 77.164474399632894, 24.700676962830414 ], [ 77.164879190183854, 24.701723084527647 ], [ 77.165703273460551, 24.702499944281794 ], [ 77.1669661900996, 24.701640766414254 ], [ 77.167855687772615, 24.7026243738947 ], [ 77.168263587469511, 24.703094402775609 ], [ 77.16705196379759, 24.703967290140163 ], [ 77.167810050679691, 24.704712862502376 ], [ 77.168513284091304, 24.705397214912697 ], [ 77.168921938460912, 24.705582896672194 ], [ 77.169894459498977, 24.705965675584764 ], [ 77.170818168110898, 24.705679669796954 ], [ 77.171139485991262, 24.705722844528108 ], [ 77.171881360476291, 24.705870778088357 ], [ 77.173161374490618, 24.705456063447816 ], [ 77.173512217187366, 24.704760215136968 ], [ 77.174926644884295, 24.704214949379718 ], [ 77.174972439482474, 24.704251329611409 ], [ 77.175532080119211, 24.704695921735482 ], [ 77.175997013211841, 24.704801036781554 ], [ 77.175401918587625, 24.705176171893253 ], [ 77.175303195241128, 24.706223587408846 ], [ 77.175489993539543, 24.707441210337631 ], [ 77.17871831767124, 24.707079927657027 ], [ 77.180499737529757, 24.706335571363503 ], [ 77.179726669709297, 24.708502640737144 ], [ 77.180589701642987, 24.70941094006395 ], [ 77.180705890729158, 24.710857061161661 ], [ 77.179098360744462, 24.711695943179329 ], [ 77.177761949356679, 24.712683697773183 ], [ 77.179959205197193, 24.714187679325388 ], [ 77.175692172299549, 24.715305688317283 ], [ 77.173801574637437, 24.715828032288744 ], [ 77.17185781237086, 24.716365036549949 ], [ 77.171141967922082, 24.720188569342909 ], [ 77.170701903709869, 24.720247376360259 ], [ 77.170542562307674, 24.721350777697531 ], [ 77.170288676049992, 24.723108827068234 ], [ 77.171537290640714, 24.724102884351524 ], [ 77.169932801101695, 24.726454107077856 ], [ 77.171816133291387, 24.729388981431118 ], [ 77.172304064730284, 24.730191321387963 ], [ 77.172540699315135, 24.730580430359975 ], [ 77.173503341591541, 24.732163327465621 ], [ 77.173610341418225, 24.733906834759171 ], [ 77.173601876906105, 24.734547932299908 ], [ 77.171734112314795, 24.734626710305207 ], [ 77.171259950137781, 24.734646706939287 ], [ 77.170614847715129, 24.732530439448666 ], [ 77.16840526340178, 24.732773640753113 ], [ 77.165113326692421, 24.733135913194378 ], [ 77.160067736336373, 24.733669573504294 ], [ 77.159706150572177, 24.734987411996944 ], [ 77.159682492246176, 24.73941207388868 ], [ 77.159681766239046, 24.739460183472065 ], [ 77.159627986539178, 24.743032755532163 ], [ 77.162799301917374, 24.744683684268082 ], [ 77.162878778104044, 24.746552867640975 ], [ 77.16344640442135, 24.747639802816195 ], [ 77.164682653753289, 24.748772780060804 ], [ 77.165865750874403, 24.748615126935412 ], [ 77.168240501480781, 24.748922318979602 ], [ 77.171007697638927, 24.749280228314007 ], [ 77.17201235609356, 24.750094344035006 ], [ 77.172990379127441, 24.750096832824902 ], [ 77.174286277717997, 24.750908004278003 ], [ 77.175073612970095, 24.751312005868797 ], [ 77.17618992296309, 24.752033861653491 ], [ 77.176996886260966, 24.752536003293383 ], [ 77.178207991748053, 24.753205661422346 ], [ 77.179317503646118, 24.752607262768581 ], [ 77.180306167866576, 24.754701067995409 ], [ 77.180809538953895, 24.755144063560117 ], [ 77.181443662358575, 24.754888627141455 ], [ 77.182849987697296, 24.754197558189105 ], [ 77.184237096471477, 24.753946565596586 ], [ 77.183447907747748, 24.750895531485529 ], [ 77.183442632706672, 24.75005155168768 ], [ 77.183003721054774, 24.750052468880103 ], [ 77.183313971143775, 24.747816103807246 ], [ 77.183152780778357, 24.744996628513395 ], [ 77.18278432931568, 24.744333889101622 ], [ 77.18267915522155, 24.744026363196461 ], [ 77.178549475691653, 24.74328803645756 ], [ 77.177795257994219, 24.742713804291206 ], [ 77.176646296985751, 24.741776043733669 ], [ 77.176643281959883, 24.740934617964971 ], [ 77.176638326475853, 24.739551532003254 ], [ 77.176634268035784, 24.738418927473475 ], [ 77.176758975795394, 24.737096207758981 ], [ 77.17675621696749, 24.736292553069909 ], [ 77.177363601545721, 24.736513065061477 ], [ 77.178273450882472, 24.736398891176172 ], [ 77.179598099815976, 24.738047675759518 ], [ 77.181385853261915, 24.73719485749935 ], [ 77.182773065072553, 24.736756754927065 ], [ 77.184173341669009, 24.737313014981293 ], [ 77.185546001860374, 24.736761973855014 ], [ 77.186789850388749, 24.736578888475947 ], [ 77.187251631411243, 24.736617824222357 ], [ 77.188167823963127, 24.736658183915466 ], [ 77.189223241797961, 24.73656607201892 ], [ 77.189493982481125, 24.736538809980217 ], [ 77.190045420597443, 24.736296504126628 ], [ 77.190900420445217, 24.735971933706086 ], [ 77.191586976598202, 24.735575946313638 ], [ 77.192245405263947, 24.735233114544478 ], [ 77.192534489062396, 24.734060290756897 ], [ 77.193353416617782, 24.730737744283239 ], [ 77.194039393817846, 24.73030313447131 ], [ 77.194436303766253, 24.73009867716026 ], [ 77.197615328681692, 24.728365915675788 ], [ 77.198749851848163, 24.727163737056983 ], [ 77.201300174368228, 24.728411171282499 ], [ 77.200541153992461, 24.731420930701535 ], [ 77.200342030343123, 24.733304268028952 ], [ 77.198306660977508, 24.735493251858333 ], [ 77.198740550768377, 24.736747467145506 ], [ 77.195837345675713, 24.738564161219376 ], [ 77.195825845984899, 24.738566252272378 ], [ 77.194712514103486, 24.738878780349662 ], [ 77.193855121594822, 24.741732081737837 ], [ 77.19270700380207, 24.742231730078803 ], [ 77.192302145008554, 24.739972364330132 ], [ 77.190525571020444, 24.739048788468011 ], [ 77.188423531886244, 24.739790267361045 ], [ 77.190484979775761, 24.741215408389063 ], [ 77.190520484776386, 24.743282836338761 ], [ 77.191521155668994, 24.745198245279173 ], [ 77.192764437222749, 24.745169960737158 ], [ 77.191536794468931, 24.748092592118361 ], [ 77.191921458913185, 24.749255686491075 ], [ 77.193633877573731, 24.748951350101812 ], [ 77.195187753537652, 24.749399056765604 ], [ 77.195665653683662, 24.74886053986971 ], [ 77.196325674574311, 24.747897997727829 ], [ 77.196385521173966, 24.747562938900792 ], [ 77.196372691537576, 24.747346456666111 ], [ 77.196364381382537, 24.747129789958024 ], [ 77.196360595851488, 24.746913017392195 ], [ 77.19636133414491, 24.74669621843865 ], [ 77.196366598438729, 24.746479471688072 ], [ 77.196376382997869, 24.746262855666497 ], [ 77.196390688003049, 24.746046450753745 ], [ 77.196409505768059, 24.745830332749694 ], [ 77.196432831529521, 24.745614581993298 ], [ 77.196504343997034, 24.745351270960054 ], [ 77.196584073931831, 24.745089934222626 ], [ 77.196671956872052, 24.744830787997326 ], [ 77.19676792049124, 24.744574043919457 ], [ 77.196871886558128, 24.744319910865897 ], [ 77.19698376893308, 24.744068597648123 ], [ 77.197103476569808, 24.74382030942412 ], [ 77.197230911511568, 24.743575250391839 ], [ 77.19736597090413, 24.743333620192825 ], [ 77.197443447314626, 24.743201998962604 ], [ 77.197513772129838, 24.743067068178252 ], [ 77.197576776021961, 24.742929156121747 ], [ 77.197632306485275, 24.742788590308155 ], [ 77.197680230696818, 24.742645708346448 ], [ 77.197720435551389, 24.742500854327144 ], [ 77.197752822743354, 24.742354376072615 ], [ 77.19777731370182, 24.742206626080492 ], [ 77.197793851621, 24.742057956121116 ], [ 77.197774093840934, 24.7419419098219 ], [ 77.197763431115447, 24.74182487267489 ], [ 77.197761917945073, 24.741707439395785 ], [ 77.197769559369547, 24.741590206102792 ], [ 77.197786319894732, 24.74147376767954 ], [ 77.197812113648538, 24.741358713179572 ], [ 77.197846808337161, 24.741245625858518 ], [ 77.197890226251985, 24.74113508137609 ], [ 77.197942151271448, 24.741027639725022 ], [ 77.198159618688592, 24.740805083010471 ], [ 77.198842148005184, 24.740556236837001 ], [ 77.201865272068588, 24.741168940792523 ], [ 77.202288137838821, 24.744137227239559 ], [ 77.203743495528087, 24.744160886597616 ], [ 77.204451913632852, 24.743087553751387 ], [ 77.20519161260799, 24.742951412515541 ], [ 77.205460849109457, 24.744932769096359 ], [ 77.203872097681383, 24.745155900567692 ], [ 77.204234528400164, 24.746628295217082 ], [ 77.205341419642451, 24.746747652879382 ], [ 77.205357520379195, 24.747449428634305 ], [ 77.201882946127924, 24.749098660636953 ], [ 77.200007296304406, 24.750074913183589 ], [ 77.19997111284718, 24.750494379735908 ], [ 77.200064266465915, 24.750817277056008 ], [ 77.202758019731363, 24.752186260006056 ], [ 77.203762803395037, 24.750085836093898 ], [ 77.204007600317411, 24.75001819280828 ], [ 77.204530583136005, 24.749568575973576 ], [ 77.204787292739212, 24.749130894852673 ], [ 77.205151914544274, 24.748631281655367 ], [ 77.212802225908746, 24.749624822765277 ], [ 77.212908143165109, 24.746989675443345 ], [ 77.21351394267586, 24.746591187904453 ], [ 77.216414726679005, 24.744683018017156 ], [ 77.218590805997337, 24.743754395281069 ], [ 77.218599143670318, 24.743776807725549 ], [ 77.219030886043768, 24.74493748913477 ], [ 77.219534112301375, 24.747860851528408 ], [ 77.219253542799706, 24.749028625919244 ], [ 77.218877117772863, 24.750077655459439 ], [ 77.216185088268105, 24.751140401696798 ], [ 77.214420035094449, 24.751818014370933 ], [ 77.213536791289357, 24.752981575353253 ], [ 77.213501246659817, 24.753028400039703 ], [ 77.213462185901747, 24.753079856734615 ], [ 77.212561594388305, 24.753829822613341 ], [ 77.212186986411893, 24.754849830795873 ], [ 77.211662759477306, 24.755943940782178 ], [ 77.211060378689353, 24.75676490427611 ], [ 77.209122048100198, 24.757220678031413 ], [ 77.20820113816724, 24.757447437695646 ], [ 77.207806621114599, 24.757727741240704 ], [ 77.20758213919872, 24.758505715021609 ], [ 77.207938668557162, 24.75935905250298 ], [ 77.207918361244552, 24.760061442125746 ], [ 77.207443839522185, 24.76072108829457 ], [ 77.207276189132315, 24.761673753319553 ], [ 77.206781250879018, 24.761718525494292 ], [ 77.205682505892057, 24.761819869492207 ], [ 77.20442186193668, 24.761578019713198 ], [ 77.202825772637382, 24.761161221382512 ], [ 77.200369412757638, 24.759975723489841 ], [ 77.197674752266266, 24.759232689317212 ], [ 77.196462961065805, 24.759466669274826 ], [ 77.194827048727021, 24.7603955926281 ], [ 77.194805252459687, 24.760407001289689 ], [ 77.193886694814807, 24.760887802062413 ], [ 77.19266087227038, 24.761623126838277 ], [ 77.191627250838195, 24.762084079976258 ], [ 77.190907245219464, 24.762407103017871 ], [ 77.192923971751014, 24.763271155309209 ], [ 77.195035590434813, 24.764476774909632 ], [ 77.196918172036362, 24.765910519050582 ], [ 77.198728983258178, 24.768046889097558 ], [ 77.199663464667836, 24.768682954863198 ], [ 77.201698993223403, 24.766121395855073 ], [ 77.20361574650623, 24.763830385810273 ], [ 77.203630910267933, 24.763816265092149 ], [ 77.205530504616462, 24.76204739602521 ], [ 77.20877940878421, 24.762333575201236 ], [ 77.20878755678217, 24.760549517028856 ], [ 77.208962202286472, 24.759871821816574 ], [ 77.21031831388963, 24.759937514943868 ], [ 77.211588744799784, 24.759213871540592 ], [ 77.213297739539954, 24.760038151948958 ], [ 77.214737735941711, 24.761510679085244 ], [ 77.21521902223985, 24.761405007098173 ], [ 77.21633293544501, 24.760842256261789 ], [ 77.217927485829804, 24.759890892550352 ], [ 77.219425784992296, 24.75922162845136 ], [ 77.220820851040941, 24.758980845731401 ], [ 77.221566249018423, 24.758877260972156 ], [ 77.223382256622003, 24.757661591037763 ], [ 77.223957475317533, 24.757775704212364 ], [ 77.224298684163415, 24.757716567123396 ], [ 77.22432274642496, 24.757708257271123 ], [ 77.224344343918474, 24.757695492419085 ], [ 77.224362499856383, 24.757678850939723 ], [ 77.224376398018322, 24.757659083179419 ], [ 77.224385407786215, 24.757637079144072 ], [ 77.224389126000759, 24.757613835415093 ], [ 77.224387382448995, 24.757590398294418 ], [ 77.224380255060439, 24.757567825993224 ], [ 77.224368069391687, 24.757547138953811 ], [ 77.224214235827375, 24.757097781420256 ], [ 77.224216354609823, 24.757046679886717 ], [ 77.22422141519526, 24.756995750788455 ], [ 77.224229404367406, 24.756945134911653 ], [ 77.224240300998275, 24.75689497297919 ], [ 77.224254074087312, 24.756845403829136 ], [ 77.224270683733423, 24.75679656622825 ], [ 77.224290087111797, 24.756748594404446 ], [ 77.224312227560802, 24.756701621572049 ], [ 77.224337046466886, 24.756655778220328 ], [ 77.224504808505941, 24.756248940059344 ], [ 77.224522840110396, 24.756135339669235 ], [ 77.2245049714396, 24.755640706343971 ], [ 77.224437828981962, 24.755140107537478 ], [ 77.224424432877029, 24.755086573160302 ], [ 77.224408928523772, 24.755033516028977 ], [ 77.224391338996455, 24.754981005869194 ], [ 77.224371684445373, 24.754929107867621 ], [ 77.224349991900425, 24.754877891781387 ], [ 77.224326289414776, 24.754827423763079 ], [ 77.22430060800842, 24.754777769988763 ], [ 77.224272979698625, 24.754728995739281 ], [ 77.224243441481931, 24.754681162722385 ], [ 77.224222228047083, 24.754661413545165 ], [ 77.224206675414663, 24.754637675039557 ], [ 77.224197651240331, 24.754611266393315 ], [ 77.224195658709078, 24.754583662847306 ], [ 77.224200808744058, 24.75455640244963 ], [ 77.224212814858532, 24.754531003827534 ], [ 77.224231008775945, 24.754508884125176 ], [ 77.224254372879415, 24.754491275269352 ], [ 77.22428160610454, 24.754479159467266 ], [ 77.224820624064094, 24.754178372503073 ], [ 77.225706924587655, 24.753651298624714 ], [ 77.225764953599921, 24.75357262474299 ], [ 77.225813513396673, 24.753488774566978 ], [ 77.225852055977469, 24.753400691157797 ], [ 77.225880146577992, 24.753309370858251 ], [ 77.225897466808064, 24.753215845254232 ], [ 77.225903647907415, 24.753117610589335 ], [ 77.225899142720564, 24.753026409643937 ], [ 77.225883478045148, 24.752932640852922 ], [ 77.225857007518357, 24.752840918521933 ], [ 77.225738383812484, 24.752212272773718 ], [ 77.225602149561695, 24.751570047111578 ], [ 77.225595347222679, 24.751549904210059 ], [ 77.225590488787006, 24.751529296283369 ], [ 77.225587614282901, 24.75150838170164 ], [ 77.225586742979331, 24.751487317766713 ], [ 77.225587881271721, 24.751466263484367 ], [ 77.225591022673328, 24.751445380467263 ], [ 77.225596140953087, 24.751424826558523 ], [ 77.225603199027361, 24.751404756805446 ], [ 77.225612142037548, 24.751385323404495 ], [ 77.22563046336478, 24.751335961811641 ], [ 77.225959128787039, 24.751572309048882 ], [ 77.22734415105387, 24.751855999909523 ], [ 77.227530893209035, 24.751845737465381 ], [ 77.228583076302073, 24.751787916490169 ], [ 77.229312532558581, 24.751704715560955 ], [ 77.231217215930172, 24.751223110028707 ], [ 77.232461564419609, 24.75087213761336 ], [ 77.23412467218823, 24.751099530303978 ], [ 77.234564974786181, 24.750820574512929 ], [ 77.237385659135995, 24.751047844933641 ], [ 77.239714420476403, 24.750871374939436 ], [ 77.240734917105499, 24.750497577934645 ], [ 77.240972331468811, 24.750060804129895 ], [ 77.242155231249896, 24.74958502328472 ], [ 77.243244618419155, 24.749147089741584 ], [ 77.243313113278759, 24.748369190612703 ], [ 77.243405447621967, 24.747678001351812 ], [ 77.243407838415024, 24.747580305698417 ], [ 77.243423339711967, 24.747483617652367 ], [ 77.24343899993309, 24.747431626286609 ], [ 77.243451718217088, 24.747389397593629 ], [ 77.243492546143543, 24.747299070056712 ], [ 77.24354520439411, 24.747214001176921 ], [ 77.243608896602453, 24.747135478028618 ], [ 77.243682661204829, 24.747064687045075 ], [ 77.24376538147385, 24.74700269874392 ], [ 77.243855808433239, 24.74695044984469 ], [ 77.244059990638974, 24.746727973439985 ], [ 77.24427716964945, 24.746516007296538 ], [ 77.244506696652607, 24.746315187525294 ], [ 77.244747888612565, 24.746126110231998 ], [ 77.245000022234493, 24.745949342308503 ], [ 77.245262348916341, 24.745785408906613 ], [ 77.245534085780363, 24.745634800593525 ], [ 77.245814421673828, 24.745497966174476 ], [ 77.246102518156661, 24.74537531270132 ], [ 77.246239642727062, 24.745324297672429 ], [ 77.246380532968601, 24.745282708376113 ], [ 77.246524409417404, 24.745250775344019 ], [ 77.246670485191757, 24.745228676669669 ], [ 77.24681795222277, 24.745216529772481 ], [ 77.246965999932698, 24.745214403285072 ], [ 77.247113813323722, 24.745222309812643 ], [ 77.247260576949543, 24.745240204158257 ], [ 77.247405483763771, 24.745267988810312 ], [ 77.247488559799535, 24.745287324201811 ], [ 77.247573561937557, 24.745297509323631 ], [ 77.247659288936788, 24.745298397521875 ], [ 77.247744523437802, 24.745289979299425 ], [ 77.247828059729201, 24.745272374404585 ], [ 77.247908713671933, 24.74524582829542 ], [ 77.247985342402515, 24.74521072042182 ], [ 77.248056860317078, 24.745167547189819 ], [ 77.24812225688926, 24.745116920293604 ], [ 77.248182711611591, 24.745033911830891 ], [ 77.248285039839828, 24.744893407789998 ], [ 77.248375162477927, 24.744684920808798 ], [ 77.248434799049349, 24.744594599298633 ], [ 77.248491435081235, 24.744508818936129 ], [ 77.248554004604316, 24.744481371938921 ], [ 77.24861950433548, 24.744460389078991 ], [ 77.248687136779921, 24.744446124247297 ], [ 77.248756078486579, 24.74443875165597 ], [ 77.248825489987425, 24.744438360496851 ], [ 77.248894524679784, 24.744444956817105 ], [ 77.248962345662278, 24.744458460941026 ], [ 77.249028122784324, 24.744478705640542 ], [ 77.249091057283536, 24.744505445358648 ], [ 77.249195061896273, 24.744539476473967 ], [ 77.249300218938771, 24.744570413242013 ], [ 77.249406415965097, 24.744598223173774 ], [ 77.249513544442223, 24.744622878326894 ], [ 77.249621491864346, 24.744644352534543 ], [ 77.249730142716487, 24.744662624122746 ], [ 77.249839386427865, 24.74467767145622 ], [ 77.249949105437807, 24.744689480070843 ], [ 77.250059185126702, 24.744698038235136 ], [ 77.250552269591353, 24.744770016352586 ], [ 77.250603095858224, 24.7447774356894 ], [ 77.250840873319319, 24.744823154704324 ], [ 77.250974024633223, 24.744855924736505 ], [ 77.251109029279988, 24.744881597591984 ], [ 77.251245436067904, 24.744900088472185 ], [ 77.251382786679628, 24.74491133420058 ], [ 77.251520618605383, 24.744915296857975 ], [ 77.251658472057571, 24.74491196473987 ], [ 77.251795881138079, 24.744901345061965 ], [ 77.251932387548948, 24.744883478517838 ], [ 77.252067532841153, 24.744858422058229 ], [ 77.252220867708076, 24.744828224228115 ], [ 77.252373838661569, 24.744796529586139 ], [ 77.252526429823362, 24.744763343428769 ], [ 77.252678625340579, 24.744728668343445 ], [ 77.252830404407433, 24.744692507782233 ], [ 77.252981752143214, 24.744654866146419 ], [ 77.253132649686449, 24.744615750516104 ], [ 77.253283080220825, 24.744575160761833 ], [ 77.253433025857049, 24.744533105777702 ], [ 77.253547261210002, 24.744503637201507 ], [ 77.253659509196211, 24.744468373795851 ], [ 77.253769419686463, 24.74442742393656 ], [ 77.253876644329182, 24.744380917690062 ], [ 77.253980851442705, 24.744329000606708 ], [ 77.25408170819874, 24.744271835388783 ], [ 77.254178902386485, 24.744209601156083 ], [ 77.254272127579412, 24.744142493330781 ], [ 77.254361092035381, 24.744070723706319 ], [ 77.254411784181301, 24.74403119807501 ], [ 77.254456623457799, 24.743986155695808 ], [ 77.254478975762893, 24.743957047685473 ], [ 77.254494894100873, 24.743936314454494 ], [ 77.25452598545651, 24.743882468917381 ], [ 77.254549402992595, 24.743825475965838 ], [ 77.254552304825609, 24.743814284833913 ], [ 77.254564771382775, 24.743766242175298 ], [ 77.254571851417495, 24.743705713108465 ], [ 77.254570525371378, 24.743644851525602 ], [ 77.254560815875251, 24.743584628499118 ], [ 77.254563707648799, 24.743401770071404 ], [ 77.254562708983968, 24.743218895020679 ], [ 77.254557821229184, 24.743036072901017 ], [ 77.254549045749584, 24.742853371460342 ], [ 77.25453638587129, 24.74267086026736 ], [ 77.254519846914931, 24.742488607099926 ], [ 77.254499435156333, 24.742306683355586 ], [ 77.254475156921629, 24.742125155013007 ], [ 77.254447022458749, 24.741944091693604 ], [ 77.254153869645052, 24.740141560898145 ], [ 77.254142145618459, 24.740094149791389 ], [ 77.254135280644945, 24.740045950882017 ], [ 77.254133337118148, 24.73999737920505 ], [ 77.254136327971466, 24.739948851217637 ], [ 77.25414422952538, 24.739900785802011 ], [ 77.254156973668827, 24.739853594270112 ], [ 77.254174449787001, 24.739807685797363 ], [ 77.254180486038436, 24.739795583300609 ], [ 77.254196508851322, 24.739763453004151 ], [ 77.254222959422208, 24.739721276440395 ], [ 77.254533774242077, 24.739233709442377 ], [ 77.254565556182158, 24.73918650199462 ], [ 77.254596070787045, 24.739138602827705 ], [ 77.254625299009163, 24.739090039792803 ], [ 77.254653226745219, 24.739040840779332 ], [ 77.254679832953329, 24.738991035429127 ], [ 77.254705103513629, 24.738940653437847 ], [ 77.254729025295219, 24.738889724508727 ], [ 77.254751582183943, 24.738838280128011 ], [ 77.254772762054714, 24.738786348200517 ], [ 77.25480751856422, 24.738660384670766 ], [ 77.254811503578011, 24.738639778341316 ], [ 77.254832256604729, 24.738532463096007 ], [ 77.254846849371987, 24.738403249031666 ], [ 77.254851219505966, 24.738273408414393 ], [ 77.254845344922714, 24.73814361844525 ], [ 77.254829256986511, 24.738014551318589 ], [ 77.254803038523406, 24.737886875109737 ], [ 77.254766824792029, 24.737761255588879 ], [ 77.254720805603526, 24.737638340884082 ], [ 77.254385130001637, 24.736865551155848 ], [ 77.254353856146977, 24.736805504983597 ], [ 77.254329666967706, 24.736742788903779 ], [ 77.25431282794554, 24.736678097702196 ], [ 77.254303528201802, 24.736612149053919 ], [ 77.254301868732711, 24.736545672593667 ], [ 77.25430786937406, 24.736479405454357 ], [ 77.254321464947054, 24.736414081398767 ], [ 77.254342500373696, 24.736350424460358 ], [ 77.254370745610643, 24.736289138220439 ], [ 77.254497779098116, 24.735974249879995 ], [ 77.255276943092596, 24.73448016235902 ], [ 77.255310243491593, 24.734409626052329 ], [ 77.255350809732462, 24.734342336890201 ], [ 77.255398267140322, 24.734278920564424 ], [ 77.255452179116858, 24.734219962547595 ], [ 77.255512043184964, 24.734166008062871 ], [ 77.255577306852132, 24.734117557691309 ], [ 77.255647367685782, 24.734075059244145 ], [ 77.25572157332978, 24.734038905957295 ], [ 77.256520692209975, 24.733714775369272 ], [ 77.259829782133835, 24.732372506503285 ], [ 77.260096128766889, 24.732258341619577 ], [ 77.260361895998244, 24.732143047340877 ], [ 77.26062707192294, 24.732026627190823 ], [ 77.260891652580028, 24.731909081141854 ], [ 77.261155631964115, 24.731790416375926 ], [ 77.261419006131121, 24.731670631059323 ], [ 77.261681766126173, 24.731549730545002 ], [ 77.261943907971784, 24.731427716611634 ], [ 77.262205427690702, 24.731304591038082 ], [ 77.264082432402688, 24.730191917085367 ], [ 77.270357234645914, 24.727514967069975 ], [ 77.271330406919887, 24.72730685788337 ], [ 77.27177795628991, 24.727211149735481 ], [ 77.273245030364251, 24.726942242663622 ], [ 77.274202920232057, 24.726961197521753 ], [ 77.276513310938029, 24.72759058496748 ], [ 77.280010795793089, 24.72808662991989 ], [ 77.280624850540576, 24.728176074699629 ], [ 77.281508884084005, 24.728302852405282 ], [ 77.283609058300144, 24.729732780823845 ], [ 77.284795039194591, 24.730692350545276 ], [ 77.28698880553334, 24.728985813524353 ], [ 77.289660646056419, 24.726349000143912 ], [ 77.290406971144094, 24.725404273809879 ], [ 77.290812391407428, 24.724175441041421 ], [ 77.291870348780463, 24.720968632254788 ], [ 77.293530142603487, 24.71736178079561 ], [ 77.294332318365846, 24.716055213900191 ], [ 77.295602292983304, 24.714342384359501 ], [ 77.291028981307875, 24.712203864115512 ], [ 77.291378211415477, 24.71126425175947 ], [ 77.291680693686402, 24.710450405733681 ], [ 77.295358333909235, 24.711859229134006 ], [ 77.29558756816256, 24.711458033741149 ], [ 77.297953692033971, 24.707316762630409 ], [ 77.29865528931721, 24.705935214068482 ], [ 77.300488263370681, 24.70232565334393 ], [ 77.300522675122124, 24.702257889456217 ], [ 77.302427008296604, 24.697750321870792 ], [ 77.30430131975389, 24.694085697156943 ], [ 77.300921667943356, 24.694036595110671 ], [ 77.299778633210352, 24.694019970785892 ], [ 77.29861335697035, 24.694003014031011 ], [ 77.298765606597897, 24.694403278106449 ], [ 77.299434172202155, 24.696184041158499 ], [ 77.299554909913141, 24.696504852447063 ], [ 77.299656507761554, 24.697262700119261 ], [ 77.299690866041445, 24.697523323883559 ], [ 77.299610307409296, 24.698060510491722 ], [ 77.29919855727627, 24.698917902036985 ], [ 77.297070892323916, 24.701234360029474 ], [ 77.296210465144782, 24.700802088203528 ], [ 77.294447563457624, 24.699916397605257 ], [ 77.293615437772146, 24.699301371712846 ], [ 77.293148053563442, 24.698951011572298 ], [ 77.291354641711891, 24.697732502808854 ], [ 77.289012596258161, 24.695649579545432 ], [ 77.287970603742366, 24.695618211373173 ], [ 77.281321811436953, 24.695417889849825 ], [ 77.280064683425863, 24.690123756848919 ], [ 77.277436022379348, 24.690342354275799 ], [ 77.275275410094963, 24.693392133622226 ], [ 77.276198997624306, 24.69656220170431 ], [ 77.274249816893175, 24.697187872651604 ], [ 77.272523751171434, 24.698124874758129 ], [ 77.272473912462303, 24.698151929450177 ], [ 77.269661811730614, 24.698992818401262 ], [ 77.271716669308447, 24.699568323325789 ], [ 77.271745610430912, 24.701586943148296 ], [ 77.271038602707279, 24.701775076284669 ], [ 77.269159217062381, 24.702275160747796 ], [ 77.268139244219824, 24.703004993263367 ], [ 77.267417237453856, 24.704020265449017 ], [ 77.266893771512414, 24.704948343444176 ], [ 77.266370206288812, 24.705877747979319 ], [ 77.265649303080636, 24.706769533419294 ], [ 77.264739318166846, 24.707285818007872 ], [ 77.264427234752219, 24.707351665731153 ], [ 77.261985344800138, 24.707864879713981 ], [ 77.260508957147664, 24.708175288666524 ], [ 77.256578977873886, 24.706691882519689 ], [ 77.254463056748605, 24.705893153087711 ], [ 77.253244514082766, 24.702519664929355 ], [ 77.249958503588999, 24.702694075082167 ], [ 77.249351694046382, 24.703109245534613 ], [ 77.246983799217816, 24.704467780997721 ], [ 77.245689382875099, 24.704588843036003 ], [ 77.244578388655029, 24.704301440982075 ], [ 77.244413366605599, 24.704660864008371 ], [ 77.245199379405634, 24.707044375182218 ], [ 77.24514868443454, 24.7096217743693 ], [ 77.244993007880808, 24.710505629154948 ], [ 77.243730654204427, 24.711673452823486 ], [ 77.242961000053015, 24.711720759317931 ], [ 77.240778543418458, 24.70979293111267 ], [ 77.237371031221812, 24.710477475146238 ], [ 77.23655521332546, 24.70922378595079 ], [ 77.23599984606723, 24.708012438730528 ], [ 77.235338479725755, 24.705355042504483 ], [ 77.235060994462728, 24.70422194463579 ], [ 77.234388727283715, 24.702904983150646 ], [ 77.234162054272673, 24.702234824957387 ], [ 77.233642296144879, 24.699709149487866 ], [ 77.23173052318603, 24.700089006477974 ], [ 77.23169873628801, 24.70005284944984 ], [ 77.230556099273215, 24.698753117558795 ], [ 77.230276935023895, 24.69894331466519 ], [ 77.229858437003443, 24.699790661123082 ], [ 77.230143465229091, 24.701322074552618 ], [ 77.229544405954343, 24.702461861773319 ], [ 77.228720190896141, 24.703114347987235 ], [ 77.227307119582505, 24.703814941767661 ], [ 77.227197819241766, 24.705059706312596 ], [ 77.226796627338857, 24.705927445506699 ], [ 77.226802810333069, 24.706426413654643 ], [ 77.227337268560703, 24.707628277098454 ], [ 77.22856195666823, 24.708458135921518 ], [ 77.228113926406351, 24.709519848873111 ], [ 77.227832677840723, 24.709693338889128 ], [ 77.2271599341437, 24.709851267488407 ], [ 77.224627562560812, 24.710337528800181 ], [ 77.222246553936714, 24.710704129417554 ], [ 77.219146053297735, 24.711847039917796 ], [ 77.217847083269007, 24.711430601550667 ], [ 77.216115325974386, 24.710875392981663 ], [ 77.215113910069732, 24.712090028234623 ], [ 77.213807447372318, 24.712730728248506 ], [ 77.212485799003815, 24.712964938242404 ], [ 77.211225587848503, 24.711722168238094 ], [ 77.209862272038251, 24.711050548020356 ], [ 77.208314615729563, 24.71118545391672 ], [ 77.20720648454602, 24.711859590720518 ], [ 77.206046601461352, 24.712940901486245 ], [ 77.20530965258078, 24.714045466237657 ], [ 77.204543901010737, 24.714683127036402 ], [ 77.202080041129719, 24.714630354550195 ], [ 77.201971212297735, 24.714423254795705 ], [ 77.201866681656739, 24.714212296288586 ], [ 77.202119639180708, 24.712923395262195 ], [ 77.202381065300884, 24.710258486333906 ], [ 77.202987500762063, 24.704556491610731 ], [ 77.204456363386626, 24.704338598891667 ], [ 77.206034851104974, 24.70454892607636 ], [ 77.207631263625643, 24.704328826772311 ], [ 77.208460023385896, 24.703811232010445 ], [ 77.208725005100931, 24.703295213827278 ], [ 77.209256957707936, 24.702259287423431 ], [ 77.209320763565771, 24.701139384567728 ], [ 77.209526515256613, 24.699794439872417 ], [ 77.210048384800629, 24.698663009154881 ], [ 77.211411969039688, 24.696915864169121 ], [ 77.211423089925404, 24.696896517559143 ], [ 77.212229997111535, 24.695492710470816 ], [ 77.212371213249554, 24.694286233982645 ], [ 77.21193207039839, 24.692956492985211 ], [ 77.211975722399984, 24.691653952155789 ], [ 77.211992948420288, 24.691599187504018 ], [ 77.212538873622748, 24.68986353111239 ], [ 77.212634046832875, 24.688681406928577 ], [ 77.212557854458666, 24.687646602978742 ], [ 77.212656035699965, 24.685991704945085 ], [ 77.212789979437858, 24.684833375687692 ], [ 77.213037245688625, 24.683509412260513 ], [ 77.212376745253522, 24.681120934764653 ], [ 77.211360588923867, 24.678867173617906 ], [ 77.211919019989168, 24.67773020014155 ], [ 77.21248403766586, 24.677607904258384 ], [ 77.21295732281537, 24.678880471286028 ], [ 77.2130112896036, 24.67939462493543 ], [ 77.213088467641327, 24.680129911458121 ], [ 77.213755152710391, 24.680599493566451 ], [ 77.21419361032217, 24.680944797740725 ], [ 77.214535193575372, 24.68198052678558 ], [ 77.215518265884484, 24.685249409844563 ], [ 77.217076247243398, 24.687355479254997 ], [ 77.217204937746715, 24.687344609322878 ], [ 77.218130011761446, 24.687266476707602 ], [ 77.218330252885508, 24.687157665894553 ], [ 77.218468331642015, 24.686853519332139 ], [ 77.218717596541467, 24.685734703774866 ], [ 77.218912611343285, 24.684357800580823 ], [ 77.219364049600259, 24.683104890916841 ], [ 77.219370869618146, 24.681853408334788 ], [ 77.218992083833882, 24.68051882314586 ], [ 77.218391215907374, 24.679428856835969 ], [ 77.216227245117395, 24.676224741494384 ], [ 77.215836460034396, 24.674446311708707 ], [ 77.214863119345651, 24.673105785731103 ], [ 77.214149444149754, 24.672791076118354 ], [ 77.213989365611539, 24.672720485869586 ], [ 77.212494137105509, 24.672584451507781 ], [ 77.212157471280136, 24.672321882267376 ], [ 77.211433626450642, 24.671758278969936 ], [ 77.211372837375322, 24.671285664788812 ], [ 77.211488681252462, 24.670412192776553 ], [ 77.211916209910399, 24.668556519694008 ], [ 77.211383963097916, 24.666627406596483 ], [ 77.211309914682957, 24.666359015694237 ], [ 77.211318800653714, 24.666006449237525 ], [ 77.212439393838196, 24.664139935607217 ], [ 77.21279960538196, 24.664009844968977 ], [ 77.213344060436356, 24.66518915526505 ], [ 77.214360263619255, 24.666088862880187 ], [ 77.215568131458127, 24.667135321192657 ], [ 77.216209738706141, 24.667691176592129 ], [ 77.217565889822254, 24.669091833797623 ], [ 77.218185466426746, 24.670311181161637 ], [ 77.218060418386003, 24.671140960045431 ], [ 77.217287153022212, 24.671924436435098 ], [ 77.217942822900383, 24.673102134689415 ], [ 77.218233300946565, 24.674745094861738 ], [ 77.218321312974979, 24.67590559377518 ], [ 77.219616168122968, 24.678106965599767 ], [ 77.22049933071041, 24.679027034025939 ], [ 77.221064929308881, 24.680153311276555 ], [ 77.222246575603307, 24.680886157669907 ], [ 77.222357243704579, 24.682170017695348 ], [ 77.221901477207368, 24.683180630420924 ], [ 77.222037701841018, 24.683573034612941 ], [ 77.223024287948519, 24.683822261798696 ], [ 77.2233992544611, 24.685355255212482 ], [ 77.222730975354636, 24.686714653608483 ], [ 77.223507467136258, 24.687423079794371 ], [ 77.223953175577705, 24.687618144759035 ], [ 77.225102165503557, 24.687397440101613 ], [ 77.225243597597228, 24.687232576230937 ], [ 77.226434718223501, 24.685730408429805 ], [ 77.227186556493677, 24.684782212930553 ], [ 77.22789734994835, 24.685102067767065 ], [ 77.228171729331862, 24.686352740018659 ], [ 77.226982223893557, 24.687693440606903 ], [ 77.227255359469041, 24.689074761667737 ], [ 77.226042843404187, 24.689486154996342 ], [ 77.225281487676341, 24.690038244612385 ], [ 77.224412951760712, 24.691453763741606 ], [ 77.223426677059607, 24.692521713988658 ], [ 77.223854569401908, 24.693241359080332 ], [ 77.225785597958463, 24.692754935828944 ], [ 77.228649392226615, 24.692562095126231 ], [ 77.229742681753152, 24.692822915821143 ], [ 77.229988216203907, 24.693148476796374 ], [ 77.230436023089339, 24.694425732089538 ], [ 77.230908052765827, 24.695131292672528 ], [ 77.23270865257436, 24.695350597114238 ], [ 77.233750651522413, 24.696328856960957 ], [ 77.235213990022132, 24.696299986891859 ], [ 77.236308905714807, 24.696354470922024 ], [ 77.237311801887728, 24.697160149358272 ], [ 77.237586487969139, 24.696930500361233 ], [ 77.237604622124977, 24.696320029624935 ], [ 77.237077006544183, 24.695784422735166 ], [ 77.236856163538775, 24.694596057871181 ], [ 77.237108335058238, 24.694274830763252 ], [ 77.238012071614165, 24.693458226658088 ], [ 77.239161366859364, 24.692702526979218 ], [ 77.240061760126366, 24.692327088361463 ], [ 77.241537135062288, 24.692592864925384 ], [ 77.24194748241365, 24.692389593097939 ], [ 77.242650140979222, 24.6917348041369 ], [ 77.243503213805994, 24.690274170770063 ], [ 77.24383762619523, 24.68907394308215 ], [ 77.243550582131832, 24.687943616812941 ], [ 77.243138848354334, 24.687154419424331 ], [ 77.239795467924466, 24.684455978586392 ], [ 77.239407730270912, 24.683541574429732 ], [ 77.239456854469225, 24.683113701975074 ], [ 77.239806515454134, 24.682383462475489 ], [ 77.241383848508505, 24.681817272195413 ], [ 77.24412687852012, 24.681033319067506 ], [ 77.245157530914824, 24.680504965995862 ], [ 77.245559232861112, 24.680144440040376 ], [ 77.247018016539329, 24.678679809122499 ], [ 77.248096624857155, 24.677803708219518 ], [ 77.247383043643708, 24.676335360509029 ], [ 77.247914602686137, 24.675472342245218 ], [ 77.246456069207923, 24.674552532694172 ], [ 77.244067529759377, 24.673563496708852 ], [ 77.240584654700939, 24.672954638408971 ], [ 77.239983487182215, 24.674277554026801 ], [ 77.238335018553656, 24.673398192721656 ], [ 77.239963161791579, 24.671885711014177 ], [ 77.240731117271793, 24.671473151031527 ], [ 77.24412547454709, 24.671527912421489 ], [ 77.244798055812197, 24.670851992783842 ], [ 77.244645292757184, 24.669690888765384 ], [ 77.246459024535525, 24.669221732152316 ], [ 77.247752544056056, 24.668416049985133 ], [ 77.246816987822783, 24.667702900089502 ], [ 77.245030503715782, 24.666827324590894 ], [ 77.240286467305395, 24.666057217531659 ], [ 77.23895515220724, 24.665716080154407 ], [ 77.234652523111379, 24.66583283673738 ], [ 77.233569100212932, 24.666189880801749 ], [ 77.23062609214972, 24.667184521576246 ], [ 77.226280294386001, 24.66855994275101 ], [ 77.225955592408312, 24.66855489358165 ], [ 77.225211549588863, 24.66851297550793 ], [ 77.224883272522547, 24.668408113396218 ], [ 77.224398627876099, 24.667195291656988 ], [ 77.223430076998014, 24.666040481174818 ], [ 77.221001620137059, 24.665442942047108 ], [ 77.220719150723767, 24.665193331956296 ], [ 77.22021496455524, 24.664334581228495 ], [ 77.218890454935575, 24.663184264708622 ], [ 77.218522540661624, 24.662328534175131 ], [ 77.218319492368821, 24.65954976559377 ], [ 77.21786768291382, 24.65869437770548 ], [ 77.217578807734441, 24.658378473137766 ], [ 77.216381478349021, 24.657362278943545 ], [ 77.214344523168663, 24.656493993589304 ], [ 77.212991946983948, 24.65621425037984 ], [ 77.21268174784457, 24.655874704603946 ], [ 77.212760568214705, 24.655033164562433 ], [ 77.212945380341893, 24.654646706654873 ], [ 77.212858531422867, 24.654005460047191 ], [ 77.210254143999421, 24.654669766025339 ], [ 77.209718573786191, 24.65445624998538 ], [ 77.208745856053625, 24.654698646551793 ], [ 77.20754961185996, 24.654791777525105 ], [ 77.206632477675399, 24.654763301815809 ], [ 77.205988009355281, 24.654622038108766 ], [ 77.206021340814033, 24.654442977953 ], [ 77.206255799893142, 24.653105890570814 ], [ 77.206580838484868, 24.651820338200771 ], [ 77.207238242338548, 24.650542764933206 ], [ 77.207376681267334, 24.649103151725328 ], [ 77.207336099642532, 24.647811889656563 ], [ 77.206624891859931, 24.645436480169316 ], [ 77.204605531761985, 24.641811992813732 ], [ 77.205474008326149, 24.642278517444893 ], [ 77.20572280805969, 24.641418369636629 ], [ 77.206713607664369, 24.641079563384054 ], [ 77.207552818622901, 24.641137817439585 ], [ 77.208198110800652, 24.640552649044302 ], [ 77.207702874104072, 24.63990091595824 ], [ 77.207242899789719, 24.639472378895437 ], [ 77.207352028085396, 24.638556237707814 ], [ 77.207549846404291, 24.63821372588572 ], [ 77.20821846267944, 24.639066017520776 ], [ 77.208803436437421, 24.638841821969052 ], [ 77.207889859368692, 24.63674981863522 ], [ 77.210161457742004, 24.637277358045694 ], [ 77.210453590986859, 24.638967239753878 ], [ 77.210799311604944, 24.639751321022924 ], [ 77.212542031053545, 24.640337486533301 ], [ 77.21375147174696, 24.64089035825851 ], [ 77.216350351870318, 24.643875771657747 ], [ 77.217242257768874, 24.644301121638836 ], [ 77.218996609220312, 24.644805334625648 ], [ 77.219782919634341, 24.644401009486945 ], [ 77.220540599903046, 24.643399241255569 ], [ 77.220495832847419, 24.642224120303162 ], [ 77.21973194711255, 24.641135614795367 ], [ 77.220010056551217, 24.639618154433521 ], [ 77.219655424735606, 24.638563421826827 ], [ 77.218886442078229, 24.637413140526665 ], [ 77.217779862436004, 24.636885147414652 ], [ 77.217080290553724, 24.634924990658948 ], [ 77.217202563637244, 24.634454343568105 ], [ 77.217811935083731, 24.632700224179924 ], [ 77.217418630928364, 24.631489717319681 ], [ 77.216615386744806, 24.630671152736298 ], [ 77.217181048803823, 24.629532908283338 ], [ 77.216207023475448, 24.628175673990643 ], [ 77.214942916401583, 24.627435880551179 ], [ 77.212331341642383, 24.627694065730847 ], [ 77.210116882875724, 24.626102305478806 ], [ 77.208143350412826, 24.625970651030912 ], [ 77.207102951726355, 24.62488974833062 ], [ 77.205878712959233, 24.624195544904332 ], [ 77.205331514418646, 24.623602908743436 ], [ 77.205906428482109, 24.622322027427543 ], [ 77.205711930381682, 24.621960870788879 ], [ 77.204846063267112, 24.621230208073907 ], [ 77.204778962736313, 24.620563635078689 ], [ 77.205382565107314, 24.619620759410122 ], [ 77.206124479517698, 24.618715330101445 ], [ 77.205564766510378, 24.617443534338257 ], [ 77.204349752208657, 24.616652674729014 ], [ 77.204045482582828, 24.615963562448801 ], [ 77.203260735387857, 24.612319670625745 ], [ 77.201813524154616, 24.611669585699037 ], [ 77.200944322523966, 24.611279130654502 ], [ 77.200876770968634, 24.61137481872359 ], [ 77.199956552201115, 24.612678301065998 ], [ 77.199030198676994, 24.612295124642511 ], [ 77.197700037816432, 24.611185494788145 ], [ 77.197571009893906, 24.610997112674337 ], [ 77.196865942352375, 24.609967694108732 ], [ 77.193059805284449, 24.609003010948364 ], [ 77.190486236167985, 24.608703542751112 ], [ 77.189853517607574, 24.608530265688916 ], [ 77.189476691270528, 24.608434003001644 ], [ 77.189263113839957, 24.608133775246976 ], [ 77.189602892772143, 24.606796362976926 ], [ 77.190111640765991, 24.60585440065838 ], [ 77.190076211951137, 24.604024142321531 ], [ 77.189276055618919, 24.603710933816274 ], [ 77.187701466603244, 24.603510859487113 ], [ 77.186594557163545, 24.602924528355494 ], [ 77.186053302936756, 24.602359477983399 ], [ 77.185920975714168, 24.601235463783034 ], [ 77.187445009489522, 24.600891880300384 ], [ 77.188161742306065, 24.600615166182436 ], [ 77.188710276891726, 24.5991023082094 ], [ 77.188850031956662, 24.597792354506375 ], [ 77.188301342211631, 24.597100113399637 ], [ 77.18685604819342, 24.59813558291253 ], [ 77.18619571338661, 24.599084295531313 ], [ 77.185718246042001, 24.599998536586554 ], [ 77.185178002606051, 24.600606545680929 ], [ 77.184218111879716, 24.599585420507129 ], [ 77.18363278907222, 24.599492075333885 ], [ 77.183243880032535, 24.597644401705534 ], [ 77.183166200651939, 24.596044629523718 ], [ 77.182627083093749, 24.592868249056306 ], [ 77.182075215458198, 24.592027801342105 ], [ 77.183360087621551, 24.590788897256395 ], [ 77.185507275984634, 24.59157944713758 ], [ 77.185746635898411, 24.591490497415926 ], [ 77.188321775635359, 24.590533511478494 ], [ 77.188092286550386, 24.589687261774849 ], [ 77.188162116583115, 24.587665473548455 ], [ 77.187471859709987, 24.586623313848261 ], [ 77.187558438060321, 24.585636492548314 ], [ 77.187414500427195, 24.58514438676179 ], [ 77.188313676412179, 24.585189911931472 ], [ 77.191148263042663, 24.585286187856266 ], [ 77.191868612328022, 24.585483160180829 ], [ 77.193573343816823, 24.585949286307606 ], [ 77.194767234853643, 24.589172130291317 ], [ 77.193306483820379, 24.591428692180479 ], [ 77.194966472372272, 24.591675629764811 ], [ 77.196575208454504, 24.591541671151809 ], [ 77.196524850310681, 24.593543649827328 ], [ 77.194356396481624, 24.595612453095111 ], [ 77.193634064308995, 24.596870148364307 ], [ 77.192846462685324, 24.59814646315262 ], [ 77.193000167006048, 24.598823144357461 ], [ 77.192119680658749, 24.599170685743331 ], [ 77.192559624686027, 24.599744884538701 ], [ 77.193796580975032, 24.600160953660005 ], [ 77.193969123195131, 24.601599390221949 ], [ 77.193742430971625, 24.604963345024125 ], [ 77.194732266229067, 24.604646538359276 ], [ 77.197050039653504, 24.604047459267193 ], [ 77.197227434149113, 24.604596904816542 ], [ 77.197778843357071, 24.605432817036593 ], [ 77.198285004473519, 24.605662815104044 ], [ 77.199147982403076, 24.605394122176211 ], [ 77.20031669629094, 24.605485544085646 ], [ 77.201491658056526, 24.606179006198971 ], [ 77.201851931500343, 24.606302359148806 ], [ 77.202565530808201, 24.605919636247091 ], [ 77.203143865586554, 24.605658058860378 ], [ 77.205503333566554, 24.604590846921102 ], [ 77.205840026276874, 24.603798757015046 ], [ 77.205813728271778, 24.602481691121518 ], [ 77.207371474913415, 24.601770490572189 ], [ 77.208789731659877, 24.601525001580629 ], [ 77.209760237578806, 24.601905857196122 ], [ 77.210799183610618, 24.602313559809929 ], [ 77.212492054556805, 24.601658895601155 ], [ 77.214701393851939, 24.602159891317164 ], [ 77.214759959369729, 24.602671784931044 ], [ 77.214951444169742, 24.603807774686807 ], [ 77.21425785620724, 24.604851948315151 ], [ 77.2140185049293, 24.605789912159246 ], [ 77.214841550715619, 24.607393547956381 ], [ 77.21481833288658, 24.608378053941948 ], [ 77.213718842127875, 24.609777586148287 ], [ 77.213099452376426, 24.610776001339872 ], [ 77.212373642994777, 24.61116589721388 ], [ 77.212188615416466, 24.6116536774921 ], [ 77.211589641814498, 24.61250148896757 ], [ 77.210447580399219, 24.613109509326971 ], [ 77.21040865211738, 24.613465646834889 ], [ 77.209580165640048, 24.61445906622837 ], [ 77.208449152335433, 24.614777287403275 ], [ 77.207680092186337, 24.615335069703711 ], [ 77.207592153406608, 24.615743569716734 ], [ 77.207597849865294, 24.616608705308096 ], [ 77.208160557939138, 24.61779850365394 ], [ 77.209079151805255, 24.618459355109266 ], [ 77.210570227423077, 24.617863256049297 ], [ 77.211475813550635, 24.618337264997603 ], [ 77.212576224316209, 24.619121653855927 ], [ 77.212911208639071, 24.619233030766228 ], [ 77.213706034969547, 24.619021896804121 ], [ 77.214441677412736, 24.617548901666673 ], [ 77.215129540754987, 24.616695950521578 ], [ 77.216271299755931, 24.615987688257341 ], [ 77.218010772243048, 24.615860491896843 ], [ 77.218101261192757, 24.61585387460465 ], [ 77.220264766487674, 24.615695640647321 ], [ 77.221153819086936, 24.615354835999753 ], [ 77.22221175241846, 24.614408689103694 ], [ 77.222526898208272, 24.611643320058935 ], [ 77.223804653619524, 24.612550247563195 ], [ 77.226469434261773, 24.614441583224487 ], [ 77.227242853615508, 24.615134145076485 ], [ 77.226117165586828, 24.617339540491447 ], [ 77.225905760921904, 24.61903878693316 ], [ 77.225758271156593, 24.620371906572242 ], [ 77.226259469874222, 24.621640443518885 ], [ 77.227009687563395, 24.622630850080807 ], [ 77.228314448246309, 24.622584175945509 ], [ 77.22926329381977, 24.622308074427711 ], [ 77.229966552871602, 24.621325532553961 ], [ 77.231071692220809, 24.620556314284762 ], [ 77.231802737691211, 24.61903026396994 ], [ 77.23230213380468, 24.618305936677903 ], [ 77.23306742938027, 24.617606631234498 ], [ 77.233800103854463, 24.61671200744356 ], [ 77.232951137671435, 24.614529064862495 ], [ 77.231516948412875, 24.614632813580887 ], [ 77.231442010793074, 24.613247753150603 ], [ 77.232766945080328, 24.612900957172492 ], [ 77.233402858280812, 24.612752108116183 ], [ 77.234072121341384, 24.612787949511031 ], [ 77.235538486727805, 24.612985755026429 ], [ 77.23691724184998, 24.613830602053298 ], [ 77.238415696856308, 24.615234460185722 ], [ 77.23943842825166, 24.616942127456802 ], [ 77.240153485336748, 24.617328819846417 ], [ 77.241524333264124, 24.617361949319339 ], [ 77.242295858212188, 24.615828354915649 ], [ 77.241922957293696, 24.614074593985563 ], [ 77.241083929706221, 24.613058166799725 ], [ 77.241501261708635, 24.612473116864923 ], [ 77.241420686565988, 24.612366651984207 ], [ 77.241376033564251, 24.61227370997549 ], [ 77.241337870867127, 24.612178381894598 ], [ 77.241306349046539, 24.612081045545203 ], [ 77.241281595868003, 24.611982087583517 ], [ 77.241263707417119, 24.611881901642978 ], [ 77.241252756044858, 24.611780883880172 ], [ 77.241248784398735, 24.611679437444074 ], [ 77.24125180749148, 24.611577962557387 ], [ 77.241261814609658, 24.6114768637566 ], [ 77.241265075720364, 24.611411331565556 ], [ 77.241261100013176, 24.611345833158637 ], [ 77.241249927715629, 24.611281033584739 ], [ 77.241231674173235, 24.611217593962646 ], [ 77.241206524065333, 24.611156156081954 ], [ 77.241174733338212, 24.611097346934436 ], [ 77.241136624408867, 24.611041763322358 ], [ 77.241092587152394, 24.610989971866836 ], [ 77.241043068136847, 24.610942498085411 ], [ 77.240932629301952, 24.610818215769239 ], [ 77.24082479977389, 24.610692030010032 ], [ 77.240719620582468, 24.61056398990516 ], [ 77.240617129818773, 24.610434141819486 ], [ 77.24051736163031, 24.610302531183777 ], [ 77.240420356049043, 24.61016920799074 ], [ 77.24032614524576, 24.610034217655588 ], [ 77.240234765283162, 24.60989761194601 ], [ 77.240146250272986, 24.609759439905073 ], [ 77.239956730855852, 24.609510645016215 ], [ 77.239774077395992, 24.609257595471323 ], [ 77.239598401009701, 24.60900044931552 ], [ 77.239429815748466, 24.608739367325857 ], [ 77.239268424769151, 24.608474512903079 ], [ 77.239114329241644, 24.608206050334896 ], [ 77.238967624355311, 24.607934149280577 ], [ 77.238850886456319, 24.607703416218108 ], [ 77.238828403321108, 24.607658979383135 ], [ 77.2386967543829, 24.607380712955354 ], [ 77.238625073668715, 24.607268136794769 ], [ 77.238544779618991, 24.607160528355013 ], [ 77.238456284973552, 24.607058437273551 ], [ 77.23836004124577, 24.606962386395807 ], [ 77.238256539777709, 24.606872864558301 ], [ 77.238146307746433, 24.606790331073533 ], [ 77.238029911220778, 24.606715205819594 ], [ 77.237907942277317, 24.606647873655241 ], [ 77.237781024016058, 24.606588676331235 ], [ 77.237427171996359, 24.606423609302283 ], [ 77.236846095109755, 24.605156240557793 ], [ 77.236825044774704, 24.604758616572393 ], [ 77.236719223492898, 24.602759729691559 ], [ 77.236360344193045, 24.601451063014629 ], [ 77.235693433615836, 24.600480723308213 ], [ 77.233555831586216, 24.599096652754238 ], [ 77.232967026712188, 24.598245054089702 ], [ 77.229697812609828, 24.596377544674731 ], [ 77.229084259627143, 24.595728605125384 ], [ 77.233270257036494, 24.592606741597287 ], [ 77.233591841506936, 24.592359300622515 ], [ 77.23493102494399, 24.593511342459731 ], [ 77.237746346910029, 24.595559406189608 ], [ 77.238529067919032, 24.596128790941798 ], [ 77.240055161987755, 24.597178949627548 ] ], [ [ 77.225652575355923, 24.713805720138804 ], [ 77.227698404986967, 24.713367734625901 ], [ 77.228386698822433, 24.711386865109628 ], [ 77.233107607750142, 24.71176363411271 ], [ 77.23420824476942, 24.711876143628253 ], [ 77.238501350764025, 24.716513420120044 ], [ 77.239040241685842, 24.717095480078935 ], [ 77.236702593668895, 24.721635862475427 ], [ 77.237589359605337, 24.722597743119085 ], [ 77.240324644920307, 24.724762147875428 ], [ 77.238324851156023, 24.727059404364503 ], [ 77.236165291919164, 24.729538345134927 ], [ 77.236080007243046, 24.729636239733459 ], [ 77.235506761028205, 24.730362756774049 ], [ 77.233265311049095, 24.733410203467983 ], [ 77.230702279749821, 24.736871195533617 ], [ 77.223850718020003, 24.736567125259661 ], [ 77.221776757529639, 24.734591818851481 ], [ 77.221256356195369, 24.733838812726887 ], [ 77.221196374797614, 24.733752021810997 ], [ 77.220605408961049, 24.732551788840127 ], [ 77.220061193784048, 24.731700638190791 ], [ 77.220413189264647, 24.725933647408237 ], [ 77.222012245829447, 24.724638945859187 ], [ 77.223693352934234, 24.723135221136214 ], [ 77.225234551425032, 24.722121990474502 ], [ 77.226306757680945, 24.719187173668271 ], [ 77.228151862071186, 24.717610740605 ], [ 77.229830929225585, 24.717119656126666 ], [ 77.229680006389486, 24.716508689474885 ], [ 77.22937923490862, 24.715173842380999 ], [ 77.226561601774662, 24.715796692814553 ], [ 77.225652575355923, 24.713805720138804 ] ] ], [ [ [ 77.331155717644691, 24.506344453268142 ], [ 77.330596193058057, 24.503319842432557 ], [ 77.330470470281796, 24.502883023158574 ], [ 77.331018212899593, 24.502691600424185 ], [ 77.331751480553564, 24.503015241213422 ], [ 77.332309929229794, 24.502498284930134 ], [ 77.333632086870224, 24.501674214711681 ], [ 77.334767245580935, 24.501277154112806 ], [ 77.336100352519821, 24.501197911370348 ], [ 77.336574629493825, 24.50126642722735 ], [ 77.337264560449455, 24.501104940822206 ], [ 77.338250412249408, 24.501517238898607 ], [ 77.3401070741848, 24.502269730257211 ], [ 77.342277579208641, 24.503191481994584 ], [ 77.342247183395088, 24.50313182842596 ], [ 77.342218726102388, 24.503071380279962 ], [ 77.342192234535077, 24.50301018833073 ], [ 77.342167730939394, 24.502948306026681 ], [ 77.342145235564402, 24.502885789511566 ], [ 77.342124768689629, 24.502822691316418 ], [ 77.342106348589738, 24.502759067570871 ], [ 77.342089990585976, 24.502694973480075 ], [ 77.342075709976271, 24.502630466958731 ], [ 77.342098518607727, 24.502541067463934 ], [ 77.342126408270516, 24.502452882813184 ], [ 77.342159298929971, 24.50236615358957 ], [ 77.34219710562482, 24.502281119437693 ], [ 77.342239721764599, 24.502198009912345 ], [ 77.342287030882034, 24.502117055401079 ], [ 77.342338903771761, 24.502038475362092 ], [ 77.342395200395359, 24.50196248646666 ], [ 77.342455762039037, 24.501889296220853 ], [ 77.342499030916031, 24.501857108566803 ], [ 77.342536922348913, 24.501819670239541 ], [ 77.342568680802444, 24.501777727334602 ], [ 77.34259367535175, 24.501732114445044 ], [ 77.342611409698222, 24.501683737571522 ], [ 77.342621531182431, 24.501633558831433 ], [ 77.342600013250518, 24.501570780172461 ], [ 77.342462038030305, 24.501383219677496 ], [ 77.342166699844555, 24.500812066780504 ], [ 77.342086723461279, 24.500730636255369 ], [ 77.342017788915129, 24.500641154534406 ], [ 77.341960853956948, 24.500544863132045 ], [ 77.341916712588613, 24.500443106264285 ], [ 77.341885979548735, 24.500337298221844 ], [ 77.341869081500576, 24.500228915177765 ], [ 77.341866256300747, 24.500119465376041 ], [ 77.341877541303333, 24.500010471887151 ], [ 77.341902778443526, 24.499903455483306 ], [ 77.341907661137526, 24.499863440294721 ], [ 77.34191152399265, 24.49982333204122 ], [ 77.341914366817903, 24.499783153301671 ], [ 77.341916188450611, 24.499742924841545 ], [ 77.341916985754125, 24.499702667412397 ], [ 77.341916761490779, 24.49966240451721 ], [ 77.341915511529265, 24.499622157803568 ], [ 77.341913239649656, 24.499581947168974 ], [ 77.341909945645583, 24.499541796998376 ], [ 77.341804363217491, 24.498975996217585 ], [ 77.341802900487195, 24.498932799922201 ], [ 77.341803309376544, 24.498889585338937 ], [ 77.341805593263331, 24.498846419328988 ], [ 77.34180974663478, 24.498803369593418 ], [ 77.341815762975713, 24.498760505632465 ], [ 77.341823632848431, 24.498717892409527 ], [ 77.341833344795205, 24.498675600292756 ], [ 77.341844882484807, 24.498633692389895 ], [ 77.341858226586751, 24.498592236303271 ], [ 77.342098069696078, 24.498135148325353 ], [ 77.34250831551644, 24.497552215578217 ], [ 77.341997048880557, 24.497190176232738 ], [ 77.340853906097109, 24.497771640975362 ], [ 77.339300377010673, 24.49827495445675 ], [ 77.338490211117232, 24.498521964771033 ], [ 77.336776732218269, 24.498159185070911 ], [ 77.335434263617785, 24.498028642650073 ], [ 77.335172388473012, 24.498695276633434 ], [ 77.334432256120067, 24.499682609148476 ], [ 77.332883349000213, 24.500090899179156 ], [ 77.33248218489031, 24.49919845785551 ], [ 77.331556415793713, 24.498893416475489 ], [ 77.330594478570688, 24.498497515323816 ], [ 77.330436362632284, 24.499242116906135 ], [ 77.32999780990589, 24.499620738805309 ], [ 77.330037131089426, 24.499960794288167 ], [ 77.330272007809114, 24.500524633883579 ], [ 77.330308978128514, 24.500899327375471 ], [ 77.330207183930114, 24.501788005270143 ], [ 77.329150411167518, 24.501652063786473 ], [ 77.327964883802991, 24.501478864202884 ], [ 77.326435254980964, 24.501069678521816 ], [ 77.324958733376377, 24.500467748849648 ], [ 77.322830939197658, 24.500119334113123 ], [ 77.322127341275191, 24.499909655033665 ], [ 77.320983612873249, 24.499277764987653 ], [ 77.319771236327938, 24.498105560401012 ], [ 77.318694043927422, 24.497047956894871 ], [ 77.318384885844779, 24.496744417569101 ], [ 77.317791420978025, 24.496125038436297 ], [ 77.317241364037542, 24.49497220011159 ], [ 77.315453053912037, 24.492332927812864 ], [ 77.315491066911648, 24.491902490856376 ], [ 77.316129184185456, 24.490961741710368 ], [ 77.316709777576193, 24.48996148847424 ], [ 77.317643435704554, 24.487838894653539 ], [ 77.317756397820645, 24.487582079962305 ], [ 77.3188549525171, 24.486988629225877 ], [ 77.320154551078204, 24.487248131637699 ], [ 77.320943339127723, 24.487508807901925 ], [ 77.321138172966286, 24.486734975889302 ], [ 77.321251794509649, 24.486117190719863 ], [ 77.321725118419494, 24.485092947173186 ], [ 77.322375150674475, 24.483983367576027 ], [ 77.322667641956329, 24.482831572982043 ], [ 77.322521152012598, 24.481989285909691 ], [ 77.322801354854079, 24.480354692255865 ], [ 77.323090251390212, 24.479104425177145 ], [ 77.323406631834388, 24.478074356844491 ], [ 77.32375368399542, 24.476934602981494 ], [ 77.324267364861086, 24.475933806074089 ], [ 77.324688641598684, 24.475512220447133 ], [ 77.324899920566409, 24.475103671392482 ], [ 77.326043485219458, 24.47415296741902 ], [ 77.327366493928565, 24.47474644119794 ], [ 77.328680491428585, 24.474890831629356 ], [ 77.329174243902401, 24.474037467686351 ], [ 77.329881077143767, 24.472873813429583 ], [ 77.329724876252072, 24.472308172278279 ], [ 77.32839761932668, 24.471164474451015 ], [ 77.328219436192072, 24.47101130698799 ], [ 77.327554692477193, 24.470348889186443 ], [ 77.32755973637633, 24.47020687105984 ], [ 77.327560916448121, 24.470064780825396 ], [ 77.327558228975988, 24.46992270787409 ], [ 77.327551678137525, 24.469780741653647 ], [ 77.327541265188842, 24.469638967074342 ], [ 77.327526998246825, 24.469497474514949 ], [ 77.327508886446012, 24.469356350748374 ], [ 77.327486939899899, 24.469215683457453 ], [ 77.327461173647748, 24.469075561263605 ], [ 77.327433352566516, 24.468990068242057 ], [ 77.327401844359798, 24.468905653259789 ], [ 77.327366697206628, 24.468822452142913 ], [ 77.32732796822863, 24.468740593556237 ], [ 77.327285716512634, 24.468660207081683 ], [ 77.327240011028053, 24.468581420565719 ], [ 77.327190921769329, 24.468504357346177 ], [ 77.327138527618871, 24.468429139921508 ], [ 77.327082910457577, 24.46835588629553 ], [ 77.32699232622852, 24.468275669694027 ], [ 77.326900109182034, 24.468197029102686 ], [ 77.326806289681983, 24.468119990930607 ], [ 77.326710903002208, 24.46804458433181 ], [ 77.326613981487228, 24.467970834826453 ], [ 77.32651555945472, 24.467898767948906 ], [ 77.32641567318781, 24.467828410150975 ], [ 77.326314356995852, 24.467759787870353 ], [ 77.326211647215928, 24.467692921236836 ], [ 77.326155223154259, 24.467664753136361 ], [ 77.325477149992324, 24.467326232268455 ], [ 77.325317744503508, 24.467263534919418 ], [ 77.3251605952548, 24.467196231995896 ], [ 77.325005861527913, 24.467124392396308 ], [ 77.324853701593241, 24.467048087721722 ], [ 77.324704267752622, 24.466967394949961 ], [ 77.32455771125754, 24.466882398277285 ], [ 77.324414181407889, 24.466793179176509 ], [ 77.324273820501531, 24.466699829908716 ], [ 77.324136772777081, 24.466602446362177 ], [ 77.324058610091527, 24.466559107255708 ], [ 77.323977211245023, 24.46652108446575 ], [ 77.323893006708062, 24.466488579804956 ], [ 77.323806442007722, 24.466461765389784 ], [ 77.323717977735683, 24.466440782737347 ], [ 77.323628081654604, 24.466425742708807 ], [ 77.323537226724881, 24.466416725494689 ], [ 77.323445897041012, 24.46641377885183 ], [ 77.323354574996571, 24.466416918913779 ], [ 77.323313242207092, 24.466432758374992 ], [ 77.323269561351992, 24.466441908854581 ], [ 77.323224815652154, 24.466444098738187 ], [ 77.323180318095424, 24.4664392661719 ], [ 77.32313737498842, 24.466427551573098 ], [ 77.323097246462467, 24.466409300054313 ], [ 77.323061112069482, 24.466385045819255 ], [ 77.323030031397565, 24.466355501942246 ], [ 77.323004916652678, 24.466321535782914 ], [ 77.322914112735347, 24.466216046247794 ], [ 77.322868789096304, 24.466147617406644 ], [ 77.322823737189879, 24.466079037877627 ], [ 77.322778959968247, 24.466010308585556 ], [ 77.322734456436493, 24.465941430426639 ], [ 77.322690226586559, 24.465872404304321 ], [ 77.322646272391566, 24.465803230233018 ], [ 77.322602593819965, 24.465733911825598 ], [ 77.322559191873793, 24.465664447283128 ], [ 77.322516066537133, 24.465594838412166 ], [ 77.322438076754636, 24.465534485154851 ], [ 77.322360422729346, 24.465473769394873 ], [ 77.322283110373988, 24.465412692078743 ], [ 77.322206137699496, 24.465351254998982 ], [ 77.322129507658488, 24.46528945908079 ], [ 77.322053225176859, 24.465227305263429 ], [ 77.321977288250068, 24.465164797145786 ], [ 77.32190170181174, 24.465101934764125 ], [ 77.321826465846428, 24.465038719925264 ], [ 77.321579868147609, 24.464768972963672 ], [ 77.321523237106959, 24.464708306151842 ], [ 77.321473217690766, 24.464642950819773 ], [ 77.321430270432799, 24.464573510942838 ], [ 77.321394790458626, 24.46450062253744 ], [ 77.321367105473456, 24.464424958162031 ], [ 77.321347468972789, 24.464347213319623 ], [ 77.321336063226497, 24.464268103769609 ], [ 77.321332991448529, 24.464188358245227 ], [ 77.321312555046873, 24.463995934789327 ], [ 77.32128452917614, 24.463996992548996 ], [ 77.321236560240351, 24.463992826131395 ], [ 77.321189646906618, 24.463982758577707 ], [ 77.321144653997763, 24.463966972282901 ], [ 77.321102408880989, 24.463945758659161 ], [ 77.32106368972093, 24.463919507212161 ], [ 77.321029207765207, 24.463888699993269 ], [ 77.32099959653705, 24.463853906101555 ], [ 77.320975404082375, 24.463815765369723 ], [ 77.32088709158171, 24.463654709460805 ], [ 77.320647283409528, 24.463413256236912 ], [ 77.320574482731445, 24.463365854630723 ], [ 77.320503231432895, 24.463329158183107 ], [ 77.320428816526061, 24.463298165984334 ], [ 77.320351782719754, 24.46327310416925 ], [ 77.320272689904911, 24.463254154726737 ], [ 77.320192120046187, 24.463241457356013 ], [ 77.320110658473908, 24.463235104815219 ], [ 77.320028902765003, 24.463235142985873 ], [ 77.319959983815494, 24.463240902131997 ], [ 77.319891763656486, 24.463251541821045 ], [ 77.319824649400985, 24.463266996364531 ], [ 77.319759048405032, 24.463287172077095 ], [ 77.319695358400722, 24.463311947204812 ], [ 77.319633959594995, 24.463341172771059 ], [ 77.319575223558019, 24.463374671737594 ], [ 77.319519506284948, 24.463412242567177 ], [ 77.319467143254755, 24.463453660090593 ], [ 77.319163569729, 24.464083729582761 ], [ 77.319130505153339, 24.464119756784871 ], [ 77.319089965980808, 24.464148691019126 ], [ 77.319043729592579, 24.464169259023173 ], [ 77.318993827707089, 24.464180558794617 ], [ 77.318942447393169, 24.46418209500083 ], [ 77.318891845019294, 24.464173801837667 ], [ 77.318844242684534, 24.464156037761889 ], [ 77.318801725565976, 24.464129588357249 ], [ 77.318766162462239, 24.464095611564559 ], [ 77.318713628772755, 24.463802046800978 ], [ 77.3186929363075, 24.463672279295178 ], [ 77.318676267205788, 24.463542029799928 ], [ 77.318663634407812, 24.463411397762741 ], [ 77.318655051754206, 24.463280492572729 ], [ 77.318650522286433, 24.463149417217647 ], [ 77.31865005199829, 24.463018275609716 ], [ 77.318653638958466, 24.462887175215979 ], [ 77.318661282238168, 24.462756221704094 ], [ 77.318672976006368, 24.462625517092992 ], [ 77.318663539141454, 24.462573666869186 ], [ 77.31864231687004, 24.462524823603164 ], [ 77.318610271838438, 24.462481201717946 ], [ 77.318568859117022, 24.462444784378864 ], [ 77.318519957998632, 24.462417222743607 ], [ 77.318465788708025, 24.462399768521745 ], [ 77.318408808336798, 24.462393212704871 ], [ 77.318351604548297, 24.462397854086532 ], [ 77.318296772390823, 24.462413481206898 ], [ 77.318093531883036, 24.462454042016848 ], [ 77.317991911060972, 24.462464772272604 ], [ 77.317889725930485, 24.462469118115077 ], [ 77.317787455279586, 24.462467057734905 ], [ 77.317685578592915, 24.462458602747418 ], [ 77.31758457118849, 24.462443790028825 ], [ 77.317484907099072, 24.462422690768982 ], [ 77.317387052219686, 24.462395404099031 ], [ 77.317291465302034, 24.462362056195527 ], [ 77.31719859397576, 24.462322803863916 ], [ 77.317128009706224, 24.462284704425066 ], [ 77.317053876010718, 24.462252748925899 ], [ 77.316976828950416, 24.462227210240822 ], [ 77.31689752967543, 24.462208312654525 ], [ 77.316816659648595, 24.462196213763697 ], [ 77.316734913613644, 24.462191018877164 ], [ 77.316652992751443, 24.462192773740281 ], [ 77.316571600749427, 24.462201462700374 ], [ 77.316491436879687, 24.46221701046256 ], [ 77.315873790223719, 24.462265985880759 ], [ 77.315812680014929, 24.462270831779932 ], [ 77.315740179598819, 24.462286794430533 ], [ 77.315665845569342, 24.462292223159107 ], [ 77.31559149674365, 24.462286983087683 ], [ 77.315518948643529, 24.462271204860016 ], [ 77.315449970187629, 24.462245271680992 ], [ 77.315386250149785, 24.46220981816861 ], [ 77.315329344047967, 24.462165710095665 ], [ 77.315280640768165, 24.462114024275486 ], [ 77.314655291664963, 24.461594568132785 ], [ 77.314571137867034, 24.461535015931908 ], [ 77.314494230935892, 24.461467752581999 ], [ 77.314425407169239, 24.461393513078701 ], [ 77.314365420302153, 24.461313107684902 ], [ 77.314314923817875, 24.461227413672372 ], [ 77.314274469069119, 24.461137364468865 ], [ 77.314244496437965, 24.461043945077311 ], [ 77.31422533352071, 24.460948173997842 ], [ 77.314217189279759, 24.460851095056192 ], [ 77.314227553346541, 24.459808680848592 ], [ 77.314234103941473, 24.459739922478597 ], [ 77.314236408565662, 24.459670936242166 ], [ 77.314234459411253, 24.459601939755089 ], [ 77.314228264433766, 24.459533153457407 ], [ 77.314217841463375, 24.459464796957622 ], [ 77.314203226113975, 24.459397087283961 ], [ 77.314184462895014, 24.45933023972287 ], [ 77.314161613120731, 24.459264466070092 ], [ 77.314134747008524, 24.459199975476437 ], [ 77.314092144677829, 24.459113231643141 ], [ 77.314038175833772, 24.459031961403792 ], [ 77.313973664449634, 24.458957408148198 ], [ 77.313899596247509, 24.458890709866868 ], [ 77.313817102018632, 24.458832888191907 ], [ 77.313727444030036, 24.458784823009044 ], [ 77.313631992336838, 24.458747253188985 ], [ 77.313532207251072, 24.458720750267357 ], [ 77.313429610713982, 24.458705720043234 ], [ 77.313334694665741, 24.45868404312715 ], [ 77.313238010490593, 24.458670398993824 ], [ 77.313140369261092, 24.458664901944996 ], [ 77.31304258659344, 24.458667597674051 ], [ 77.31294548363509, 24.458678463273284 ], [ 77.3128498722416, 24.458697409835228 ], [ 77.312756554053848, 24.458724275220312 ], [ 77.312666307553812, 24.458758837510231 ], [ 77.312579891111909, 24.45880080509485 ], [ 77.312482969993638, 24.458854179239086 ], [ 77.312381521674055, 24.458899965842782 ], [ 77.312276254461352, 24.458937846725135 ], [ 77.312167900869241, 24.458967557172784 ], [ 77.312057217569148, 24.45898889135923 ], [ 77.311944975554212, 24.459001698660256 ], [ 77.311831958117921, 24.45900588905846 ], [ 77.311718951949601, 24.459001435787858 ], [ 77.311606747188719, 24.458988369011891 ], [ 77.311538600117501, 24.458983819938251 ], [ 77.31147027305299, 24.458983501933698 ], [ 77.311402078773142, 24.45898741638165 ], [ 77.311334331208158, 24.458995545707094 ], [ 77.311267339520512, 24.459007853333464 ], [ 77.31120141011003, 24.459024280084446 ], [ 77.311136846527205, 24.459044754118501 ], [ 77.311073944642715, 24.459069179151914 ], [ 77.311012992560421, 24.459097444393375 ], [ 77.310870922816946, 24.459141706281716 ], [ 77.31072597340399, 24.459177296978073 ], [ 77.310578776218151, 24.459204063038143 ], [ 77.310429971706768, 24.459221889017051 ], [ 77.310280205931164, 24.459230694738533 ], [ 77.310130133462664, 24.459230442541781 ], [ 77.309980402597674, 24.459221135366619 ], [ 77.309831671191091, 24.459202811450552 ], [ 77.309684580930892, 24.459175552268945 ], [ 77.309589884369956, 24.459155900503589 ], [ 77.309494438534387, 24.459139564272661 ], [ 77.309398383320087, 24.459126568082542 ], [ 77.309301856688919, 24.459116931909868 ], [ 77.30920499865482, 24.45911066671448 ], [ 77.30910795021029, 24.459107784367248 ], [ 77.309010851432276, 24.459108288603424 ], [ 77.3089138453971, 24.459112178664864 ], [ 77.308834590545146, 24.459118132519777 ], [ 77.308817071273864, 24.459119449249052 ], [ 77.308717860131139, 24.459132783179804 ], [ 77.308619909075361, 24.459152428837694 ], [ 77.308523697492674, 24.459178291289692 ], [ 77.308429694193478, 24.459210243914583 ], [ 77.308338358383438, 24.459248130215904 ], [ 77.30825013967987, 24.45929176201588 ], [ 77.308165466176803, 24.459340930206146 ], [ 77.308084751454629, 24.459395393057257 ], [ 77.308008392528123, 24.459454885235694 ], [ 77.307897062552399, 24.459563379777926 ], [ 77.307789302012893, 24.459674852085453 ], [ 77.307685206502271, 24.459789203514777 ], [ 77.307584865686408, 24.459906336282149 ], [ 77.307488370305904, 24.460026142676426 ], [ 77.307395803161739, 24.460148520347463 ], [ 77.307307246132495, 24.460273359712676 ], [ 77.307222780111161, 24.46040055118203 ], [ 77.307142478114272, 24.460529983301306 ], [ 77.307036186360094, 24.460645056030401 ], [ 77.306924039222721, 24.460755375483334 ], [ 77.306806292480587, 24.460860692434789 ], [ 77.30668321168713, 24.460960768569908 ], [ 77.306555074120482, 24.461055379208435 ], [ 77.306422169809537, 24.46114430879614 ], [ 77.306284797531944, 24.461227357198258 ], [ 77.306143269770885, 24.461304337026387 ], [ 77.305997905808411, 24.461375073587565 ], [ 77.30588798578377, 24.461414005871244 ], [ 77.305779131760389, 24.461455371007368 ], [ 77.305671408066075, 24.461499146890908 ], [ 77.305564880047456, 24.461545307811491 ], [ 77.305459610122924, 24.461593824424735 ], [ 77.305355658706219, 24.461644670984374 ], [ 77.305253088248136, 24.461697814533611 ], [ 77.305151960189363, 24.461753224818175 ], [ 77.305049512188347, 24.461813419524862 ], [ 77.305017776727226, 24.461842108482259 ], [ 77.304984177853768, 24.461874214091193 ], [ 77.304951565282252, 24.461907156989749 ], [ 77.304919959931638, 24.461940914752393 ], [ 77.304889389651663, 24.461975462294898 ], [ 77.304859877390371, 24.462010770884202 ], [ 77.304831444106625, 24.462046813578951 ], [ 77.304804113711597, 24.462083564362928 ], [ 77.304777905206763, 24.46212099447391 ], [ 77.304388005089223, 24.462740227265048 ], [ 77.304336610363279, 24.462815251093936 ], [ 77.30427360293487, 24.462882449893499 ], [ 77.304200383318417, 24.462940330125289 ], [ 77.304118578151019, 24.462987606749621 ], [ 77.304030004448094, 24.463023228253366 ], [ 77.303936630866559, 24.463046405268667 ], [ 77.303840529258537, 24.463056621055806 ], [ 77.303743838988225, 24.463053649305195 ], [ 77.303648702776755, 24.463037555471814 ], [ 77.30303179593659, 24.462851912023122 ], [ 77.302920407743514, 24.462826411265887 ], [ 77.30280788387185, 24.462805504776668 ], [ 77.302694447934542, 24.46278923484482 ], [ 77.302580330562193, 24.462777631167228 ], [ 77.30246575945668, 24.462770719807043 ], [ 77.302350965390929, 24.462768514205923 ], [ 77.302236178246361, 24.462771016961163 ], [ 77.302121628946708, 24.462778224356097 ], [ 77.302007547516482, 24.462790122732809 ], [ 77.301497269016707, 24.462873125649338 ], [ 77.300764783007423, 24.463036883696834 ], [ 77.300180071355982, 24.463167601443171 ], [ 77.30011097895833, 24.463195652985377 ], [ 77.300040201797117, 24.463219935632701 ], [ 77.299967987327321, 24.463240363600733 ], [ 77.299894584842505, 24.463256866473394 ], [ 77.299820247456069, 24.463269388314753 ], [ 77.299745235093269, 24.463277884077865 ], [ 77.299669805554728, 24.463282325861641 ], [ 77.299594222449983, 24.46328269845306 ], [ 77.299518059197382, 24.463292905292214 ], [ 77.299441095282404, 24.463291747512638 ], [ 77.299365339534546, 24.463279254415124 ], [ 77.299292774487043, 24.463255751359913 ], [ 77.299225293280557, 24.463221852977636 ], [ 77.299162745994167, 24.46317654658132 ], [ 77.29894857966606, 24.463529303278143 ], [ 77.298464146897814, 24.465129709483971 ], [ 77.298293237663259, 24.465769935225254 ], [ 77.297833898410786, 24.466889038726062 ], [ 77.297416594740525, 24.468497226840924 ], [ 77.297452841354584, 24.468840336633001 ], [ 77.297161219268034, 24.469980022175015 ], [ 77.296877645101716, 24.472076109841034 ], [ 77.29674032136586, 24.473243157074766 ], [ 77.296662320117861, 24.473615596779496 ], [ 77.296537904221552, 24.4742096373725 ], [ 77.29647765046019, 24.474497325780614 ], [ 77.296420603857115, 24.474938291915528 ], [ 77.296180388942943, 24.475703464226157 ], [ 77.296132288884678, 24.476027588177878 ], [ 77.296124965167039, 24.476051902177431 ], [ 77.295796502951674, 24.47714225271444 ], [ 77.295405459436083, 24.47834327096518 ], [ 77.295258817694574, 24.478617876741165 ], [ 77.295807665334706, 24.47957295237704 ], [ 77.296863833588404, 24.480532867912274 ], [ 77.298046826337867, 24.481625724485387 ], [ 77.298158197603328, 24.481812939662362 ], [ 77.29867110261732, 24.482675143400812 ], [ 77.298529371099249, 24.485832666542159 ], [ 77.299211027368401, 24.486563729588966 ], [ 77.298860688297964, 24.487354670283114 ], [ 77.298705857568862, 24.487704224519046 ], [ 77.298700007819477, 24.487720418016888 ], [ 77.298510007477361, 24.488246491981538 ], [ 77.298176922628414, 24.489168728081236 ], [ 77.29776427228218, 24.490347750829876 ], [ 77.296855660612735, 24.491132061099027 ], [ 77.296501437796152, 24.49128265788563 ], [ 77.295374734685979, 24.491364504814193 ], [ 77.295207481012199, 24.491647121506446 ], [ 77.294894568558163, 24.491915535285205 ], [ 77.294391056655044, 24.492304643325596 ], [ 77.293947696448186, 24.492560785589127 ], [ 77.293597140137294, 24.4927865955257 ], [ 77.293204051983309, 24.492977597803943 ], [ 77.292917373316286, 24.493938157603164 ], [ 77.291738371339164, 24.494927791920038 ], [ 77.291599864798869, 24.496423500480404 ], [ 77.291480260284757, 24.497761253998931 ], [ 77.289026498997913, 24.497839983363217 ], [ 77.285424611803222, 24.497954594988691 ], [ 77.285600541740436, 24.496996416810791 ], [ 77.285544369341522, 24.496280577224045 ], [ 77.284294263675079, 24.495671105569969 ], [ 77.283459785960005, 24.495428582046479 ], [ 77.283242061631228, 24.495155386196387 ], [ 77.282671786819563, 24.495111273549192 ], [ 77.281860109982091, 24.495059585021774 ], [ 77.281281340276308, 24.495028745285719 ], [ 77.280519822641324, 24.495025417945619 ], [ 77.279845346910648, 24.494981931303087 ], [ 77.279211781483497, 24.494950626840112 ], [ 77.278531949259204, 24.494919095636906 ], [ 77.277803991778171, 24.495063100740222 ], [ 77.277100064537521, 24.49525913235027 ], [ 77.276490707908081, 24.495518031599353 ], [ 77.275597219261257, 24.495098759547311 ], [ 77.274790928689569, 24.494470909957663 ], [ 77.274384331446726, 24.494366092686327 ], [ 77.273724130398875, 24.493887156508368 ], [ 77.272831144422781, 24.493245739422701 ], [ 77.271411656002229, 24.492257376648613 ], [ 77.270992478833335, 24.492615444086937 ], [ 77.270188529624093, 24.493301476541646 ], [ 77.269464478445286, 24.494006779506687 ], [ 77.270289726668409, 24.49505212857607 ], [ 77.271413950713722, 24.496450138314792 ], [ 77.271908676973439, 24.497223871982992 ], [ 77.271311990549904, 24.497987578166111 ], [ 77.271218281671409, 24.498243212915288 ], [ 77.2705819906637, 24.499166867716649 ], [ 77.270261151373532, 24.4999147245716 ], [ 77.270163619209995, 24.500150735637586 ], [ 77.270060471443927, 24.500400334030587 ], [ 77.270124255118375, 24.501326596554108 ], [ 77.270284636577117, 24.50235683901801 ], [ 77.270690999997669, 24.502941847604102 ], [ 77.271653555351875, 24.503185991800777 ], [ 77.271798094764009, 24.50408915020553 ], [ 77.272129908344539, 24.505948231581648 ], [ 77.272329244378682, 24.50662775118623 ], [ 77.27252469861979, 24.507522970950628 ], [ 77.272578197618344, 24.507768002099741 ], [ 77.272900268946813, 24.508721679098173 ], [ 77.273179119914019, 24.50954736468681 ], [ 77.273234136412896, 24.510407455572473 ], [ 77.273350026550787, 24.511506861696514 ], [ 77.273586926255476, 24.512672162484208 ], [ 77.273898000969723, 24.514202292987154 ], [ 77.274159033459853, 24.516548380604519 ], [ 77.274204016136423, 24.516952673869 ], [ 77.274044988847606, 24.518687041405475 ], [ 77.273783727524318, 24.520729015339157 ], [ 77.273631634313759, 24.521591971664296 ], [ 77.273903299364221, 24.522569601537953 ], [ 77.272743946840961, 24.523091627922369 ], [ 77.272616777312663, 24.523099921315929 ], [ 77.272566539225053, 24.523100986349217 ], [ 77.272516459082524, 24.523104776581743 ], [ 77.272466711773788, 24.523111275276193 ], [ 77.272417474186369, 24.523120463001035 ], [ 77.272368918419573, 24.523132304031162 ], [ 77.272321214631205, 24.523146759014484 ], [ 77.272274533085692, 24.523163776858127 ], [ 77.272229036240518, 24.523183296475427 ], [ 77.272131596659577, 24.523200574103893 ], [ 77.272035996827952, 24.52322497823976 ], [ 77.271942856186257, 24.523256349205607 ], [ 77.271852782715683, 24.523294484788948 ], [ 77.271766359167216, 24.523339134717862 ], [ 77.271684149865791, 24.523390012454481 ], [ 77.271606687991977, 24.523446782453043 ], [ 77.271534478371805, 24.523509079148397 ], [ 77.271467989686116, 24.523576495154607 ], [ 77.271369903396561, 24.523649682881246 ], [ 77.271264367358697, 24.523713613196325 ], [ 77.271152423923013, 24.523767653638423 ], [ 77.271035172772244, 24.523811273341344 ], [ 77.270913772903029, 24.523844042145967 ], [ 77.270789418875069, 24.523865636743057 ], [ 77.270663337815378, 24.523875844263557 ], [ 77.270536773613927, 24.523874563062019 ], [ 77.270410970082551, 24.523861808910954 ], [ 77.270207964612354, 24.523837630635079 ], [ 77.270004216017142, 24.523819411999433 ], [ 77.269799935350633, 24.52380717357175 ], [ 77.269595329807728, 24.523800925956195 ], [ 77.2693906115516, 24.523800676183257 ], [ 77.269185989849476, 24.523806424036909 ], [ 77.268981673030581, 24.52381816387603 ], [ 77.268777873430381, 24.523835883768832 ], [ 77.26857479653188, 24.523859565410042 ], [ 77.268384671851166, 24.523876547063914 ], [ 77.268196441572883, 24.523906343782272 ], [ 77.268011131883995, 24.523948791778032 ], [ 77.267829763668175, 24.524003659489566 ], [ 77.267653323887615, 24.524070646459279 ], [ 77.267482783336973, 24.524149385274974 ], [ 77.267319073898577, 24.524239445911956 ], [ 77.267163089555069, 24.524340333030597 ], [ 77.267015687262543, 24.52445149862714 ], [ 77.266950563227581, 24.524500029163995 ], [ 77.266888191516941, 24.524551493428163 ], [ 77.266828728258872, 24.524605767069854 ], [ 77.266772327764642, 24.524662708564978 ], [ 77.266719130558755, 24.524722172671751 ], [ 77.266669271251828, 24.524784013200048 ], [ 77.266622874715111, 24.524848069434555 ], [ 77.266580062859333, 24.524914180637339 ], [ 77.266540940871508, 24.524982179620508 ], [ 77.266498409175895, 24.525084936155068 ], [ 77.26645480277304, 24.52518731507643 ], [ 77.266410124712806, 24.525289306471912 ], [ 77.266364379024125, 24.525390901339176 ], [ 77.26631756974416, 24.525492089773056 ], [ 77.266269701889158, 24.525592862778904 ], [ 77.266220780467037, 24.525693212265114 ], [ 77.266170808536202, 24.525793127415678 ], [ 77.266119791121227, 24.525892598332806 ], [ 77.26606001168085, 24.525954593280879 ], [ 77.266005223177132, 24.526020332953347 ], [ 77.265955704082984, 24.526089485300467 ], [ 77.2659117074205, 24.526161694595409 ], [ 77.265873456705123, 24.52623659314461 ], [ 77.265841148931642, 24.526313798600963 ], [ 77.265814948618157, 24.526392917530611 ], [ 77.265794988801048, 24.526473544517749 ], [ 77.265781370952411, 24.526555271195434 ], [ 77.265716425778379, 24.52694236042371 ], [ 77.265660881276531, 24.527273421660674 ], [ 77.265798124061959, 24.527372706656354 ], [ 77.265897473457443, 24.52743141669815 ], [ 77.26598926749746, 24.527499648247005 ], [ 77.266072420653799, 24.527576592812817 ], [ 77.266145954929172, 24.527661341569697 ], [ 77.26620899485539, 24.527752892541933 ], [ 77.266260798977356, 24.527850162585167 ], [ 77.266300754778001, 24.527952002700868 ], [ 77.266328387457264, 24.528057209844214 ], [ 77.266343373647629, 24.528164538769403 ], [ 77.266363665303203, 24.528337003559685 ], [ 77.266365145343983, 24.528510459294434 ], [ 77.266347797712811, 24.528683192503493 ], [ 77.266311793866024, 24.528853497462098 ], [ 77.266257492621023, 24.52901969335079 ], [ 77.266185425236301, 24.529180136787023 ], [ 77.266096305089164, 24.529333243576325 ], [ 77.26599101274671, 24.529477502147888 ], [ 77.265870588925679, 24.529611487952831 ], [ 77.265751405682252, 24.529705860309424 ], [ 77.265656120012352, 24.52977277831215 ], [ 77.265626372207294, 24.529793671429058 ], [ 77.265495922731006, 24.529874616624873 ], [ 77.265360503070696, 24.529948420201567 ], [ 77.26522058256775, 24.530014825611385 ], [ 77.265076643162203, 24.530073602596588 ], [ 77.264929181325343, 24.530124551720487 ], [ 77.264778704184948, 24.530167496208989 ], [ 77.264625731449655, 24.530202287384867 ], [ 77.264468841567336, 24.530230859846252 ], [ 77.264315032270957, 24.53027107788159 ], [ 77.264165334716694, 24.530322673905921 ], [ 77.264020752194881, 24.530385297032229 ], [ 77.26388225405104, 24.530458530185012 ], [ 77.263750768834214, 24.530541883725075 ], [ 77.263627178349594, 24.530634798112992 ], [ 77.263512309720269, 24.530736648363998 ], [ 77.263406934292988, 24.530846755780111 ], [ 77.263322475870638, 24.530994420390051 ], [ 77.263239076950981, 24.531142587992331 ], [ 77.263156744488441, 24.531291254126124 ], [ 77.263075480526183, 24.531440411583258 ], [ 77.262995288094572, 24.531590053163274 ], [ 77.262916171194817, 24.531740173479434 ], [ 77.262838132849154, 24.531890766234348 ], [ 77.262761177083689, 24.532041823331742 ], [ 77.262685307899758, 24.532193339384911 ], [ 77.262509165780301, 24.53263230555681 ], [ 77.262815533243412, 24.532651343273937 ], [ 77.265677762886824, 24.532829164613744 ], [ 77.26656579669033, 24.532843468825202 ], [ 77.267170529850247, 24.532733415846057 ], [ 77.267490100852157, 24.533697478658951 ], [ 77.267431794588362, 24.534144245487518 ], [ 77.267272836086192, 24.534379529040038 ], [ 77.265746580728631, 24.534899975446542 ], [ 77.265414872058116, 24.535162603779916 ], [ 77.265355152790519, 24.535692466274575 ], [ 77.265602316914894, 24.53610284148639 ], [ 77.266055160119549, 24.53631412487022 ], [ 77.266478995591655, 24.536267192344969 ], [ 77.26721199686871, 24.53584995976998 ], [ 77.267606427489014, 24.535587806259478 ], [ 77.268021050591173, 24.535691296206263 ], [ 77.268410926533477, 24.535982232747134 ], [ 77.268545272704117, 24.536728568876399 ], [ 77.268506504597326, 24.537497326271488 ], [ 77.268381448575454, 24.537852337944475 ], [ 77.268039237721652, 24.538823790237419 ], [ 77.266065110533106, 24.542007020987146 ], [ 77.266027978756568, 24.542190025583213 ], [ 77.265945432569779, 24.542596856912287 ], [ 77.267324577282878, 24.543529676782548 ], [ 77.267640965704587, 24.543670228709079 ], [ 77.267941603106394, 24.543837221772861 ], [ 77.268223856707223, 24.544029192725247 ], [ 77.26848525463231, 24.544244460080698 ], [ 77.268723504521617, 24.544481140511348 ], [ 77.268936521100329, 24.544737157180496 ], [ 77.26912243775682, 24.545010269631117 ], [ 77.269279626185977, 24.545298085672155 ], [ 77.269406710028022, 24.545598082251214 ], [ 77.269580843775429, 24.545920750826067 ], [ 77.26973727103028, 24.546250920042763 ], [ 77.26987560308234, 24.546587780450501 ], [ 77.269995502747449, 24.546930501308641 ], [ 77.270096673442779, 24.547278237728666 ], [ 77.270178866042343, 24.547630137047857 ], [ 77.270241877957403, 24.547985331596621 ], [ 77.270285555038953, 24.54834294684126 ], [ 77.270309788593124, 24.548702104070586 ], [ 77.270321482119769, 24.549015816072799 ], [ 77.270368676779285, 24.549326729899914 ], [ 77.270450861217768, 24.549631490819948 ], [ 77.270567153131566, 24.549926814414732 ], [ 77.270716296021362, 24.550209516363537 ], [ 77.270896684515947, 24.550476549669565 ], [ 77.271106371974895, 24.550725036334224 ], [ 77.271343100852121, 24.550952293785727 ], [ 77.271604316154338, 24.55115587472773 ], [ 77.272290838905377, 24.551827112721064 ], [ 77.272353941563324, 24.551897066628467 ], [ 77.272551741266739, 24.552016903491783 ], [ 77.272737089863313, 24.552152372786814 ], [ 77.272908518931459, 24.552302395851697 ], [ 77.273064664694587, 24.552465785535428 ], [ 77.273204284872335, 24.552641239098442 ], [ 77.273326275221208, 24.552827365431543 ], [ 77.273429662607995, 24.553022686808131 ], [ 77.273513629582155, 24.553225651713387 ], [ 77.273577506364873, 24.553434647426894 ], [ 77.27359305674581, 24.553676507543035 ], [ 77.273630929034425, 24.553916297030948 ], [ 77.27369085359166, 24.554152293264117 ], [ 77.273772401502939, 24.554382804913583 ], [ 77.273874985512307, 24.554606177375021 ], [ 77.273997870757199, 24.554820806398823 ], [ 77.27414017560524, 24.555025154355469 ], [ 77.274300879526166, 24.55521775300614 ], [ 77.274478827871164, 24.555397220701447 ], [ 77.274726015178771, 24.555552835825445 ], [ 77.274982442745809, 24.555695396360015 ], [ 77.275247286152563, 24.555824446227241 ], [ 77.275519693929724, 24.555939570694882 ], [ 77.275798795417955, 24.556040400952291 ], [ 77.276083690911179, 24.556126612230464 ], [ 77.276373468411279, 24.556197927541753 ], [ 77.276667196692927, 24.556254120337844 ], [ 77.276963932282484, 24.556295007337194 ], [ 77.277191201627303, 24.556354708505427 ], [ 77.277415178758062, 24.556424041317996 ], [ 77.277635377267913, 24.556502853992168 ], [ 77.277851316833605, 24.556590976729758 ], [ 77.278062526218122, 24.556688217223876 ], [ 77.278268545245254, 24.556794360673653 ], [ 77.278468927655368, 24.556909181546864 ], [ 77.278663236331084, 24.557032425479861 ], [ 77.278851047100019, 24.557163825563673 ], [ 77.279127109128723, 24.556994712270274 ], [ 77.279142327984303, 24.556986777035736 ], [ 77.279308947462852, 24.556899903385627 ], [ 77.27941947358444, 24.556859804110175 ], [ 77.279524240067417, 24.556808371462029 ], [ 77.279621863184389, 24.556746286853997 ], [ 77.279711055750155, 24.55667436790802 ], [ 77.279790638016706, 24.556593564923833 ], [ 77.279859559535666, 24.556504945688552 ], [ 77.279916910166378, 24.556409679301371 ], [ 77.279961934984456, 24.556309025446797 ], [ 77.279994035487888, 24.556204310016732 ], [ 77.279996879516261, 24.556109229509193 ], [ 77.280011850221698, 24.556015103902244 ], [ 77.280038741420583, 24.555923222290676 ], [ 77.280077187230106, 24.555834843660204 ], [ 77.28012665730391, 24.555751177885508 ], [ 77.280186477691089, 24.555673372339985 ], [ 77.280255826079539, 24.555602491990655 ], [ 77.280333755592082, 24.555539508740257 ], [ 77.280419194941345, 24.555485284268428 ], [ 77.280478876554312, 24.555422844372412 ], [ 77.280543161738763, 24.55536435356451 ], [ 77.280611739856582, 24.555310094001445 ], [ 77.280684279706705, 24.555260328718219 ], [ 77.280760427550248, 24.555215301613462 ], [ 77.280839816086711, 24.555175227581941 ], [ 77.280922061410152, 24.555140301523902 ], [ 77.281006763049845, 24.55511069382948 ], [ 77.28109351090626, 24.555086547721281 ], [ 77.281204341876702, 24.555093174846633 ], [ 77.281314296586558, 24.555107520250083 ], [ 77.281375351983542, 24.555119895903058 ], [ 77.281422732969546, 24.555129498714354 ], [ 77.281529018227104, 24.555158982643903 ], [ 77.281632535763904, 24.555195799407496 ], [ 77.281732678251231, 24.555239733995357 ], [ 77.28182886242152, 24.555290530936762 ], [ 77.281920528088676, 24.555347893389257 ], [ 77.282007140074001, 24.555411488572059 ], [ 77.282144480825494, 24.555501487298468 ], [ 77.282284150040212, 24.555588438914715 ], [ 77.282426065232912, 24.555672291311826 ], [ 77.282570145851835, 24.555752996911625 ], [ 77.282716307394708, 24.555830508106226 ], [ 77.2828644653179, 24.555904781803594 ], [ 77.283014535101415, 24.555975772202672 ], [ 77.283166428201795, 24.556043441601005 ], [ 77.28332005709467, 24.556107748691318 ], [ 77.283468587629827, 24.556159979612683 ], [ 77.28361673496282, 24.556213109794413 ], [ 77.28376449616637, 24.556267135602798 ], [ 77.28391186237242, 24.556322055166056 ], [ 77.284058828670723, 24.556377865738899 ], [ 77.284205387196707, 24.556434563650797 ], [ 77.284351532020153, 24.556492149761549 ], [ 77.284497257275646, 24.556550617706016 ], [ 77.284642557040996, 24.556609967441052 ], [ 77.284747340373158, 24.556663982900005 ], [ 77.284829242524907, 24.556709191078816 ], [ 77.284850319933511, 24.556720825267956 ], [ 77.284951403329075, 24.556780446889125 ], [ 77.285050503160178, 24.556842793823048 ], [ 77.285147530076031, 24.556907809405271 ], [ 77.285242397671283, 24.556975438799775 ], [ 77.285335024533893, 24.557045620886075 ], [ 77.285425323342679, 24.557118292692813 ], [ 77.285513219628797, 24.557193389538913 ], [ 77.28611834052343, 24.558146609631727 ], [ 77.289689955998085, 24.557786236291129 ], [ 77.294033436124735, 24.557222939358454 ], [ 77.295866722145192, 24.557132351431168 ], [ 77.298536754413661, 24.557091192335029 ], [ 77.299886808136392, 24.557414262591955 ], [ 77.301662036481474, 24.558720051788743 ], [ 77.302597580615995, 24.559097890356611 ], [ 77.306448607714074, 24.559457094533411 ], [ 77.307366991235028, 24.559533203587918 ], [ 77.309444249855517, 24.559487085179576 ], [ 77.31112602855346, 24.55934388136555 ], [ 77.311666836796547, 24.559209157009235 ], [ 77.314063199539916, 24.558432816137859 ], [ 77.314527852724666, 24.558328344693312 ], [ 77.315093205559876, 24.55827854298273 ], [ 77.316391524193705, 24.558295731439493 ], [ 77.317512301233933, 24.558550921573033 ], [ 77.318926358343859, 24.559193199513626 ], [ 77.320532362443942, 24.558734882037569 ], [ 77.321146763346732, 24.558862630183004 ], [ 77.322173373119654, 24.559320027697908 ], [ 77.323118207100535, 24.560236081651283 ], [ 77.323944749382477, 24.561300772706758 ], [ 77.32464984823423, 24.562710290006049 ], [ 77.324834967496272, 24.563754771111185 ], [ 77.324780707757526, 24.564178155203919 ], [ 77.324592811651101, 24.564454174613815 ], [ 77.324416709189521, 24.56467128798338 ], [ 77.323928006531176, 24.565273793707107 ], [ 77.32348996509387, 24.566138818329343 ], [ 77.323369110459709, 24.56660843707634 ], [ 77.323106004566498, 24.567630807777224 ], [ 77.322894696884674, 24.568696847522286 ], [ 77.323000898380585, 24.569090575624891 ], [ 77.323275604953622, 24.56950093605484 ], [ 77.323846966303563, 24.569736231548656 ], [ 77.326045420113445, 24.570347148141536 ], [ 77.326725671375002, 24.570667977863238 ], [ 77.327309467065319, 24.571120766575334 ], [ 77.326557846156419, 24.57178176978686 ], [ 77.325764893357245, 24.572223263543272 ], [ 77.324877981995115, 24.571979530442544 ], [ 77.322193473642727, 24.572463233579978 ], [ 77.319507532422023, 24.572050486855588 ], [ 77.317150359310432, 24.571668987522134 ], [ 77.313114621293053, 24.573615527847878 ], [ 77.311200440411497, 24.575077450510587 ], [ 77.308337893416436, 24.576520244922332 ], [ 77.307959653395713, 24.577613494186565 ], [ 77.309289411684375, 24.577967862628451 ], [ 77.310421226076656, 24.578569864812785 ], [ 77.31241189621214, 24.578735809567558 ], [ 77.313399492401871, 24.578833298360784 ], [ 77.3132740737706, 24.57861190076186 ], [ 77.313099413854786, 24.578356255461621 ], [ 77.31304510499217, 24.578276740715147 ], [ 77.312996287596505, 24.578194302820108 ], [ 77.312953144568525, 24.57810925833547 ], [ 77.312915845881392, 24.578021933660139 ], [ 77.312884533774607, 24.577932664021095 ], [ 77.312859328695822, 24.577841791710515 ], [ 77.312840327325574, 24.577749666071412 ], [ 77.312827600618576, 24.577656641676572 ], [ 77.312821199760847, 24.577563074759535 ], [ 77.312945551004077, 24.57640054856774 ], [ 77.312867082912661, 24.575888336546683 ], [ 77.312849159761058, 24.575827153996666 ], [ 77.312837091976363, 24.575764783303921 ], [ 77.312830973237851, 24.575701691202791 ], [ 77.312830848769281, 24.575638351297382 ], [ 77.3128367193288, 24.575575239574661 ], [ 77.312848539281958, 24.575512828971604 ], [ 77.312866220559997, 24.575451588500606 ], [ 77.312889632723753, 24.575391976024676 ], [ 77.312918598989626, 24.575334440938228 ], [ 77.313256138982027, 24.574911570363902 ], [ 77.313293203444957, 24.574848986967041 ], [ 77.313333856231594, 24.574788293126506 ], [ 77.313377979277362, 24.574729662290615 ], [ 77.313425446697025, 24.574673258818386 ], [ 77.313476125732649, 24.574619242502351 ], [ 77.313529872826962, 24.574567765830636 ], [ 77.313586536570384, 24.574518975814499 ], [ 77.31364595578124, 24.574473007652504 ], [ 77.313707962381429, 24.574429994686326 ], [ 77.314146912051356, 24.573898121201132 ], [ 77.315925488424341, 24.574386068954446 ], [ 77.319764843083277, 24.575007612130591 ], [ 77.321737991686405, 24.575647657285014 ], [ 77.322253141931412, 24.576388958411222 ], [ 77.324154388747388, 24.576255248131481 ], [ 77.324219706472846, 24.574451543150815 ], [ 77.324166911505358, 24.573749812326007 ], [ 77.326676208479142, 24.572939626315105 ], [ 77.328083584581179, 24.571793557611407 ], [ 77.328476923440718, 24.572130910194886 ], [ 77.329110847840269, 24.57107638719965 ], [ 77.329434465176064, 24.569730342169045 ], [ 77.329969030038555, 24.568505499210243 ], [ 77.330986681351661, 24.567021133174677 ], [ 77.331580649202053, 24.566082252270938 ], [ 77.332244983876322, 24.565032121732891 ], [ 77.333181428570327, 24.564174137096501 ], [ 77.334045877642637, 24.563664112090727 ], [ 77.33682959807075, 24.562828012546866 ], [ 77.338252099477245, 24.562321453883037 ], [ 77.339663830528494, 24.561900066366231 ], [ 77.340104086206665, 24.562657962541717 ], [ 77.341019277037944, 24.564233425629954 ], [ 77.341431848817592, 24.565291964953705 ], [ 77.341465675651264, 24.566205943768747 ], [ 77.341361208744459, 24.566590451008594 ], [ 77.340936730178129, 24.566926445336421 ], [ 77.339145671450481, 24.567192697239179 ], [ 77.338103556303921, 24.567770825119823 ], [ 77.339366704783416, 24.569101997660503 ], [ 77.340091587712038, 24.570124246209524 ], [ 77.34003513701083, 24.570809593464528 ], [ 77.339986831601834, 24.571584033291668 ], [ 77.340242299578023, 24.572279313723573 ], [ 77.341137794873561, 24.573127621341968 ], [ 77.341150581761184, 24.573605426210584 ], [ 77.340848077959379, 24.574142572259699 ], [ 77.340798720410177, 24.5742302155159 ], [ 77.340440354797607, 24.574720778471743 ], [ 77.340284294681183, 24.575220491400128 ], [ 77.340446928039199, 24.575964979798968 ], [ 77.340724938010126, 24.576984032118023 ], [ 77.3406586220881, 24.577787670634848 ], [ 77.340624043481768, 24.578873835196241 ], [ 77.340172558703301, 24.58018473321405 ], [ 77.340001468242633, 24.580468595938317 ], [ 77.339854069693402, 24.580964573599509 ], [ 77.33978439455862, 24.581199023769241 ], [ 77.339735229888518, 24.581947787366264 ], [ 77.339486200831942, 24.582469949326974 ], [ 77.338857823219868, 24.582973985980413 ], [ 77.336763209136933, 24.582031068477249 ], [ 77.332444737218708, 24.580566687159855 ], [ 77.331858108529048, 24.58111722475746 ], [ 77.330835057229208, 24.580510767164377 ], [ 77.329532415136484, 24.579738552144288 ], [ 77.328907258335335, 24.580843561472964 ], [ 77.327089736761309, 24.582707876957532 ], [ 77.326778553250165, 24.583027062633942 ], [ 77.32647014462124, 24.583379447397952 ], [ 77.324903439435076, 24.585716504764203 ], [ 77.323281954659748, 24.585756114450895 ], [ 77.321996908271899, 24.58578749328602 ], [ 77.318424434945555, 24.58587466962959 ], [ 77.317514857246962, 24.586352058549551 ], [ 77.316889387627228, 24.586680328336794 ], [ 77.310720759524514, 24.584529033227305 ], [ 77.308743565345424, 24.584584017972613 ], [ 77.306735404229769, 24.584183842872584 ], [ 77.305572907723771, 24.584206629799347 ], [ 77.304190575296261, 24.584567172295081 ], [ 77.302400863370707, 24.585226165855005 ], [ 77.300955869508442, 24.585635557290647 ], [ 77.300001864536455, 24.5859058330187 ], [ 77.2995212831663, 24.586099620291868 ], [ 77.298554699768303, 24.586489373491222 ], [ 77.297922046069175, 24.587146911898945 ], [ 77.296204855061745, 24.588696198497296 ], [ 77.296745867179894, 24.589972128469572 ], [ 77.297009764107372, 24.591047409763711 ], [ 77.297552934305429, 24.592108671973246 ], [ 77.298878624449699, 24.594206402787091 ], [ 77.298641628202105, 24.59534152938911 ], [ 77.298850989401913, 24.596135497140885 ], [ 77.299907769222742, 24.597112573198686 ], [ 77.301065567717146, 24.597636930856599 ], [ 77.302261486461504, 24.597755267221871 ], [ 77.304055311878002, 24.59789866423732 ], [ 77.304673478142007, 24.598168477309205 ], [ 77.305713061948907, 24.599239822484154 ], [ 77.306410093330499, 24.600344405184913 ], [ 77.307635170336383, 24.602990297048493 ], [ 77.309436914953082, 24.605795157320788 ], [ 77.31058093107653, 24.60757602506812 ], [ 77.312241073010057, 24.609101297200088 ], [ 77.313550902454921, 24.610045899007375 ], [ 77.313792847977851, 24.610149768809009 ], [ 77.314987022358494, 24.610837212424741 ], [ 77.315748070954768, 24.611652205828104 ], [ 77.316310343775413, 24.612516705293064 ], [ 77.317095308324141, 24.613527283527048 ], [ 77.318040605773461, 24.614822782322957 ], [ 77.318569367759252, 24.61549231899167 ], [ 77.320121018628953, 24.617317986307903 ], [ 77.320637829631238, 24.61993068170792 ], [ 77.321229811228861, 24.622628148352526 ], [ 77.32319940120685, 24.623289425493432 ], [ 77.324969464304559, 24.621697694977815 ], [ 77.327439321362817, 24.62033528794408 ], [ 77.330049560516812, 24.618700831124446 ], [ 77.330819368314721, 24.617563635833601 ], [ 77.3318323411454, 24.616067190831462 ], [ 77.332979695151465, 24.614046479850337 ], [ 77.334255726662178, 24.61382017897359 ], [ 77.334913059339371, 24.614320575063243 ], [ 77.337249911609305, 24.613027798425765 ], [ 77.338292617225207, 24.61215222715385 ], [ 77.33895049768644, 24.611175260183956 ], [ 77.339621361143315, 24.609439642411523 ], [ 77.341891491661286, 24.609456330800647 ], [ 77.343480486533139, 24.609385612064713 ], [ 77.346184883850469, 24.608923273169808 ], [ 77.346143796192905, 24.615150067880339 ], [ 77.346169507973173, 24.616185543200899 ], [ 77.34626092514722, 24.619867184285795 ], [ 77.346445984031519, 24.621029559645727 ], [ 77.347011320633484, 24.622479277796149 ], [ 77.346832390157772, 24.624008825180034 ], [ 77.346614580267456, 24.625875183774625 ], [ 77.346534548670945, 24.629324889377834 ], [ 77.346582161191165, 24.630311479067313 ], [ 77.346645039728401, 24.631614415285007 ], [ 77.346890738651894, 24.634965891973504 ], [ 77.346852914297031, 24.637718822351353 ], [ 77.348330193838024, 24.636991739285914 ], [ 77.350677153194212, 24.636876329903952 ], [ 77.352399774059933, 24.637178959943522 ], [ 77.35413809338165, 24.63738933631279 ], [ 77.355360580278429, 24.637692938772211 ], [ 77.356106792357153, 24.637878254860926 ], [ 77.35736349286573, 24.63819033507335 ], [ 77.360513315444834, 24.638773225925505 ], [ 77.367440376894024, 24.640318298365809 ], [ 77.367767122193456, 24.636164866805576 ], [ 77.367632401003561, 24.634381638705236 ], [ 77.367612986034317, 24.632480597088918 ], [ 77.367670132187314, 24.630776853851838 ], [ 77.367848258375545, 24.629875683737904 ], [ 77.368008738434568, 24.627684867651908 ], [ 77.368021436055159, 24.627007577263264 ], [ 77.367439421632767, 24.625118412512435 ], [ 77.366336943177274, 24.62250969093828 ], [ 77.365301418528844, 24.622098725296159 ], [ 77.364485474238762, 24.6218133020853 ], [ 77.363842814782728, 24.621256054962039 ], [ 77.363265970223125, 24.620009491785655 ], [ 77.362767209114125, 24.618931646827157 ], [ 77.362290980791528, 24.618084325577829 ], [ 77.3622661258986, 24.618030469924289 ], [ 77.362242970710952, 24.617975985814002 ], [ 77.362221534629455, 24.617920915833938 ], [ 77.362201834053181, 24.617865307065884 ], [ 77.362183886384059, 24.617809204792227 ], [ 77.362167707032995, 24.61775265608776 ], [ 77.362153306501483, 24.617695704379997 ], [ 77.362140699189538, 24.617638399446051 ], [ 77.362129893592339, 24.617580788312122 ], [ 77.362095016043511, 24.617500150354481 ], [ 77.362056712052919, 24.617420823293209 ], [ 77.362015040890014, 24.617342926763325 ], [ 77.361970067736095, 24.617266582247399 ], [ 77.36192186080396, 24.617191903120275 ], [ 77.361870494195472, 24.61711900731412 ], [ 77.361816045051512, 24.61704800375022 ], [ 77.361758599388466, 24.616979003218344 ], [ 77.361698243275185, 24.616912110186345 ], [ 77.361644091658619, 24.616787186042462 ], [ 77.36160675252313, 24.616657220729522 ], [ 77.361586763317902, 24.616524093965843 ], [ 77.361584416025778, 24.616389737934256 ], [ 77.361599743692437, 24.616256094737356 ], [ 77.361632524480584, 24.616125104684137 ], [ 77.361682283998576, 24.615998664759942 ], [ 77.361748299452671, 24.615878605173371 ], [ 77.361829616634139, 24.615766666896725 ], [ 77.361881863036373, 24.615649000814557 ], [ 77.361920051029358, 24.615526904423994 ], [ 77.361943740150082, 24.615401774602855 ], [ 77.361952662516103, 24.615275046466174 ], [ 77.361951008190573, 24.615239765959188 ], [ 77.361946714105912, 24.615148172531256 ], [ 77.361925963769096, 24.615022608329312 ], [ 77.361890648465874, 24.614899790695599 ], [ 77.361841172360101, 24.614781127827921 ], [ 77.361778104992567, 24.614667981210701 ], [ 77.36173493084668, 24.614527119480091 ], [ 77.361698026016427, 24.614384777101133 ], [ 77.361667450772302, 24.614241186621957 ], [ 77.361643255497356, 24.614096581423755 ], [ 77.361625477685692, 24.613951200215723 ], [ 77.361614147907957, 24.613805282560833 ], [ 77.361609284925123, 24.613659062519403 ], [ 77.361610896555291, 24.613512783106025 ], [ 77.361618980775418, 24.613366682749646 ], [ 77.361635554229707, 24.613315526310966 ], [ 77.361637693941759, 24.61326220756726 ], [ 77.36162527104436, 24.613210077377651 ], [ 77.361599060330505, 24.613162407130382 ], [ 77.36156070931419, 24.613122189823127 ], [ 77.361512625206799, 24.613091951407611 ], [ 77.36145783004045, 24.61307359081384 ], [ 77.361399760130809, 24.613068260227141 ], [ 77.361342065140974, 24.613076293231611 ], [ 77.361227247704591, 24.613035205312261 ], [ 77.36111344650547, 24.612991816769661 ], [ 77.361000719675431, 24.612946146981226 ], [ 77.36088911938073, 24.612898219798684 ], [ 77.360778700758502, 24.612848058191425 ], [ 77.360669515982039, 24.612795685108203 ], [ 77.360561621145479, 24.612741127138197 ], [ 77.360455065419714, 24.612684411725283 ], [ 77.36034990195742, 24.612625562728635 ], [ 77.360226551679077, 24.61247118225473 ], [ 77.360222673865522, 24.612316664215303 ], [ 77.36018463682835, 24.61080111551275 ], [ 77.360378975542687, 24.608453394704888 ], [ 77.359723353047016, 24.605695821343478 ], [ 77.358771378485358, 24.603922080289308 ], [ 77.358256706394243, 24.603665354377402 ], [ 77.359198657544383, 24.602106481191992 ], [ 77.361142690354129, 24.601493842630305 ], [ 77.362234685811842, 24.601149700118221 ], [ 77.361817156886701, 24.602600891334195 ], [ 77.363099709881197, 24.602944310812067 ], [ 77.364969846815072, 24.604529308236749 ], [ 77.366455954655905, 24.603629007138025 ], [ 77.368481441451905, 24.602109282306941 ], [ 77.370034585285026, 24.601725641801934 ], [ 77.369966637952004, 24.600643202365198 ], [ 77.369293149722225, 24.599674273523586 ], [ 77.370337187637006, 24.597859169238745 ], [ 77.369810077352327, 24.596453867438193 ], [ 77.3702137643985, 24.596094280545561 ], [ 77.371150080024933, 24.595393022353107 ], [ 77.372500387953366, 24.594577426143864 ], [ 77.373248794111547, 24.594275721955 ], [ 77.374146381262094, 24.592887980438221 ], [ 77.374636833493952, 24.592082483202756 ], [ 77.375423954250138, 24.590842031042857 ], [ 77.375720629695735, 24.589190448274085 ], [ 77.375769562118236, 24.588300756923548 ], [ 77.375828151748792, 24.587235447640289 ], [ 77.37572780787491, 24.58609000668552 ], [ 77.375515075148144, 24.5857050471656 ], [ 77.375106706287383, 24.584966059167339 ], [ 77.375435130109565, 24.583361206351423 ], [ 77.375702824827613, 24.582268273350628 ], [ 77.376556302434921, 24.58131627025627 ], [ 77.376973988357207, 24.580595729282795 ], [ 77.375163973441772, 24.580044120648626 ], [ 77.375098042795301, 24.578693039502333 ], [ 77.375861443531718, 24.577409944344819 ], [ 77.377009863736347, 24.575501116741442 ], [ 77.377525743262836, 24.57473018365803 ], [ 77.377866139926567, 24.573666622468888 ], [ 77.377297748155911, 24.571715730739289 ], [ 77.376974204902794, 24.570565718035716 ], [ 77.374339185032923, 24.571070400225629 ], [ 77.373729099469642, 24.57118714130026 ], [ 77.372640163312269, 24.571511150337653 ], [ 77.37183082897532, 24.574635574009626 ], [ 77.371835464370747, 24.575286788270745 ], [ 77.373609096973297, 24.575770304728557 ], [ 77.372244022456414, 24.576971495245221 ], [ 77.371193879597271, 24.576828197643994 ], [ 77.371111013678529, 24.576816889707075 ], [ 77.369697197124694, 24.57640541971729 ], [ 77.367872799345378, 24.577309885917856 ], [ 77.365281759101961, 24.578174988622255 ], [ 77.364300189689473, 24.579298898779907 ], [ 77.363870626543815, 24.579790745077332 ], [ 77.363124774249243, 24.58015239254944 ], [ 77.362432786582161, 24.58104175307567 ], [ 77.361684004430757, 24.581751892157993 ], [ 77.361962723500127, 24.583224196183078 ], [ 77.362042918358981, 24.583389000201162 ], [ 77.362411543473485, 24.584331237951268 ], [ 77.363931852223814, 24.58563056672569 ], [ 77.363553165464978, 24.58691376302642 ], [ 77.363432494533086, 24.587830625078553 ], [ 77.364451356981562, 24.589568049646982 ], [ 77.364465436128512, 24.590047335196552 ], [ 77.364196948987029, 24.590252004171358 ], [ 77.363766718810297, 24.590241025455942 ], [ 77.361544419303897, 24.589766545864897 ], [ 77.360589125281123, 24.590294435636771 ], [ 77.357513463551811, 24.589434389484193 ], [ 77.355755752826568, 24.589081077461369 ], [ 77.352528157566525, 24.58843224911454 ], [ 77.351351519195674, 24.588048340618219 ], [ 77.348532657096243, 24.587128569048456 ], [ 77.348596390653753, 24.587075487745583 ], [ 77.348697009953881, 24.586983602952412 ], [ 77.348792908133476, 24.586887586801286 ], [ 77.348883879975148, 24.586787644677976 ], [ 77.348969735056002, 24.586683984782884 ], [ 77.349050291721937, 24.586576829829752 ], [ 77.349115832072059, 24.586518772742217 ], [ 77.349170037805976, 24.586451648460425 ], [ 77.349211434511545, 24.586377287260518 ], [ 77.349238891861717, 24.58629771243098 ], [ 77.349251662537782, 24.58621509267817 ], [ 77.349249399575882, 24.586131676314412 ], [ 77.349232165711626, 24.586049737131635 ], [ 77.349200428024432, 24.58597150662413 ], [ 77.349155050552753, 24.585899112518895 ], [ 77.349042026373553, 24.585800079510449 ], [ 77.348919802138383, 24.585710647202497 ], [ 77.348789352632537, 24.585631526979203 ], [ 77.348651713592531, 24.585563346661289 ], [ 77.348507977756086, 24.585506650478909 ], [ 77.348359292987496, 24.585461887317564 ], [ 77.348206836568352, 24.585429414148983 ], [ 77.348051822181802, 24.585409487952713 ], [ 77.347895485068349, 24.585402269223792 ], [ 77.347683197664892, 24.58535083095061 ], [ 77.347472291405367, 24.585294843753935 ], [ 77.347262882587671, 24.585234340077793 ], [ 77.347055087508991, 24.585169352366787 ], [ 77.346849019464116, 24.585099917560836 ], [ 77.346644793707085, 24.585026074420576 ], [ 77.34644252154024, 24.584947861679158 ], [ 77.346242315214283, 24.584865322593004 ], [ 77.346044287920449, 24.584778505844863 ], [ 77.345355891726996, 24.584317167038115 ], [ 77.345287756368251, 24.583898189758909 ], [ 77.345659562272402, 24.583376018447048 ], [ 77.346894292006127, 24.581738251739491 ], [ 77.353761649293972, 24.580817534136997 ], [ 77.35348985837544, 24.579451629482243 ], [ 77.353571195685007, 24.578891961140119 ], [ 77.35391224979135, 24.578506080091117 ], [ 77.354964655022243, 24.57775683708515 ], [ 77.356464241585826, 24.577148415590599 ], [ 77.357820294552909, 24.576706970413575 ], [ 77.357995870326604, 24.576649813570395 ], [ 77.360474295432056, 24.576105825715608 ], [ 77.360520968003854, 24.57573777631778 ], [ 77.360374518310792, 24.575009951157611 ], [ 77.359906831747139, 24.573441966157734 ], [ 77.35407742413615, 24.572919203759184 ], [ 77.352856054711424, 24.571745719188439 ], [ 77.352389734814381, 24.571483564954807 ], [ 77.351660662346731, 24.571368895165378 ], [ 77.351423234112573, 24.571098401809593 ], [ 77.350970720379181, 24.570333137887694 ], [ 77.350036642927037, 24.568693724870549 ], [ 77.349206011736939, 24.567528619227609 ], [ 77.348842663331681, 24.566689731646644 ], [ 77.348740040186343, 24.565942295077718 ], [ 77.349319124612137, 24.564238716080329 ], [ 77.349618316067605, 24.563358519950288 ], [ 77.350025008179756, 24.562285128992407 ], [ 77.350009448642837, 24.560065009664534 ], [ 77.350125066802349, 24.559671184491268 ], [ 77.350689597001889, 24.559308549704649 ], [ 77.351611466116438, 24.559305099793772 ], [ 77.353511218739513, 24.559382383528611 ], [ 77.356369394787734, 24.559723140822292 ], [ 77.35757970202512, 24.559843596820397 ], [ 77.358514547156872, 24.560301609323766 ], [ 77.358912630864779, 24.56053991298106 ], [ 77.359306067360677, 24.560775432762597 ], [ 77.359319433661767, 24.561434754718938 ], [ 77.35962585770757, 24.563745394508629 ], [ 77.360056646354892, 24.564998481396049 ], [ 77.360156679841765, 24.565348664077707 ], [ 77.36071033190079, 24.565984298600132 ], [ 77.36134521776566, 24.566471367113991 ], [ 77.36146567290227, 24.566563776435011 ], [ 77.362651884591983, 24.567062885418213 ], [ 77.363502588508041, 24.567116684871351 ], [ 77.36488350203237, 24.566900825710377 ], [ 77.36626034126914, 24.56657821827676 ], [ 77.367060768881359, 24.566338391563708 ], [ 77.367445224450194, 24.566367599909551 ], [ 77.36769660526609, 24.566687712088981 ], [ 77.367977009933, 24.56715568963191 ], [ 77.368195885459116, 24.567893422644943 ], [ 77.368223678052004, 24.568915024674425 ], [ 77.370019162182288, 24.569551232654327 ], [ 77.370293442809029, 24.569572358932085 ], [ 77.37111022522194, 24.569635271837587 ], [ 77.372734364289258, 24.569418114259602 ], [ 77.374116778149201, 24.568828065054358 ], [ 77.374423067400926, 24.568584860441153 ], [ 77.374887629570651, 24.568173597565288 ], [ 77.375628570481041, 24.567431959588959 ], [ 77.376219035202837, 24.566922757929209 ], [ 77.377492314536028, 24.566467534443987 ], [ 77.379429630887103, 24.565538939684959 ], [ 77.380202560491128, 24.565070313075932 ], [ 77.381193441747911, 24.564148977008667 ], [ 77.380885957113151, 24.562891870074864 ], [ 77.379923192096001, 24.561225058619602 ], [ 77.379636308793096, 24.560862614325966 ], [ 77.378086027707283, 24.558903968181575 ], [ 77.376416430207669, 24.558000748092166 ], [ 77.375597520284543, 24.557333415132405 ], [ 77.375268449312827, 24.556647593057495 ], [ 77.375213213441228, 24.555935304749266 ], [ 77.375425562770403, 24.555040767435326 ], [ 77.375580552598862, 24.553429354516279 ], [ 77.375499995998368, 24.553129268804376 ], [ 77.374990944622965, 24.551701441979976 ], [ 77.374925366351363, 24.550861869673582 ], [ 77.374986499166639, 24.550162559311023 ], [ 77.37504890941851, 24.549448602243491 ], [ 77.374947397609674, 24.547854881326984 ], [ 77.374622331834047, 24.547312786488391 ], [ 77.374457321817744, 24.547047017195162 ], [ 77.373815401253722, 24.546637120761815 ], [ 77.372958969542708, 24.546166941711306 ], [ 77.371917374996144, 24.545595094424609 ], [ 77.371244029048555, 24.545225413375718 ], [ 77.37046183288146, 24.544544330869257 ], [ 77.370055318216487, 24.544143828839509 ], [ 77.369651752212476, 24.543746224754649 ], [ 77.369273435575039, 24.543123873265586 ], [ 77.370819318042408, 24.541862114388046 ], [ 77.371273766126947, 24.541491183813829 ], [ 77.373013613327672, 24.539154242949685 ], [ 77.37378859324356, 24.538010936100875 ], [ 77.374011976749642, 24.53676638220082 ], [ 77.374033337038483, 24.536381006535347 ], [ 77.374082690381201, 24.535490586209935 ], [ 77.373748507595053, 24.53389365500783 ], [ 77.374310482395913, 24.532577601620453 ], [ 77.373943137518026, 24.531871278187737 ], [ 77.3739823400593, 24.528152182192709 ], [ 77.373502545204374, 24.527122004458878 ], [ 77.371628932169173, 24.526404870917556 ], [ 77.371072599046215, 24.525907702538664 ], [ 77.369953330882439, 24.526146840794333 ], [ 77.36918032505767, 24.526311993761464 ], [ 77.368101591675369, 24.526010374493907 ], [ 77.368775130049173, 24.527390637322451 ], [ 77.369418721071426, 24.528707230010092 ], [ 77.36964838516819, 24.530635431156739 ], [ 77.37084227905342, 24.532812657535708 ], [ 77.370382812770131, 24.534172510088787 ], [ 77.369943563156994, 24.534979839519451 ], [ 77.369290296752823, 24.536180504575867 ], [ 77.368712685559785, 24.535319504139071 ], [ 77.368207127165718, 24.534255422415331 ], [ 77.366734113340272, 24.532730128285763 ], [ 77.366224724401647, 24.532155255396354 ], [ 77.365986917670895, 24.531655992660863 ], [ 77.365732180061286, 24.53060116656312 ], [ 77.36339698832461, 24.530151777283439 ], [ 77.362292494611339, 24.52948773607692 ], [ 77.361238282669078, 24.528577844737619 ], [ 77.361019415091164, 24.528388937687069 ], [ 77.359877291837648, 24.527244677670662 ], [ 77.359098893156798, 24.526140529453716 ], [ 77.35882038388263, 24.525704041618603 ], [ 77.358183442647771, 24.524705797198219 ], [ 77.357736218996223, 24.523945648393749 ], [ 77.357066907806683, 24.523110148591833 ], [ 77.356576524961554, 24.522682817434458 ], [ 77.355385179920702, 24.522895598959952 ], [ 77.353248130210133, 24.523677600704932 ], [ 77.351024308252349, 24.524569784388682 ], [ 77.348262863823251, 24.525654089607897 ], [ 77.347387293454204, 24.523127347380637 ], [ 77.350366092371786, 24.519158468241219 ], [ 77.349453434231805, 24.517635492149125 ], [ 77.349129742388186, 24.517095327574449 ], [ 77.348526559784204, 24.516088750748157 ], [ 77.346763203602805, 24.512972153707967 ], [ 77.346215892825413, 24.512004791216857 ], [ 77.34479788588402, 24.511997896215657 ], [ 77.342394650380214, 24.511986179206161 ], [ 77.341684418337209, 24.512137359169763 ], [ 77.340341188137828, 24.51242326868536 ], [ 77.33664834639319, 24.512513621183796 ], [ 77.336365479012386, 24.512419579184339 ], [ 77.331873850433865, 24.510136028940369 ], [ 77.331679001687817, 24.509173041853234 ], [ 77.331556280618486, 24.508509689379942 ], [ 77.331155717644691, 24.506344453268142 ] ] ], [ [ [ 77.279687088719669, 24.580691241382805 ], [ 77.279445541562183, 24.580463813163682 ], [ 77.27911384499653, 24.579674832833739 ], [ 77.278466354805474, 24.579191380003746 ], [ 77.277190551625409, 24.577491645312591 ], [ 77.275288520329752, 24.578022092033557 ], [ 77.272938698301715, 24.577627763257471 ], [ 77.272958723272637, 24.578447858097686 ], [ 77.273155145904212, 24.57873870128682 ], [ 77.273209537293113, 24.578818828243669 ], [ 77.273273300925695, 24.578892952428276 ], [ 77.273345652004778, 24.578960160172805 ], [ 77.273425699249671, 24.579019625513055 ], [ 77.273512457685811, 24.579070615704971 ], [ 77.273604859402056, 24.579112503048655 ], [ 77.273701765336966, 24.579144772203655 ], [ 77.273801985970238, 24.579167025766157 ], [ 77.273904285233201, 24.579178988814505 ], [ 77.273982718022779, 24.579194694148907 ], [ 77.274059308681942, 24.579216729424594 ], [ 77.274133449441578, 24.579244916622997 ], [ 77.274204546758867, 24.579279033578555 ], [ 77.274272037167577, 24.579318808679613 ], [ 77.274335383294826, 24.579363924450881 ], [ 77.274394080724676, 24.579414023024214 ], [ 77.274447663948663, 24.57946870347417 ], [ 77.274495704275537, 24.579527534446328 ], [ 77.274512256899627, 24.579608544524429 ], [ 77.274527794659093, 24.57968972302502 ], [ 77.274542313716267, 24.579771057274701 ], [ 77.27455581314706, 24.579852540041159 ], [ 77.274568293064235, 24.579934158680999 ], [ 77.274579747646627, 24.580015901408899 ], [ 77.274590178941096, 24.580097760111805 ], [ 77.27459958607281, 24.580179722138819 ], [ 77.274607964199916, 24.580261776614975 ], [ 77.274656881872389, 24.580725579723126 ], [ 77.272127450934562, 24.580765932336114 ], [ 77.270986861381218, 24.581471910907549 ], [ 77.271139010031987, 24.582278009367265 ], [ 77.271156257608297, 24.582360374374069 ], [ 77.271168303910116, 24.582443508163802 ], [ 77.271175110915394, 24.582527137687258 ], [ 77.271176656436808, 24.582610986402379 ], [ 77.271172935076663, 24.582694777894332 ], [ 77.271163959206461, 24.582778236785966 ], [ 77.271149758012356, 24.582861085118108 ], [ 77.271130376417304, 24.582943052276111 ], [ 77.271105882076782, 24.58302386601153 ], [ 77.271114314637288, 24.583103497769308 ], [ 77.271125372994021, 24.583182860481948 ], [ 77.271139047940949, 24.58326188092115 ], [ 77.271155328280429, 24.583340487649942 ], [ 77.271160447703707, 24.583375649526729 ], [ 77.271166752929275, 24.583418025104638 ], [ 77.271188804393702, 24.583543111014976 ], [ 77.271233259835739, 24.583665506955779 ], [ 77.271287002847146, 24.583784746455898 ], [ 77.271349769156387, 24.583900241331261 ], [ 77.271421249888377, 24.584011420217788 ], [ 77.271501090502639, 24.584117736692079 ], [ 77.271588898742991, 24.584218663913326 ], [ 77.27168423960903, 24.584313704519946 ], [ 77.271786642293833, 24.58440238797359 ], [ 77.271895603064777, 24.584484279612948 ], [ 77.272279959069323, 24.584760858798301 ], [ 77.273145746366239, 24.584303332132144 ], [ 77.274457354676144, 24.585623765054031 ], [ 77.274930275411919, 24.586870726453913 ], [ 77.277489363438349, 24.585973053938609 ], [ 77.279551972234927, 24.58524949396713 ], [ 77.279543411369971, 24.584674570258155 ], [ 77.279460641703736, 24.583376509516164 ], [ 77.27945899164142, 24.583348686227822 ], [ 77.281638353817343, 24.583365127927454 ], [ 77.280918179107402, 24.581850354127063 ], [ 77.279687088719669, 24.580691241382805 ] ] ], [ [ [ 77.478673472102898, 24.679129272066955 ], [ 77.477843701982039, 24.681630364949587 ], [ 77.483338756612099, 24.685667709439137 ], [ 77.486566851477761, 24.688008758320461 ], [ 77.48687673180892, 24.688247742480481 ], [ 77.486242250730427, 24.688935221528858 ], [ 77.485968040693322, 24.689738624093089 ], [ 77.485808318479059, 24.690430685573229 ], [ 77.485695925241586, 24.692601282650713 ], [ 77.485518930710114, 24.694331895333367 ], [ 77.487486389951556, 24.694460821999034 ], [ 77.487569057749027, 24.693734259068819 ], [ 77.487955657337153, 24.692053406336026 ], [ 77.488571759506456, 24.691043612846414 ], [ 77.489729594427146, 24.689353286746798 ], [ 77.491994082257037, 24.68654516721876 ], [ 77.492321486791425, 24.686170033917417 ], [ 77.491557705572248, 24.681916515730329 ], [ 77.489290137130141, 24.681474019423362 ], [ 77.488023758862525, 24.681556937636021 ], [ 77.485808463150505, 24.682015923432928 ], [ 77.478673472102898, 24.679129272066955 ] ] ], [ [ [ 77.399794908633851, 24.690106251029384 ], [ 77.399858818409598, 24.690785482533364 ], [ 77.399818245161313, 24.691274464554414 ], [ 77.399472559125343, 24.691752284112503 ], [ 77.399098315851788, 24.692596636752707 ], [ 77.39900821969357, 24.694298606412175 ], [ 77.399008324870593, 24.694737304686679 ], [ 77.399152194451105, 24.698662961182464 ], [ 77.400903863776463, 24.700378710176146 ], [ 77.402517047604007, 24.699911645701896 ], [ 77.402800976209363, 24.699856552730964 ], [ 77.403294717608432, 24.699702013729187 ], [ 77.40368165801587, 24.699212545955227 ], [ 77.404059850530331, 24.696999221692071 ], [ 77.404917595676764, 24.691705699006832 ], [ 77.404027369918211, 24.689146997869436 ], [ 77.402758902529001, 24.68888191326166 ], [ 77.402022178580168, 24.68751079599506 ], [ 77.400758524104319, 24.687737497336947 ], [ 77.400283767194949, 24.688841663199586 ], [ 77.399682335062693, 24.689477102505151 ], [ 77.399794908633851, 24.690106251029384 ] ] ], [ [ [ 77.440485151988412, 24.69890564758667 ], [ 77.441581365842438, 24.697261365347195 ], [ 77.442339067252092, 24.696757765631993 ], [ 77.445205250449035, 24.695631023981669 ], [ 77.445504210117377, 24.695320429035789 ], [ 77.445528266098862, 24.694914382127209 ], [ 77.445154302498679, 24.694387676676389 ], [ 77.443292437860933, 24.69275816186536 ], [ 77.441932549677844, 24.691905126305745 ], [ 77.439161124323249, 24.690239637754562 ], [ 77.438407973096631, 24.688388470937745 ], [ 77.437955056935323, 24.687378793106088 ], [ 77.437200708143905, 24.6863997307372 ], [ 77.436182534042473, 24.68551238911099 ], [ 77.434675897144771, 24.684635897985437 ], [ 77.434025774227337, 24.684467733318293 ], [ 77.433244290440825, 24.684542666530511 ], [ 77.432779352996633, 24.684722591004125 ], [ 77.432068988289259, 24.685312586467145 ], [ 77.430478622313828, 24.686901505526567 ], [ 77.431537863472784, 24.689672089971999 ], [ 77.43204738128594, 24.691419181182411 ], [ 77.433215820095086, 24.694265667971276 ], [ 77.43374450584956, 24.695203427474265 ], [ 77.434017366043975, 24.695680700212272 ], [ 77.434675905945213, 24.697078318389917 ], [ 77.431447594033301, 24.700661790039614 ], [ 77.43289351925641, 24.702889332430495 ], [ 77.434118951999693, 24.702772452330553 ], [ 77.437668238287031, 24.706161836519605 ], [ 77.440771657922156, 24.70596405049475 ], [ 77.441834608723426, 24.702687777495168 ], [ 77.440854492471203, 24.701393795439873 ], [ 77.439982458363815, 24.700242476685798 ], [ 77.440485151988412, 24.69890564758667 ] ] ], [ [ [ 77.345462547332872, 24.750780542776859 ], [ 77.345680052359924, 24.750914619832802 ], [ 77.345908833546574, 24.751032006963737 ], [ 77.346147359567908, 24.751131922766703 ], [ 77.346394031888906, 24.751213693746877 ], [ 77.346647200420648, 24.75127677430088 ], [ 77.346905168506893, 24.751320742237983 ], [ 77.347166209709343, 24.751345302513556 ], [ 77.347428577678073, 24.751350290009885 ], [ 77.347521670574395, 24.751345094457207 ], [ 77.347690512066308, 24.751335672288448 ], [ 77.347913265769748, 24.751285044942101 ], [ 77.348135245707809, 24.751231660661979 ], [ 77.348356410267428, 24.751175526379903 ], [ 77.348576720748611, 24.751116655370819 ], [ 77.348796134526566, 24.751055057269255 ], [ 77.349014612917287, 24.750990743544481 ], [ 77.349232113273388, 24.750923726540844 ], [ 77.349448597908108, 24.750854016831926 ], [ 77.349664024143692, 24.750781630375055 ], [ 77.349876667354081, 24.750725070952274 ], [ 77.349907577787221, 24.750714305654377 ], [ 77.350124811350668, 24.750666039020224 ], [ 77.350160412219466, 24.750623007593305 ], [ 77.35019147385735, 24.750577137675634 ], [ 77.35021772484653, 24.750528826543125 ], [ 77.350238938082128, 24.750478494366451 ], [ 77.350254929844439, 24.750426576978565 ], [ 77.350265558809809, 24.750373525867875 ], [ 77.350270735012899, 24.750319801016392 ], [ 77.350270411934503, 24.750265870843258 ], [ 77.350233050737032, 24.750172613714355 ], [ 77.35019588962335, 24.750090684759869 ], [ 77.350174660638118, 24.750046916479619 ], [ 77.350169849489092, 24.750025881535233 ], [ 77.350166036512206, 24.749992419638911 ], [ 77.350165983400544, 24.74995877857765 ], [ 77.350169689153745, 24.749925306971104 ], [ 77.350198986385777, 24.749385260371849 ], [ 77.35019874992129, 24.749342043408536 ], [ 77.350201862527669, 24.749298917115034 ], [ 77.350206250338232, 24.749269772969974 ], [ 77.350208308467572, 24.749256102657863 ], [ 77.350218054302601, 24.749213809335906 ], [ 77.350231053683885, 24.749172252678186 ], [ 77.350247239563942, 24.749131639937737 ], [ 77.350266530084269, 24.749092175552445 ], [ 77.350288830607084, 24.749054054837281 ], [ 77.350314026739028, 24.749017470257051 ], [ 77.35076567057466, 24.748603368028078 ], [ 77.351163121543209, 24.748138850146546 ], [ 77.351197454961451, 24.748109553992876 ], [ 77.351224620216314, 24.748074541226668 ], [ 77.351243502307611, 24.748035248107225 ], [ 77.351253327937741, 24.747993285830169 ], [ 77.351253693740389, 24.747950377504296 ], [ 77.351244584742375, 24.747908280609238 ], [ 77.351226374900349, 24.747868723777067 ], [ 77.351199809967753, 24.747833328093623 ], [ 77.351165980318257, 24.747803546393484 ], [ 77.351113190505131, 24.747785098435756 ], [ 77.351062854858029, 24.747761616432115 ], [ 77.351015545709615, 24.747733369086319 ], [ 77.350971803282206, 24.747700679065161 ], [ 77.350932125859714, 24.74766391570272 ], [ 77.350896964780986, 24.747623502190198 ], [ 77.350866719672453, 24.747579894768602 ], [ 77.350841737374324, 24.747533592655806 ], [ 77.350822301185573, 24.747485123519262 ], [ 77.350747599160925, 24.747090128873861 ], [ 77.350731262225011, 24.747039040875006 ], [ 77.350721478384969, 24.746986574269886 ], [ 77.350718380139384, 24.746933427256117 ], [ 77.350722006917124, 24.746880310012791 ], [ 77.350732312162222, 24.746827925784423 ], [ 77.350749157362358, 24.746776975354074 ], [ 77.350772318152451, 24.746728137217314 ], [ 77.350801486346967, 24.746682061274271 ], [ 77.350836272976508, 24.746639360722952 ], [ 77.350866255386222, 24.746616907780208 ], [ 77.350893082683243, 24.746591342618174 ], [ 77.35091637196129, 24.746563031915553 ], [ 77.350935788427066, 24.746532383336319 ], [ 77.350951054393136, 24.746499834755507 ], [ 77.350961950274581, 24.746465853362778 ], [ 77.35096832061474, 24.746430924867049 ], [ 77.350970073111526, 24.746395551683207 ], [ 77.350967184643267, 24.746360242136863 ], [ 77.350959078970419, 24.746324839492885 ], [ 77.350953058099151, 24.746289092208727 ], [ 77.350949135999358, 24.746253101539864 ], [ 77.350947327614506, 24.746216970555235 ], [ 77.350947635997514, 24.746180804948395 ], [ 77.350950060299382, 24.746144704062942 ], [ 77.350954595661619, 24.746108773536189 ], [ 77.350961224392421, 24.746073116204375 ], [ 77.350969932771321, 24.746037833125694 ], [ 77.350994632336054, 24.746008699703307 ], [ 77.351022347037883, 24.745981924240098 ], [ 77.351052807659457, 24.745957763129294 ], [ 77.351085720437794, 24.745936451816725 ], [ 77.351120767141182, 24.745918195769228 ], [ 77.351157607008446, 24.745903175004834 ], [ 77.351195885772668, 24.745891529705986 ], [ 77.35123523058536, 24.745883375537346 ], [ 77.351275262980494, 24.745878791093865 ], [ 77.351363158433116, 24.74586501111197 ], [ 77.35144951256035, 24.745844668461682 ], [ 77.351533740648932, 24.74581790259505 ], [ 77.351615269492697, 24.745784895496513 ], [ 77.351693544330857, 24.745745869925976 ], [ 77.351768035755455, 24.745701091273734 ], [ 77.351838237764781, 24.745650863934127 ], [ 77.351903673720031, 24.745595528637789 ], [ 77.351963897326911, 24.745535463361851 ], [ 77.351997175717841, 24.745501387096972 ], [ 77.352026990781653, 24.745464736546204 ], [ 77.352053101723229, 24.745425799018374 ], [ 77.35207530311942, 24.74538488916901 ], [ 77.352093415175759, 24.74534233177036 ], [ 77.352099918898247, 24.745321771934339 ], [ 77.352107292573038, 24.745298468096717 ], [ 77.35211682849976, 24.745253646920993 ], [ 77.352121941765034, 24.745208228035921 ], [ 77.35212259467616, 24.74516257334923 ], [ 77.352077089824604, 24.744920833004397 ], [ 77.350194025708561, 24.744958217184546 ], [ 77.34896416638172, 24.744679627701345 ], [ 77.34930709303174, 24.742119535884115 ], [ 77.349318962835468, 24.742030911065513 ], [ 77.350451914576709, 24.735778995826358 ], [ 77.349696807703111, 24.735038853963619 ], [ 77.349460619054824, 24.73468898786944 ], [ 77.349437872401765, 24.734343645000276 ], [ 77.349722125678582, 24.732132959895306 ], [ 77.349648088216426, 24.731584015571574 ], [ 77.346703777236939, 24.727119132865777 ], [ 77.345383903419929, 24.724897724154918 ], [ 77.342122918104309, 24.719322162234217 ], [ 77.344111966673765, 24.718912550191551 ], [ 77.345413397653388, 24.718310261172348 ], [ 77.34771889151267, 24.716506680497108 ], [ 77.348590297658404, 24.715824958709316 ], [ 77.35008034107473, 24.714882927815001 ], [ 77.351169418807615, 24.714526423102921 ], [ 77.353752789038595, 24.714147413290227 ], [ 77.353950014532401, 24.713980654189044 ], [ 77.354193671356796, 24.713254867785743 ], [ 77.354732602165882, 24.710840988667311 ], [ 77.359103517564449, 24.710340302482159 ], [ 77.359941168440443, 24.708706248784235 ], [ 77.361131124074262, 24.706384844237153 ], [ 77.360822437085758, 24.706009205145918 ], [ 77.360493269808913, 24.705991712244842 ], [ 77.358019083430364, 24.706114349886182 ], [ 77.353562600007535, 24.703888677309688 ], [ 77.350716110053639, 24.703668591640895 ], [ 77.347836975054946, 24.703197384006 ], [ 77.343525523373771, 24.702491649436663 ], [ 77.341119088894445, 24.699909528455901 ], [ 77.339285908401465, 24.701135528381524 ], [ 77.33834953508935, 24.699594299653409 ], [ 77.340850814589913, 24.698520196269506 ], [ 77.340187771495025, 24.695247605346545 ], [ 77.34290186814934, 24.694429546480151 ], [ 77.342947584271684, 24.694415411748633 ], [ 77.344162425611884, 24.694039792651971 ], [ 77.34547111999548, 24.693496122171112 ], [ 77.348883213021736, 24.691375878682098 ], [ 77.349933790134841, 24.688933023769387 ], [ 77.350364991825145, 24.687382639669949 ], [ 77.351241805557294, 24.683491149217797 ], [ 77.351295564438075, 24.682982242891359 ], [ 77.351509987130171, 24.680952400216135 ], [ 77.351514954982434, 24.679483071729361 ], [ 77.351519233404304, 24.678217545817549 ], [ 77.351397325189282, 24.676597921590499 ], [ 77.348729326918416, 24.677170220952494 ], [ 77.347750538152511, 24.674948216825079 ], [ 77.347638180814769, 24.674640061791244 ], [ 77.34725410590957, 24.674285509156253 ], [ 77.34590999617896, 24.672929856708162 ], [ 77.347309663772307, 24.67161569460286 ], [ 77.350171577313077, 24.668928485493588 ], [ 77.350668187206495, 24.668462174997881 ], [ 77.350696427264197, 24.668433479713674 ], [ 77.352398823529612, 24.666703736046777 ], [ 77.354403064976225, 24.664753567544825 ], [ 77.354291577157625, 24.664440131257411 ], [ 77.352862695252512, 24.659827493132084 ], [ 77.352050969191211, 24.657513332816258 ], [ 77.350872817895279, 24.654154372188422 ], [ 77.35063378775385, 24.653402578687235 ], [ 77.349239339584628, 24.649016603915353 ], [ 77.344053040785639, 24.648099209381286 ], [ 77.344111639487991, 24.64884466540445 ], [ 77.344056437686788, 24.650254847373102 ], [ 77.343572545468405, 24.65038955754742 ], [ 77.343494199056479, 24.651158188737586 ], [ 77.342845084042295, 24.651169787012524 ], [ 77.342177837204758, 24.651152095220951 ], [ 77.341789865761967, 24.651931472835301 ], [ 77.341721097946319, 24.652892276512443 ], [ 77.340868875360812, 24.653345953224367 ], [ 77.340776230359126, 24.656548273934416 ], [ 77.341301456944962, 24.657446066317107 ], [ 77.341379373159171, 24.658324104725864 ], [ 77.341324611422081, 24.658778682558282 ], [ 77.340957421864445, 24.659140297843411 ], [ 77.340379481049922, 24.65922963622835 ], [ 77.337604148725958, 24.659516243925442 ], [ 77.337495929405506, 24.662544780326964 ], [ 77.337408092272014, 24.665153025214021 ], [ 77.337338509342231, 24.666708201095485 ], [ 77.337296274921286, 24.668195107141813 ], [ 77.334652616945945, 24.668823362188032 ], [ 77.335312893130691, 24.670912649293594 ], [ 77.335499448082146, 24.671367034196578 ], [ 77.335886276829541, 24.672309216923882 ], [ 77.335895005210574, 24.672998888230509 ], [ 77.33582905909374, 24.673658463580658 ], [ 77.335745525509836, 24.67378820455632 ], [ 77.335545690405709, 24.674098576121754 ], [ 77.335169387247277, 24.674535899070762 ], [ 77.330880420375166, 24.678368959488239 ], [ 77.334926866956991, 24.682946329139234 ], [ 77.338701628049307, 24.68723822549083 ], [ 77.335728697160903, 24.692187404328518 ], [ 77.3354176260885, 24.6926969322204 ], [ 77.33324673916097, 24.696412421777389 ], [ 77.333112155290436, 24.696452842998969 ], [ 77.333070197997131, 24.696463900293473 ], [ 77.333027395099009, 24.696471796658585 ], [ 77.332984030749714, 24.696476483567302 ], [ 77.332940393912949, 24.696477927881638 ], [ 77.33289677236877, 24.696476119034983 ], [ 77.332853456659578, 24.696471069963771 ], [ 77.332810735155263, 24.696462816168481 ], [ 77.332768891142081, 24.696451409370489 ], [ 77.332728203725154, 24.696436927453558 ], [ 77.332115143787263, 24.696266006213936 ], [ 77.331900103629849, 24.696203370010782 ], [ 77.331861621085878, 24.696196411943095 ], [ 77.331822536408865, 24.696193344029943 ], [ 77.331783319860847, 24.696194202184458 ], [ 77.33174444112187, 24.696198975350793 ], [ 77.331706367297613, 24.696207607295708 ], [ 77.331669556995976, 24.696219995662883 ], [ 77.331634450465486, 24.696235989191958 ], [ 77.331601473471309, 24.696255396778202 ], [ 77.331571017547986, 24.696277984620298 ], [ 77.331534460253337, 24.696322219136569 ], [ 77.331501350837456, 24.696368663366851 ], [ 77.33147184744054, 24.696417093564783 ], [ 77.331446091476693, 24.696467276831225 ], [ 77.331424208622238, 24.696518971121218 ], [ 77.331406303841561, 24.69657192882082 ], [ 77.331392461418474, 24.69662589313441 ], [ 77.331382751821081, 24.696680604456756 ], [ 77.331377217869843, 24.696735799369584 ], [ 77.331372037720499, 24.697330499266997 ], [ 77.331371584407492, 24.697648225053971 ], [ 77.331378413395726, 24.697727457197768 ], [ 77.331378720321524, 24.697806934807659 ], [ 77.331372501152956, 24.697886208973461 ], [ 77.331359794335086, 24.697964834703864 ], [ 77.331340667962351, 24.698042368124479 ], [ 77.331315231586899, 24.6981183728854 ], [ 77.331283630279728, 24.698192421021471 ], [ 77.331246037679747, 24.698264096514986 ], [ 77.331202667872333, 24.698332993575224 ], [ 77.331127090127652, 24.698476325406396 ], [ 77.330772796711287, 24.699148239447624 ], [ 77.330743951235903, 24.699207904366119 ], [ 77.330711377836863, 24.699265946382187 ], [ 77.33067518595584, 24.699322171198247 ], [ 77.330635497839666, 24.699376390028497 ], [ 77.330592443574034, 24.699428422272259 ], [ 77.330546169007732, 24.699478093765229 ], [ 77.330496828817132, 24.699525238535536 ], [ 77.330444587502427, 24.699569697907819 ], [ 77.330389621333595, 24.699611324130391 ], [ 77.330339463083703, 24.699640727171445 ], [ 77.330286115499575, 24.69966499871926 ], [ 77.330230207863025, 24.699683852502162 ], [ 77.330172393607597, 24.699697067453265 ], [ 77.330113354256866, 24.699704489545223 ], [ 77.330053781645262, 24.699706029855335 ], [ 77.329994375885775, 24.699701670873363 ], [ 77.329935836495707, 24.699691463727341 ], [ 77.329878850525517, 24.699675529001077 ], [ 77.329815192959572, 24.699652110956787 ], [ 77.32975059435168, 24.699630958471925 ], [ 77.329685146353853, 24.699612104723403 ], [ 77.329618948573355, 24.699595577527038 ], [ 77.329552102633684, 24.699581400197477 ], [ 77.32948470519969, 24.699569597819707 ], [ 77.329416859957774, 24.699560183788812 ], [ 77.329348665635806, 24.699553173270218 ], [ 77.329280225935761, 24.699548577852916 ], [ 77.329228172299139, 24.699542334520341 ], [ 77.329175715928955, 24.699544331576451 ], [ 77.329124411435231, 24.699554512547863 ], [ 77.329075775045979, 24.699572573213974 ], [ 77.329031244893315, 24.699597981188646 ], [ 77.328992140404935, 24.699629984657456 ], [ 77.32895961760714, 24.69966763643864 ], [ 77.328934637240039, 24.699709822653617 ], [ 77.328917939760686, 24.699755295059369 ], [ 77.328879890473658, 24.699824360911428 ], [ 77.328847006612861, 24.699895606537961 ], [ 77.328819440260119, 24.699968710609603 ], [ 77.328797311958027, 24.700043340729941 ], [ 77.32878072546805, 24.700119161670731 ], [ 77.328769752007915, 24.700195828935712 ], [ 77.328764445009469, 24.700272996995661 ], [ 77.328764825313257, 24.700350316471937 ], [ 77.328770894985041, 24.700427436945944 ], [ 77.328782071173293, 24.700475398243498 ], [ 77.328795386823359, 24.700522899976939 ], [ 77.328810817881916, 24.70056986610431 ], [ 77.328828338357823, 24.700616216053511 ], [ 77.328847920258994, 24.700661871947592 ], [ 77.32886953063462, 24.700706757679836 ], [ 77.328893133552313, 24.700750798928183 ], [ 77.328918687155877, 24.70079392042447 ], [ 77.328946150538272, 24.700836051423149 ], [ 77.328974353071885, 24.700876972997513 ], [ 77.32899579935048, 24.70092118284774 ], [ 77.329010038658794, 24.700967757369536 ], [ 77.329016773980356, 24.701015719880722 ], [ 77.329015862728042, 24.701064070431752 ], [ 77.329007326552542, 24.70111179490808 ], [ 77.328991342202556, 24.701157892962748 ], [ 77.328968245260711, 24.701201403332636 ], [ 77.328938516209817, 24.701241414575858 ], [ 77.32861668776313, 24.701803072097515 ], [ 77.328588197088607, 24.701871661621702 ], [ 77.328569044847782, 24.701942906462417 ], [ 77.328559514098458, 24.70201574924624 ], [ 77.328559749686363, 24.702089109919655 ], [ 77.328569743273491, 24.702161901897391 ], [ 77.328589351037706, 24.702233043029061 ], [ 77.328618277649738, 24.702301478965651 ], [ 77.328656099888448, 24.702366195975593 ], [ 77.328702251716933, 24.70242623167486 ], [ 77.328776475918673, 24.702503287184104 ], [ 77.32884656581038, 24.702574519692895 ], [ 77.328919781406299, 24.702643078836743 ], [ 77.328996000121137, 24.702708849922068 ], [ 77.329075096371653, 24.702771721846144 ], [ 77.329156936594202, 24.702831591577198 ], [ 77.329241383254157, 24.702888357861092 ], [ 77.329328298753239, 24.702941926668956 ], [ 77.329417535567146, 24.702992208415793 ], [ 77.329508945119301, 24.703039120734832 ], [ 77.329804455592409, 24.703170006991389 ], [ 77.329852164549138, 24.70319015566335 ], [ 77.329898158041033, 24.703213397931826 ], [ 77.329942192928684, 24.703239611914626 ], [ 77.329984043992212, 24.7032686614087 ], [ 77.330023489110147, 24.703300394879498 ], [ 77.330060326057477, 24.70333464648585 ], [ 77.330094359654311, 24.703371235986527 ], [ 77.330125415550924, 24.703409975162888 ], [ 77.330153326450471, 24.703450660492965 ], [ 77.330181939458939, 24.703525515486117 ], [ 77.330214646960229, 24.703598956838569 ], [ 77.330251365539183, 24.70367079969515 ], [ 77.330292002890261, 24.703740858232894 ], [ 77.330336453761475, 24.70380895737323 ], [ 77.330384606960436, 24.703874922897324 ], [ 77.330436340372287, 24.703938585926398 ], [ 77.3304915199475, 24.703999785623623 ], [ 77.330550007634216, 24.70405836654232 ], [ 77.330748046251841, 24.704242665799459 ], [ 77.330773913681043, 24.704267762700944 ], [ 77.330796887556573, 24.704295108349505 ], [ 77.330816736954688, 24.704324425605449 ], [ 77.330833259808514, 24.704355415861588 ], [ 77.330846287772872, 24.704387768109996 ], [ 77.330855688256463, 24.704421152634566 ], [ 77.330861367301623, 24.704455230966794 ], [ 77.330866652719024, 24.704487957099584 ], [ 77.330874310411261, 24.704520289451562 ], [ 77.330884306035173, 24.704552084168338 ], [ 77.330896599284571, 24.704583200965004 ], [ 77.330911131061811, 24.704613500323653 ], [ 77.330927839255978, 24.704642848123672 ], [ 77.330946648849448, 24.70467111647319 ], [ 77.330967476915262, 24.704698177422966 ], [ 77.330990228592484, 24.704723911066232 ], [ 77.331162667466174, 24.70486380850193 ], [ 77.331188116762902, 24.704878998040126 ], [ 77.331214977056433, 24.704892003054123 ], [ 77.331243026855233, 24.704902712656271 ], [ 77.331272027665264, 24.704911038415322 ], [ 77.331301741808602, 24.704916911776234 ], [ 77.331331916613507, 24.704920283042295 ], [ 77.331362302193924, 24.704921123310399 ], [ 77.331392646482954, 24.70491942714445 ], [ 77.331422694291376, 24.704915207149664 ], [ 77.331915525666702, 24.704819735318083 ], [ 77.332018926204327, 24.704802270174177 ], [ 77.332123163021762, 24.70478961230809 ], [ 77.332227967888471, 24.704781797713427 ], [ 77.332333071741914, 24.704778844314884 ], [ 77.332438203612938, 24.704780761895488 ], [ 77.332543094665894, 24.704787542190942 ], [ 77.332647475131125, 24.704799170608606 ], [ 77.3327510763758, 24.704815615404328 ], [ 77.332853631829877, 24.704836834914616 ], [ 77.33358577717388, 24.705096313461187 ], [ 77.333694085672178, 24.705134618752616 ], [ 77.333804911910264, 24.70516634982399 ], [ 77.333917778530676, 24.705191370457268 ], [ 77.334032198038415, 24.705209573264209 ], [ 77.334147677751886, 24.705220878819297 ], [ 77.334263721749537, 24.705225239286207 ], [ 77.334379829904847, 24.705222635701716 ], [ 77.33449549886781, 24.705213078885667 ], [ 77.334610232924248, 24.70519661132597 ], [ 77.335349850941839, 24.70510950991109 ], [ 77.335441111309166, 24.705094339310278 ], [ 77.335533648687857, 24.705088483325458 ], [ 77.33562632650839, 24.705092011439771 ], [ 77.335718010140951, 24.705104882965131 ], [ 77.335807572911833, 24.70512693715024 ], [ 77.335893914776804, 24.705157905959915 ], [ 77.335975978184564, 24.705197408769443 ], [ 77.336054559005717, 24.705246365336773 ], [ 77.336123306863641, 24.705299975592308 ], [ 77.336734328430708, 24.705833260126148 ], [ 77.3371433678128, 24.706233455989032 ], [ 77.337172466582373, 24.706273050355364 ], [ 77.337200192984398, 24.706313457640746 ], [ 77.337226520667727, 24.706354637916352 ], [ 77.337251422284609, 24.706396552149364 ], [ 77.337274874480599, 24.706439156819837 ], [ 77.337296855839583, 24.706482412937422 ], [ 77.337317343014732, 24.706526276079043 ], [ 77.337336314612969, 24.706570704544962 ], [ 77.337353754215499, 24.70661565305862 ], [ 77.337372517395423, 24.706675546090512 ], [ 77.337395869974173, 24.70673407671821 ], [ 77.337423697829237, 24.706790950585081 ], [ 77.337455861047275, 24.706845883083684 ], [ 77.337492197870816, 24.706898600287207 ], [ 77.337532525710046, 24.706948836247605 ], [ 77.337576643049985, 24.706996341137589 ], [ 77.337624328516242, 24.707040874922228 ], [ 77.337675344767277, 24.70708221461194 ], [ 77.338416720609743, 24.707889422743708 ], [ 77.338513915978808, 24.707962419955496 ], [ 77.338617792921511, 24.708027285909402 ], [ 77.338727539158555, 24.708083509877262 ], [ 77.338842297286149, 24.708130653966098 ], [ 77.338961166792856, 24.708168348616784 ], [ 77.339083218835412, 24.708196299033052 ], [ 77.339207496232035, 24.70821428608502 ], [ 77.339333027280873, 24.708222169118343 ], [ 77.339458830704643, 24.708219885989514 ], [ 77.340721594193198, 24.708098301859238 ], [ 77.340905787309879, 24.708088652616041 ], [ 77.340929574502695, 24.708091643806444 ], [ 77.340953029754999, 24.708096330594344 ], [ 77.340976009931907, 24.708102686664432 ], [ 77.340998373019062, 24.708110670355641 ], [ 77.341019980014394, 24.708120234609503 ], [ 77.341040698944909, 24.708131319773365 ], [ 77.34106040089641, 24.708143855378566 ], [ 77.341078963906114, 24.708157767393299 ], [ 77.341096275040712, 24.708172966496718 ], [ 77.341118831671395, 24.708200201063999 ], [ 77.341139345215751, 24.708228752271474 ], [ 77.341157723826768, 24.708258493016167 ], [ 77.341173883612697, 24.708289290832937 ], [ 77.341187752622929, 24.708321004310399 ], [ 77.341199268761983, 24.70835349572047 ], [ 77.341208381890922, 24.708386616582434 ], [ 77.341215049756698, 24.708420221181647 ], [ 77.341219242023982, 24.708454157566401 ], [ 77.341225339574905, 24.708497526887246 ], [ 77.341229738058914, 24.708541066471401 ], [ 77.341232431011463, 24.708584722984867 ], [ 77.341233415953525, 24.708628439509571 ], [ 77.341232690398371, 24.708672160030385 ], [ 77.341230255806067, 24.708715829463571 ], [ 77.34122611563734, 24.708759390030277 ], [ 77.34122027528349, 24.708802789384457 ], [ 77.341212743148574, 24.708845969782431 ], [ 77.341141951328666, 24.709426288296246 ], [ 77.341128384781456, 24.70948019766827 ], [ 77.34110717964505, 24.70953200928092 ], [ 77.341078703501438, 24.70958082710068 ], [ 77.341043451075521, 24.709625802067084 ], [ 77.341002033166617, 24.709666154593361 ], [ 77.340955169642498, 24.709701184451408 ], [ 77.340903672493084, 24.70973028690802 ], [ 77.340848435958705, 24.70975295084838 ], [ 77.340790416508696, 24.709768787534163 ], [ 77.340727495644344, 24.709779946694592 ], [ 77.340666608539564, 24.709798240191763 ], [ 77.340608721646007, 24.709823381425693 ], [ 77.340554753959296, 24.709854968753639 ], [ 77.340505560057011, 24.709892503431334 ], [ 77.340461922190229, 24.709935389556072 ], [ 77.340424531397929, 24.70998294567249 ], [ 77.340393981458831, 24.710034418275896 ], [ 77.340370755960933, 24.710088990751466 ], [ 77.340356181343708, 24.710126242663222 ], [ 77.34034245471112, 24.71016376257937 ], [ 77.340329580165985, 24.710201533369101 ], [ 77.340317564753832, 24.710239540632362 ], [ 77.340306412585292, 24.710277766335267 ], [ 77.340296128736369, 24.710316195160296 ], [ 77.340286717309993, 24.7103548099767 ], [ 77.340278184386378, 24.71039359366781 ], [ 77.340270531094788, 24.71043252998458 ], [ 77.340263828184447, 24.710469485218209 ], [ 77.340253019253609, 24.710505618900939 ], [ 77.340238218298239, 24.710540551610539 ], [ 77.340219578760312, 24.710573915948963 ], [ 77.340197298416967, 24.710605362899589 ], [ 77.340171611486838, 24.710634559964454 ], [ 77.340142786559454, 24.710661201987588 ], [ 77.34011112860388, 24.710685007556954 ], [ 77.340076968980981, 24.710705730673798 ], [ 77.340057813225201, 24.710726567778149 ], [ 77.340040636752462, 24.710748800047735 ], [ 77.340025559577484, 24.710772268481463 ], [ 77.340012692863908, 24.710796808595692 ], [ 77.340002123121167, 24.710822248504218 ], [ 77.339993924068537, 24.710848409003692 ], [ 77.339988156634945, 24.710875103573358 ], [ 77.339984858994697, 24.710902147335371 ], [ 77.339984054546761, 24.710929348983498 ], [ 77.339979383095837, 24.710947710542513 ], [ 77.339977618820669, 24.710966493978137 ], [ 77.339978800615683, 24.710985315717881 ], [ 77.339982901134832, 24.711003791713456 ], [ 77.339989838570034, 24.711021547460774 ], [ 77.339999470695759, 24.71103822066625 ], [ 77.340011602692755, 24.711053471238504 ], [ 77.340025987070263, 24.711066990319299 ], [ 77.340042331559872, 24.711078502146648 ], [ 77.340331281043504, 24.711225541476509 ], [ 77.340421452333828, 24.711276443187717 ], [ 77.340510149108752, 24.711329461260078 ], [ 77.340597311341455, 24.711384562751313 ], [ 77.340682881036415, 24.711441708411328 ], [ 77.340766801163213, 24.711500861706501 ], [ 77.340849014729741, 24.711561981587842 ], [ 77.340929465716769, 24.711625028819679 ], [ 77.341008101117183, 24.711689958768883 ], [ 77.341084868896644, 24.711756728615654 ], [ 77.341330244504334, 24.712010037155313 ], [ 77.341353858055925, 24.712045070109543 ], [ 77.341374837712493, 24.71208147507971 ], [ 77.341393086990095, 24.712119088802801 ], [ 77.341408521353841, 24.712157738166134 ], [ 77.341421073083723, 24.712197249274418 ], [ 77.341430684392733, 24.712237442884248 ], [ 77.341437312362558, 24.712278135342846 ], [ 77.341440927908479, 24.712319143999348 ], [ 77.341441510874688, 24.712360282654192 ], [ 77.341445385288992, 24.712651901507559 ], [ 77.34144484506875, 24.712706965483303 ], [ 77.341453729719007, 24.71276142956043 ], [ 77.341471822332878, 24.712813957281664 ], [ 77.341498677221139, 24.712863256610305 ], [ 77.341533636393024, 24.712908117982728 ], [ 77.341575837254979, 24.712947438749918 ], [ 77.341624246965765, 24.712980252325849 ], [ 77.341677676060698, 24.713005753575256 ], [ 77.341734810938945, 24.713023315304039 ], [ 77.340157124666334, 24.715831399129925 ], [ 77.338606006403722, 24.715481760763364 ], [ 77.337956137884007, 24.715847608378088 ], [ 77.337221382384371, 24.71719151416961 ], [ 77.337173850394095, 24.717616641037552 ], [ 77.33737960498857, 24.718181403216587 ], [ 77.338078562365567, 24.719455979238351 ], [ 77.338373998419328, 24.719933677264002 ], [ 77.337877620881784, 24.722546666015603 ], [ 77.336940262615158, 24.725859916044417 ], [ 77.336684692612749, 24.726029193639707 ], [ 77.335582250165984, 24.725330069887512 ], [ 77.332075356210439, 24.723235367550902 ], [ 77.331533853033889, 24.723005481516942 ], [ 77.331272059610299, 24.723047526602372 ], [ 77.330492306734143, 24.724870830038999 ], [ 77.329843669989842, 24.725977994935398 ], [ 77.328676470012795, 24.727246325815049 ], [ 77.32465153266584, 24.728793911749701 ], [ 77.32496538923526, 24.729658421273516 ], [ 77.325232902810271, 24.730395272131112 ], [ 77.326885975804018, 24.733331406152519 ], [ 77.333840526499046, 24.734046012224098 ], [ 77.333977199735614, 24.735120738576875 ], [ 77.334040786050508, 24.73531718718397 ], [ 77.334311971423716, 24.736154980511262 ], [ 77.334655857649182, 24.736843726621689 ], [ 77.334903818593801, 24.737566922385188 ], [ 77.334755470671354, 24.739304579795107 ], [ 77.338273964012018, 24.738581594135599 ], [ 77.343128896432702, 24.738078843055483 ], [ 77.343570254183746, 24.741003764210152 ], [ 77.343519968925833, 24.742044098305712 ], [ 77.343436760901469, 24.743765459875391 ], [ 77.343202031639748, 24.745219029203533 ], [ 77.342636229991413, 24.747225561063477 ], [ 77.342279637990515, 24.749081715288195 ], [ 77.342280070086531, 24.75004894041917 ], [ 77.342290082909329, 24.750634934591851 ], [ 77.342550275019846, 24.751301387187596 ], [ 77.342709868145818, 24.75153464754235 ], [ 77.342739697680358, 24.751574820585411 ], [ 77.342777149598831, 24.751609265211442 ], [ 77.342820926591941, 24.75163679347197 ], [ 77.342869524545208, 24.751656457988076 ], [ 77.342921265955638, 24.751667576577084 ], [ 77.342974364880149, 24.751669770651482 ], [ 77.343026994219215, 24.751662962089135 ], [ 77.343077337045287, 24.751647385342626 ], [ 77.343123658878454, 24.75162357892485 ], [ 77.343249895912706, 24.751572805339016 ], [ 77.343372485801311, 24.751515058283257 ], [ 77.343490968719863, 24.751450556654191 ], [ 77.343604897509906, 24.751379542019734 ], [ 77.343713843581909, 24.751302282273954 ], [ 77.343817395957743, 24.751219068017253 ], [ 77.343915168201264, 24.751130211702819 ], [ 77.34400678949433, 24.751036050281684 ], [ 77.344091915624176, 24.750936932637021 ], [ 77.344220404707912, 24.750845009314773 ], [ 77.34436127804662, 24.750769719801909 ], [ 77.344511971148805, 24.75071244112446 ], [ 77.344669736496755, 24.750674213025452 ], [ 77.344831701945523, 24.750655732062782 ], [ 77.344994918319472, 24.750657336597435 ], [ 77.34515641192165, 24.750678995428014 ], [ 77.345313239855628, 24.750720314508719 ], [ 77.345462547332872, 24.750780542776859 ] ] ], [ [ [ 77.421325770269206, 24.721387244190609 ], [ 77.421813408311905, 24.721838750661352 ], [ 77.422364519099986, 24.722331428592021 ], [ 77.422609195554145, 24.72285118370861 ], [ 77.423969014519074, 24.722929605954889 ], [ 77.42896208001244, 24.72436086886411 ], [ 77.42965717830387, 24.725416254232528 ], [ 77.430703335494982, 24.725284696134622 ], [ 77.43174916783471, 24.72519414810818 ], [ 77.431376676053617, 24.722136592399572 ], [ 77.431923042912814, 24.717816309864155 ], [ 77.43159306706292, 24.716987734883084 ], [ 77.431708055169594, 24.716894935021458 ], [ 77.432815226218523, 24.716001406179021 ], [ 77.436896576061855, 24.712666713351258 ], [ 77.434942976140221, 24.711230894643116 ], [ 77.430348821412139, 24.711475008818823 ], [ 77.429181682844785, 24.712525092465885 ], [ 77.428131175276917, 24.713470218511663 ], [ 77.427209443399789, 24.714299470552206 ], [ 77.423446168332561, 24.713936903056464 ], [ 77.421954902252267, 24.713938223402483 ], [ 77.419148144038203, 24.716077400361701 ], [ 77.418734971816122, 24.716406899670915 ], [ 77.41582113649487, 24.713812758048043 ], [ 77.414274541536727, 24.715199406776289 ], [ 77.413506357959619, 24.715683075655885 ], [ 77.412828377952195, 24.71579936663127 ], [ 77.41163956489487, 24.715662510494472 ], [ 77.411290304027816, 24.715582286717286 ], [ 77.410917865814795, 24.715731662046348 ], [ 77.410534680060707, 24.717311315728253 ], [ 77.406549144773308, 24.718921217571101 ], [ 77.408293336134605, 24.721029829586474 ], [ 77.412845836716812, 24.718746051253273 ], [ 77.413535783556824, 24.719990188593137 ], [ 77.410898592951582, 24.723491517686742 ], [ 77.413522635053084, 24.727181220206493 ], [ 77.416905848155039, 24.7255446206368 ], [ 77.414423334291385, 24.721810549759493 ], [ 77.416126051818452, 24.720711833921644 ], [ 77.41768667968843, 24.720273266323662 ], [ 77.418721544885329, 24.719497981911026 ], [ 77.419250366530505, 24.719751925635585 ], [ 77.419805821804502, 24.720051205202999 ], [ 77.420213286543145, 24.720292023912656 ], [ 77.421325770269206, 24.721387244190609 ] ] ] ] } }
]
}
