{
"type": "FeatureCollection",
"name": "guna_range_raghogarh",
"crs": { "type": "name", "properties": { "name": "urn:ogc:def:crs:OGC:1.3:CRS84" } },
"features": [
{ "type": "Feature", "properties": { "SID": "014", "DID": "067", "RID": "008", "BID": "001", "State": "Madhya_Pradesh", "Division": "Guna", "Range": "Raghogarh", "Beat": "Amlya", "Beat_Ar": 12.638605411 }, "geometry": { "type": "MultiPolygon", "coordinates": [ [ [ [ 77.241262901599214, 24.383060826000968 ], [ 77.241174098834335, 24.382992734953703 ], [ 77.241082125743631, 24.382928269082601 ], [ 77.24098716066834, 24.382867550794334 ], [ 77.240889385951306, 24.382810696204501 ], [ 77.240788988922816, 24.382757815145286 ], [ 77.240686160939816, 24.382709008448455 ], [ 77.240581101305182, 24.382664370685376 ], [ 77.24047400744881, 24.382623985575023 ], [ 77.240323386128267, 24.38254382970938 ], [ 77.240181119386946, 24.38245175313072 ], [ 77.240048330611486, 24.382348483532663 ], [ 77.239926064483996, 24.382234833803512 ], [ 77.239815285034695, 24.382111699300193 ], [ 77.239716868789799, 24.381980052375017 ], [ 77.23963158517644, 24.381840928674347 ], [ 77.239560110336541, 24.381695426341995 ], [ 77.23950300754106, 24.381544691414799 ], [ 77.239415497991885, 24.381325479069652 ], [ 77.239340394043893, 24.381102440481698 ], [ 77.239277893324612, 24.380876164281901 ], [ 77.239228160850942, 24.380647246070474 ], [ 77.239191328996469, 24.380416292029441 ], [ 77.239167493640196, 24.380183908957104 ], [ 77.239156717050363, 24.379950712419369 ], [ 77.239159028963485, 24.379717316822759 ], [ 77.239174422615861, 24.379484338093281 ], [ 77.239149190066428, 24.379270266423553 ], [ 77.239113139798576, 24.379057497992491 ], [ 77.239066349473418, 24.378846490416016 ], [ 77.239008918467917, 24.378637698767136 ], [ 77.238940973815673, 24.378431572912433 ], [ 77.238862659360123, 24.378228557427807 ], [ 77.238774143675812, 24.378029088047697 ], [ 77.238675618053762, 24.377833596165235 ], [ 77.238567295565446, 24.377642503406111 ], [ 77.23846066815922, 24.37743686871017 ], [ 77.238358252479799, 24.377229445845671 ], [ 77.238260081364899, 24.377020307331659 ], [ 77.238166194536873, 24.376809527547049 ], [ 77.238076619910245, 24.37659717806881 ], [ 77.237991391306551, 24.376383331423032 ], [ 77.237910535577569, 24.376168067306562 ], [ 77.237834083593839, 24.375951457318553 ], [ 77.237762061261762, 24.375733576632012 ], [ 77.237734144404357, 24.375610437741148 ], [ 77.237705242707818, 24.375487489886769 ], [ 77.237675361054656, 24.375364738525622 ], [ 77.237644500366613, 24.375242190889967 ], [ 77.237612662568139, 24.375119852413508 ], [ 77.237579848572622, 24.374997731231513 ], [ 77.237546060296125, 24.374875833680843 ], [ 77.237511300649103, 24.374754165202678 ], [ 77.237475570561514, 24.374632732126198 ], [ 77.237464784971579, 24.37458818102477 ], [ 77.237449254228949, 24.374544821349971 ], [ 77.237429132194194, 24.374503075188311 ], [ 77.237404613286969, 24.374463350490402 ], [ 77.23737593747444, 24.374426034787216 ], [ 77.237343383411101, 24.374391490621349 ], [ 77.237307269424591, 24.374360055554209 ], [ 77.237267946672375, 24.374332035790857 ], [ 77.23722579915848, 24.37430770437377 ], [ 77.237152504082317, 24.374262724559252 ], [ 77.236744477602329, 24.374074927314034 ], [ 77.235864060492105, 24.373056377686613 ], [ 77.235414269880664, 24.3725993685369 ], [ 77.234636343090131, 24.372280186114928 ], [ 77.234158326805215, 24.370782779533986 ], [ 77.233763460524273, 24.369819683358745 ], [ 77.233829370450451, 24.369358758171984 ], [ 77.234064497941262, 24.369375974352025 ], [ 77.234963776428387, 24.37026485137876 ], [ 77.235817987306376, 24.369521399540606 ], [ 77.233896777404297, 24.367608041788287 ], [ 77.23327201622584, 24.365434747229205 ], [ 77.233262543672424, 24.364539837175361 ], [ 77.233060325296648, 24.363152162427649 ], [ 77.232909673376014, 24.362995385742977 ], [ 77.232145746638949, 24.363357943772439 ], [ 77.231663368714564, 24.364108422470188 ], [ 77.231383948502213, 24.364327352760046 ], [ 77.230847886196401, 24.364241265669275 ], [ 77.230196955550582, 24.363899130535639 ], [ 77.229899707575527, 24.363151565016615 ], [ 77.229426051563109, 24.36294137351787 ], [ 77.229403261386111, 24.362867774054806 ], [ 77.229371643406395, 24.362796964074644 ], [ 77.229331590630125, 24.362729832687872 ], [ 77.229283606970114, 24.362667217486873 ], [ 77.229228289515888, 24.362609902601239 ], [ 77.229166330639856, 24.362558604263416 ], [ 77.229098508197282, 24.362513964410169 ], [ 77.229025666878499, 24.3624765415049 ], [ 77.228948720248255, 24.362446803328545 ], [ 77.228880998266902, 24.362401344967775 ], [ 77.228816862809978, 24.362351714807762 ], [ 77.228756618317817, 24.362298148263651 ], [ 77.228700554263455, 24.362240899600646 ], [ 77.228648937257063, 24.362180242775054 ], [ 77.228602013059998, 24.362116466934332 ], [ 77.228560005598766, 24.362049876408811 ], [ 77.228523115987969, 24.361980789801059 ], [ 77.228491519614693, 24.361909535446951 ], [ 77.228474511786843, 24.361858006564269 ], [ 77.228454273591097, 24.361807465750189 ], [ 77.228430872432369, 24.361758086042645 ], [ 77.228404384681113, 24.36171003061455 ], [ 77.2283749014872, 24.361663463657656 ], [ 77.22834252198848, 24.361618538587877 ], [ 77.22830735418691, 24.361575409793655 ], [ 77.228269518024291, 24.3615342200155 ], [ 77.228229139399303, 24.36149510752438 ], [ 77.228035681603558, 24.361399055871143 ], [ 77.227749244402645, 24.361280583657116 ], [ 77.226271208233626, 24.361181652782886 ], [ 77.225669319434331, 24.35907638404549 ], [ 77.225635988273979, 24.359050085734644 ], [ 77.22560132498306, 24.3590252762604 ], [ 77.225565407932123, 24.359002009526321 ], [ 77.225528319435014, 24.358980339466815 ], [ 77.225490144796765, 24.358960316427034 ], [ 77.225450970358821, 24.358941985341229 ], [ 77.225410883473671, 24.358925388442032 ], [ 77.225369979414452, 24.358910564411488 ], [ 77.225328349569793, 24.358897545578973 ], [ 77.225240674753707, 24.35886635928064 ], [ 77.225150412625027, 24.358842147866877 ], [ 77.225058223090983, 24.358825087223487 ], [ 77.224964779330207, 24.358815304569195 ], [ 77.224870765922972, 24.358812867602996 ], [ 77.224776867897276, 24.35881779615956 ], [ 77.224742826661284, 24.358822279376426 ], [ 77.224683773746222, 24.358830055910499 ], [ 77.224592162654631, 24.358849553748247 ], [ 77.224502703395316, 24.358876150421683 ], [ 77.224441317419277, 24.358893006424989 ], [ 77.224377837197821, 24.358901033435462 ], [ 77.22431376218519, 24.358900040023496 ], [ 77.224250613491236, 24.358890048989743 ], [ 77.224189886541055, 24.358871298799883 ], [ 77.224133020604739, 24.358844233408892 ], [ 77.224081362403524, 24.358809492942811 ], [ 77.224036137628687, 24.358767901732396 ], [ 77.223998414684075, 24.358720444543998 ], [ 77.223929417787033, 24.358681393963106 ], [ 77.223857879681347, 24.358646391361702 ], [ 77.223784082019748, 24.358615576237916 ], [ 77.223708315504425, 24.35858906919459 ], [ 77.22363088084775, 24.358566974656 ], [ 77.223552084820369, 24.35854938174041 ], [ 77.223472236358802, 24.358536358810039 ], [ 77.223391653441013, 24.35852795623498 ], [ 77.223310654188609, 24.358524209032794 ], [ 77.223199195169741, 24.358528151200357 ], [ 77.223087704720328, 24.358525038163787 ], [ 77.222976714130908, 24.358514885847946 ], [ 77.222866752431884, 24.358497740869993 ], [ 77.222758346333492, 24.358473686861593 ], [ 77.222652007468739, 24.358442838045658 ], [ 77.222548247180711, 24.358405339352807 ], [ 77.222447558717562, 24.358361372603586 ], [ 77.222434485517113, 24.358354613071239 ], [ 77.222350423248955, 24.35831114571705 ], [ 77.222131062420488, 24.358098422682712 ], [ 77.222278935144828, 24.3575447697825 ], [ 77.222835431964057, 24.355808012504855 ], [ 77.222846070753207, 24.355416243070415 ], [ 77.222849442014606, 24.355364806312949 ], [ 77.222844650989614, 24.355313463353735 ], [ 77.22283179795248, 24.355263297012417 ], [ 77.222811153012557, 24.355215362542513 ], [ 77.222783151336557, 24.355170671335785 ], [ 77.222748384529439, 24.355130163759263 ], [ 77.222707583041085, 24.355094692759153 ], [ 77.222661606468819, 24.35506500662456 ], [ 77.222611423040945, 24.355041728955761 ], [ 77.222541653844829, 24.354990465001833 ], [ 77.222471307607989, 24.354939867548712 ], [ 77.222400392174322, 24.354889941173308 ], [ 77.222328915370881, 24.354840692258776 ], [ 77.22225688307833, 24.354792124463557 ], [ 77.222184307058484, 24.354744245104929 ], [ 77.222111191220293, 24.354697057825888 ], [ 77.222037544376391, 24.354650569017302 ], [ 77.221963375373363, 24.354604781457727 ], [ 77.22185762939182, 24.354511459962691 ], [ 77.221759873445109, 24.354411094096864 ], [ 77.221670663134404, 24.354304256364962 ], [ 77.221590509361661, 24.354191554143892 ], [ 77.221519868437497, 24.354073633217208 ], [ 77.221459142209042, 24.353951164227567 ], [ 77.221408679003815, 24.353824847200183 ], [ 77.221368763873812, 24.353695400626648 ], [ 77.221339629423667, 24.353563563356971 ], [ 77.221334718304576, 24.353353447218922 ], [ 77.221325975984627, 24.353143436356174 ], [ 77.22131340292583, 24.352933588576981 ], [ 77.221297001561737, 24.352723961704744 ], [ 77.221276779221057, 24.352514617214041 ], [ 77.221252738362665, 24.352305610218433 ], [ 77.221224888303666, 24.352097000401137 ], [ 77.221193235412059, 24.351888846518762 ], [ 77.221157789021618, 24.351681206447708 ], [ 77.221123787836333, 24.351575294983352 ], [ 77.221071447590987, 24.351475857565973 ], [ 77.221002158247487, 24.351385536151536 ], [ 77.220917765489745, 24.351306735131345 ], [ 77.220820512242781, 24.351241549521554 ], [ 77.22071298589664, 24.351191715777183 ], [ 77.220598046861483, 24.351158556136618 ], [ 77.220478753862125, 24.351142955455078 ], [ 77.220358279460669, 24.351145328928599 ], [ 77.220235913097014, 24.351151903506441 ], [ 77.220114968955713, 24.351170161228215 ], [ 77.219996770969104, 24.351199900291544 ], [ 77.219882613641644, 24.351240798540644 ], [ 77.219773749338103, 24.35129240252736 ], [ 77.219671368347875, 24.351354150836336 ], [ 77.219576595019419, 24.351425365925092 ], [ 77.219490466939973, 24.351505266603795 ], [ 77.219413925970514, 24.351592977898648 ], [ 77.219276892009162, 24.351763680512555 ], [ 77.219143944483307, 24.351937075172142 ], [ 77.219015146296925, 24.352113078387639 ], [ 77.218890559369356, 24.352291606661492 ], [ 77.218770239706359, 24.352472576449305 ], [ 77.218654248269331, 24.352655901536068 ], [ 77.218542637139961, 24.352841496539732 ], [ 77.218435462395433, 24.353029270690371 ], [ 77.218332771199044, 24.353219137663508 ], [ 77.218254741421461, 24.35333241868128 ], [ 77.218168780966138, 24.353440775065788 ], [ 77.218075261943099, 24.353543741888707 ], [ 77.217974580908432, 24.353640876091294 ], [ 77.217867171620611, 24.353731762908463 ], [ 77.217753498199158, 24.353816009492203 ], [ 77.217634043201159, 24.353893254752894 ], [ 77.217509324388644, 24.353963168588898 ], [ 77.217379875037295, 24.354025449021687 ], [ 77.217258369273196, 24.354075982874146 ], [ 77.217133780069787, 24.354119762517414 ], [ 77.217006553552508, 24.354156632511369 ], [ 77.216877145511219, 24.354186458267122 ], [ 77.216746020328841, 24.354209135070867 ], [ 77.216613649077502, 24.354224580843152 ], [ 77.216480506526608, 24.354232739728115 ], [ 77.216347069153656, 24.354233583884181 ], [ 77.216213816172356, 24.354227108976062 ], [ 77.215950623122424, 24.354205358104572 ], [ 77.215944708458863, 24.354195349919561 ], [ 77.215921713001407, 24.354176041751352 ], [ 77.215883622325563, 24.354159037323601 ], [ 77.215846810434869, 24.354156446283866 ], [ 77.215758739962936, 24.35412464728191 ], [ 77.215672478223851, 24.354088925522735 ], [ 77.215588236393032, 24.354049365776191 ], [ 77.215506216670178, 24.354006063579842 ], [ 77.215426616231227, 24.353959124366888 ], [ 77.215349630211293, 24.353908660780192 ], [ 77.215275439866062, 24.353854793481641 ], [ 77.215204227325202, 24.353797654881859 ], [ 77.215136163839119, 24.353737380918087 ], [ 77.215060477005537, 24.353618258384877 ], [ 77.214989591128514, 24.353496683749054 ], [ 77.214923599327477, 24.35337281762056 ], [ 77.214862589740278, 24.353246825988744 ], [ 77.214806643568878, 24.353118878400476 ], [ 77.214755835121949, 24.352989143444173 ], [ 77.214710233726862, 24.352857795087775 ], [ 77.214669898843411, 24.352725008123553 ], [ 77.214634885953217, 24.352590960924573 ], [ 77.214625211209722, 24.352558620264393 ], [ 77.214612194718214, 24.352527279145853 ], [ 77.214595955015525, 24.352497226627502 ], [ 77.214576642286431, 24.352468741179994 ], [ 77.214554434480277, 24.352442084333347 ], [ 77.214529538270924, 24.35241750339393 ], [ 77.214502182232934, 24.352395223261954 ], [ 77.214472618770301, 24.352375450962541 ], [ 77.214441120224677, 24.352358370195809 ], [ 77.214418650559168, 24.352351403640217 ], [ 77.214395409884943, 24.352347051140825 ], [ 77.21437175938091, 24.35234538059089 ], [ 77.214348064561563, 24.352346418371209 ], [ 77.214324695285441, 24.352350148446885 ], [ 77.214302014894514, 24.352356514087973 ], [ 77.214280373347492, 24.352365414201813 ], [ 77.214260109114832, 24.352376711477088 ], [ 77.214234898858251, 24.352392788986993 ], [ 77.214192010191056, 24.352409326941341 ], [ 77.213855182141941, 24.352536563340774 ], [ 77.212739195098735, 24.352893306903468 ], [ 77.210860039435261, 24.353493988208644 ], [ 77.209186751172709, 24.35400660681147 ], [ 77.208819756655586, 24.351758588245744 ], [ 77.208643146089941, 24.350099270368922 ], [ 77.208354009305893, 24.348327264457506 ], [ 77.208248917540686, 24.347683188649778 ], [ 77.208169319810139, 24.347410063125896 ], [ 77.208153089217191, 24.347286434484356 ], [ 77.208121419846094, 24.347165342733891 ], [ 77.208074734161471, 24.347048398920467 ], [ 77.208013654262231, 24.346937161484874 ], [ 77.207938993230258, 24.346833112711685 ], [ 77.207851744507678, 24.346737635162466 ], [ 77.207753070135141, 24.346652004358031 ], [ 77.207644285278718, 24.346577357044122 ], [ 77.207526839517627, 24.346514689237743 ], [ 77.207359020215506, 24.34637688754405 ], [ 77.207184588088722, 24.346246160056584 ], [ 77.207003897463409, 24.346122774214603 ], [ 77.206817317618643, 24.346006979513469 ], [ 77.206625225826144, 24.345899013771721 ], [ 77.206428016299753, 24.345799095073932 ], [ 77.206226087328858, 24.345707427087238 ], [ 77.206019851162367, 24.34562419643132 ], [ 77.205809727108544, 24.345549572623032 ], [ 77.205630402073126, 24.345469112320476 ], [ 77.205453514765424, 24.345384245622537 ], [ 77.205279191785095, 24.34529503406317 ], [ 77.205107561667845, 24.345201542804976 ], [ 77.204938747993381, 24.345103839680938 ], [ 77.204772875274415, 24.345001997951091 ], [ 77.204610066050577, 24.344896090859912 ], [ 77.204450435925651, 24.344786195209625 ], [ 77.204294102447591, 24.34467239052778 ], [ 77.204140094150958, 24.344546337087213 ], [ 77.203990518980945, 24.344415878833647 ], [ 77.203845531465078, 24.344281145269157 ], [ 77.203705274230842, 24.344142273026591 ], [ 77.203569886946426, 24.343999398714875 ], [ 77.20343950820606, 24.343852667966331 ], [ 77.203314265749981, 24.343702227229681 ], [ 77.203194289236322, 24.343548228387913 ], [ 77.203079695489222, 24.343390825027679 ], [ 77.203057888351921, 24.343348818196191 ], [ 77.203028709209818, 24.343310749920239 ], [ 77.202992982780827, 24.343277697983176 ], [ 77.202951719516207, 24.343250594433414 ], [ 77.202906083251733, 24.343230206359177 ], [ 77.202857366814186, 24.343217109501243 ], [ 77.202806941887104, 24.343211673401122 ], [ 77.202756236434453, 24.343214051285713 ], [ 77.202706681489047, 24.34322417783514 ], [ 77.202603676128177, 24.343299693279267 ], [ 77.20241483654101, 24.343574512337025 ], [ 77.201625752213346, 24.344447282724719 ], [ 77.201786697857813, 24.344763043315439 ], [ 77.202612731109014, 24.345932731948135 ], [ 77.202191352177707, 24.347532435087903 ], [ 77.201051649965734, 24.348160573096163 ], [ 77.198000187210539, 24.349331021999422 ], [ 77.197302940873897, 24.349575564218039 ], [ 77.196800996858741, 24.348891868088259 ], [ 77.196968642644649, 24.347690324419364 ], [ 77.198283267215956, 24.346999242299606 ], [ 77.198900503865758, 24.346674761285392 ], [ 77.200127506553585, 24.345910405366499 ], [ 77.199606211687779, 24.344031718032017 ], [ 77.198916755385468, 24.343367408696672 ], [ 77.198688521601284, 24.342720657137836 ], [ 77.198578526996428, 24.341976479765556 ], [ 77.198550238704527, 24.341668928266824 ], [ 77.198748281050371, 24.341425742900515 ], [ 77.198890512711955, 24.341248207680778 ], [ 77.198916461150219, 24.340983973420606 ], [ 77.198805053034476, 24.340380353317794 ], [ 77.19881889258258, 24.339805769241121 ], [ 77.198993510225677, 24.339506994316519 ], [ 77.199167648788858, 24.339258244143046 ], [ 77.199281583087014, 24.339120544310877 ], [ 77.199303466625238, 24.339105783787065 ], [ 77.199322924550813, 24.339088402596879 ], [ 77.199339583052065, 24.3390687310205 ], [ 77.199353125057158, 24.339047144953028 ], [ 77.199363293286709, 24.339024055994095 ], [ 77.199369891316564, 24.338999903327096 ], [ 77.199372797438357, 24.338975147508329 ], [ 77.199371952908336, 24.33895026224365 ], [ 77.199367375893928, 24.338925719146477 ], [ 77.199367543860703, 24.338878546653106 ], [ 77.199362389304625, 24.338831610539795 ], [ 77.199351968537187, 24.338785414337273 ], [ 77.199336390198127, 24.338740452963695 ], [ 77.199315823201317, 24.338697206466019 ], [ 77.199290486860335, 24.33865614174729 ], [ 77.199260653032013, 24.338617694520039 ], [ 77.19922664207003, 24.338582280112309 ], [ 77.199188816088892, 24.338550276252864 ], [ 77.199108475099692, 24.338400552956934 ], [ 77.199017555791301, 24.338255998602659 ], [ 77.198916455418029, 24.338117235951948 ], [ 77.198805609851533, 24.337984869108499 ], [ 77.198685500609798, 24.337859470026586 ], [ 77.198556646936751, 24.337741582060584 ], [ 77.198419609770653, 24.337631717287994 ], [ 77.198274978999237, 24.33753034918184 ], [ 77.198123383256231, 24.337437919012146 ], [ 77.197966619848643, 24.337331013240078 ], [ 77.197811866283061, 24.337221677609147 ], [ 77.197659166642097, 24.337109941382028 ], [ 77.197508566927354, 24.336995839255888 ], [ 77.197360110208791, 24.336879403194931 ], [ 77.197213840524142, 24.336760666977565 ], [ 77.197069798944923, 24.336639665261497 ], [ 77.196928028504772, 24.336516433623693 ], [ 77.196788567317014, 24.336391006698165 ], [ 77.196742284304904, 24.336349581688761 ], [ 77.196690620303485, 24.336313893840611 ], [ 77.19663441553557, 24.336284523432735 ], [ 77.196574588064323, 24.336261951116473 ], [ 77.196512109298737, 24.336246542364002 ], [ 77.196447998062894, 24.336238549228007 ], [ 77.196383297026671, 24.336238101120053 ], [ 77.196319060887305, 24.336245203812737 ], [ 77.196256334615711, 24.336259746489841 ], [ 77.196044696365604, 24.336336415942569 ], [ 77.194769711363563, 24.33689412203621 ], [ 77.194004873253974, 24.337094634538332 ], [ 77.191682265518395, 24.337111148496394 ], [ 77.190423152275059, 24.337615112306771 ], [ 77.189592388992509, 24.338192779818367 ], [ 77.189896880774754, 24.340550906563028 ], [ 77.190462226276509, 24.34177845445474 ], [ 77.190217143112136, 24.345566968535856 ], [ 77.190288242597489, 24.347516509548075 ], [ 77.190248500480052, 24.348843903738086 ], [ 77.190216631652333, 24.349908267208779 ], [ 77.189845953677136, 24.351038915538897 ], [ 77.191028509110836, 24.351099143591057 ], [ 77.191524162626834, 24.352171700447752 ], [ 77.192409368873427, 24.35365449116458 ], [ 77.1931845490585, 24.35362908155518 ], [ 77.193960032343185, 24.353572003618442 ], [ 77.194899551107099, 24.353276662753803 ], [ 77.195456790338071, 24.353610478505527 ], [ 77.196098668053949, 24.353800155774657 ], [ 77.19747293188783, 24.354221731721875 ], [ 77.197762743910047, 24.354229067937943 ], [ 77.198784295428737, 24.354056721353061 ], [ 77.198992597827512, 24.354008331097994 ], [ 77.199055985174184, 24.354052645824957 ], [ 77.199231656010568, 24.354175460719809 ], [ 77.198964887215681, 24.355207681864858 ], [ 77.198770595599953, 24.35550650249678 ], [ 77.198104566105656, 24.35586302008273 ], [ 77.197900530567608, 24.357185470606339 ], [ 77.197513990352519, 24.358765636627606 ], [ 77.197292300964179, 24.359671868513107 ], [ 77.197017729666612, 24.360425987991732 ], [ 77.196487485862477, 24.360282872084731 ], [ 77.195433966498683, 24.359998513576919 ], [ 77.194366582319958, 24.359666281694928 ], [ 77.194441264069908, 24.360071421135963 ], [ 77.195405375279307, 24.362017083962019 ], [ 77.195011300373736, 24.363164593752767 ], [ 77.194455369718568, 24.363693607521643 ], [ 77.193386348198047, 24.363314671598911 ], [ 77.19109922498231, 24.362909541674949 ], [ 77.189494664401124, 24.363085928763482 ], [ 77.18890783626513, 24.363845302518474 ], [ 77.189133880080831, 24.364875444641822 ], [ 77.189493629115091, 24.365255924742815 ], [ 77.189795406170489, 24.36553704918644 ], [ 77.190220827094294, 24.367424025914314 ], [ 77.191120483089108, 24.370017151005293 ], [ 77.191486172961476, 24.372892408923938 ], [ 77.192144201204883, 24.373922552858001 ], [ 77.19354339810981, 24.373639527939616 ], [ 77.194115727304407, 24.37439029044015 ], [ 77.194094267530446, 24.374578901008796 ], [ 77.194594678712832, 24.374636875628759 ], [ 77.196371011495486, 24.375031141644655 ], [ 77.197487294963651, 24.375399715079684 ], [ 77.198164339793379, 24.375477078793452 ], [ 77.199432592411043, 24.374550639330188 ], [ 77.20153272063655, 24.37316579518102 ], [ 77.2021040831346, 24.372789022660264 ], [ 77.202586136129028, 24.372711977210468 ], [ 77.20289173965179, 24.373714202642009 ], [ 77.20329137457928, 24.375149753843367 ], [ 77.20338991514771, 24.376177339179812 ], [ 77.203338829528448, 24.376383694060351 ], [ 77.203126036032131, 24.376746165730172 ], [ 77.20301432120101, 24.376871695188377 ], [ 77.203351831577748, 24.377034241957254 ], [ 77.203431039124965, 24.377089853369082 ], [ 77.203511398087201, 24.377144059562188 ], [ 77.203592882039501, 24.377196839549882 ], [ 77.203675457620278, 24.377248175902768 ], [ 77.203759096432208, 24.377298047618169 ], [ 77.203843766099325, 24.377346437274614 ], [ 77.203929436234731, 24.377393325660154 ], [ 77.204016075422288, 24.377438698070613 ], [ 77.204103651311343, 24.377482534375122 ], [ 77.204181337093374, 24.37750401338559 ], [ 77.20426054081311, 24.377520184706672 ], [ 77.204340831373798, 24.37753096269628 ], [ 77.204421770534836, 24.377536286945634 ], [ 77.204502919753722, 24.377536128655883 ], [ 77.204583833301541, 24.377530488777094 ], [ 77.204664073036, 24.377519399932375 ], [ 77.20474320157733, 24.37750291823528 ], [ 77.204820787092189, 24.377481138681425 ], [ 77.204895650625417, 24.377452673575256 ], [ 77.2049720231485, 24.377427796231274 ], [ 77.205049697963517, 24.377406570927555 ], [ 77.205128468433188, 24.377389055620863 ], [ 77.205208122099407, 24.377375298286701 ], [ 77.205288446642029, 24.377365332451067 ], [ 77.205369225831546, 24.377359187996383 ], [ 77.205450244562385, 24.377356880363418 ], [ 77.205531284848348, 24.377358416841634 ], [ 77.205601788061614, 24.377361485776596 ], [ 77.205671585946149, 24.377371106211541 ], [ 77.205739951725434, 24.37738717931126 ], [ 77.205806180976481, 24.377409536874669 ], [ 77.20586958268629, 24.377437948488669 ], [ 77.205929501972832, 24.377472117193751 ], [ 77.205985316020019, 24.377511692095798 ], [ 77.206036446990453, 24.377556258533968 ], [ 77.206082364802469, 24.377605357069619 ], [ 77.206141749447568, 24.377696204815066 ], [ 77.206208690202445, 24.377782531911411 ], [ 77.206282781874535, 24.377863812164609 ], [ 77.206363571663573, 24.377939547902066 ], [ 77.206450564965948, 24.378009281761035 ], [ 77.206543235354971, 24.378072584123611 ], [ 77.206641015526344, 24.378129072012005 ], [ 77.20674330923363, 24.3781783983457 ], [ 77.206849492154277, 24.378220264593505 ], [ 77.206970557719316, 24.378255651766899 ], [ 77.207091641628267, 24.378290983897209 ], [ 77.207212744841215, 24.378326263701577 ], [ 77.207333866406387, 24.378361487559676 ], [ 77.207455007275328, 24.378396659091717 ], [ 77.207576166487613, 24.378431775580452 ], [ 77.207697344017376, 24.3784668397352 ], [ 77.20781853989881, 24.378501847943493 ], [ 77.20793975509207, 24.378536802922365 ], [ 77.208004352839936, 24.37855112709785 ], [ 77.208070199343709, 24.378559398983199 ], [ 77.208136620905762, 24.378561534625661 ], [ 77.208202939317275, 24.378557509648335 ], [ 77.208268473744837, 24.378547368297106 ], [ 77.208332553660682, 24.378531211802365 ], [ 77.208394522693041, 24.378509208344607 ], [ 77.208453747629164, 24.378481579578384 ], [ 77.208509620276445, 24.378448612388471 ], [ 77.208603617850457, 24.378394090082033 ], [ 77.208702329506437, 24.378347074691675 ], [ 77.208805043026004, 24.378307906453912 ], [ 77.208911019134987, 24.378276867587203 ], [ 77.209019486564017, 24.378254183155608 ], [ 77.209129666741163, 24.37824001675019 ], [ 77.20924076196772, 24.378234469491552 ], [ 77.20935197115908, 24.378237583768129 ], [ 77.209462488926775, 24.378249336003343 ], [ 77.209515956958171, 24.378269659284907 ], [ 77.209565723116825, 24.378296744160213 ], [ 77.209610776982771, 24.378330037959351 ], [ 77.209650200012533, 24.378368865910776 ], [ 77.20968318916043, 24.378412435845092 ], [ 77.209709076384598, 24.378459860929762 ], [ 77.209727332419988, 24.378510177762351 ], [ 77.209737586353526, 24.378562361880793 ], [ 77.209739630332137, 24.378615351283244 ], [ 77.209743038676208, 24.378671497370696 ], [ 77.20974143111907, 24.3787277100826 ], [ 77.209734819083593, 24.378783616491162 ], [ 77.209723246565702, 24.378838840314916 ], [ 77.20970678999754, 24.378893016368519 ], [ 77.209685558350472, 24.378945779725385 ], [ 77.209659695964731, 24.378996779288279 ], [ 77.209629373701233, 24.379045675009188 ], [ 77.209594793854436, 24.379092139734951 ], [ 77.209562523838528, 24.379133679682678 ], [ 77.209532678246092, 24.379176712043122 ], [ 77.209505340016051, 24.379221121869989 ], [ 77.20948058430244, 24.379266783316421 ], [ 77.209458480317835, 24.379313573198022 ], [ 77.209439088469537, 24.379361361034295 ], [ 77.209422461285513, 24.379410015378852 ], [ 77.209408644426219, 24.379459401117725 ], [ 77.209397678622238, 24.379509383097464 ], [ 77.209579214527707, 24.380318943217574 ], [ 77.209875761266019, 24.380923840970912 ], [ 77.210261592900366, 24.381746572846474 ], [ 77.210632894010303, 24.38231623660964 ], [ 77.210952440484519, 24.383099418603273 ], [ 77.212148530909786, 24.383858834870729 ], [ 77.212280614863957, 24.383924785609906 ], [ 77.212415752078556, 24.383985319677755 ], [ 77.212553685297266, 24.384040318509413 ], [ 77.21269413941873, 24.384089673333971 ], [ 77.212836839228771, 24.384133287122051 ], [ 77.21298150642518, 24.384171076368439 ], [ 77.213127858683151, 24.384202965665661 ], [ 77.213275608618133, 24.384228893114958 ], [ 77.213424464806167, 24.384248806721512 ], [ 77.213611628713394, 24.384244949792173 ], [ 77.213798732885351, 24.384239172873006 ], [ 77.213985756580584, 24.384231478508973 ], [ 77.214172672180808, 24.384221866480782 ], [ 77.214359459947772, 24.384210337535151 ], [ 77.214546094201211, 24.384196895081317 ], [ 77.214581118502934, 24.384194010003174 ], [ 77.214732553239315, 24.384181538947381 ], [ 77.214918812376396, 24.384164271647592 ], [ 77.21510484792158, 24.384145094800779 ], [ 77.215836419691357, 24.384102061275833 ], [ 77.21710632368287, 24.384695733139559 ], [ 77.217860701316312, 24.385198976319007 ], [ 77.218124336917981, 24.385859855872535 ], [ 77.218439492143105, 24.386649871005865 ], [ 77.218467208364402, 24.387497182378144 ], [ 77.217971028224852, 24.389944528548384 ], [ 77.217940609286146, 24.390724928029588 ], [ 77.217114706559613, 24.390285872558035 ], [ 77.216310071040581, 24.390036867506726 ], [ 77.215489816529384, 24.389840874625325 ], [ 77.214791388312136, 24.38943137928942 ], [ 77.21421406621478, 24.388963908967739 ], [ 77.213677075004497, 24.388471213669707 ], [ 77.213210411429372, 24.388232787293127 ], [ 77.212243230418778, 24.388195426108776 ], [ 77.211743057676074, 24.388532527003004 ], [ 77.210345955086083, 24.387753552477005 ], [ 77.208235982004837, 24.385226874554306 ], [ 77.206951711221564, 24.384276232670704 ], [ 77.204676098216538, 24.383465425153634 ], [ 77.203253381350834, 24.383500483778199 ], [ 77.201504752291541, 24.383803526344494 ], [ 77.20064939747995, 24.383722818626502 ], [ 77.200339733190276, 24.384127733611223 ], [ 77.201995176010428, 24.384437632665865 ], [ 77.201241233647593, 24.385518862701424 ], [ 77.200988481393168, 24.386296078488037 ], [ 77.200824230891968, 24.386801145137738 ], [ 77.200544737882609, 24.388023646886136 ], [ 77.200953721286183, 24.389175276751757 ], [ 77.200512867397109, 24.389535819734924 ], [ 77.19945899699627, 24.3898443885803 ], [ 77.198728360140009, 24.389624846570243 ], [ 77.197521085870704, 24.389391924429024 ], [ 77.196925389635268, 24.38939751012753 ], [ 77.195734168098653, 24.39055856300849 ], [ 77.195290067584168, 24.391601849293206 ], [ 77.195229143816263, 24.392636498360972 ], [ 77.195654088504241, 24.393544458656933 ], [ 77.196965173128646, 24.393912386788173 ], [ 77.197888567976122, 24.394884845558487 ], [ 77.198917088469486, 24.394841767201996 ], [ 77.200119615776671, 24.395127143041364 ], [ 77.202134162481485, 24.394943026005915 ], [ 77.20405431446774, 24.394867081533569 ], [ 77.206850122629874, 24.395472556869716 ], [ 77.207247131466573, 24.395558531271465 ], [ 77.207468611051041, 24.396607191395059 ], [ 77.207380482059335, 24.397105368966944 ], [ 77.206689324299361, 24.398206554249626 ], [ 77.205934778062911, 24.397959886912307 ], [ 77.204306569924455, 24.397659052509542 ], [ 77.203104358989648, 24.398454285304066 ], [ 77.202682190817896, 24.398426958968727 ], [ 77.202173907039878, 24.39839405731465 ], [ 77.201365588361071, 24.398405180230966 ], [ 77.20120702974225, 24.399550812750746 ], [ 77.201124332339802, 24.400814286692722 ], [ 77.200021430925602, 24.401311026394076 ], [ 77.199369129249277, 24.402457865998219 ], [ 77.198989806639986, 24.403124756781196 ], [ 77.199301444426993, 24.404103896800482 ], [ 77.200558751943106, 24.404897169521842 ], [ 77.201979758704979, 24.406648865843163 ], [ 77.20200566271933, 24.407325258312611 ], [ 77.201843500413034, 24.408864435688567 ], [ 77.201671556832295, 24.409403017962308 ], [ 77.201138249894015, 24.409393800872554 ], [ 77.199757764706874, 24.409369930981921 ], [ 77.197558957961903, 24.409487837973046 ], [ 77.197043696512921, 24.409515462658483 ], [ 77.194501455476271, 24.409782174595502 ], [ 77.193849656248489, 24.40998032454689 ], [ 77.19328785558794, 24.412467132151331 ], [ 77.192416591592306, 24.412893044900748 ], [ 77.191495936375006, 24.412873211517287 ], [ 77.189103666601341, 24.411748830536283 ], [ 77.18838415484548, 24.410683488168214 ], [ 77.187068279012848, 24.410541936018518 ], [ 77.185320687884598, 24.409723978335808 ], [ 77.184812088981118, 24.409777012948677 ], [ 77.183306778164962, 24.41133317620983 ], [ 77.181786514921683, 24.414343268838188 ], [ 77.181523755968428, 24.415577620402836 ], [ 77.182753397742331, 24.416182143183725 ], [ 77.184894896032915, 24.417408272117097 ], [ 77.186066972473441, 24.418861972758375 ], [ 77.186053822263048, 24.420217794310705 ], [ 77.186202609745393, 24.421269620781452 ], [ 77.186813335519062, 24.422613614238816 ], [ 77.186815718888326, 24.423534838581421 ], [ 77.186862684755141, 24.424565290186134 ], [ 77.186836978801139, 24.424679164863608 ], [ 77.18651982717958, 24.426084040990766 ], [ 77.186655797099732, 24.427310319344006 ], [ 77.187219791841528, 24.428060535639919 ], [ 77.188159228003244, 24.428796762275468 ], [ 77.189027352511715, 24.429436364887035 ], [ 77.190620356459874, 24.430047143129183 ], [ 77.191274720069501, 24.43189538947291 ], [ 77.19162751515583, 24.433041477322764 ], [ 77.191957201800989, 24.433304628972859 ], [ 77.192932631114047, 24.434024190602493 ], [ 77.195231688842071, 24.43451440910636 ], [ 77.196732986131167, 24.434866531672267 ], [ 77.197553876904067, 24.43422917745978 ], [ 77.198239445838027, 24.434502419861932 ], [ 77.198985890427778, 24.435255159791485 ], [ 77.199938039098512, 24.435776553177174 ], [ 77.201867943454687, 24.436096152076797 ], [ 77.203357522796836, 24.436042714397711 ], [ 77.20392661361366, 24.436090690572495 ], [ 77.204691086566442, 24.435683691236843 ], [ 77.20541269160897, 24.43507442230538 ], [ 77.206006909555896, 24.434572702067225 ], [ 77.208045266295215, 24.434225991865791 ], [ 77.208940663973209, 24.434332512607419 ], [ 77.209801710997851, 24.434434941691567 ], [ 77.21164356159008, 24.435666566348992 ], [ 77.212283496024668, 24.436143990437088 ], [ 77.212554618720674, 24.436346260662592 ], [ 77.213511626761559, 24.436965084629051 ], [ 77.21426823376855, 24.437845645572189 ], [ 77.214238076534784, 24.438424493690569 ], [ 77.214151028739678, 24.43980007498801 ], [ 77.214275682054819, 24.440668804782483 ], [ 77.214587790948755, 24.441299678385725 ], [ 77.215214962001312, 24.442048803355203 ], [ 77.215271190742868, 24.442257888738869 ], [ 77.215596774250201, 24.443468541292077 ], [ 77.215610998988041, 24.443521431940429 ], [ 77.214711536946524, 24.444780692190118 ], [ 77.214302159505039, 24.445743124694918 ], [ 77.214582889329932, 24.446156436033526 ], [ 77.215683917207798, 24.446959936468915 ], [ 77.217246632507866, 24.448126508615513 ], [ 77.215876760504941, 24.448814468800553 ], [ 77.213948549456902, 24.44966581559175 ], [ 77.212727802539931, 24.45042344597293 ], [ 77.212039104834915, 24.449432317959495 ], [ 77.210759343383813, 24.447590520124272 ], [ 77.208366658443254, 24.444666123526499 ], [ 77.208082739999455, 24.444326165851695 ], [ 77.208004125107564, 24.443966407087412 ], [ 77.207796045406099, 24.44361460915044 ], [ 77.207564819955692, 24.443280431270722 ], [ 77.207455436049329, 24.443047677677885 ], [ 77.207395529281683, 24.442570145747446 ], [ 77.204331424059717, 24.444536936699468 ], [ 77.202877564100802, 24.447654911606712 ], [ 77.202799328728773, 24.448029775466139 ], [ 77.201797132968494, 24.447071111746503 ], [ 77.199691688656117, 24.446861910298868 ], [ 77.198193655632181, 24.447314167822121 ], [ 77.196807360890844, 24.447033828035124 ], [ 77.196224951396374, 24.447106361339859 ], [ 77.195909747832133, 24.447568714170302 ], [ 77.195617879762395, 24.44767362476972 ], [ 77.194765313336617, 24.448031445767963 ], [ 77.193506789729128, 24.448933630055802 ], [ 77.193186245956383, 24.449465028553767 ], [ 77.193212937367903, 24.452294707714298 ], [ 77.193110005615281, 24.454103281959714 ], [ 77.192966887270458, 24.456718124778764 ], [ 77.192608207589785, 24.461046448272025 ], [ 77.192530590584354, 24.461955095010069 ], [ 77.192621991292768, 24.462818541702319 ], [ 77.192697990227046, 24.463536481592417 ], [ 77.192112354170177, 24.464663142181628 ], [ 77.191397149374652, 24.465846438273982 ], [ 77.191941470246235, 24.467135921252009 ], [ 77.192965172900685, 24.46829045762059 ], [ 77.192581830516147, 24.468560655483298 ], [ 77.191291013021711, 24.469709031310895 ], [ 77.190588150420808, 24.470221470244965 ], [ 77.190042623938027, 24.469313361476914 ], [ 77.189189909312873, 24.468889396914058 ], [ 77.188770945061506, 24.469186548782815 ], [ 77.18836193706251, 24.469476635313775 ], [ 77.187202756913052, 24.469796474079153 ], [ 77.185755936007325, 24.470069041420142 ], [ 77.184504907276477, 24.470558849953918 ], [ 77.184046427066093, 24.470807861698955 ], [ 77.183177995584572, 24.470579617939357 ], [ 77.181476770926238, 24.469793247643388 ], [ 77.181024932167304, 24.469136066381477 ], [ 77.180279534378798, 24.467632420632491 ], [ 77.179209699857836, 24.468925330650592 ], [ 77.176658557042188, 24.472247486561635 ], [ 77.175860813878415, 24.472820303734178 ], [ 77.17574128830249, 24.472971708314493 ], [ 77.175659249582878, 24.473548832688401 ], [ 77.175658637629979, 24.474315799134022 ], [ 77.179102841656558, 24.473883060984178 ], [ 77.181491706039509, 24.473677612125066 ], [ 77.183409892224944, 24.474660669819691 ], [ 77.184749042107072, 24.475927156177967 ], [ 77.185698278932051, 24.476657013036334 ], [ 77.186175044608433, 24.476741769138069 ], [ 77.188068537864908, 24.475443723790399 ], [ 77.188710295812854, 24.475782327113574 ], [ 77.189150359332288, 24.475952595303426 ], [ 77.189004541970846, 24.477273868400655 ], [ 77.189208342041852, 24.47796305019444 ], [ 77.18938938193692, 24.478092746796591 ], [ 77.190535130510725, 24.477954953678815 ], [ 77.191061013965339, 24.47795280934394 ], [ 77.191516415067667, 24.477988559699902 ], [ 77.191417419522438, 24.479540852190034 ], [ 77.19121301988379, 24.480335747079941 ], [ 77.191170912355787, 24.48108147794461 ], [ 77.191480204401273, 24.481725112943035 ], [ 77.19197883590779, 24.482229233549457 ], [ 77.191784336359333, 24.482729643664971 ], [ 77.190794162835545, 24.48387422695124 ], [ 77.190274719612461, 24.484885618735014 ], [ 77.190027872010162, 24.485711341219904 ], [ 77.189841220550562, 24.486335698713372 ], [ 77.189019822611456, 24.487564333130344 ], [ 77.188632551765622, 24.48838261504897 ], [ 77.189095972740944, 24.490582687274152 ], [ 77.18946732939078, 24.492345637342673 ], [ 77.189755662224528, 24.493226380029498 ], [ 77.190122770893353, 24.494780295709067 ], [ 77.190797500980608, 24.495635343673083 ], [ 77.193609665513634, 24.49457084087528 ], [ 77.196641376021574, 24.494243464695508 ], [ 77.200373086471188, 24.494107524821001 ], [ 77.199317993825844, 24.497559278254702 ], [ 77.199244590393135, 24.499105675426257 ], [ 77.199197980603955, 24.500087598311485 ], [ 77.198970993389054, 24.500947296246526 ], [ 77.197593094774348, 24.501051926713082 ], [ 77.196862209291893, 24.5013498646058 ], [ 77.195947182217978, 24.502688054553548 ], [ 77.196601125278775, 24.503841427538845 ], [ 77.196198643470225, 24.504547139092953 ], [ 77.194994866401657, 24.505385353951453 ], [ 77.19513743419661, 24.506660950926101 ], [ 77.195261417665805, 24.507770253850939 ], [ 77.193993125850184, 24.508178757041208 ], [ 77.194056319656369, 24.509862119262298 ], [ 77.195037542808151, 24.509870064776482 ], [ 77.195755032914477, 24.50932606071256 ], [ 77.196212034635423, 24.509532319009168 ], [ 77.196732900064688, 24.509681215875705 ], [ 77.197127157898251, 24.509829088888672 ], [ 77.197155598685427, 24.509320375399799 ], [ 77.19715613662882, 24.509251548821517 ], [ 77.197155097122504, 24.509182727560191 ], [ 77.197152480868468, 24.509113941426182 ], [ 77.197148287572858, 24.509045221125167 ], [ 77.197142519920462, 24.508976595580311 ], [ 77.197135179582816, 24.508908096416175 ], [ 77.197126271218707, 24.50883975257177 ], [ 77.197115797495329, 24.508771594776423 ], [ 77.197103765036815, 24.508703652888219 ], [ 77.197089493867352, 24.508604618286878 ], [ 77.197095726553584, 24.508504891347204 ], [ 77.19712224549275, 24.508407989978224 ], [ 77.19716811041134, 24.508317342246606 ], [ 77.197231703152084, 24.508236146749088 ], [ 77.197279422841021, 24.50819458072943 ], [ 77.197310776032595, 24.508167271850294 ], [ 77.197402537751344, 24.508113150709367 ], [ 77.197503746016721, 24.508075695327044 ], [ 77.197610825660902, 24.508056228862223 ], [ 77.197677319375899, 24.508068011333055 ], [ 77.197743967410318, 24.508079044483051 ], [ 77.197810758923112, 24.508089326418013 ], [ 77.19787768405169, 24.508098856154948 ], [ 77.197944730976786, 24.508107630888677 ], [ 77.198011891792348, 24.508115651458368 ], [ 77.198079154670367, 24.508122915961955 ], [ 77.198146510752593, 24.508129421618211 ], [ 77.198213948184872, 24.508135169234521 ], [ 77.198275729810774, 24.508149284238389 ], [ 77.198338108151873, 24.508160993460436 ], [ 77.19840097284991, 24.508170276139154 ], [ 77.198464209554885, 24.508177115996947 ], [ 77.198527706834199, 24.508181501295766 ], [ 77.19859135124635, 24.508183423894348 ], [ 77.198655026362474, 24.508182878336839 ], [ 77.198718619614809, 24.50817986823068 ], [ 77.198782016461564, 24.508174397167441 ], [ 77.198823117023508, 24.508148615308187 ], [ 77.19886789412493, 24.508128609100488 ], [ 77.198915390060179, 24.508114811563605 ], [ 77.198964580352595, 24.508107516993533 ], [ 77.199014406299341, 24.50810688393512 ], [ 77.199063798763547, 24.508112924536121 ], [ 77.199111694891926, 24.50812551100411 ], [ 77.199157063820209, 24.508144371298073 ], [ 77.19919892926923, 24.508169100148443 ], [ 77.199259913580079, 24.508214143873175 ], [ 77.199319338625742, 24.508260897352919 ], [ 77.199377150546781, 24.508309315899417 ], [ 77.199433293535463, 24.508359352099408 ], [ 77.199487710805457, 24.508410957628463 ], [ 77.199540353466304, 24.508464084225938 ], [ 77.199591168722677, 24.508518679083661 ], [ 77.199640108696656, 24.508574691239659 ], [ 77.199687124566523, 24.508632065208293 ], [ 77.19973756218009, 24.508657112310988 ], [ 77.199786422107792, 24.508684652084938 ], [ 77.199833559054099, 24.508714602074491 ], [ 77.199878829775372, 24.508746871712187 ], [ 77.199922098984615, 24.508781364172535 ], [ 77.19996323640764, 24.50881797454177 ], [ 77.200002116722388, 24.508856596140077 ], [ 77.200038625611427, 24.50889710702204 ], [ 77.200072650678592, 24.508939390677003 ], [ 77.200296715913495, 24.509358232347815 ], [ 77.200480301056487, 24.512170710382527 ], [ 77.200578779303626, 24.512877254720443 ], [ 77.199036503929207, 24.512688380855032 ], [ 77.197413929307999, 24.512615926506342 ], [ 77.197282610329324, 24.512610060606733 ], [ 77.197426118288718, 24.513852712322528 ], [ 77.197394332031806, 24.515328116112293 ], [ 77.197298043153694, 24.516230539804784 ], [ 77.197196069012179, 24.517705374919373 ], [ 77.196852290433924, 24.518782234219472 ], [ 77.196774979127611, 24.519519439397779 ], [ 77.197633033432069, 24.51970281118308 ], [ 77.198458629574787, 24.519613241677028 ], [ 77.200013303063301, 24.518936226364008 ], [ 77.204276974439694, 24.522627621830477 ], [ 77.20472190618743, 24.527644952144904 ], [ 77.20513753155204, 24.532108722473499 ], [ 77.205263841925188, 24.5334652298484 ], [ 77.203128678254643, 24.536858656445606 ], [ 77.202988758438622, 24.537081024982104 ], [ 77.200926572078288, 24.540237900895431 ], [ 77.200284887752801, 24.541515847187959 ], [ 77.200049171500027, 24.54198528076391 ], [ 77.199870982169173, 24.542316330925839 ], [ 77.199195366749464, 24.543571516913516 ], [ 77.200106473783563, 24.544054282553244 ], [ 77.20522150338671, 24.54625908031257 ], [ 77.20735138816336, 24.54734306981689 ], [ 77.207191484769211, 24.547878996607629 ], [ 77.208197735608707, 24.548456074025768 ], [ 77.209183689053603, 24.549121890687719 ], [ 77.210850599395854, 24.550471717939107 ], [ 77.209375908606916, 24.552376192110586 ], [ 77.208626094407236, 24.553978226251008 ], [ 77.208386572588466, 24.555013689394361 ], [ 77.208092110056569, 24.555402850657412 ], [ 77.207943614301584, 24.556400001215653 ], [ 77.207435071364984, 24.556773461887659 ], [ 77.207268356152966, 24.55820108093857 ], [ 77.207740002808848, 24.558484524867382 ], [ 77.208111616375149, 24.558136107704218 ], [ 77.208177778518177, 24.557619269217376 ], [ 77.208304072455036, 24.557214774182714 ], [ 77.208627665833191, 24.556979659029576 ], [ 77.208731933778637, 24.555732072247807 ], [ 77.209285969059152, 24.555400921868227 ], [ 77.209828313255855, 24.554692132667416 ], [ 77.209851453948602, 24.554072547719496 ], [ 77.211656632990213, 24.55411495645544 ], [ 77.213479916574272, 24.553863845829039 ], [ 77.214156881609213, 24.555327284738198 ], [ 77.214618085067016, 24.556611409209822 ], [ 77.215015198582194, 24.557803504645989 ], [ 77.215235318692194, 24.558640179653327 ], [ 77.215299760341125, 24.55981579696148 ], [ 77.215377724061568, 24.560724250560444 ], [ 77.217671969641813, 24.556934742711558 ], [ 77.217988433423699, 24.556525060636748 ], [ 77.219362107821624, 24.554746709820517 ], [ 77.221220191739604, 24.553053590713027 ], [ 77.222260822324188, 24.55196339270984 ], [ 77.22395366580497, 24.550334775315548 ], [ 77.224602509406324, 24.549822153222692 ], [ 77.225285679086724, 24.549282407008057 ], [ 77.226019664271575, 24.548703262188027 ], [ 77.226641128484587, 24.548211491883702 ], [ 77.227080020693407, 24.547864722947882 ], [ 77.227204534786566, 24.547693960982485 ], [ 77.227518956625303, 24.547262749567064 ], [ 77.227756499564691, 24.547363383677911 ], [ 77.228108495004136, 24.547509908864143 ], [ 77.228461553278791, 24.547654282130974 ], [ 77.228815655674907, 24.54779649700092 ], [ 77.229170788398292, 24.547936548841751 ], [ 77.229526934700772, 24.548074432094857 ], [ 77.229884077859623, 24.548210138492497 ], [ 77.230242204079786, 24.54834366340274 ], [ 77.230601296620918, 24.548475000364309 ], [ 77.230771590558874, 24.548566553062649 ], [ 77.230945960298243, 24.548651440573423 ], [ 77.231124097176377, 24.548729513236704 ], [ 77.231305679590221, 24.548800632130089 ], [ 77.231490386811046, 24.548864670080562 ], [ 77.23167788714477, 24.548921510668276 ], [ 77.231867845771689, 24.548971054610607 ], [ 77.232059924814564, 24.5490132125373 ], [ 77.232253778368232, 24.549047908564326 ], [ 77.232526794634424, 24.549066242847655 ], [ 77.232800533667842, 24.54906397270328 ], [ 77.233073141808021, 24.549041111567849 ], [ 77.233342768967802, 24.548997818330751 ], [ 77.233607589508111, 24.54893438304741 ], [ 77.233865807094091, 24.548851236008158 ], [ 77.234115670547894, 24.548748942443087 ], [ 77.234355486764002, 24.548628194493531 ], [ 77.234583631573244, 24.548489811295614 ], [ 77.234787000790249, 24.548352133062515 ], [ 77.234984230855403, 24.548207173765544 ], [ 77.235175010539649, 24.548055163105555 ], [ 77.235359039369712, 24.547896342610066 ], [ 77.235536025687495, 24.547730962004906 ], [ 77.235705692548606, 24.547559281969985 ], [ 77.235867768827973, 24.547381574972324 ], [ 77.236022002122837, 24.547198118141882 ], [ 77.236168146803195, 24.547009204015488 ], [ 77.236241898284334, 24.54695320820268 ], [ 77.236309978194612, 24.546891495080626 ], [ 77.23637185973466, 24.546824541023479 ], [ 77.236427060108085, 24.546752868812451 ], [ 77.236475155466337, 24.546677033301282 ], [ 77.236515772022784, 24.546597621346535 ], [ 77.236548591022682, 24.546515248233646 ], [ 77.236573362599344, 24.546430554172275 ], [ 77.236589892035411, 24.546344195156667 ], [ 77.236643751191224, 24.546218796696159 ], [ 77.236719489859055, 24.546103244307044 ], [ 77.236815033458356, 24.546000705425577 ], [ 77.236927762779388, 24.545913989177684 ], [ 77.237054588709952, 24.545845474714739 ], [ 77.237192033878728, 24.545797038698858 ], [ 77.23733633182195, 24.545770009118307 ], [ 77.237483528071593, 24.545765124534466 ], [ 77.237629587874295, 24.545782523185178 ], [ 77.237892015227445, 24.545764828160074 ], [ 77.238155134139689, 24.545761882482015 ], [ 77.238417956208522, 24.545773697392391 ], [ 77.238679491587405, 24.545800227227708 ], [ 77.238938757844494, 24.545841372198279 ], [ 77.239194778982323, 24.545896977477305 ], [ 77.239446591343111, 24.545966835053036 ], [ 77.239693249556694, 24.546050681065172 ], [ 77.239933823517973, 24.546148202103009 ], [ 77.240118129466055, 24.546187928140959 ], [ 77.240299331456967, 24.546238206873305 ], [ 77.240476704654768, 24.546298839376828 ], [ 77.240649545357186, 24.546369583543658 ], [ 77.240817163071029, 24.546450156728373 ], [ 77.240978892308902, 24.54654024125907 ], [ 77.241134088740694, 24.546639473568661 ], [ 77.241282133961079, 24.546747462295084 ], [ 77.2414224395567, 24.546863775668506 ], [ 77.241618153177583, 24.546943406427278 ], [ 77.24181987799291, 24.547009302162486 ], [ 77.242026465134899, 24.547061087206018 ], [ 77.24223673435479, 24.547098467840311 ], [ 77.242449485914648, 24.547121227875209 ], [ 77.242663510353324, 24.54712924046628 ], [ 77.242877585610785, 24.547122459060507 ], [ 77.243090491806655, 24.547100921124585 ], [ 77.243301012187601, 24.54706475266795 ], [ 77.243419963784802, 24.547075067902409 ], [ 77.243538859242463, 24.547085901032062 ], [ 77.243657695566313, 24.547097255646584 ], [ 77.243776473770396, 24.54710912904444 ], [ 77.243895185957385, 24.547121521164406 ], [ 77.244013834103399, 24.547134432022052 ], [ 77.244132413264737, 24.547147862482237 ], [ 77.244250919518677, 24.547161809805264 ], [ 77.244369352858214, 24.547176274894277 ], [ 77.244627367186894, 24.547175654571539 ], [ 77.244884751128865, 24.547159137446581 ], [ 77.245140332817215, 24.547126798408986 ], [ 77.245392950593811, 24.54707878288351 ], [ 77.245641461839099, 24.547015313220864 ], [ 77.245884731260006, 24.546936674155571 ], [ 77.246121656462265, 24.546843223842227 ], [ 77.246351164069793, 24.546735386599266 ], [ 77.246572205777142, 24.54661365287788 ], [ 77.246809859299134, 24.546546423731808 ], [ 77.247048824273591, 24.546483196437308 ], [ 77.247289017542712, 24.546423996536195 ], [ 77.247530360977819, 24.546368839674592 ], [ 77.247772767497736, 24.546317748655362 ], [ 77.248016160974629, 24.546270736431577 ], [ 77.24826045634461, 24.546227821306857 ], [ 77.248505573506179, 24.546189018914113 ], [ 77.248751428458846, 24.546154339437518 ], [ 77.248890917053885, 24.546133281178584 ], [ 77.249030153575021, 24.546110862451748 ], [ 77.249169121208055, 24.546087085837051 ], [ 77.24930780412609, 24.546061953922024 ], [ 77.249446183540329, 24.546035469271452 ], [ 77.249584248543954, 24.546007636317444 ], [ 77.24972197936917, 24.545978456714128 ], [ 77.24985936412196, 24.54594793488608 ], [ 77.249957066060304, 24.5459041623442 ], [ 77.250084523341314, 24.545755019071319 ], [ 77.250166350719383, 24.545695425348008 ], [ 77.250244982520627, 24.545632335926499 ], [ 77.250320242648769, 24.545565893958493 ], [ 77.250391959870299, 24.545496250762021 ], [ 77.250459970809928, 24.545423562231932 ], [ 77.250587779209297, 24.545346123012784 ], [ 77.250714406580286, 24.545267075011104 ], [ 77.250839826111829, 24.545186434279717 ], [ 77.250964015946508, 24.545104215103333 ], [ 77.251086952227311, 24.545020434460994 ], [ 77.251208610135123, 24.544935106614652 ], [ 77.251328967771428, 24.544848250364879 ], [ 77.251448001313292, 24.544759879078313 ], [ 77.251565686871217, 24.544670013346625 ], [ 77.251764008286102, 24.544512323803946 ], [ 77.251962464141215, 24.544354777723843 ], [ 77.252161055432381, 24.544197374210281 ], [ 77.252359783138857, 24.544040114173466 ], [ 77.252558645294499, 24.543882996694553 ], [ 77.252757641882951, 24.54372602357931 ], [ 77.252956773908338, 24.543569193028492 ], [ 77.253156040375274, 24.543412505937127 ], [ 77.253355441267317, 24.543255964110962 ], [ 77.253543936629427, 24.543116595891732 ], [ 77.253740387058699, 24.542986746909872 ], [ 77.253944219377104, 24.542866794761547 ], [ 77.25415483795615, 24.542757089776579 ], [ 77.254371627686695, 24.542657954138491 ], [ 77.254593954044864, 24.542569674659912 ], [ 77.254821172889763, 24.542492510987255 ], [ 77.255052612765894, 24.542426687335727 ], [ 77.255287604480358, 24.542372397233684 ], [ 77.256269708210894, 24.542089383845433 ], [ 77.255963731886737, 24.541770826042576 ], [ 77.255071352032857, 24.540394030745666 ], [ 77.252782790352484, 24.536862992891212 ], [ 77.251280235703845, 24.534489767242299 ], [ 77.254857465106497, 24.532492664877001 ], [ 77.2579506392279, 24.534074293262893 ], [ 77.260096663666801, 24.531268940196561 ], [ 77.262086546434688, 24.532593386047193 ], [ 77.262238429243752, 24.532607550924222 ], [ 77.262509165780301, 24.53263230555681 ], [ 77.262685307899758, 24.532193339384911 ], [ 77.262761177083689, 24.532041823331742 ], [ 77.262838132849154, 24.531890766234348 ], [ 77.262916171194817, 24.531740173479434 ], [ 77.262995288094572, 24.531590053163274 ], [ 77.263075480526183, 24.531440411583258 ], [ 77.263156744488441, 24.531291254126124 ], [ 77.263239076950981, 24.531142587992331 ], [ 77.263322475870638, 24.530994420390051 ], [ 77.263406934292988, 24.530846755780111 ], [ 77.263512309720269, 24.530736648363998 ], [ 77.263627178349594, 24.530634798112992 ], [ 77.263750768834214, 24.530541883725075 ], [ 77.26388225405104, 24.530458530185012 ], [ 77.264020752194881, 24.530385297032229 ], [ 77.264165334716694, 24.530322673905921 ], [ 77.264315032270957, 24.53027107788159 ], [ 77.264468841567336, 24.530230859846252 ], [ 77.264625731449655, 24.530202287384867 ], [ 77.264778704184948, 24.530167496208989 ], [ 77.264929181325343, 24.530124551720487 ], [ 77.265076643162203, 24.530073602596588 ], [ 77.26522058256775, 24.530014825611385 ], [ 77.265360503070696, 24.529948420201567 ], [ 77.265495922731006, 24.529874616624873 ], [ 77.265626372207294, 24.529793671429058 ], [ 77.265656120012352, 24.52977277831215 ], [ 77.265751405682252, 24.529705860309424 ], [ 77.265870588925679, 24.529611487952831 ], [ 77.26599101274671, 24.529477502147888 ], [ 77.266096305089164, 24.529333243576325 ], [ 77.266185425236301, 24.529180136787023 ], [ 77.266257492621023, 24.52901969335079 ], [ 77.266311793866024, 24.528853497462098 ], [ 77.266347797712811, 24.528683192503493 ], [ 77.266365145343983, 24.528510459294434 ], [ 77.266363665303203, 24.528337003559685 ], [ 77.266343373647629, 24.528164538769403 ], [ 77.266328387457264, 24.528057209844214 ], [ 77.266300754778001, 24.527952002700868 ], [ 77.266260798977356, 24.527850162585167 ], [ 77.26620899485539, 24.527752892541933 ], [ 77.266145954929172, 24.527661341569697 ], [ 77.266072420653799, 24.527576592812817 ], [ 77.26598926749746, 24.527499648247005 ], [ 77.265897473457443, 24.52743141669815 ], [ 77.265798124061959, 24.527372706656354 ], [ 77.265660881276531, 24.527273421660674 ], [ 77.265645762326585, 24.527262483407075 ], [ 77.265491134409714, 24.527154933310428 ], [ 77.265334298214597, 24.527050093832109 ], [ 77.265175308641204, 24.52694800693083 ], [ 77.265014223640819, 24.526848704653752 ], [ 77.26485110207733, 24.526752227183795 ], [ 77.264686002896241, 24.526658605672687 ], [ 77.264518985971989, 24.526567877601853 ], [ 77.264350110240528, 24.526480075026541 ], [ 77.264195223325657, 24.526420269552386 ], [ 77.264048874267445, 24.526344577071477 ], [ 77.26391300577535, 24.526253997831763 ], [ 77.263789417526709, 24.526149733306347 ], [ 77.263679745640786, 24.526033163455214 ], [ 77.263585444999649, 24.525905836652644 ], [ 77.263507766840902, 24.525769436999457 ], [ 77.263447738119368, 24.525625774228224 ], [ 77.263406156870928, 24.525476751151352 ], [ 77.263385752570599, 24.525358489931669 ], [ 77.2633776982385, 24.525238990019684 ], [ 77.263382069882752, 24.525119329499436 ], [ 77.263398825025206, 24.525000588255637 ], [ 77.263427813677851, 24.524883835413139 ], [ 77.263468774444817, 24.524770123888207 ], [ 77.263521337584379, 24.524660479574084 ], [ 77.263585030061563, 24.524555888735495 ], [ 77.263659277548328, 24.524457295314775 ], [ 77.263717415091193, 24.524321404457449 ], [ 77.263761028646627, 24.524181035668562 ], [ 77.263789712510658, 24.524037485547542 ], [ 77.263803202890372, 24.523892078870276 ], [ 77.263801374035125, 24.523746159527018 ], [ 77.263784246280039, 24.523601074326113 ], [ 77.263751973301041, 24.523458162961784 ], [ 77.263704856048335, 24.523318745475898 ], [ 77.263643329030899, 24.523184110412235 ], [ 77.263585403133192, 24.523089414690379 ], [ 77.263527424736708, 24.522994747448429 ], [ 77.263469395848958, 24.522900105088848 ], [ 77.263411313483729, 24.522805490298357 ], [ 77.263353177649378, 24.522710902173756 ], [ 77.263294992294647, 24.522616340745198 ], [ 77.263236754441635, 24.522521807796242 ], [ 77.263178464115128, 24.522427300617437 ], [ 77.263120122302439, 24.522332819216309 ], [ 77.262996740455918, 24.522225783817486 ], [ 77.262877544734437, 24.522114848762229 ], [ 77.262762683954662, 24.522000149773355 ], [ 77.262652300951018, 24.521881828850351 ], [ 77.262546528651384, 24.521760031529581 ], [ 77.262445501890227, 24.521634910587348 ], [ 77.262349342667349, 24.521506618701682 ], [ 77.262258169961569, 24.521375314849731 ], [ 77.262228858552959, 24.521329628649365 ], [ 77.262172095823558, 24.521241159761527 ], [ 77.262166589865444, 24.521136981059776 ], [ 77.262168867057255, 24.521032700242792 ], [ 77.262178918981007, 24.520928804063132 ], [ 77.26219669773343, 24.520825778969996 ], [ 77.262222122902273, 24.520724103937301 ], [ 77.26225507067528, 24.520624253992956 ], [ 77.262295391675266, 24.52052669313025 ], [ 77.262342897090761, 24.52043187962062 ], [ 77.262397364739627, 24.520340250706244 ], [ 77.262458259905969, 24.52021028818886 ], [ 77.262518817542329, 24.520080193000204 ], [ 77.262579036654103, 24.519949966036243 ], [ 77.262638918220929, 24.519819608208095 ], [ 77.262698460244707, 24.519689122210494 ], [ 77.262757661763871, 24.51955850532687 ], [ 77.262816523741606, 24.519427760274649 ], [ 77.262875046170493, 24.519296887957346 ], [ 77.262933229051441, 24.519165888375387 ], [ 77.262959005120948, 24.519065678113542 ], [ 77.262972053117139, 24.518963423252089 ], [ 77.262972198822567, 24.51886047543805 ], [ 77.262959439740627, 24.518758192144155 ], [ 77.262933946236942, 24.518657919516976 ], [ 77.262896052727655, 24.518560984181118 ], [ 77.262846260902862, 24.518468664362114 ], [ 77.262785227016053, 24.51838217624196 ], [ 77.262713755080199, 24.518302662166498 ], [ 77.262595029305302, 24.51819624467371 ], [ 77.262474552089387, 24.518091487301174 ], [ 77.262352354830526, 24.517988411058226 ], [ 77.262228463932985, 24.517887043238357 ], [ 77.262102907841069, 24.517787403925215 ], [ 77.261975715952829, 24.517689516822603 ], [ 77.261846916678891, 24.517593405626556 ], [ 77.261716538454294, 24.517499091324062 ], [ 77.261584613654023, 24.517406595835237 ], [ 77.261429153261247, 24.517308413315217 ], [ 77.261282243094001, 24.517199764944969 ], [ 77.261144725460724, 24.517081273173467 ], [ 77.261017383915728, 24.51695361509535 ], [ 77.260900950194042, 24.516817519793559 ], [ 77.26079608548919, 24.516673764582535 ], [ 77.260703392332402, 24.516523171485616 ], [ 77.260623397845123, 24.51636660349368 ], [ 77.260556561744679, 24.516204952883903 ], [ 77.260523906121406, 24.516087050795658 ], [ 77.26049704258233, 24.515967932229124 ], [ 77.260476027193249, 24.515847833348442 ], [ 77.260460901171328, 24.515726994719138 ], [ 77.260451696832931, 24.51560565864429 ], [ 77.260448427739163, 24.515484067282575 ], [ 77.260451103494361, 24.515362463664896 ], [ 77.260459719875314, 24.515241091618709 ], [ 77.260474256873565, 24.515120193946533 ], [ 77.260768514873931, 24.514440315818842 ], [ 77.260823380449267, 24.51429099026824 ], [ 77.260873100719621, 24.514140163925813 ], [ 77.260917624983406, 24.513987985434749 ], [ 77.260956910436562, 24.513834603498175 ], [ 77.260990919186398, 24.513680169566108 ], [ 77.261019617281036, 24.513524836021215 ], [ 77.261042974725797, 24.513368754372969 ], [ 77.261060972343074, 24.513212080728952 ], [ 77.261073588035799, 24.513054966658043 ], [ 77.261045429454327, 24.512960333587227 ], [ 77.261015508641236, 24.512866154867819 ], [ 77.260983829292385, 24.512772458526115 ], [ 77.260950404999292, 24.512679269954443 ], [ 77.260915244376534, 24.512586619022869 ], [ 77.260878357058758, 24.512494531996648 ], [ 77.260839755649968, 24.51240303426038 ], [ 77.260799448772858, 24.512312154780808 ], [ 77.260757448044089, 24.512221918935062 ], [ 77.260316403013775, 24.511646794338574 ], [ 77.25952628443369, 24.510915878722304 ], [ 77.25938600973312, 24.510768439776676 ], [ 77.259255031067482, 24.510614009069894 ], [ 77.259133760486023, 24.510453078410325 ], [ 77.259022585205585, 24.510286155672311 ], [ 77.258921855708266, 24.510113771027441 ], [ 77.258831892700996, 24.509936471577696 ], [ 77.258752981202008, 24.509754820407295 ], [ 77.258685370590968, 24.509569391163282 ], [ 77.258629275530595, 24.509380775287955 ], [ 77.258585693572499, 24.509191060487943 ], [ 77.258533384396671, 24.509003199788893 ], [ 77.258472443649325, 24.508817531709074 ], [ 77.258402979889141, 24.508634385832618 ], [ 77.258325115499645, 24.508454090945293 ], [ 77.258238990694736, 24.508276968742976 ], [ 77.258144760541057, 24.508103335615392 ], [ 77.258042593962102, 24.50793350354158 ], [ 77.257932670835018, 24.507767773745613 ], [ 77.257849687805745, 24.507667095977077 ], [ 77.257759739119763, 24.507571558915629 ], [ 77.25766320310538, 24.507481564663053 ], [ 77.25756048790511, 24.507397492970529 ], [ 77.257452025586517, 24.507319697580812 ], [ 77.257338273104565, 24.507248508945132 ], [ 77.257219709414841, 24.50718422607294 ], [ 77.257096837423504, 24.507127119256591 ], [ 77.256970173137901, 24.507077429085026 ], [ 77.256821623836728, 24.506988166374281 ], [ 77.256674344380656, 24.506897159291036 ], [ 77.25652835930758, 24.506804423381816 ], [ 77.256383693171728, 24.506709972387007 ], [ 77.256240369515126, 24.506613822748804 ], [ 77.256098411887805, 24.506515990006239 ], [ 77.255957845797198, 24.506416491519964 ], [ 77.255818693805679, 24.506315342821541 ], [ 77.255680977463754, 24.506212562144459 ], [ 77.255429390558604, 24.505669604022547 ], [ 77.255408129790709, 24.505534121300435 ], [ 77.255397173813918, 24.505397615963048 ], [ 77.255396576769812, 24.505260745045355 ], [ 77.255406338522064, 24.505124164259659 ], [ 77.255426414502367, 24.504988530780565 ], [ 77.255456709872064, 24.504854494168548 ], [ 77.255497076520527, 24.504722700862814 ], [ 77.255547321086439, 24.504593780695284 ], [ 77.255607202926328, 24.504468353197595 ], [ 77.25567873032864, 24.504354520946276 ], [ 77.255748435219985, 24.504239746162302 ], [ 77.255816304548475, 24.504124053134078 ], [ 77.255882322293033, 24.504007467030203 ], [ 77.255946475393827, 24.503890013041957 ], [ 77.256008750807695, 24.503771714554489 ], [ 77.256069132489301, 24.503652599445548 ], [ 77.256127610373568, 24.503532689316703 ], [ 77.256184169394075, 24.50341201295646 ], [ 77.256449862167258, 24.502576435091701 ], [ 77.256273816203532, 24.502264026726969 ], [ 77.256029685416124, 24.501412097392492 ], [ 77.255988091795373, 24.501197639843646 ], [ 77.255938303119905, 24.50098464927391 ], [ 77.255880382166012, 24.5007733880838 ], [ 77.255814396668313, 24.500564116001037 ], [ 77.255740431163431, 24.500357090171722 ], [ 77.255658574159014, 24.500152565061917 ], [ 77.255598213014522, 24.500078426896408 ], [ 77.254760810786124, 24.498249577568615 ], [ 77.253959506981388, 24.497219151970363 ], [ 77.253066096018031, 24.495696753216812 ], [ 77.253048387091781, 24.495643979843489 ], [ 77.253028631954109, 24.49558510953316 ], [ 77.252996772680021, 24.495472020581765 ], [ 77.252970581183391, 24.495357718970531 ], [ 77.252950113484388, 24.495242443575236 ], [ 77.252935413759275, 24.495126433179923 ], [ 77.252926511346558, 24.495009930066313 ], [ 77.252923423741251, 24.494893176424171 ], [ 77.252926159530901, 24.494776417083614 ], [ 77.252934710566663, 24.494659892229034 ], [ 77.25294570067291, 24.494555463602495 ], [ 77.252959199415656, 24.494451282813472 ], [ 77.252975199431432, 24.494347398576579 ], [ 77.252993694335572, 24.494243860517006 ], [ 77.253014673770778, 24.494140720938702 ], [ 77.253038127413134, 24.494038028533204 ], [ 77.253064043935254, 24.493935833790392 ], [ 77.253092413021875, 24.493834184498347 ], [ 77.253123218402976, 24.493733132011883 ], [ 77.253441548407139, 24.492806663376616 ], [ 77.253482898124318, 24.492708627375674 ], [ 77.25351812594549, 24.492608608672203 ], [ 77.253547119377785, 24.492506927939509 ], [ 77.253569783660851, 24.492403909599513 ], [ 77.253586049645435, 24.49229988368992 ], [ 77.253595862961873, 24.492195183071061 ], [ 77.253599193905814, 24.492090141695556 ], [ 77.253596030521024, 24.491985095458492 ], [ 77.253586383542228, 24.491880381331946 ], [ 77.253609593879219, 24.491766264280823 ], [ 77.253618908773163, 24.491650501170415 ], [ 77.253614214613947, 24.491534502813167 ], [ 77.253595569473546, 24.491419685856247 ], [ 77.253563198368411, 24.491307451067907 ], [ 77.25351749930347, 24.491199169837117 ], [ 77.253459029677174, 24.491096159682531 ], [ 77.253388500408619, 24.490999678789468 ], [ 77.253306774144519, 24.490910906126246 ], [ 77.25321166394906, 24.490823705722892 ], [ 77.253104656986125, 24.490748937212789 ], [ 77.252987678284455, 24.490687947607839 ], [ 77.252862831840233, 24.490641832409572 ], [ 77.252732364220137, 24.490611422685795 ], [ 77.252598623314142, 24.490597263078161 ], [ 77.252464014907304, 24.490599612371298 ], [ 77.252330960422071, 24.490618424201191 ], [ 77.252201854344662, 24.490653362081137 ], [ 77.252065395641253, 24.490676895486022 ], [ 77.251929212120459, 24.490701729673319 ], [ 77.251793320555691, 24.490727864773103 ], [ 77.251657733797543, 24.490755298175593 ], [ 77.251522468677578, 24.490784023688974 ], [ 77.25138753703466, 24.490814041405361 ], [ 77.251252957657684, 24.490845346954558 ], [ 77.251118740444966, 24.490877936801049 ], [ 77.250984903182001, 24.490911808373369 ], [ 77.250819758942271, 24.490938293914017 ], [ 77.250652622844811, 24.490950443844071 ], [ 77.250484979365822, 24.490948150401511 ], [ 77.250318315747108, 24.490931434104919 ], [ 77.250154109171874, 24.490900442751233 ], [ 77.250088693995551, 24.490882080501862 ], [ 77.250037966007682, 24.490861687520464 ], [ 77.249994358688213, 24.490843368159442 ], [ 77.24994035986164, 24.490830895221723 ], [ 77.249886822646474, 24.49081685067161 ], [ 77.24983380215285, 24.490801252096155 ], [ 77.249781352553924, 24.490784111655888 ], [ 77.249729528926281, 24.490765450550402 ], [ 77.249678382457148, 24.490745283626964 ], [ 77.249627961281291, 24.490723635644336 ], [ 77.249530967906409, 24.490684540299217 ], [ 77.249437028670727, 24.490639629389769 ], [ 77.249346561224954, 24.490589100335587 ], [ 77.249259967177053, 24.490533177528629 ], [ 77.249216969976985, 24.490501286848264 ], [ 77.24917762916472, 24.490472108697887 ], [ 77.249099911858892, 24.490406163110002 ], [ 77.249027159973153, 24.490335633360662 ], [ 77.248959694332882, 24.490260833537477 ], [ 77.248897814910919, 24.490182091114594 ], [ 77.248768902671216, 24.490016555067111 ], [ 77.248648870968012, 24.489845519447975 ], [ 77.248538001371429, 24.489669378438919 ], [ 77.248436549587169, 24.489488547697132 ], [ 77.248344753501911, 24.48930344815988 ], [ 77.248262826250524, 24.4891145087004 ], [ 77.24819096011403, 24.488922171576633 ], [ 77.248129321660443, 24.48872688426523 ], [ 77.24807805271584, 24.488529101274924 ], [ 77.248052818543513, 24.488411459980608 ], [ 77.248036899028492, 24.488292459205915 ], [ 77.248030382165766, 24.488172720123941 ], [ 77.248033295758177, 24.488052862537174 ], [ 77.248045632072447, 24.48793350687453 ], [ 77.248067320207099, 24.48781527397766 ], [ 77.248098251843999, 24.487698775365093 ], [ 77.248138263459978, 24.487584615804497 ], [ 77.248187150193928, 24.487473388000783 ], [ 77.24826614990468, 24.487317469471186 ], [ 77.24833477659304, 24.487157492105016 ], [ 77.248392785132992, 24.486994032964606 ], [ 77.248439964843115, 24.486827680215374 ], [ 77.248476146361099, 24.486659036791366 ], [ 77.248501198773937, 24.486488710437861 ], [ 77.248515030620794, 24.486317311912718 ], [ 77.248517594726579, 24.486145465861572 ], [ 77.248508879535976, 24.485973787268289 ], [ 77.248533201480797, 24.485808047048927 ], [ 77.248546782130632, 24.485641282625359 ], [ 77.248549570768986, 24.485474074359431 ], [ 77.248541560068873, 24.485307006559317 ], [ 77.248522779208898, 24.485140664716248 ], [ 77.248493288996642, 24.484975629144724 ], [ 77.248453196662567, 24.484812476000108 ], [ 77.24840264304666, 24.484651775373354 ], [ 77.248341801627788, 24.484494089477014 ], [ 77.248317347892069, 24.484438384042335 ], [ 77.248295259521086, 24.484381857838891 ], [ 77.24827556732393, 24.484324594199347 ], [ 77.248258302092779, 24.484266678262344 ], [ 77.248243487695035, 24.484208196919365 ], [ 77.248231149979958, 24.48414923617382 ], [ 77.248221300972389, 24.48408988282544 ], [ 77.248213961528791, 24.484030229161071 ], [ 77.248209138772964, 24.483970358329479 ], [ 77.248200109494974, 24.48388059915931 ], [ 77.248196594173933, 24.483790516852174 ], [ 77.248198605951629, 24.483700396917072 ], [ 77.248206139244715, 24.483610522008377 ], [ 77.248219167737957, 24.483521175522494 ], [ 77.248237652312426, 24.483432638046658 ], [ 77.248261534129512, 24.483345188208769 ], [ 77.248290737591589, 24.483259102699989 ], [ 77.248325171379079, 24.483174650864122 ], [ 77.248371919004526, 24.483079389161865 ], [ 77.248423181306421, 24.4829860924734 ], [ 77.248478862851343, 24.482894941596697 ], [ 77.248538854449393, 24.482806110900949 ], [ 77.248603042002628, 24.482719772007741 ], [ 77.248671301604276, 24.482636090140147 ], [ 77.248743502490868, 24.482555225049232 ], [ 77.248819505043713, 24.482477333707806 ], [ 77.248899166759784, 24.482402564938024 ], [ 77.248965877551498, 24.482348926362224 ], [ 77.249029885321889, 24.482292595228039 ], [ 77.249091059702565, 24.482233688848982 ], [ 77.24914927822887, 24.4821723236963 ], [ 77.24920442428315, 24.482108624415513 ], [ 77.249256382193565, 24.482042720175038 ], [ 77.249305050054843, 24.481974745669046 ], [ 77.249350329909788, 24.481904835622089 ], [ 77.249392126679169, 24.481833133812788 ], [ 77.250252177971234, 24.480132161841105 ], [ 77.250382897493424, 24.479785731341369 ], [ 77.250841258178653, 24.478655959823705 ], [ 77.25090261418292, 24.478511817293601 ], [ 77.250956989577574, 24.47836534753894 ], [ 77.251004278189427, 24.478216829737274 ], [ 77.251044388540734, 24.478066554920289 ], [ 77.251077242995606, 24.477914811516051 ], [ 77.251102777693134, 24.477761892573895 ], [ 77.251120945507552, 24.477608095787271 ], [ 77.251131708220043, 24.477453716207869 ], [ 77.251135047323601, 24.477299051747799 ], [ 77.251158832680815, 24.477157746045265 ], [ 77.251179288376051, 24.477016001890362 ], [ 77.251196402916648, 24.476873889644867 ], [ 77.251210173766097, 24.476731471610719 ], [ 77.251220589456921, 24.476588815439996 ], [ 77.251227645446036, 24.476445987031507 ], [ 77.251231342116014, 24.476303053225049 ], [ 77.251231672950325, 24.476160079903806 ], [ 77.251228641300386, 24.476017133026897 ], [ 77.251275573121916, 24.475061796246031 ], [ 77.251330867166985, 24.473936185745956 ], [ 77.251316788329547, 24.473892086373958 ], [ 77.251309470974547, 24.473846634690876 ], [ 77.251309051238636, 24.473800692487885 ], [ 77.25131554080015, 24.473755134142944 ], [ 77.251328811282377, 24.473710825727547 ], [ 77.251348616113418, 24.473668608917627 ], [ 77.251374576852811, 24.473629285534454 ], [ 77.251406198118644, 24.473593604111677 ], [ 77.251442881577233, 24.47356224103698 ], [ 77.251731951884551, 24.473231604669479 ], [ 77.252219510087031, 24.472402176892572 ], [ 77.252257828625943, 24.47229245905914 ], [ 77.252288123572924, 24.472180659848032 ], [ 77.252310267074492, 24.472067270518259 ], [ 77.252324157871342, 24.471952787951796 ], [ 77.252329738089543, 24.471837712976328 ], [ 77.252328426910452, 24.471782967710261 ], [ 77.252326981357356, 24.471722554789842 ], [ 77.252315899853215, 24.471607815660374 ], [ 77.252296542248828, 24.471493999942311 ], [ 77.252265599680427, 24.471373605522057 ], [ 77.252227454083211, 24.471254955646348 ], [ 77.252182225538462, 24.471138407996008 ], [ 77.252130048943798, 24.471024318558943 ], [ 77.252071083955315, 24.470913033577922 ], [ 77.252005509041851, 24.470804892214321 ], [ 77.25193352349973, 24.470700222048208 ], [ 77.251855347452704, 24.470599339078021 ], [ 77.251771215881277, 24.470502553094011 ], [ 77.251627465365033, 24.470361546017418 ], [ 77.251488503189435, 24.470216572792324 ], [ 77.251354465268449, 24.47006776905517 ], [ 77.251225471676221, 24.469915275739382 ], [ 77.25110164544509, 24.469759233800954 ], [ 77.250983102623337, 24.469599792270603 ], [ 77.250869955302065, 24.46943710105155 ], [ 77.250831444640184, 24.469377789466645 ], [ 77.25080942064433, 24.469343868217042 ], [ 77.250762310628332, 24.469271310911626 ], [ 77.250660267795311, 24.469102578879443 ], [ 77.250603534887787, 24.469007174226849 ], [ 77.250555452810687, 24.468907867691385 ], [ 77.250516342132741, 24.468805315664586 ], [ 77.250486458103936, 24.468700194805916 ], [ 77.25046600152659, 24.468593200320235 ], [ 77.250455104013568, 24.468485039521397 ], [ 77.250453839896181, 24.468376424698658 ], [ 77.250462217328149, 24.468268074854187 ], [ 77.250480179372559, 24.468160704873334 ], [ 77.250615664340557, 24.467577626175181 ], [ 77.250655135530764, 24.467442156763934 ], [ 77.25068904478691, 24.467305432342293 ], [ 77.250717346963228, 24.467167642236216 ], [ 77.250739997851525, 24.467028981197554 ], [ 77.250756972025215, 24.466889640509542 ], [ 77.250768242034823, 24.466749816858503 ], [ 77.250773792288498, 24.466609705215252 ], [ 77.250773616066837, 24.466469501521548 ], [ 77.250767712562421, 24.466329402667331 ], [ 77.2507671339186, 24.466242755994021 ], [ 77.250770673563835, 24.466156168186991 ], [ 77.250778325042518, 24.466069803576673 ], [ 77.250790072048702, 24.465983824610721 ], [ 77.250805894313046, 24.465898395512379 ], [ 77.250825759759365, 24.465813676800714 ], [ 77.250849632364947, 24.465729828964097 ], [ 77.25087746724364, 24.465647010615733 ], [ 77.250909210646142, 24.465565378493981 ], [ 77.251165764614981, 24.46520537086203 ], [ 77.251277285811625, 24.465027650079552 ], [ 77.25137842272899, 24.464844798489391 ], [ 77.25146889541233, 24.464657324257679 ], [ 77.251548453397177, 24.46446574842135 ], [ 77.251616872790379, 24.46427060034916 ], [ 77.251673967040091, 24.464072426856642 ], [ 77.251719576247737, 24.463871774059356 ], [ 77.251753573941116, 24.463669201876144 ], [ 77.251775865225056, 24.463465270467015 ], [ 77.251812275877867, 24.463340940466534 ], [ 77.251844514411687, 24.463215647108608 ], [ 77.251872546168897, 24.463089512059927 ], [ 77.251896349394144, 24.462962648957664 ], [ 77.25191589734078, 24.462835177722457 ], [ 77.251931175077786, 24.462707221075409 ], [ 77.251942167749291, 24.462578893609027 ], [ 77.251948863368241, 24.462450319872548 ], [ 77.251951258877753, 24.462321619064838 ], [ 77.251966636663312, 24.462154770835159 ], [ 77.251983606808665, 24.461988052284386 ], [ 77.252002167226152, 24.461821475137207 ], [ 77.252022315811814, 24.461655052924453 ], [ 77.252044050469792, 24.461488798273976 ], [ 77.252067370091027, 24.461322723820974 ], [ 77.252092274553206, 24.461156842208307 ], [ 77.252118759795621, 24.460991165145195 ], [ 77.252146824701015, 24.460825706169963 ], [ 77.252477510748363, 24.4599085935921 ], [ 77.252995271657269, 24.459759714289522 ], [ 77.253296041095737, 24.459547231366134 ], [ 77.253513924188042, 24.459393835426145 ], [ 77.25389557811107, 24.459125138432871 ], [ 77.254391634052283, 24.458902296385553 ], [ 77.254293727766267, 24.458090060188006 ], [ 77.25422893543427, 24.45733784098066 ], [ 77.254236695393075, 24.456749263718205 ], [ 77.254151472384549, 24.456136554317339 ], [ 77.254074353766953, 24.455827230963273 ], [ 77.254080023778073, 24.455532084931001 ], [ 77.254088875535928, 24.455001636424143 ], [ 77.254053175391974, 24.454427494713187 ], [ 77.254013959864395, 24.45414480349864 ], [ 77.254030718937159, 24.453575426675158 ], [ 77.2540352067859, 24.453004501297528 ], [ 77.254035321011301, 24.452990119727239 ], [ 77.253858595456236, 24.452790616272114 ], [ 77.25364679173768, 24.452510970704431 ], [ 77.25348583333502, 24.45231675529439 ], [ 77.253075618878199, 24.451921318500766 ], [ 77.25347263622497, 24.451447510022707 ], [ 77.253519899986813, 24.451394275434772 ], [ 77.253798970407374, 24.451079949451604 ], [ 77.254077973734766, 24.45077837366906 ], [ 77.254637078142196, 24.450455068942404 ], [ 77.254917757290841, 24.450647406805309 ], [ 77.255235210975457, 24.450891118520488 ], [ 77.255824884818864, 24.451428119494039 ], [ 77.256271522239743, 24.451800555107098 ], [ 77.25658742296153, 24.451984734423789 ], [ 77.256817319358632, 24.451860971428044 ], [ 77.256734317543319, 24.451363828185727 ], [ 77.257080555708043, 24.451115331981331 ], [ 77.257229219740012, 24.450925479038386 ], [ 77.256910742666591, 24.450694173433774 ], [ 77.256162482024294, 24.450393241197027 ], [ 77.255177621437397, 24.449913514423734 ], [ 77.25462834580145, 24.44960276182421 ], [ 77.254357496912206, 24.449443390650735 ], [ 77.25422614044129, 24.449366098917242 ], [ 77.253722030678915, 24.44913627871469 ], [ 77.253486575986827, 24.449028936662369 ], [ 77.253012963903913, 24.448819034775095 ], [ 77.252801663931422, 24.448293695387402 ], [ 77.252798199576148, 24.447735899757134 ], [ 77.253059301890573, 24.447056112734519 ], [ 77.253388430386252, 24.446415874545618 ], [ 77.253326513234299, 24.4453019091927 ], [ 77.253386775358194, 24.444718449729884 ], [ 77.253733082977689, 24.444176314696413 ], [ 77.253884412264298, 24.443719215656728 ], [ 77.254043389705487, 24.442510507945652 ], [ 77.253619521343893, 24.442244994634542 ], [ 77.253229306819705, 24.441949572384463 ], [ 77.252645906427517, 24.441281902997101 ], [ 77.252163065295861, 24.440889096318521 ], [ 77.251457996611649, 24.441196222557874 ], [ 77.250867699689337, 24.441982932797032 ], [ 77.250596135588509, 24.442990856339222 ], [ 77.249995886728044, 24.44474811884638 ], [ 77.250017496169534, 24.445340194170491 ], [ 77.248239156590543, 24.446887126162302 ], [ 77.247901127577563, 24.447085974575302 ], [ 77.247564607580543, 24.446858714858998 ], [ 77.246827714203349, 24.446241687348873 ], [ 77.245450434493591, 24.445088414939136 ], [ 77.245390091308394, 24.445037886332493 ], [ 77.244243451146417, 24.444654656643131 ], [ 77.243392717004212, 24.443884630224765 ], [ 77.242718324365484, 24.442850889511138 ], [ 77.24142668874417, 24.441786473416968 ], [ 77.239665364010548, 24.438906828284402 ], [ 77.237612750506983, 24.43774570037953 ], [ 77.237625258977488, 24.440884870779676 ], [ 77.23671152902763, 24.443572235591468 ], [ 77.235847656436903, 24.443613358312756 ], [ 77.234643482683055, 24.443793304074561 ], [ 77.2322709575147, 24.444147812056613 ], [ 77.231000944404485, 24.443850846387178 ], [ 77.228919863187443, 24.443942213014509 ], [ 77.227813763856048, 24.444426218233161 ], [ 77.227839979378871, 24.443026351837311 ], [ 77.227251171306463, 24.443033688439186 ], [ 77.227130342700875, 24.444755905218024 ], [ 77.22496025674927, 24.444571289078716 ], [ 77.225179948983381, 24.443090104580829 ], [ 77.224105219431408, 24.44153169505638 ], [ 77.22455750345307, 24.440861714471065 ], [ 77.225136264306144, 24.440189228029752 ], [ 77.225388585588888, 24.439896043694464 ], [ 77.227148409084705, 24.43785116000053 ], [ 77.228411767085376, 24.436985073099848 ], [ 77.228404685875418, 24.436634013616555 ], [ 77.228419235283909, 24.436188258418845 ], [ 77.2266172446664, 24.436752701362753 ], [ 77.225182098987375, 24.437168300205247 ], [ 77.224195000864782, 24.436259296333482 ], [ 77.223869836299244, 24.43521211894987 ], [ 77.219294258028185, 24.435147385629076 ], [ 77.217081009498472, 24.434494249338581 ], [ 77.217720442241401, 24.43376755256169 ], [ 77.219150983896981, 24.433012419528108 ], [ 77.220160613956836, 24.432345057526184 ], [ 77.220703752624601, 24.431820776655695 ], [ 77.222013352067833, 24.431456455089869 ], [ 77.226739772695154, 24.430936971949027 ], [ 77.229424256064419, 24.430296069050993 ], [ 77.229790736443817, 24.430393464343098 ], [ 77.230148785812418, 24.431510947345114 ], [ 77.231529579388976, 24.432647640303127 ], [ 77.23222664665839, 24.432999671977889 ], [ 77.232481375481228, 24.432770617300246 ], [ 77.23269811356414, 24.43176244320582 ], [ 77.232751047979505, 24.431449229775691 ], [ 77.232978563213649, 24.430102997131403 ], [ 77.234080759777854, 24.430101114280909 ], [ 77.234918370848604, 24.431673494621929 ], [ 77.235531657966476, 24.432392434071421 ], [ 77.237442503590884, 24.433410053035921 ], [ 77.23819367152997, 24.432721033090495 ], [ 77.23860050579043, 24.432347851518141 ], [ 77.239045180772322, 24.431487877961441 ], [ 77.239769785880782, 24.432585746508671 ], [ 77.240025613569401, 24.433567585689115 ], [ 77.240948622926652, 24.434320418100757 ], [ 77.242298955829938, 24.436256965649758 ], [ 77.242825905666635, 24.436387081922749 ], [ 77.243916484059739, 24.436406043507702 ], [ 77.245652703353826, 24.436135935213031 ], [ 77.24579818794318, 24.435441639504813 ], [ 77.245938184334889, 24.433991558325378 ], [ 77.245112267513704, 24.432680772949197 ], [ 77.245291476454781, 24.432366855768702 ], [ 77.246104669748362, 24.430942376207312 ], [ 77.244691557303355, 24.429970606603923 ], [ 77.244027495783328, 24.429121585429783 ], [ 77.244373802740952, 24.428454392770476 ], [ 77.244953721046969, 24.428535495693605 ], [ 77.245342339606012, 24.427297043547735 ], [ 77.244536086272163, 24.425913689644069 ], [ 77.244343935669121, 24.425416348272343 ], [ 77.244074134931324, 24.42529286027283 ], [ 77.243409533972482, 24.42540910596788 ], [ 77.243412023809867, 24.425079658120165 ], [ 77.242541015729245, 24.424181565169178 ], [ 77.243879454397245, 24.423848504008227 ], [ 77.244000256996813, 24.422998994125294 ], [ 77.244124103523248, 24.422128066653958 ], [ 77.244861597488551, 24.422711621533828 ], [ 77.245094728356932, 24.422345054111055 ], [ 77.245123637004369, 24.422304140103304 ], [ 77.245145981851522, 24.422259915644872 ], [ 77.245161317835453, 24.422213255198677 ], [ 77.245169343454748, 24.422165083110869 ], [ 77.245169896956895, 24.422116359130072 ], [ 77.24516296848229, 24.422068045082682 ], [ 77.245148695165042, 24.422021101222594 ], [ 77.245127361374003, 24.421976460040135 ], [ 77.245099390018083, 24.421935006324901 ], [ 77.245055066367442, 24.421862591834781 ], [ 77.245014703235782, 24.421788262514653 ], [ 77.244978395621601, 24.421712198838765 ], [ 77.244946235513524, 24.421634586676998 ], [ 77.24491830006238, 24.421555616300054 ], [ 77.24489465557663, 24.421475476991198 ], [ 77.244875363332326, 24.421394368832747 ], [ 77.244860466900647, 24.42131248635032 ], [ 77.244850003875854, 24.421230030345278 ], [ 77.24486003584768, 24.420143960091874 ], [ 77.244864664719103, 24.420060803542547 ], [ 77.244879268180824, 24.419978619290266 ], [ 77.244903667320187, 24.419898406686436 ], [ 77.244937564070028, 24.419821143384681 ], [ 77.244980548281262, 24.419747767332211 ], [ 77.245032095792212, 24.419679172238997 ], [ 77.245091579429726, 24.419616191406032 ], [ 77.245158276958421, 24.419559591465145 ], [ 77.24523137511801, 24.419510062475482 ], [ 77.245716298976063, 24.419084926590735 ], [ 77.246508023461075, 24.419323895763672 ], [ 77.246613029280581, 24.419338475031882 ], [ 77.246719092895788, 24.419343497564824 ], [ 77.246825180982398, 24.419338912921891 ], [ 77.246930257352034, 24.419324767285286 ], [ 77.247033296820746, 24.419301197244557 ], [ 77.247133293059022, 24.419268434373318 ], [ 77.247229271490639, 24.419226797199816 ], [ 77.247320295194697, 24.419176693058802 ], [ 77.247405475839741, 24.419118609143503 ], [ 77.247907605130962, 24.418784055743394 ], [ 77.24795093710614, 24.418760087176416 ], [ 77.247992508515807, 24.41873363385751 ], [ 77.248032151676711, 24.41870480197376 ], [ 77.248069700754002, 24.418673711274231 ], [ 77.248105005636603, 24.418640487952132 ], [ 77.248137922040556, 24.418605268180695 ], [ 77.248168313498297, 24.418568196322475 ], [ 77.248196056331963, 24.418529420451396 ], [ 77.248221038567181, 24.418489103182814 ], [ 77.248228674332807, 24.418475182467198 ], [ 77.2483571731333, 24.418240885594791 ], [ 77.248400072056796, 24.418187748444534 ], [ 77.248453119324139, 24.418142945728579 ], [ 77.24851442207337, 24.418108078644337 ], [ 77.248581793847748, 24.418084389362519 ], [ 77.248652828893526, 24.418072726377471 ], [ 77.24872499229636, 24.418073503657087 ], [ 77.248795707828492, 24.418086694095248 ], [ 77.248862451680139, 24.418111826622738 ], [ 77.248922843033412, 24.418148004968806 ], [ 77.249712737155775, 24.418613655471006 ], [ 77.249806134050317, 24.41865684116291 ], [ 77.249897540424953, 24.418703459856523 ], [ 77.24998680606322, 24.418753435432222 ], [ 77.250073783773246, 24.418806684568409 ], [ 77.250158332305361, 24.418863121280019 ], [ 77.250240310483761, 24.418922651453734 ], [ 77.250319584069345, 24.418985177417291 ], [ 77.250396021839265, 24.419050595199291 ], [ 77.250469499482506, 24.419118799978506 ], [ 77.250781906601958, 24.419414655470156 ], [ 77.250826109810731, 24.419446132783154 ], [ 77.250982100100444, 24.419546104303901 ], [ 77.251143383876183, 24.419638762611665 ], [ 77.251309552882745, 24.419723877843392 ], [ 77.251363889581583, 24.419748510034641 ], [ 77.251480186925107, 24.419801230883479 ], [ 77.25165485670307, 24.419870626933978 ], [ 77.251833115954128, 24.419931891841316 ], [ 77.252014515295755, 24.419984868590408 ], [ 77.25217871005502, 24.420033279855893 ], [ 77.252347958945535, 24.420063787829626 ], [ 77.252519942713633, 24.420075973633114 ], [ 77.252692301344126, 24.420069667366402 ], [ 77.252862676387338, 24.420044958369743 ], [ 77.253028726837186, 24.420002185410297 ], [ 77.25318817948154, 24.419941932552838 ], [ 77.253338847655797, 24.419865028399837 ], [ 77.253388577199317, 24.419828017403695 ], [ 77.253429914970127, 24.419783178911761 ], [ 77.253461417270785, 24.419732080622612 ], [ 77.253481984674664, 24.419676505131921 ], [ 77.253490894084905, 24.419618395985736 ], [ 77.253487836884005, 24.419559784813959 ], [ 77.253472923555677, 24.419502717303487 ], [ 77.253446668471568, 24.41944919076035 ], [ 77.253409993609438, 24.419401071044973 ], [ 77.252839351955132, 24.418987563675241 ], [ 77.252813349266006, 24.418953986073173 ], [ 77.252792378624434, 24.418917576805253 ], [ 77.252776800220644, 24.418878964558893 ], [ 77.252766885107818, 24.418838817076171 ], [ 77.252762802529418, 24.418797824798823 ], [ 77.252764623906103, 24.418756696382687 ], [ 77.252772318062128, 24.418716141500404 ], [ 77.252785751325121, 24.418676860003732 ], [ 77.252804692574315, 24.418639529317669 ], [ 77.252842533375969, 24.4185779061667 ], [ 77.252917839497428, 24.418473216738118 ], [ 77.252995532922199, 24.418369998866289 ], [ 77.253075580667556, 24.418268299260365 ], [ 77.253157943841401, 24.418168163680555 ], [ 77.253242589486732, 24.418069636126319 ], [ 77.253329478737015, 24.417972759648578 ], [ 77.253418573704423, 24.417877578208959 ], [ 77.253509834561768, 24.41778413214131 ], [ 77.253603220471277, 24.41769246448143 ], [ 77.25373484754094, 24.417591613350758 ], [ 77.253861614674662, 24.417485671371285 ], [ 77.253983286302969, 24.417374833642143 ], [ 77.254099641546532, 24.417259307117504 ], [ 77.254210460465558, 24.417139304177926 ], [ 77.254315536823967, 24.417015049051095 ], [ 77.254396072251097, 24.416897155377836 ], [ 77.254436981573875, 24.416820436717753 ], [ 77.254480504144496, 24.416706955394051 ], [ 77.254519209585453, 24.416646947904294 ], [ 77.254568262594546, 24.416579799691277 ], [ 77.254610890405871, 24.416509069724142 ], [ 77.254646784506733, 24.416435272268927 ], [ 77.254675681575861, 24.416358941808209 ], [ 77.254697373321704, 24.416280635826599 ], [ 77.254714376962966, 24.416246685107193 ], [ 77.254732910201298, 24.416213412687657 ], [ 77.254752944897874, 24.416180875252909 ], [ 77.254774442022878, 24.416149133920197 ], [ 77.254797367577595, 24.416118239006892 ], [ 77.254821679614935, 24.416088247091892 ], [ 77.254847336237532, 24.416059209335064 ], [ 77.254874291602917, 24.416031176866156 ], [ 77.254276769969707, 24.415760538827424 ], [ 77.254133722255233, 24.415680668724892 ], [ 77.25399030264181, 24.415601360133291 ], [ 77.25384651306787, 24.415522616679258 ], [ 77.253702354510324, 24.415444439272378 ], [ 77.253557830896767, 24.415366829748177 ], [ 77.253412945176692, 24.415289789031451 ], [ 77.253267699313199, 24.415213318039473 ], [ 77.25312209723387, 24.41513741860766 ], [ 77.25297613891253, 24.415062093444444 ], [ 77.252766706126593, 24.414901991891082 ], [ 77.25259064299361, 24.414711158902218 ], [ 77.252453244966915, 24.414495336302707 ], [ 77.252358645440268, 24.414261018363366 ], [ 77.252309692289046, 24.414015256648451 ], [ 77.252307862076165, 24.413765446190062 ], [ 77.25235320392089, 24.413519104670765 ], [ 77.252444356439227, 24.413283643142801 ], [ 77.252578574411771, 24.413066151279601 ], [ 77.252753914576203, 24.412922125444496 ], [ 77.252928695348885, 24.412777531495738 ], [ 77.253102914740055, 24.412632371226422 ], [ 77.253276570768278, 24.412486645526428 ], [ 77.253449662421872, 24.412340357099417 ], [ 77.253622185738593, 24.412193507723241 ], [ 77.253794138720522, 24.412046100094113 ], [ 77.253965519394654, 24.411898134198761 ], [ 77.25413632478508, 24.411749611822589 ], [ 77.254240871083837, 24.411628231856483 ], [ 77.254329258539215, 24.411496524309168 ], [ 77.254400280229291, 24.411356281822812 ], [ 77.254452967850341, 24.4112094153813 ], [ 77.254486607733952, 24.411057928238648 ], [ 77.254500737195968, 24.410903883374441 ], [ 77.254495165475717, 24.410749378364116 ], [ 77.254469969006323, 24.410596522762031 ], [ 77.254425490804167, 24.410447396549905 ], [ 77.254320619302391, 24.410189394848409 ], [ 77.25422424030225, 24.409928630376658 ], [ 77.254136441356735, 24.409665338653237 ], [ 77.254057300162074, 24.409399754216388 ], [ 77.253986890409422, 24.409132117894636 ], [ 77.253925271018915, 24.408862667692112 ], [ 77.253872499856556, 24.408591648828953 ], [ 77.253828624965692, 24.408319301932369 ], [ 77.253793683481661, 24.408045873866751 ], [ 77.253796255988362, 24.407851608443053 ], [ 77.253795878498721, 24.407657328484191 ], [ 77.25379255264302, 24.407463072840557 ], [ 77.25378627613145, 24.407268877622666 ], [ 77.253777052575074, 24.407074780792666 ], [ 77.253764882618043, 24.406880821192935 ], [ 77.253749769896189, 24.406687034075794 ], [ 77.253740899145953, 24.406591931397113 ], [ 77.253731715045319, 24.406493459186404 ], [ 77.25371072365715, 24.40630013359824 ], [ 77.253743748524371, 24.406148200126029 ], [ 77.25377547055264, 24.405996032641365 ], [ 77.253805892589327, 24.4058436438117 ], [ 77.253835005696473, 24.405691040795034 ], [ 77.253862813732638, 24.405538233556957 ], [ 77.253889312674573, 24.405385231099412 ], [ 77.253914500463395, 24.405232043342654 ], [ 77.253938377012759, 24.405078680221894 ], [ 77.253960940288536, 24.40492514894791 ], [ 77.254070643585479, 24.404813632526452 ], [ 77.25417411263038, 24.404697227007357 ], [ 77.254271088319058, 24.404576223953828 ], [ 77.254361326253047, 24.404450924977002 ], [ 77.254444602599364, 24.404321648103281 ], [ 77.254520705329782, 24.404188715062354 ], [ 77.254589446967458, 24.404052459513057 ], [ 77.254650651790399, 24.403913224236131 ], [ 77.254704169688253, 24.40377135582079 ], [ 77.254771162324872, 24.403660845079862 ], [ 77.254829381686875, 24.403546243233489 ], [ 77.25487853447521, 24.403428131508281 ], [ 77.254918367631362, 24.403307113115289 ], [ 77.254948680270815, 24.403183802503033 ], [ 77.254969317756846, 24.40305882621491 ], [ 77.254980176655693, 24.402932820217384 ], [ 77.25499748177856, 24.40280327255179 ], [ 77.255023447170657, 24.402674943802818 ], [ 77.255057972715278, 24.40254831731195 ], [ 77.255100928735487, 24.402423873483119 ], [ 77.255152153118715, 24.402302080728756 ], [ 77.255211451267598, 24.402183400888482 ], [ 77.255278600111168, 24.402068282034737 ], [ 77.255353346141106, 24.401957157554559 ], [ 77.255435405378918, 24.401850449762417 ], [ 77.255525160517124, 24.401726259898815 ], [ 77.255613152740466, 24.401601018681337 ], [ 77.255699370027159, 24.401474746794484 ], [ 77.255783797405428, 24.401347463997073 ], [ 77.255866420873232, 24.401219191861454 ], [ 77.255947226420545, 24.401089952863313 ], [ 77.256026200054123, 24.400959767671964 ], [ 77.256103329736661, 24.400828658778046 ], [ 77.256178601467084, 24.400696647753989 ], [ 77.256204430826003, 24.400572656648446 ], [ 77.256224136042377, 24.400447728952443 ], [ 77.256237679352608, 24.400322113662504 ], [ 77.256245033767627, 24.400196067985906 ], [ 77.256246152794574, 24.400073170948424 ], [ 77.256241124253265, 24.399943705697705 ], [ 77.256229870483097, 24.39981790037552 ], [ 77.256212440229447, 24.399692688991582 ], [ 77.256188872636628, 24.399568322933828 ], [ 77.25608673151379, 24.399470592503164 ], [ 77.255971446790952, 24.399386006690186 ], [ 77.255845021939408, 24.399316034974333 ], [ 77.255709647199708, 24.399261889051697 ], [ 77.255567676006365, 24.399224512721844 ], [ 77.255421571022922, 24.399204551669925 ], [ 77.255273869621263, 24.399202354106844 ], [ 77.25512713271192, 24.399217958636164 ], [ 77.254983911235442, 24.399251092190877 ], [ 77.254800581250748, 24.399277116791229 ], [ 77.254616513193838, 24.399298321450313 ], [ 77.254431856190905, 24.399314686536975 ], [ 77.254246763238953, 24.399326200579303 ], [ 77.254061385379273, 24.399332850284832 ], [ 77.253875877490458, 24.399334634132753 ], [ 77.253690388534011, 24.399331550557619 ], [ 77.253505072394205, 24.399323598935709 ], [ 77.253320080891555, 24.399310788563419 ], [ 77.253151010228976, 24.399252490540125 ], [ 77.253001993750047, 24.399158956383143 ], [ 77.252881630632075, 24.399035579306616 ], [ 77.252796862028532, 24.398889477548078 ], [ 77.252752581342563, 24.398729081300019 ], [ 77.252751339924615, 24.398563640897784 ], [ 77.252793209912397, 24.398402700997288 ], [ 77.25287577750052, 24.398255548670164 ], [ 77.252994277179567, 24.398130668010545 ], [ 77.253066161478117, 24.398023644806933 ], [ 77.253123140025835, 24.397909343767417 ], [ 77.253164349803058, 24.397789496034541 ], [ 77.253189166673096, 24.397665918580209 ], [ 77.253197213516913, 24.397540487171032 ], [ 77.253188369444601, 24.397415099407489 ], [ 77.253162767976448, 24.397291657548713 ], [ 77.253120796383925, 24.397172032379412 ], [ 77.253063090995056, 24.397058036981839 ], [ 77.252965524980382, 24.396964457383859 ], [ 77.252860877078078, 24.396877530463016 ], [ 77.252749690558957, 24.396797702947733 ], [ 77.252632534643766, 24.396725387444857 ], [ 77.252510016387063, 24.396660957112104 ], [ 77.252382765926143, 24.396604741029073 ], [ 77.252251439365594, 24.396557032348614 ], [ 77.252116713954393, 24.396518076518358 ], [ 77.251979282161201, 24.396488072138553 ], [ 77.251868455666866, 24.396483405587535 ], [ 77.251758044528302, 24.396473454822381 ], [ 77.251648349301149, 24.396458248349198 ], [ 77.251539669463227, 24.396437824601907 ], [ 77.251432298392416, 24.396412241838544 ], [ 77.251326531338833, 24.396381569170885 ], [ 77.251222652571073, 24.396345890077992 ], [ 77.251120946232462, 24.396305301586725 ], [ 77.251021686495605, 24.396259912389404 ], [ 77.251239708376573, 24.395884033168389 ], [ 77.251489626660558, 24.395629217225189 ], [ 77.251673250230112, 24.395404095687031 ], [ 77.252011809356347, 24.395177326659589 ], [ 77.252482773731131, 24.394857881248534 ], [ 77.252632972017423, 24.394596075466744 ], [ 77.252743219352226, 24.394213752945127 ], [ 77.252730062730961, 24.393805641316529 ], [ 77.252602617566154, 24.393376411537218 ], [ 77.252354135109599, 24.392863795463295 ], [ 77.252264500286884, 24.392375178035358 ], [ 77.252314457077276, 24.391742526481032 ], [ 77.252289710426624, 24.391230519974737 ], [ 77.252445187009499, 24.390298062777301 ], [ 77.252762172605841, 24.389438493552973 ], [ 77.253199707114078, 24.388294177008067 ], [ 77.25296680474861, 24.388009541802429 ], [ 77.252452897863094, 24.387870905212104 ], [ 77.251818106381918, 24.387636597142166 ], [ 77.251302227171607, 24.387713441490092 ], [ 77.250800571714734, 24.387844269408404 ], [ 77.250391183552921, 24.387982210605788 ], [ 77.249963259928762, 24.388132763803096 ], [ 77.248497530834584, 24.385938236841426 ], [ 77.247027846328692, 24.384170298726364 ], [ 77.246713359970826, 24.383669280863824 ], [ 77.246830626440826, 24.382450524492043 ], [ 77.247875522917226, 24.382183520891516 ], [ 77.248214073625846, 24.38222710039285 ], [ 77.249426894708776, 24.382338037071236 ], [ 77.249969215310387, 24.382375320011356 ], [ 77.250032086728169, 24.380395470987789 ], [ 77.250170259832146, 24.379448601214435 ], [ 77.250187726603102, 24.379359748721992 ], [ 77.25037955437017, 24.378383899622854 ], [ 77.250547543087151, 24.377529307431661 ], [ 77.250879019904929, 24.377466029906699 ], [ 77.251130381202927, 24.377316610426956 ], [ 77.251224420162941, 24.377302811126071 ], [ 77.251319406285006, 24.377296484008784 ], [ 77.251414635060797, 24.37729767875167 ], [ 77.251509397606625, 24.377306384485031 ], [ 77.251602988484763, 24.377322537078303 ], [ 77.251694710657731, 24.377346016469009 ], [ 77.25178388335938, 24.377376648528962 ], [ 77.251847110958309, 24.377404273051873 ], [ 77.25186984210265, 24.377414204161422 ], [ 77.25195195046183, 24.377458404810355 ], [ 77.251969485180297, 24.377488757089697 ], [ 77.251995534367893, 24.377513454833686 ], [ 77.25202804699471, 24.377530555746066 ], [ 77.252064465614751, 24.377538715171131 ], [ 77.252101925595468, 24.377537289688131 ], [ 77.252137479445992, 24.37752639212518 ], [ 77.25216833063223, 24.377506879807751 ], [ 77.25219205310573, 24.377480287602076 ], [ 77.252206780752417, 24.377448707437232 ], [ 77.252223563267535, 24.37740357787801 ], [ 77.252241217866384, 24.377358728687572 ], [ 77.252259739485595, 24.377314174277942 ], [ 77.252279121098283, 24.377269928142823 ], [ 77.252299358643754, 24.377226002895529 ], [ 77.252320443098284, 24.377182414723933 ], [ 77.252342368437454, 24.37713917532303 ], [ 77.252365129598289, 24.377096299104757 ], [ 77.252388716579247, 24.377053801346275 ], [ 77.252406913039252, 24.376877950520402 ], [ 77.252426995221498, 24.376702273138026 ], [ 77.252448962985966, 24.376526783648359 ], [ 77.252472812199031, 24.376351501889097 ], [ 77.25249853975447, 24.376176443189607 ], [ 77.252526145495878, 24.376001623805156 ], [ 77.252555627278369, 24.375827061782125 ], [ 77.252586980007322, 24.37565277424088 ], [ 77.252620201562721, 24.375478776518158 ], [ 77.252625548968624, 24.375434951791899 ], [ 77.252636167402429, 24.375391939790109 ], [ 77.25265192381616, 24.375350270572241 ], [ 77.252672626151025, 24.375310457486489 ], [ 77.252698018465537, 24.375272990809862 ], [ 77.252727787870683, 24.375238334188957 ], [ 77.252761568581718, 24.375206912929546 ], [ 77.25279894190993, 24.375179114899908 ], [ 77.252839448177411, 24.375155281590267 ], [ 77.252885424362589, 24.37510363552931 ], [ 77.252934609598356, 24.375054531319169 ], [ 77.25298683373164, 24.375008136548974 ], [ 77.253041920809878, 24.374964606118461 ], [ 77.253099684068459, 24.374924091231811 ], [ 77.253159926021496, 24.374886729462926 ], [ 77.253222441428264, 24.374852643875172 ], [ 77.253287022123772, 24.374821953896884 ], [ 77.253353441350285, 24.374794763459658 ], [ 77.253410278297522, 24.37469973580486 ], [ 77.253466921766062, 24.37460461361022 ], [ 77.253523372767049, 24.374509394174037 ], [ 77.253579631267684, 24.374414081109173 ], [ 77.253635697293092, 24.374318671706419 ], [ 77.253691569849238, 24.374223166861565 ], [ 77.253747249905956, 24.374127568388687 ], [ 77.253802738449437, 24.374031876295554 ], [ 77.253858032538602, 24.373936088753382 ], [ 77.25395059448482, 24.373744159435031 ], [ 77.254041479068576, 24.373551558744875 ], [ 77.254130685194241, 24.373358299322547 ], [ 77.254218202867506, 24.373164396448843 ], [ 77.254304536980115, 24.37296661150252 ], [ 77.254388157753269, 24.372774697275354 ], [ 77.254470581904556, 24.372578928880575 ], [ 77.254551297471366, 24.3723825647618 ], [ 77.25463030041719, 24.372185615729492 ], [ 77.254633050176821, 24.372158137906624 ], [ 77.254639687720768, 24.372131223684477 ], [ 77.254650097429732, 24.372105331906148 ], [ 77.254664104691003, 24.372080902898212 ], [ 77.254681468043572, 24.372058354797495 ], [ 77.254701892086942, 24.37203807371527 ], [ 77.254725028557914, 24.372020403810129 ], [ 77.25475048324077, 24.372005646437888 ], [ 77.25477781996058, 24.371994054763221 ], [ 77.254831351850328, 24.371983679996465 ], [ 77.254884635755971, 24.371972278174564 ], [ 77.2549376469359, 24.371959859043365 ], [ 77.254990362694841, 24.371946424235503 ], [ 77.255042759285473, 24.371931982601325 ], [ 77.255057364830009, 24.371927648076795 ], [ 77.255094814982087, 24.371916537587424 ], [ 77.255146506037434, 24.371900098044094 ], [ 77.255197809706857, 24.371882671022998 ], [ 77.255248703253912, 24.371864262672734 ], [ 77.255482733248201, 24.371761278027691 ], [ 77.256047242562119, 24.370863526169963 ], [ 77.256197054111766, 24.370604839822878 ], [ 77.256345149977392, 24.370345325477381 ], [ 77.256491526123455, 24.370084993946239 ], [ 77.25663617557305, 24.369823854213159 ], [ 77.256779093305013, 24.369561917083395 ], [ 77.25692027631132, 24.369299188861241 ], [ 77.257059718552242, 24.369035683956895 ], [ 77.257197413076213, 24.368771408644534 ], [ 77.257333355848573, 24.368506373736675 ], [ 77.257440599664733, 24.368311025355773 ], [ 77.257553933905129, 24.368118586613143 ], [ 77.257673265425481, 24.367929213940201 ], [ 77.257798498117566, 24.36774306464828 ], [ 77.257929526032214, 24.367560294166783 ], [ 77.258066241299915, 24.367381052491044 ], [ 77.258208530145907, 24.36720548866786 ], [ 77.258356274886879, 24.367033748101257 ], [ 77.258509351950863, 24.366865973440525 ], [ 77.258600726214553, 24.366781452438467 ], [ 77.258683711738286, 24.366689959589234 ], [ 77.258757678043807, 24.36659219097692 ], [ 77.258822064233499, 24.366488890183554 ], [ 77.258845440877252, 24.366442385728995 ], [ 77.258876378053401, 24.366380842862224 ], [ 77.258920205801417, 24.366268871393132 ], [ 77.258953216336124, 24.366153827687988 ], [ 77.258975158175488, 24.366036586845343 ], [ 77.258985864483208, 24.36591804086552 ], [ 77.258911265921228, 24.365591250030594 ], [ 77.258828483617251, 24.365266115448346 ], [ 77.258737561406136, 24.364942810857347 ], [ 77.258638548067537, 24.364621508226364 ], [ 77.258531492420389, 24.364302375007227 ], [ 77.258416455080138, 24.363985582353454 ], [ 77.258293496701356, 24.363671296901916 ], [ 77.258164157418832, 24.363363202833405 ], [ 77.25802407723215, 24.363050908863627 ], [ 77.257919781565448, 24.362801110939426 ], [ 77.257815622806035, 24.362551263414744 ], [ 77.257711600920317, 24.3623013699025 ], [ 77.257607713960468, 24.362051427678441 ], [ 77.257503962895171, 24.361801438556672 ], [ 77.257400348726136, 24.361551400738609 ], [ 77.257391405699678, 24.361529789125104 ], [ 77.25729687042552, 24.361301318732728 ], [ 77.257193529019688, 24.361051188031091 ], [ 77.25709032351385, 24.360801009529577 ], [ 77.257030259602573, 24.360710347107368 ], [ 77.256977262681062, 24.360616059966958 ], [ 77.256931593760953, 24.360518608939685 ], [ 77.25689347624747, 24.360418469923083 ], [ 77.25686309395978, 24.360316134768258 ], [ 77.256840598098492, 24.360212104108058 ], [ 77.256826099358889, 24.360106887296268 ], [ 77.256819665984366, 24.360000999683134 ], [ 77.256821331686993, 24.359894959063077 ], [ 77.256839993449489, 24.35979809766318 ], [ 77.256874393921748, 24.359704923407151 ], [ 77.256923744570727, 24.359617570846538 ], [ 77.25698691893794, 24.359538039173998 ], [ 77.257062467825079, 24.359468148987066 ], [ 77.257148662075338, 24.359409500166958 ], [ 77.257243529380304, 24.359363436033551 ], [ 77.257344896976178, 24.359331010255165 ], [ 77.257450445068386, 24.359312966485202 ], [ 77.2576285860588, 24.359255513489835 ], [ 77.257807729840167, 24.359200741430381 ], [ 77.257987830932322, 24.359148665310613 ], [ 77.258168836954212, 24.359099300081631 ], [ 77.258350702459126, 24.359052657135123 ], [ 77.258533378015883, 24.359008752348423 ], [ 77.258716814251187, 24.358967595277182 ], [ 77.258900961800094, 24.358929194574131 ], [ 77.259085772226229, 24.358893565221681 ], [ 77.259276176861448, 24.358837881127325 ], [ 77.259461743122984, 24.358769855497496 ], [ 77.259641518323605, 24.358689836941117 ], [ 77.259814579778975, 24.358598236621422 ], [ 77.259980040773343, 24.358495522881441 ], [ 77.260137052507375, 24.358382223968203 ], [ 77.260284808099897, 24.358258921739864 ], [ 77.260422552496379, 24.358126246321621 ], [ 77.260549574549174, 24.357984879657302 ], [ 77.260721561773835, 24.357699758273334 ], [ 77.260886596927335, 24.35741120748655 ], [ 77.261044596893925, 24.357119372103181 ], [ 77.261195485477941, 24.356824395174758 ], [ 77.261339189427517, 24.356526421581492 ], [ 77.261475634474536, 24.356225599807718 ], [ 77.261604754256567, 24.35592207659111 ], [ 77.261726488295864, 24.355616002326212 ], [ 77.261840774145071, 24.355307527391655 ], [ 77.262018587820705, 24.354961066730212 ], [ 77.262195187590606, 24.354614087166208 ], [ 77.262370573445835, 24.354266590510353 ], [ 77.262544742403506, 24.353918580357167 ], [ 77.262717694430165, 24.353570061226847 ], [ 77.262889424587883, 24.353221034892549 ], [ 77.263059934790462, 24.352871508598835 ], [ 77.263229221094051, 24.352521483223104 ], [ 77.263397282487858, 24.352170962374892 ], [ 77.263478586136912, 24.352068302563953 ], [ 77.26354738949027, 24.351958238004251 ], [ 77.263602894281235, 24.351842042487789 ], [ 77.263644461343219, 24.351721058754748 ], [ 77.263671606770941, 24.351596686721869 ], [ 77.26368402085393, 24.35147036104545 ], [ 77.263681557262629, 24.351343547425696 ], [ 77.263664246180781, 24.351217707481457 ], [ 77.263632286416339, 24.351094298690082 ], [ 77.263613628508494, 24.351006569249371 ], [ 77.263586579670829, 24.350920694420353 ], [ 77.263551351723464, 24.350837345085885 ], [ 77.263508223683914, 24.350757174574476 ], [ 77.263457529024549, 24.350680810434767 ], [ 77.263399664601693, 24.350608848181064 ], [ 77.263335086695761, 24.350541853070066 ], [ 77.263264299287513, 24.350480348270175 ], [ 77.263187855035497, 24.350424815772637 ], [ 77.26312432919093, 24.350404609274545 ], [ 77.263062484908517, 24.350380419754025 ], [ 77.263002617900895, 24.350352362363502 ], [ 77.262945016782623, 24.350320573878925 ], [ 77.2628899582066, 24.350285205436595 ], [ 77.262837705837157, 24.350246427041814 ], [ 77.262788510358192, 24.350204426665268 ], [ 77.262742609530434, 24.350159403921175 ], [ 77.262700225160472, 24.350111578173156 ], [ 77.262657982445148, 24.350119468706644 ], [ 77.262614871234959, 24.3501198478743 ], [ 77.262572471043725, 24.350112702405319 ], [ 77.262532329296377, 24.350098296070986 ], [ 77.262407470447627, 24.350039654426116 ], [ 77.262285603443445, 24.349975950399969 ], [ 77.262166972638767, 24.349907309599313 ], [ 77.262051816357072, 24.349833870230515 ], [ 77.261940364935327, 24.349755781277924 ], [ 77.261832843722019, 24.349673198010812 ], [ 77.261729467137897, 24.349586284647454 ], [ 77.261630441600488, 24.349495217990537 ], [ 77.261535967553115, 24.349400181119478 ], [ 77.26148541130425, 24.349186968056724 ], [ 77.261454713687471, 24.348970604112584 ], [ 77.261444095217286, 24.348752634555765 ], [ 77.261453629331868, 24.348534624300598 ], [ 77.261483250520754, 24.348318131776249 ], [ 77.261532744454215, 24.348104710657715 ], [ 77.261601758041408, 24.34789588826634 ], [ 77.261689796541916, 24.347693158322755 ], [ 77.261796228563213, 24.347497973760422 ], [ 77.261874478667565, 24.347298194894929 ], [ 77.261953678012432, 24.347098729390488 ], [ 77.262033822585408, 24.346899584440614 ], [ 77.262114915348391, 24.346700759163031 ], [ 77.262196950325531, 24.346502259833091 ], [ 77.262279928474484, 24.346304089166171 ], [ 77.262363847779085, 24.346106251661244 ], [ 77.262448706239638, 24.345908750011066 ], [ 77.262534502817672, 24.34571158962536 ], [ 77.262550604101278, 24.345581040622765 ], [ 77.262558430964461, 24.345449856928095 ], [ 77.262557959738331, 24.345318477321932 ], [ 77.262549189402577, 24.345187343465643 ], [ 77.26253215150021, 24.345056893654139 ], [ 77.262506903195899, 24.344927567279129 ], [ 77.262473526379679, 24.344799794887134 ], [ 77.262432136456681, 24.3446740072784 ], [ 77.262382869629931, 24.344550624571696 ], [ 77.262364693715895, 24.344480482267937 ], [ 77.262334888399508, 24.34441376132775 ], [ 77.262294170588987, 24.344352072200209 ], [ 77.262243521525804, 24.344296901798302 ], [ 77.262184160495366, 24.344249577171809 ], [ 77.262117520411323, 24.344211240032429 ], [ 77.262045207669445, 24.344182816643833 ], [ 77.261968964935221, 24.344164990443083 ], [ 77.261890627877861, 24.344158189970567 ], [ 77.261797144708666, 24.3441455974876 ], [ 77.261703091227318, 24.344137300774985 ], [ 77.261608701840998, 24.344133323293313 ], [ 77.261514214053093, 24.344133673172866 ], [ 77.261419862483493, 24.3441383503935 ], [ 77.261325884824004, 24.344147342314265 ], [ 77.261232513919722, 24.344160627225815 ], [ 77.261139986665626, 24.34417817170841 ], [ 77.261048532160899, 24.344199932348385 ], [ 77.260444633815254, 24.344388275336293 ], [ 77.260053581383232, 24.344538876296134 ], [ 77.260004816745578, 24.344557656961275 ], [ 77.259544568171208, 24.344662255163982 ], [ 77.259359333101528, 24.34482901187743 ], [ 77.259264858210386, 24.345116582868815 ], [ 77.258953833303082, 24.345982829386916 ], [ 77.25872922920351, 24.346149284729218 ], [ 77.258142999531955, 24.34567633502316 ], [ 77.257778971860759, 24.345301178505366 ], [ 77.257651580043444, 24.344879779780769 ], [ 77.257602742298218, 24.344514297183778 ], [ 77.257650854871343, 24.343553693806427 ], [ 77.257588963867263, 24.343144808994804 ], [ 77.257639497072716, 24.34186779722495 ], [ 77.257738889948044, 24.34103971897115 ], [ 77.258037831320721, 24.34074818199073 ], [ 77.258056647831111, 24.34072983163389 ], [ 77.258570571371607, 24.340493512591298 ], [ 77.259493756270814, 24.340187037699639 ], [ 77.259941256173633, 24.340163154579677 ], [ 77.260675340498054, 24.340123972551083 ], [ 77.261579848583636, 24.340226959747113 ], [ 77.261825125634644, 24.340673276619274 ], [ 77.262125277859752, 24.340729327348345 ], [ 77.262139304426086, 24.340148070849509 ], [ 77.262150855165032, 24.340044544555671 ], [ 77.26215662977279, 24.339940613922622 ], [ 77.262156615966177, 24.339836548014024 ], [ 77.262150810317323, 24.33973261776649 ], [ 77.262139230107152, 24.339629093370419 ], [ 77.262121904436967, 24.339526246008898 ], [ 77.262098879222393, 24.33942434066963 ], [ 77.26207021317687, 24.339323644243567 ], [ 77.262035981844178, 24.339224415620414 ], [ 77.261952060164944, 24.339059542088673 ], [ 77.261859375278064, 24.338898656310757 ], [ 77.261758149403008, 24.338742150149091 ], [ 77.261648631476334, 24.338590403926663 ], [ 77.261531085330958, 24.338443785434304 ], [ 77.261405798559323, 24.338302650901451 ], [ 77.261273074635469, 24.338167344033089 ], [ 77.261133234902772, 24.338038194218889 ], [ 77.260986619592515, 24.337915512928259 ], [ 77.260818381212573, 24.337746784717634 ], [ 77.260662812899454, 24.337568139906132 ], [ 77.260520608262553, 24.337380378639907 ], [ 77.26039240239669, 24.337184338552824 ], [ 77.260278764998745, 24.336980892906379 ], [ 77.260180205281273, 24.336770952433437 ], [ 77.260097162255718, 24.336555449908317 ], [ 77.260030006615224, 24.336335350096359 ], [ 77.259979037942955, 24.336111631667507 ], [ 77.259939450169625, 24.335962814497901 ], [ 77.259917940974915, 24.335810912501334 ], [ 77.25991477354394, 24.335657765717869 ], [ 77.259929983239317, 24.335505225992442 ], [ 77.259963387609801, 24.3353551407933 ], [ 77.260014580734222, 24.335209325169917 ], [ 77.260082944240125, 24.335069542870489 ], [ 77.260167651405297, 24.334937489213324 ], [ 77.260267676343517, 24.334814756836426 ], [ 77.26029432675584, 24.334791490083418 ], [ 77.26031839421789, 24.334765969104019 ], [ 77.260339651818583, 24.334738431520545 ], [ 77.26035789904806, 24.33470913863956 ], [ 77.260372966824534, 24.334678364652326 ], [ 77.260384711571888, 24.334646397492079 ], [ 77.260393023088781, 24.334613540701081 ], [ 77.260397823693964, 24.334580098972317 ], [ 77.260399069096991, 24.334546390801176 ], [ 77.261248342678982, 24.333625266138903 ], [ 77.261183376542121, 24.333512882886659 ], [ 77.261121994643901, 24.333406702139296 ], [ 77.26104546590723, 24.333274316839979 ], [ 77.26100743815924, 24.333171778615494 ], [ 77.26097908353421, 24.333066645073771 ], [ 77.260960605044687, 24.332959680073625 ], [ 77.260952138535544, 24.332851662315036 ], [ 77.260953746869291, 24.33274337445599 ], [ 77.260965415943232, 24.332635607598686 ], [ 77.260987061754108, 24.332529143278766 ], [ 77.261035995810715, 24.332412261429265 ], [ 77.261078738891626, 24.332293358902678 ], [ 77.261115192910751, 24.332172709533054 ], [ 77.261145270551935, 24.332050595364667 ], [ 77.261168906201405, 24.331927296800036 ], [ 77.261186043084649, 24.331803097921032 ], [ 77.261196642112623, 24.331678289265856 ], [ 77.261200678037241, 24.331553156961409 ], [ 77.261198142326222, 24.331427991776891 ], [ 77.261183343005641, 24.331243379757915 ], [ 77.261153799474613, 24.330874828113519 ], [ 77.260705584388461, 24.330576236902196 ], [ 77.260276402363985, 24.330099264860443 ], [ 77.259935048556841, 24.329632070908669 ], [ 77.259634537513605, 24.329003470848857 ], [ 77.259779461266461, 24.328470923904707 ], [ 77.260072380486619, 24.328108538407459 ], [ 77.260217837088291, 24.327928584207097 ], [ 77.260591965004352, 24.327702369082747 ], [ 77.260716040367129, 24.32752708907482 ], [ 77.260823418388142, 24.327276294543555 ], [ 77.260986952563954, 24.326820079864575 ], [ 77.261158685136394, 24.326173782860881 ], [ 77.26126251609, 24.325265936655867 ], [ 77.261279933740255, 24.324964070357378 ], [ 77.261522387929872, 24.324148098456824 ], [ 77.261843481138314, 24.322852046041042 ], [ 77.262043931817075, 24.32206229773146 ], [ 77.262085138399556, 24.321900734278483 ], [ 77.262253218550825, 24.321241713775692 ], [ 77.262482246063399, 24.320601821235176 ], [ 77.262729852901955, 24.320288755186869 ], [ 77.263120228808262, 24.31985851542531 ], [ 77.26354332650908, 24.319571010895611 ], [ 77.264040289438583, 24.319255066597723 ], [ 77.264190564350471, 24.319099112100883 ], [ 77.264295841019802, 24.318989858690578 ], [ 77.264619244562553, 24.31858793681598 ], [ 77.264855748334512, 24.318294011143603 ], [ 77.265394887892271, 24.31754655869933 ], [ 77.265633854244754, 24.317122361222449 ], [ 77.265756993940997, 24.316903770206117 ], [ 77.266105796095218, 24.316334717396057 ], [ 77.266223072517349, 24.31600593395995 ], [ 77.266286377677417, 24.31582845750858 ], [ 77.266293715082568, 24.315490648779061 ], [ 77.266186643610538, 24.314977714710206 ], [ 77.265963603710546, 24.314472045934991 ], [ 77.265730437931566, 24.31415991433164 ], [ 77.266610909953997, 24.313663117873411 ], [ 77.26648812613486, 24.313534778930414 ], [ 77.266440954079883, 24.313483447015599 ], [ 77.266396449051683, 24.313430153645498 ], [ 77.266354706596246, 24.313375014254163 ], [ 77.266315815303201, 24.313318150545282 ], [ 77.266279865724627, 24.313259685140661 ], [ 77.266246931617218, 24.313199745050717 ], [ 77.266217085702863, 24.313138462697292 ], [ 77.266190394789774, 24.313075970457241 ], [ 77.266166914812317, 24.313012404237568 ], [ 77.266151345709787, 24.31292377331663 ], [ 77.266136130911818, 24.312835091788916 ], [ 77.266121273390567, 24.312746357870701 ], [ 77.266106771141637, 24.312657575159751 ], [ 77.266092625141667, 24.312568744566647 ], [ 77.266078835389948, 24.312479866091561 ], [ 77.266065402830492, 24.312390944257732 ], [ 77.266052324546735, 24.312301974527113 ], [ 77.266039605408523, 24.312212963259096 ], [ 77.266011317392625, 24.31212488173275 ], [ 77.265976632164325, 24.312038742399942 ], [ 77.265935704908017, 24.31195493391073 ], [ 77.265888724379479, 24.311873837943118 ], [ 77.265835900191774, 24.311795818268514 ], [ 77.265777472588624, 24.311721229857842 ], [ 77.265713703648089, 24.311650410686322 ], [ 77.265644886160089, 24.31158368089735 ], [ 77.265571327882625, 24.311521339974107 ], [ 77.265474888561812, 24.31145777240015 ], [ 77.265383994686104, 24.311389679271571 ], [ 77.265295756352558, 24.311314896266651 ], [ 77.265213746466543, 24.311236134829542 ], [ 77.265137199902995, 24.311152883369182 ], [ 77.265066404530756, 24.31106546020094 ], [ 77.265001635257619, 24.310974199799467 ], [ 77.264943133358997, 24.310879449932365 ], [ 77.264891125211108, 24.310781570898673 ], [ 77.264822730711401, 24.310609294638351 ], [ 77.264760309353605, 24.310435122659207 ], [ 77.264703925553519, 24.310259231582911 ], [ 77.264653636860032, 24.310081794365381 ], [ 77.264609491910591, 24.309902988410425 ], [ 77.264571535375325, 24.30972299380063 ], [ 77.264539804039686, 24.309541990558031 ], [ 77.264514331740017, 24.309360157778432 ], [ 77.264495142416393, 24.309177678997806 ], [ 77.264481480126918, 24.309110735850879 ], [ 77.26446645258001, 24.309044039758913 ], [ 77.264450061536635, 24.308977614218477 ], [ 77.264432312707839, 24.308911481852792 ], [ 77.264424404369564, 24.308884227942393 ], [ 77.264413214752977, 24.308845666210726 ], [ 77.264392771403891, 24.308780190803535 ], [ 77.264370992313445, 24.308715078284401 ], [ 77.264352560595981, 24.308663449923468 ], [ 77.26434627769909, 24.308652643186967 ], [ 77.264323453694132, 24.308586032432572 ], [ 77.264285850632888, 24.308541409310635 ], [ 77.264247687153613, 24.308497184759418 ], [ 77.264208968094266, 24.308453368750559 ], [ 77.264169702291923, 24.308409964963616 ], [ 77.264129891668716, 24.308366978832051 ], [ 77.264089542080754, 24.308324416722279 ], [ 77.264048658406708, 24.308282284090282 ], [ 77.264007248473476, 24.308240587317439 ], [ 77.263965315196927, 24.308199330941587 ], [ 77.263884026757779, 24.30809372273022 ], [ 77.26379689349541, 24.307992105656002 ], [ 77.263704148531758, 24.307894748829725 ], [ 77.263606041821262, 24.30780191245805 ], [ 77.263502832307594, 24.307713843267344 ], [ 77.263394793787526, 24.307630779968214 ], [ 77.263282220930066, 24.307552941559212 ], [ 77.263165408507803, 24.307480535298374 ], [ 77.263044673077644, 24.307413756867959 ], [ 77.26298346115739, 24.307375533086049 ], [ 77.262922875740514, 24.307336475859767 ], [ 77.262862934468203, 24.307296596162278 ], [ 77.262803650086894, 24.307255901316946 ], [ 77.262745031376539, 24.307214401326554 ], [ 77.262687096010822, 24.307172103551963 ], [ 77.262629854716025, 24.307129020720357 ], [ 77.262573320246503, 24.307085159251951 ], [ 77.26251750629298, 24.307040530993277 ], [ 77.262640739864466, 24.306958035140532 ], [ 77.262682501963567, 24.306856792653939 ], [ 77.262712294577085, 24.306752056802573 ], [ 77.262729779807572, 24.306645012750192 ], [ 77.262734761433194, 24.306536872927438 ], [ 77.262727181127531, 24.306428858938855 ], [ 77.262707125421556, 24.30632219438986 ], [ 77.262674821939612, 24.30621808498735 ], [ 77.262630636514842, 24.306117710389586 ], [ 77.262575066485482, 24.306022202477937 ], [ 77.262493665825389, 24.305887664647909 ], [ 77.262421329666893, 24.305748843995872 ], [ 77.262358327313507, 24.305606254701967 ], [ 77.262304889549796, 24.305460419684213 ], [ 77.262261214456785, 24.305311881481291 ], [ 77.262227463617663, 24.305161185965432 ], [ 77.262203760065731, 24.305008891359194 ], [ 77.262190193310417, 24.304855557434685 ], [ 77.262186811405314, 24.304701750872603 ], [ 77.262173354508036, 24.304604231756482 ], [ 77.262173357158602, 24.304505935225645 ], [ 77.262186819047074, 24.304408416607863 ], [ 77.262213529098545, 24.304313216076793 ], [ 77.262253061688867, 24.304221841463221 ], [ 77.262271607811087, 24.304190972456258 ], [ 77.26230479468768, 24.304135734973418 ], [ 77.262367906626196, 24.304056259620648 ], [ 77.26244140455276, 24.303984670534611 ], [ 77.26252412317902, 24.303922100505172 ], [ 77.262550198344101, 24.303897905605833 ], [ 77.262574298754544, 24.30387204914015 ], [ 77.262596300980036, 24.303844666556166 ], [ 77.26261609040246, 24.303815899691394 ], [ 77.26263356216873, 24.303785900392835 ], [ 77.2626486271771, 24.303754822433437 ], [ 77.262661205105388, 24.303722829588395 ], [ 77.262671232351678, 24.303690089372562 ], [ 77.262678654191589, 24.30365676846473 ], [ 77.262686855715501, 24.303500214702655 ], [ 77.262353600026699, 24.303566553067711 ], [ 77.261730315475319, 24.303695340096898 ], [ 77.260681204357695, 24.303979502436633 ], [ 77.260398449741061, 24.304243952791268 ], [ 77.260338510285393, 24.30460084124454 ], [ 77.260396321638538, 24.304891886083301 ], [ 77.260468319093761, 24.305184880545614 ], [ 77.260370252921376, 24.305860401730467 ], [ 77.259865677203578, 24.305847747397774 ], [ 77.259487043787914, 24.305749387064328 ], [ 77.259234632269312, 24.305529776132499 ], [ 77.259074449909903, 24.305257404045303 ], [ 77.259087481446102, 24.304756234709942 ], [ 77.259157666381583, 24.304385630205022 ], [ 77.259202586550757, 24.304034071495899 ], [ 77.259320058039918, 24.303506934887949 ], [ 77.259189641294853, 24.303157579613849 ], [ 77.258897251356004, 24.302726696839613 ], [ 77.25873724629605, 24.302435230083038 ], [ 77.258702353701054, 24.302144298887278 ], [ 77.258793695797181, 24.301742971303053 ], [ 77.258912610215106, 24.30150709635182 ], [ 77.259065301326217, 24.301220612547162 ], [ 77.259379929741186, 24.301021886550522 ], [ 77.259818881375509, 24.300650217749943 ], [ 77.26021171397737, 24.300226807313141 ], [ 77.260404438267727, 24.299944020137552 ], [ 77.26061206970725, 24.299629203527935 ], [ 77.260187076732322, 24.299089616680163 ], [ 77.259210138134137, 24.298130485593681 ], [ 77.258809070885462, 24.297565442452473 ], [ 77.258287269891454, 24.296354373913179 ], [ 77.258132271556562, 24.295984243364519 ], [ 77.257743432959245, 24.295055702858022 ], [ 77.257593131750156, 24.294651783236823 ], [ 77.257994359601724, 24.294437799292552 ], [ 77.258786944277361, 24.294157199563703 ], [ 77.259679990907159, 24.293699426005993 ], [ 77.260081854302356, 24.293444620466254 ], [ 77.259996564024064, 24.293045673294682 ], [ 77.259927254440896, 24.292583623752119 ], [ 77.260002481758406, 24.29191791985922 ], [ 77.260453056993128, 24.290952574873391 ], [ 77.260657711131799, 24.290615165255375 ], [ 77.260564090336672, 24.290371200456701 ], [ 77.260411871598663, 24.289974533237991 ], [ 77.260145717816542, 24.289690470272038 ], [ 77.259341581943403, 24.289311056707152 ], [ 77.258520197493283, 24.289029171047989 ], [ 77.25802672254035, 24.288942123679377 ], [ 77.257614284582388, 24.289007756889411 ], [ 77.257143886974717, 24.289268488589229 ], [ 77.25655698631931, 24.28926623872135 ], [ 77.256337855111951, 24.289120351359635 ], [ 77.256228180446797, 24.288906418886945 ], [ 77.256145951019903, 24.288232967142878 ], [ 77.256204286916912, 24.287867110323333 ], [ 77.25665184382197, 24.287572935379725 ], [ 77.257392443272551, 24.287478918722034 ], [ 77.258045552090351, 24.287415321739168 ], [ 77.258368277169296, 24.287300478233671 ], [ 77.259095817119871, 24.286991004112522 ], [ 77.258349893429966, 24.285553185151379 ], [ 77.258336996861914, 24.28550125414889 ], [ 77.258006686564698, 24.284171105539215 ], [ 77.257481111139498, 24.284143465792269 ], [ 77.254945994004075, 24.284535321052996 ], [ 77.254699969437638, 24.283449952520424 ], [ 77.254429786101369, 24.283064108696525 ], [ 77.254094612376022, 24.282803006745453 ], [ 77.25369792920003, 24.282731431405406 ], [ 77.253264479525882, 24.282412649741143 ], [ 77.253197087352731, 24.281289925617596 ], [ 77.253232655037138, 24.280044778646463 ], [ 77.254219856704267, 24.279752549543367 ], [ 77.254705207835229, 24.279612264282761 ], [ 77.255291980104332, 24.279442661889437 ], [ 77.256155984587807, 24.279272081600944 ], [ 77.257246431417826, 24.278980469855938 ], [ 77.257749205611518, 24.278188286467934 ], [ 77.257627904408253, 24.278074349606531 ], [ 77.257549703330056, 24.278009504050896 ], [ 77.257474152673325, 24.277942072897737 ], [ 77.257401351153661, 24.27787214451579 ], [ 77.257331399391077, 24.277799814513727 ], [ 77.257264390114386, 24.2777251793433 ], [ 77.257200414023814, 24.277648341763545 ], [ 77.257139556909053, 24.277569402689199 ], [ 77.257081902531155, 24.277488469342153 ], [ 77.257027525766816, 24.277405650682848 ], [ 77.256986081559575, 24.277329975742596 ], [ 77.256942290068807, 24.277255419125805 ], [ 77.256896189189419, 24.27718203982857 ], [ 77.256847815773327, 24.27710990316152 ], [ 77.256797209726201, 24.277039063619888 ], [ 77.256744411873228, 24.276969582931642 ], [ 77.256689466076864, 24.276901513815712 ], [ 77.256632417135293, 24.276834914417439 ], [ 77.256573312826887, 24.276769840195204 ], [ 77.256513714806005, 24.276691111911774 ], [ 77.25645655637193, 24.276610878505409 ], [ 77.256401880306541, 24.276529202627053 ], [ 77.256349733299515, 24.276446150570344 ], [ 77.256300154174511, 24.27636178676223 ], [ 77.256253181746757, 24.276276176532782 ], [ 77.256208855742443, 24.276189393347892 ], [ 77.256167208103975, 24.276101499775336 ], [ 77.256128272670082, 24.276012566526159 ], [ 77.256109534473694, 24.275845083221679 ], [ 77.256076693706802, 24.275679434149474 ], [ 77.256029944330933, 24.275516617028039 ], [ 77.255969571117831, 24.275357611298091 ], [ 77.255895936889274, 24.275203372606232 ], [ 77.255809483525411, 24.275054830103329 ], [ 77.255710733055707, 24.274912874711912 ], [ 77.255600275785682, 24.274778364454832 ], [ 77.255478777381697, 24.274652103736749 ], [ 77.255394481967386, 24.274581239439513 ], [ 77.255302760557569, 24.274518600835396 ], [ 77.255204565951942, 24.274464835569386 ], [ 77.255100916781799, 24.274420502372713 ], [ 77.254992887740613, 24.274386061956683 ], [ 77.254881598829513, 24.274361867898826 ], [ 77.254768202468227, 24.274348175577057 ], [ 77.25465387283144, 24.274345123120977 ], [ 77.25453979982376, 24.274352744010965 ], [ 77.254451558798991, 24.274367242482498 ], [ 77.254362248869711, 24.274374359795917 ], [ 77.254272602675456, 24.274374035617623 ], [ 77.254183357173929, 24.274366276486241 ], [ 77.254095243911252, 24.274351142190508 ], [ 77.25400898496558, 24.27432875838284 ], [ 77.253939812128806, 24.274304418792745 ], [ 77.253925291041682, 24.274299309339213 ], [ 77.25384485063293, 24.274263037875901 ], [ 77.253768321219496, 24.274220238056255 ], [ 77.25370539520317, 24.274168739550696 ], [ 77.253643014239401, 24.274116685197928 ], [ 77.253581187145983, 24.274064080485346 ], [ 77.253519916812792, 24.274010932661373 ], [ 77.25345920914306, 24.273957242675166 ], [ 77.253399069982294, 24.273903017797767 ], [ 77.253339505200699, 24.27384826259086 ], [ 77.25328052263886, 24.273792981631154 ], [ 77.253222123224305, 24.273737181248901 ], [ 77.253132497773123, 24.2736763250082 ], [ 77.253036823923907, 24.273623774434085 ], [ 77.25293601143467, 24.273580032343556 ], [ 77.252831025027021, 24.27354551617066 ], [ 77.252722865700804, 24.273520554211487 ], [ 77.252612565816889, 24.273505384683116 ], [ 77.25250117826927, 24.27350015473823 ], [ 77.252389764753914, 24.273504910439939 ], [ 77.252279388758424, 24.273519609353343 ], [ 77.252192758491148, 24.27352227954167 ], [ 77.252106135591021, 24.273525114121671 ], [ 77.25201951807901, 24.273528113981534 ], [ 77.251932907916995, 24.273531280039386 ], [ 77.251846305112807, 24.273534611392204 ], [ 77.251759710651413, 24.273538108047426 ], [ 77.251673123547221, 24.273541769997554 ], [ 77.251586545770351, 24.273545597257669 ], [ 77.251499975341758, 24.273549590715863 ], [ 77.251395979907372, 24.273567752033561 ], [ 77.251290409928458, 24.273575007555255 ], [ 77.251184623036295, 24.273571262914377 ], [ 77.251079978507661, 24.273556567371546 ], [ 77.250977819562351, 24.273531110066145 ], [ 77.25087946058639, 24.273495216304731 ], [ 77.250786164454155, 24.273449349193633 ], [ 77.250699129809902, 24.273394099605074 ], [ 77.250082852942114, 24.272945374690025 ], [ 77.24999376438592, 24.273089744294001 ], [ 77.249179111205805, 24.272951387992055 ], [ 77.248640224263113, 24.272859862672249 ], [ 77.246631885364252, 24.27241827593674 ], [ 77.244751373226862, 24.271634688080958 ], [ 77.24337374884071, 24.271349139982139 ], [ 77.242901609050961, 24.271307666244603 ], [ 77.241968229697463, 24.271225672025622 ], [ 77.240765312351087, 24.271725862158931 ], [ 77.239668138141084, 24.272374847739489 ], [ 77.237540364762111, 24.274039298327487 ], [ 77.236249349014727, 24.274977780129039 ], [ 77.235369284931053, 24.275503586080468 ], [ 77.235053578151508, 24.275934932933385 ], [ 77.235080755330372, 24.276237157524577 ], [ 77.235664384107238, 24.277348233942089 ], [ 77.23569075057091, 24.277738309098808 ], [ 77.235105703563292, 24.278123633463579 ], [ 77.234431556998061, 24.278295872861818 ], [ 77.234199509041886, 24.278107369088332 ], [ 77.233712954649391, 24.277465386577003 ], [ 77.232906451239458, 24.276430570590058 ], [ 77.23252710186668, 24.275966359779666 ], [ 77.231890076466797, 24.275938234076751 ], [ 77.231848235941754, 24.275278971148612 ], [ 77.231760921755495, 24.274998242567388 ], [ 77.230891361636125, 24.274314615489757 ], [ 77.230009496351357, 24.275032563236401 ], [ 77.229342357522796, 24.276364777442939 ], [ 77.228542633085937, 24.276627594202942 ], [ 77.22738913710856, 24.275442645940924 ], [ 77.225109880475557, 24.273663962128168 ], [ 77.224747937912909, 24.274196335528877 ], [ 77.224821052046224, 24.275083292019218 ], [ 77.224855376913965, 24.275395538848684 ], [ 77.224856514110954, 24.275709365291831 ], [ 77.224824454528814, 24.27602181417021 ], [ 77.224759496356512, 24.276329941532147 ], [ 77.224662255684279, 24.276630842930356 ], [ 77.224533645529604, 24.276921684871994 ], [ 77.224374879585099, 24.27719972652811 ], [ 77.224187451283512, 24.277462346669569 ], [ 77.223973128608122, 24.277707072533186 ], [ 77.223843909579045, 24.277858986771498 ], [ 77.223710685738496, 24.278007965645955 ], [ 77.22357353768902, 24.278153923974191 ], [ 77.223432545116637, 24.278296769340862 ], [ 77.223287793510636, 24.278436421118023 ], [ 77.22313936938896, 24.278572794169715 ], [ 77.222987358243472, 24.278705807868331 ], [ 77.222831853440823, 24.278835382551147 ], [ 77.222672947330111, 24.278961442160661 ], [ 77.22312782590339, 24.279658798373823 ], [ 77.223797564867411, 24.280785665197616 ], [ 77.225003452894413, 24.28206455476121 ], [ 77.223562881089691, 24.28325486684929 ], [ 77.225536741888092, 24.284053401541414 ], [ 77.223586566978781, 24.285027540232477 ], [ 77.222573591270333, 24.285533520488109 ], [ 77.22074131232408, 24.284140629833189 ], [ 77.220381308271527, 24.284519394184464 ], [ 77.221339512451735, 24.285499890495249 ], [ 77.221132876568277, 24.28581610015868 ], [ 77.220839707732992, 24.286511650282108 ], [ 77.221066184731868, 24.28739530373317 ], [ 77.221312473594125, 24.288356243697024 ], [ 77.221636478423378, 24.289201747134467 ], [ 77.219470598694627, 24.289151321038162 ], [ 77.219133829493998, 24.289371923054151 ], [ 77.218772285525034, 24.289608751923986 ], [ 77.218495267939716, 24.290030086443863 ], [ 77.217821846948667, 24.290245876992181 ], [ 77.217889168674816, 24.291110089700478 ], [ 77.216384579645307, 24.291482173572046 ], [ 77.215724652836911, 24.292807777225363 ], [ 77.21558216745504, 24.29438903737428 ], [ 77.213826813446317, 24.293588145446765 ], [ 77.211759085111296, 24.29234303660801 ], [ 77.209898259682319, 24.290839665831797 ], [ 77.209701331148523, 24.290541900049693 ], [ 77.209539774271931, 24.289521336680497 ], [ 77.208871258355344, 24.288879499610431 ], [ 77.208558162199324, 24.288578894211195 ], [ 77.207933010746657, 24.288303856884149 ], [ 77.206727925201477, 24.288222938062351 ], [ 77.206315772169063, 24.28804948968185 ], [ 77.205889667194043, 24.287566533714923 ], [ 77.205869321969104, 24.287040399337407 ], [ 77.20616978051865, 24.286524557654495 ], [ 77.205817989028361, 24.286220095382621 ], [ 77.204910379704842, 24.285630108513995 ], [ 77.203479998330323, 24.284959881606618 ], [ 77.203010371458959, 24.28521452939691 ], [ 77.202890270486961, 24.285267952800545 ], [ 77.202766927366483, 24.285314763160333 ], [ 77.202640776272233, 24.285354794135891 ], [ 77.202512260984946, 24.285387905657618 ], [ 77.202381830958274, 24.285413982992374 ], [ 77.202249945294071, 24.285432933162383 ], [ 77.202117065793431, 24.285444690309106 ], [ 77.201983660931703, 24.28544921211207 ], [ 77.2018501969563, 24.285446483330695 ], [ 77.201674977246867, 24.285431509168337 ], [ 77.201500061398761, 24.285449216849905 ], [ 77.201332629665757, 24.285498881625848 ], [ 77.201179558534974, 24.285578463997318 ], [ 77.201047131216015, 24.285684695908262 ], [ 77.200940786083862, 24.285813216009704 ], [ 77.200864888354687, 24.285958747558531 ], [ 77.200822553601185, 24.286115315568278 ], [ 77.200815522226435, 24.286276492368138 ], [ 77.200832409793492, 24.286417395826778 ], [ 77.200858370991753, 24.286557135399836 ], [ 77.20089331593168, 24.286695219926496 ], [ 77.200937118197302, 24.286831165177773 ], [ 77.200989629616586, 24.2869644948779 ], [ 77.201050661548919, 24.28709473965181 ], [ 77.201120001574594, 24.287221443480885 ], [ 77.201197406614554, 24.287344161841748 ], [ 77.201282603915146, 24.287462461714473 ], [ 77.201376153865397, 24.287644071357786 ], [ 77.201454470423101, 24.287831638563098 ], [ 77.201517106496752, 24.288024093096336 ], [ 77.201563704959867, 24.288220332923579 ], [ 77.201593998515222, 24.288419238660449 ], [ 77.201607815600568, 24.288619674522376 ], [ 77.201605075412189, 24.288820493703689 ], [ 77.201585793716148, 24.2890205492623 ], [ 77.201550080836924, 24.28921869862015 ], [ 77.201482152486633, 24.289371371584846 ], [ 77.201395913306158, 24.289516069115788 ], [ 77.201292452889319, 24.28965095104526 ], [ 77.20117309219053, 24.289774304598751 ], [ 77.201039341953162, 24.289884563935004 ], [ 77.200892905511296, 24.289980326428275 ], [ 77.200735641122876, 24.290060375852349 ], [ 77.200569548061452, 24.290123694013044 ], [ 77.200396734902199, 24.290169479463358 ], [ 77.200220445071778, 24.290215269393098 ], [ 77.200038743767976, 24.29023691840549 ], [ 77.199855540683714, 24.290233961938782 ], [ 77.199674782873799, 24.290206461411636 ], [ 77.199500362070907, 24.290155008899273 ], [ 77.199336034957867, 24.290080716557952 ], [ 77.199185340752976, 24.289985178026981 ], [ 77.19905152151226, 24.28987045514133 ], [ 77.198937462589456, 24.289739017838354 ], [ 77.19881703567134, 24.289563744092419 ], [ 77.198700073711265, 24.289386510993083 ], [ 77.198586613598721, 24.289207375745193 ], [ 77.198476690234585, 24.289026397344045 ], [ 77.198370342477617, 24.288843633009982 ], [ 77.198267601260241, 24.28865914441576 ], [ 77.198168501498529, 24.288472988749749 ], [ 77.198073075108908, 24.288285227692111 ], [ 77.197981354015795, 24.288095922019746 ], [ 77.197920365626828, 24.28799794237165 ], [ 77.197850462779101, 24.287905097239925 ], [ 77.197772159244352, 24.287818069940258 ], [ 77.197686027405396, 24.287737493678971 ], [ 77.197592698169487, 24.287663960584553 ], [ 77.19749285321528, 24.287598008097891 ], [ 77.197387224033335, 24.287540116255602 ], [ 77.19727658399232, 24.28749071304588 ], [ 77.197161741606095, 24.287450157194183 ], [ 77.197109867962908, 24.287427681116345 ], [ 77.197055590434275, 24.287410626601837 ], [ 77.196999582985399, 24.287399203180751 ], [ 77.19694253697773, 24.287393552783783 ], [ 77.196885159233162, 24.287393746113853 ], [ 77.196828160236805, 24.287399779841991 ], [ 77.196772246220505, 24.287411580156601 ], [ 77.196718107356787, 24.287429000862151 ], [ 77.19666641477761, 24.287451826064913 ], [ 77.196348051306614, 24.28754108617284 ], [ 77.196295469407644, 24.287551892453159 ], [ 77.196245215839056, 24.28756972082428 ], [ 77.196198397004579, 24.287594177348019 ], [ 77.196156047787596, 24.287624722097611 ], [ 77.196119104844584, 24.287660679781727 ], [ 77.196088380806273, 24.287701258503564 ], [ 77.19606455628265, 24.287745561437895 ], [ 77.196048154997001, 24.287792611017633 ], [ 77.196039539645369, 24.287841369673068 ], [ 77.196026556459671, 24.287936977417228 ], [ 77.196014351847197, 24.288032673604228 ], [ 77.196002928843271, 24.288128450129889 ], [ 77.195992288478152, 24.288224302486693 ], [ 77.195982429820049, 24.288320225248199 ], [ 77.195973355895745, 24.288416211213299 ], [ 77.195965063759658, 24.288512259455363 ], [ 77.195957556464521, 24.288608360063897 ], [ 77.195950834029262, 24.288704511232787 ], [ 77.195919499976156, 24.288833370024072 ], [ 77.195897828527265, 24.288963888842833 ], [ 77.195885921125566, 24.289095457946509 ], [ 77.195883830943416, 24.289227466299501 ], [ 77.195891570807532, 24.289359297121226 ], [ 77.1959091032587, 24.289490336837908 ], [ 77.19593634744831, 24.289619975138159 ], [ 77.19597317517055, 24.289747607650675 ], [ 77.196019414751134, 24.28987264139473 ], [ 77.1965752215104, 24.290927102712722 ], [ 77.196644523049571, 24.291026115150835 ], [ 77.196701339763152, 24.291131598086022 ], [ 77.196744956005148, 24.291242233436908 ], [ 77.196774831157185, 24.291356638590912 ], [ 77.196790589595793, 24.291473385290786 ], [ 77.196792035327874, 24.291591015105826 ], [ 77.196779150835226, 24.29170805748614 ], [ 77.196752094907808, 24.291823050519504 ], [ 77.19671120740874, 24.291934558129924 ], [ 77.196705862225016, 24.291995723205378 ], [ 77.196689770585238, 24.292055286419444 ], [ 77.196663357485363, 24.292111670582724 ], [ 77.196627323018433, 24.292163384710634 ], [ 77.196582619350593, 24.292209061773715 ], [ 77.196530428724444, 24.292247491940351 ], [ 77.196472130580787, 24.29227766024766 ], [ 77.19640926882542, 24.292298768919771 ], [ 77.196343506295165, 24.292310258679635 ], [ 77.196263545446143, 24.292316427417589 ], [ 77.196183408238824, 24.292320221992881 ], [ 77.196103179477788, 24.29232163676425 ], [ 77.19602294293918, 24.292320670598361 ], [ 77.195942782355857, 24.292317326877761 ], [ 77.195862782471991, 24.292311606283707 ], [ 77.195783025991901, 24.292303516706685 ], [ 77.195703595619733, 24.292293066037484 ], [ 77.195624577983708, 24.292280264004983 ], [ 77.194585382163012, 24.291770424608568 ], [ 77.19451192532452, 24.291750353539886 ], [ 77.194437087529892, 24.291735162147521 ], [ 77.19436125331265, 24.291724929391467 ], [ 77.194284814353864, 24.291719708097308 ], [ 77.194208162593696, 24.291719523997365 ], [ 77.194131695115061, 24.291724380286208 ], [ 77.194055803374255, 24.29173425030849 ], [ 77.193980880046823, 24.291749083032862 ], [ 77.193907310159588, 24.291768802980986 ], [ 77.193849725128601, 24.291783848338603 ], [ 77.193794132646289, 24.29180423677623 ], [ 77.193741120101393, 24.29182975354664 ], [ 77.193691247822386, 24.291860128590425 ], [ 77.193645045110301, 24.291895039213578 ], [ 77.193603001301653, 24.291934117240725 ], [ 77.193565560859255, 24.291976947169434 ], [ 77.193533119318161, 24.292023077878554 ], [ 77.193506022335029, 24.29207201900789 ], [ 77.192489929340439, 24.293664420441058 ], [ 77.192446633769904, 24.293763832483428 ], [ 77.192410683435199, 24.293832539877787 ], [ 77.192396132856103, 24.293860346790972 ], [ 77.192338654473318, 24.293953526238482 ], [ 77.192274459905363, 24.294042943904614 ], [ 77.192203842712971, 24.294128198417393 ], [ 77.192127120004542, 24.294208899432714 ], [ 77.192044643144968, 24.294284681269083 ], [ 77.191956784963608, 24.294355200998119 ], [ 77.19186394370422, 24.294420137573443 ], [ 77.191666695306353, 24.294554375464813 ], [ 77.191469432859876, 24.294688596713666 ], [ 77.191272159303594, 24.294822803150023 ], [ 77.19107487268414, 24.294956992951661 ], [ 77.190877572975509, 24.295091168827891 ], [ 77.190680259227065, 24.295225327158303 ], [ 77.19048293436029, 24.295359471579154 ], [ 77.190285596430485, 24.295493599365113 ], [ 77.190088245420355, 24.295627712322343 ], [ 77.189981502246866, 24.295696169893652 ], [ 77.18986879557491, 24.295756063883736 ], [ 77.189750942587338, 24.295806960119812 ], [ 77.189628794352103, 24.295848487928588 ], [ 77.189503236720114, 24.295880349176016 ], [ 77.189375178551799, 24.295902312753302 ], [ 77.189245546754762, 24.295914218149729 ], [ 77.189115280318276, 24.295915980823871 ], [ 77.188985322472618, 24.295907587624438 ], [ 77.187852839976458, 24.295640099753502 ], [ 77.187739562333547, 24.295624219250151 ], [ 77.187625036326139, 24.29562060029599 ], [ 77.187510835188107, 24.295629293550835 ], [ 77.18739852982975, 24.295650181665792 ], [ 77.187289665226032, 24.295682975479281 ], [ 77.187185735680004, 24.295727224655103 ], [ 77.187088173968419, 24.295782319400132 ], [ 77.186998318686733, 24.295847504650816 ], [ 77.186917408320681, 24.295921881830452 ], [ 77.186877520147945, 24.296042775108791 ], [ 77.186854521922115, 24.296167304994896 ], [ 77.186848773689974, 24.296293496412474 ], [ 77.186860369678143, 24.29641934864458 ], [ 77.186889126133721, 24.296542869556717 ], [ 77.18693458699758, 24.296662100028627 ], [ 77.186996030450089, 24.29677515013616 ], [ 77.187072484369196, 24.296880230889265 ], [ 77.187162738954939, 24.296975673302626 ], [ 77.187290687372553, 24.297051780721542 ], [ 77.187418351215086, 24.297128290365865 ], [ 77.18754572853851, 24.297205199511055 ], [ 77.187672818366778, 24.297282507246781 ], [ 77.187799617735649, 24.297360214452933 ], [ 77.187926126671755, 24.297438318420873 ], [ 77.188052344181671, 24.297516820046539 ], [ 77.188178265365067, 24.297595716581412 ], [ 77.188303892184621, 24.297675008945333 ], [ 77.18839216935983, 24.297751725861371 ], [ 77.18846598963755, 24.297840348288222 ], [ 77.18852347085938, 24.297938614778889 ], [ 77.188563144181103, 24.298044015233685 ], [ 77.188583995761235, 24.298153862587313 ], [ 77.188585494786125, 24.298265350838754 ], [ 77.188567603533173, 24.298375636419177 ], [ 77.188530778730637, 24.298481902330213 ], [ 77.188475957988786, 24.298581437516489 ], [ 77.188370323780447, 24.298744920863783 ], [ 77.188255882556575, 24.298903346355036 ], [ 77.1881329209603, 24.299056316172486 ], [ 77.188001748182103, 24.299203445325016 ], [ 77.187862695925332, 24.299344365261092 ], [ 77.187716110558043, 24.299478720192692 ], [ 77.18756236290578, 24.299606173497168 ], [ 77.187401839426869, 24.299726403130268 ], [ 77.187234942133614, 24.299839109754235 ], [ 77.187114814305303, 24.299922572664659 ], [ 77.18700326922918, 24.300015505421179 ], [ 77.186901195028355, 24.300117170096183 ], [ 77.186809399693416, 24.300226759471133 ], [ 77.186728613986631, 24.300343402478877 ], [ 77.186659477558734, 24.300466173122224 ], [ 77.186602540849393, 24.3005940977141 ], [ 77.186558255188871, 24.300726159312887 ], [ 77.186526973660094, 24.300861310373481 ], [ 77.186511799680872, 24.300992285443694 ], [ 77.186500838172407, 24.301123613455179 ], [ 77.1864940991222, 24.301255179784217 ], [ 77.186491589552915, 24.301386870686045 ], [ 77.186493309589508, 24.301518572359747 ], [ 77.186499258371498, 24.301650170995732 ], [ 77.186509433076324, 24.301781551865432 ], [ 77.186523821018469, 24.301912601062895 ], [ 77.186542413445338, 24.302043205617043 ], [ 77.186545202371065, 24.302071927247244 ], [ 77.186550472558167, 24.302126222185056 ], [ 77.186554633691685, 24.302209479946924 ], [ 77.186554887487731, 24.302292824380483 ], [ 77.18655123641318, 24.302376101059078 ], [ 77.186543682908891, 24.302459158265023 ], [ 77.186532246202759, 24.302541840803627 ], [ 77.186516945488023, 24.3026239970924 ], [ 77.186497807850273, 24.302705474709267 ], [ 77.186474868223968, 24.30278612490822 ], [ 77.186443326529684, 24.302844967314591 ], [ 77.186310900254199, 24.30309201414666 ], [ 77.185498330585389, 24.303171450594306 ], [ 77.184429704292953, 24.302671235611736 ], [ 77.184366833878059, 24.302629874000342 ], [ 77.18430071123268, 24.302593014595402 ], [ 77.184231721555165, 24.302560874575537 ], [ 77.184160263184395, 24.302533636904947 ], [ 77.184086752413606, 24.302511462114424 ], [ 77.184011611761377, 24.302494478270834 ], [ 77.183935279817518, 24.302482781960482 ], [ 77.1838581983978, 24.302476441797424 ], [ 77.183780813555799, 24.302475495722533 ], [ 77.183573620230604, 24.302476578373089 ], [ 77.183584160255975, 24.303014993405956 ], [ 77.183659628040246, 24.303352061552278 ], [ 77.182427007413338, 24.305397581952583 ], [ 77.180725700599794, 24.305104404948839 ], [ 77.180998813082383, 24.306571926830031 ], [ 77.180155655173962, 24.307292057991354 ], [ 77.179792518635054, 24.307628363667416 ], [ 77.179557754396967, 24.308915654199531 ], [ 77.179591961327105, 24.310439479857894 ], [ 77.180020932561916, 24.312813214738512 ], [ 77.180660504043828, 24.312904513150784 ], [ 77.181241337042337, 24.312387312097144 ], [ 77.181662115012699, 24.312622104490391 ], [ 77.182719701012829, 24.314174630296865 ], [ 77.183685283798354, 24.314720749380601 ], [ 77.185513498113139, 24.315111285382628 ], [ 77.185214749070468, 24.312186447160009 ], [ 77.185852758597264, 24.311697598325164 ], [ 77.186341271964281, 24.310340845148357 ], [ 77.186836674769026, 24.310439838340393 ], [ 77.190192011742425, 24.311512923676656 ], [ 77.191090534126062, 24.312099906651785 ], [ 77.191086600619172, 24.312509060407578 ], [ 77.190814768187863, 24.315090647584928 ], [ 77.190951614445694, 24.315714244484056 ], [ 77.191073378575624, 24.316269110091 ], [ 77.192379544097093, 24.317405004117994 ], [ 77.194313225664956, 24.31822000901289 ], [ 77.19477574842422, 24.3192701235021 ], [ 77.194901757919581, 24.319594999271267 ], [ 77.195510162411097, 24.321163562083367 ], [ 77.196876254385629, 24.324323398407273 ], [ 77.19709913566102, 24.324875996890871 ], [ 77.199563994410241, 24.324042517153146 ], [ 77.200749240969444, 24.321232044032438 ], [ 77.201506389492039, 24.320521128698399 ], [ 77.201818958004907, 24.319902248148484 ], [ 77.199965041462406, 24.317386550171051 ], [ 77.198591027282419, 24.315607099749418 ], [ 77.195163494134832, 24.31576366073676 ], [ 77.196164612142951, 24.312011512895236 ], [ 77.199049751415174, 24.311082963471851 ], [ 77.200944589977382, 24.310660598529097 ], [ 77.203171898920175, 24.309512578178321 ], [ 77.203992867719577, 24.307774793361268 ], [ 77.20225476678678, 24.307752435142937 ], [ 77.200453945685396, 24.308126292627968 ], [ 77.200309931012782, 24.308684005562423 ], [ 77.199365657674448, 24.308803453759481 ], [ 77.199117528274613, 24.3076752626251 ], [ 77.198691420683573, 24.307756524004702 ], [ 77.197230380486673, 24.308124802637714 ], [ 77.196717772843556, 24.30804927860828 ], [ 77.196589932301947, 24.307828078231385 ], [ 77.196512967384294, 24.307034228627533 ], [ 77.196632650670196, 24.30674956035671 ], [ 77.197408044702399, 24.306523712995343 ], [ 77.197339168736931, 24.306305586919333 ], [ 77.196968812650169, 24.30531938653046 ], [ 77.19676714403478, 24.305023467920119 ], [ 77.195640183400528, 24.305255201947734 ], [ 77.193684493985643, 24.30551945743731 ], [ 77.193436855868711, 24.305458827466527 ], [ 77.192918489649884, 24.305331915936119 ], [ 77.1925997912968, 24.305055115343471 ], [ 77.192522218961813, 24.304766879748676 ], [ 77.192584878622853, 24.304325936557799 ], [ 77.193107312923004, 24.303210717840141 ], [ 77.193724791173466, 24.302794309012342 ], [ 77.195755615349199, 24.302923511343916 ], [ 77.195915453185108, 24.303774249901409 ], [ 77.196089024127446, 24.304158006418653 ], [ 77.198444306544502, 24.303244114893573 ], [ 77.198209131214284, 24.302668488866303 ], [ 77.199402833007781, 24.302584800890134 ], [ 77.199585771915736, 24.303232434132674 ], [ 77.20066342464564, 24.303114496408412 ], [ 77.200631375981985, 24.302661256745694 ], [ 77.200272887930254, 24.301352728286666 ], [ 77.198700866886369, 24.301446715130808 ], [ 77.198550709829476, 24.300397165761655 ], [ 77.199431582753661, 24.300317627035319 ], [ 77.198981132698435, 24.299501312009127 ], [ 77.199879022182202, 24.299162108028206 ], [ 77.200175852913006, 24.300070452842998 ], [ 77.201877073223926, 24.299695299626038 ], [ 77.202411939910846, 24.300565029265744 ], [ 77.204604629011186, 24.300808117531723 ], [ 77.205061102201526, 24.298019628339052 ], [ 77.205180915994163, 24.297287694690404 ], [ 77.206970247126392, 24.297762975300287 ], [ 77.207378223503653, 24.296240663213037 ], [ 77.207791972043466, 24.295874827057887 ], [ 77.208488042382413, 24.295721320792239 ], [ 77.209726809687169, 24.296338133665117 ], [ 77.210031106021006, 24.296805904839548 ], [ 77.210136760777516, 24.297195520805658 ], [ 77.209979912084847, 24.298824752989141 ], [ 77.210311916328664, 24.299763989037004 ], [ 77.213786267922643, 24.299597330072231 ], [ 77.214099919013208, 24.299582279740072 ], [ 77.215037166481409, 24.299630581478443 ], [ 77.215586909161772, 24.299658908581332 ], [ 77.216627699505523, 24.301674471763768 ], [ 77.217596729810253, 24.303860198648781 ], [ 77.219225953267014, 24.302620904823446 ], [ 77.219960219856105, 24.301777861807842 ], [ 77.221422714809336, 24.299856997291741 ], [ 77.222761800614535, 24.298133832904764 ], [ 77.2234457448006, 24.296973141221709 ], [ 77.223056320844933, 24.295683517710589 ], [ 77.223568667072911, 24.294790718922087 ], [ 77.223811855271563, 24.294523594631922 ], [ 77.225192019372486, 24.293007561456641 ], [ 77.226264776083084, 24.29223784289173 ], [ 77.226265026658496, 24.292983000268098 ], [ 77.226274381696015, 24.293523806427746 ], [ 77.227009022852684, 24.293496591189818 ], [ 77.227085899700128, 24.294567674202462 ], [ 77.226133362395259, 24.294797607360653 ], [ 77.226125489590004, 24.295641616229467 ], [ 77.226700956355444, 24.295698879459216 ], [ 77.227058179836547, 24.296905439448913 ], [ 77.226954773135532, 24.29878649809427 ], [ 77.227638811322848, 24.299556793861921 ], [ 77.228017262704071, 24.29989606520903 ], [ 77.228583704490958, 24.300265889419396 ], [ 77.228671037925963, 24.300939191194775 ], [ 77.228533188789811, 24.301857403168864 ], [ 77.227431185332279, 24.301894939638323 ], [ 77.227234399572666, 24.302922108149726 ], [ 77.225823650515551, 24.302786145725587 ], [ 77.225503962546014, 24.303093570638293 ], [ 77.224960335351511, 24.303478369357634 ], [ 77.224619081912408, 24.303834784434422 ], [ 77.224580284176042, 24.30386620223943 ], [ 77.224537924007322, 24.303893482493233 ], [ 77.224492522934455, 24.303916288778964 ], [ 77.224444641415403, 24.303934337371597 ], [ 77.22439487086119, 24.303947407110737 ], [ 77.224343825785908, 24.30395533572635 ], [ 77.224292134869714, 24.303958026994344 ], [ 77.224240439021443, 24.303955447108503 ], [ 77.224189373623204, 24.303947626347526 ], [ 77.22415446225466, 24.303950093453395 ], [ 77.224119852680261, 24.303954960926983 ], [ 77.224085741254939, 24.303962203214201 ], [ 77.224052321495662, 24.303971782093921 ], [ 77.22401978415742, 24.303983638549862 ], [ 77.223988313164824, 24.303997706286651 ], [ 77.223958087616808, 24.304013908132653 ], [ 77.223929279883379, 24.304032148799497 ], [ 77.223902051562476, 24.304052325688566 ], [ 77.223866271479253, 24.304091306946898 ], [ 77.223833578975729, 24.304132504521366 ], [ 77.223804139579613, 24.304175711977418 ], [ 77.223778099169536, 24.304220716403368 ], [ 77.223755586998863, 24.304267291208994 ], [ 77.223736717582156, 24.304315205172045 ], [ 77.223721583805329, 24.304364221481027 ], [ 77.223710258947179, 24.304414092331726 ], [ 77.223702802465311, 24.304464572520807 ], [ 77.223678031922461, 24.304537120159203 ], [ 77.223648633250789, 24.30460820166488 ], [ 77.223614709282728, 24.304677569461838 ], [ 77.223576374626191, 24.304744981485442 ], [ 77.223533768475761, 24.304810201283225 ], [ 77.223487034861364, 24.304873002375846 ], [ 77.223436337447041, 24.304933166566911 ], [ 77.223381853618321, 24.304990483896475 ], [ 77.223323774465314, 24.305044754447703 ], [ 77.223286656612387, 24.305086995538471 ], [ 77.223245064174506, 24.305125578707965 ], [ 77.223199424665665, 24.305160104483313 ], [ 77.223150207528093, 24.30519022159147 ], [ 77.223097915348021, 24.305215617857705 ], [ 77.223043088655615, 24.305236033791935 ], [ 77.22298628822071, 24.305251258836918 ], [ 77.222928098918189, 24.305261139527246 ], [ 77.222869116024029, 24.305265569446899 ], [ 77.222810611472426, 24.305260799461671 ], [ 77.222752244907454, 24.305254765150906 ], [ 77.22269404980247, 24.305247470390864 ], [ 77.222636058636866, 24.305238919953073 ], [ 77.22257830490085, 24.305229115907572 ], [ 77.222520819052122, 24.305218068429411 ], [ 77.222463633595353, 24.30520577958097 ], [ 77.222406780007432, 24.305192255932553 ], [ 77.222350290708377, 24.305177508577952 ], [ 77.222327232171921, 24.305204051219206 ], [ 77.222302313739576, 24.305229141329967 ], [ 77.222275641869629, 24.305252671362247 ], [ 77.222247337760166, 24.305274538399882 ], [ 77.222217520571022, 24.305294646736449 ], [ 77.222186321211694, 24.305312908886879 ], [ 77.222153875417703, 24.305329248242433 ], [ 77.22212032483759, 24.305343588241087 ], [ 77.222085815878216, 24.30535587042225 ], [ 77.22202502557127, 24.305379756145324 ], [ 77.221963559372256, 24.305402147144317 ], [ 77.221901463802496, 24.305423022107419 ], [ 77.221838780354631, 24.305442370522066 ], [ 77.221775555507904, 24.305460175592351 ], [ 77.221711834688463, 24.30547642773999 ], [ 77.221647662387909, 24.30549111195992 ], [ 77.221583085001086, 24.305504220488043 ], [ 77.221518147962797, 24.305515742842935 ], [ 77.221463752402514, 24.305525763913774 ], [ 77.221412854271577, 24.305546008749722 ], [ 77.221367715897259, 24.305575577505838 ], [ 77.221330339360563, 24.305613157333507 ], [ 77.221302383169089, 24.305657080432034 ], [ 77.221285090609797, 24.305705397545594 ], [ 77.221279227853913, 24.305755962376299 ], [ 77.221285056424506, 24.305806529815356 ], [ 77.221302315501291, 24.305854856059138 ], [ 77.221426805218542, 24.305979767078373 ], [ 77.220617510175572, 24.306142088446933 ], [ 77.220511468885576, 24.306171917891024 ], [ 77.220403719638412, 24.306196070724404 ], [ 77.220294625885273, 24.306214465809393 ], [ 77.220184553848341, 24.306227041901415 ], [ 77.220073872528744, 24.306233756746277 ], [ 77.219962951726984, 24.306234587967435 ], [ 77.219852163028207, 24.306229533074109 ], [ 77.219741881798143, 24.30621860676704 ], [ 77.219632475272761, 24.306201849877038 ], [ 77.218897758923887, 24.305989529711162 ], [ 77.218541192039297, 24.306220816235811 ], [ 77.218439650591094, 24.306288371250545 ], [ 77.218328921279664, 24.306342458300879 ], [ 77.218211116949249, 24.306382046326995 ], [ 77.218088481881182, 24.306406381691925 ], [ 77.217963360153874, 24.306414998771601 ], [ 77.217838135406453, 24.306407732124896 ], [ 77.217715197261128, 24.306384723454254 ], [ 77.217596892164352, 24.306346408572864 ], [ 77.217485477040725, 24.306293519746948 ], [ 77.217269398077221, 24.30617012402999 ], [ 77.21764765484069, 24.305376857870741 ], [ 77.217544638996586, 24.304706818631594 ], [ 77.217415567979245, 24.304155447629149 ], [ 77.217121622481926, 24.304141418033048 ], [ 77.216292501694525, 24.304480346419421 ], [ 77.215275421723504, 24.305221718662761 ], [ 77.21465515263867, 24.305797259409331 ], [ 77.213993208300025, 24.305716011609377 ], [ 77.213463144520944, 24.305792607921902 ], [ 77.213315930972925, 24.306033828192668 ], [ 77.213247572169223, 24.306481780071664 ], [ 77.21337918312922, 24.306892570073074 ], [ 77.213026743123791, 24.30735718719092 ], [ 77.212850093127244, 24.308138283164219 ], [ 77.212733138401987, 24.308572897455363 ], [ 77.212495695412244, 24.308962262326041 ], [ 77.212547082409401, 24.309559624020423 ], [ 77.212557013090347, 24.309604696609419 ], [ 77.212576864646778, 24.309646926012338 ], [ 77.212605783923635, 24.309684502672276 ], [ 77.212642529592316, 24.309715810850829 ], [ 77.212685526561216, 24.309739511252015 ], [ 77.212732929622959, 24.309754584881471 ], [ 77.212782702802357, 24.309760384256041 ], [ 77.212832713700337, 24.309756662151369 ], [ 77.212880813286688, 24.309743575847925 ], [ 77.212967478629466, 24.309730715763664 ], [ 77.21305316779106, 24.309713205440072 ], [ 77.213137584520013, 24.309691105754464 ], [ 77.213220436362533, 24.309664492969375 ], [ 77.213301435639565, 24.309633459643372 ], [ 77.213380303405941, 24.309598112855955 ], [ 77.213456764514476, 24.309558575071843 ], [ 77.213530556494078, 24.309514983307594 ], [ 77.213601420671907, 24.309467489964906 ], [ 77.213653680869214, 24.309424442879344 ], [ 77.213705356196087, 24.30938081128615 ], [ 77.213756442684769, 24.309336597864014 ], [ 77.213806932349044, 24.309291813388672 ], [ 77.213856815299934, 24.309246461395187 ], [ 77.21390608652483, 24.309200550876515 ], [ 77.213954736109173, 24.309154088077022 ], [ 77.214002758080497, 24.309107079272479 ], [ 77.214050144478307, 24.309059532529186 ], [ 77.214090299721619, 24.309024330356216 ], [ 77.214135568755466, 24.30899479651432 ], [ 77.214185007538347, 24.308971545828769 ], [ 77.214237584547476, 24.308955064178758 ], [ 77.21429220454894, 24.308945696040652 ], [ 77.214347727406334, 24.30894363560547 ], [ 77.214402995681525, 24.308948926094391 ], [ 77.21445685535447, 24.308961457213002 ], [ 77.214508183390109, 24.308980968079236 ], [ 77.21454829738849, 24.309025930874938 ], [ 77.214597020039633, 24.30906307234627 ], [ 77.214652565505119, 24.309091034385482 ], [ 77.21471290528406, 24.309108794762615 ], [ 77.214775829976446, 24.309115701937095 ], [ 77.214839037706454, 24.309111504661089 ], [ 77.214900219828081, 24.309096356271017 ], [ 77.214957133896377, 24.309070810749006 ], [ 77.215007702413942, 24.309035802730254 ], [ 77.215067823027667, 24.308964692554447 ], [ 77.215133063282181, 24.308897478627731 ], [ 77.215203123611317, 24.308834470177839 ], [ 77.215277681955172, 24.308775958190576 ], [ 77.215356393811348, 24.308722209991259 ], [ 77.21543890008445, 24.308673472919871 ], [ 77.215524819236336, 24.308629970656078 ], [ 77.21561375811774, 24.308591904208285 ], [ 77.21570530608065, 24.308559449157794 ], [ 77.216070879304368, 24.308518120083747 ], [ 77.216189859719876, 24.308038178156789 ], [ 77.216251354668259, 24.307499775356114 ], [ 77.217183144077509, 24.306990394668301 ], [ 77.217934008836764, 24.307054675853578 ], [ 77.218700564500338, 24.306972139669558 ], [ 77.219530699704791, 24.306986067865171 ], [ 77.220950324938187, 24.307255494223224 ], [ 77.221299442220513, 24.307848807257287 ], [ 77.222342098245207, 24.308410665488488 ], [ 77.222849070722845, 24.308503236295959 ], [ 77.22364925181914, 24.308598777642917 ], [ 77.224890962004025, 24.308564235719103 ], [ 77.225277582151946, 24.308596797928271 ], [ 77.226720672170714, 24.308867248549443 ], [ 77.227679032034402, 24.308963339877476 ], [ 77.229046550773106, 24.309269324050678 ], [ 77.231786525560992, 24.307786785843053 ], [ 77.232512716605257, 24.30724731805962 ], [ 77.233413027144337, 24.306447121108274 ], [ 77.234240532224987, 24.3071164362639 ], [ 77.235997628445077, 24.308693983060547 ], [ 77.23685902786427, 24.309496326639429 ], [ 77.237446387929012, 24.310482810342858 ], [ 77.238933580369746, 24.311675174480079 ], [ 77.23950220587669, 24.31195216704344 ], [ 77.239466764571375, 24.312305514654796 ], [ 77.239054970428782, 24.31333575349846 ], [ 77.238614961202899, 24.313167078752848 ], [ 77.23853263131781, 24.313126054898504 ], [ 77.238451257230253, 24.313083461420348 ], [ 77.238370872291242, 24.313039315739754 ], [ 77.238291511755875, 24.31299364251851 ], [ 77.238228207976377, 24.312955492942777 ], [ 77.238213210970954, 24.312946456483829 ], [ 77.238136004230782, 24.31289777958057 ], [ 77.238059925812777, 24.31284763555977 ], [ 77.237985009058704, 24.312796042746118 ], [ 77.237911284303593, 24.312743024860243 ], [ 77.237819349634407, 24.312680545378829 ], [ 77.23773321013401, 24.312611475891508 ], [ 77.237653427374923, 24.312536266049271 ], [ 77.237580524114506, 24.312455405846066 ], [ 77.23751497052271, 24.312369422802199 ], [ 77.23745719606714, 24.31227887573371 ], [ 77.237407574721956, 24.312184355540463 ], [ 77.237366431950619, 24.312086476228021 ], [ 77.23733403485943, 24.311985873927743 ], [ 77.237319877262678, 24.311895686352319 ], [ 77.237299822111098, 24.311806441977904 ], [ 77.23727394228564, 24.311718467426008 ], [ 77.23724233244802, 24.311632078648046 ], [ 77.237205107002566, 24.311547588135543 ], [ 77.237162401073363, 24.311465305830769 ], [ 77.237114367655877, 24.311385527362933 ], [ 77.237061184448834, 24.311308541327243 ], [ 77.23700304202778, 24.311234629192903 ], [ 77.23690212078219, 24.311150804362139 ], [ 77.236792522462324, 24.311076694664678 ], [ 77.236675356783422, 24.311013049334171 ], [ 77.236551804417289, 24.310960510676082 ], [ 77.23642311996619, 24.310919612285332 ], [ 77.23629060250768, 24.310890767076462 ], [ 77.236155594610679, 24.310874267276478 ], [ 77.236115143831739, 24.310873082094684 ], [ 77.236019459720822, 24.310870278830414 ], [ 77.235883578203527, 24.310878843177221 ], [ 77.234772322326407, 24.310897112230577 ], [ 77.234641821702752, 24.310895604155434 ], [ 77.234511565510104, 24.310888142135706 ], [ 77.234381874898062, 24.310874744027554 ], [ 77.234253075792466, 24.310855443983115 ], [ 77.234125484146361, 24.310830288722897 ], [ 77.233999417723751, 24.310799342143287 ], [ 77.233875189251279, 24.310762679844121 ], [ 77.233753108347017, 24.310720393659611 ], [ 77.233633475649299, 24.310672587096615 ], [ 77.23352412828541, 24.310609927894056 ], [ 77.233415166688147, 24.310546705311996 ], [ 77.233306593772909, 24.310482923890053 ], [ 77.233198411494641, 24.310418585450698 ], [ 77.233090626735887, 24.310353691854878 ], [ 77.232983240474425, 24.310288244014234 ], [ 77.232876257596601, 24.310222246483754 ], [ 77.232769679096904, 24.310155698368884 ], [ 77.232663511832627, 24.310088604239969 ], [ 77.232538693873067, 24.310021716849558 ], [ 77.232427822462142, 24.309970784858105 ], [ 77.23230386052802, 24.309923390602371 ], [ 77.23217661053117, 24.309883988348975 ], [ 77.232046685671179, 24.309852768933183 ], [ 77.231914709377619, 24.309829882627504 ], [ 77.231781320246327, 24.309815438277557 ], [ 77.231647160163647, 24.309809508628458 ], [ 77.231512872436909, 24.309812119472035 ], [ 77.231381913190276, 24.309818629119679 ], [ 77.231252310681924, 24.309837054386129 ], [ 77.231125353718355, 24.309867212953463 ], [ 77.231002303621224, 24.309908804876631 ], [ 77.230884384331915, 24.309961417022276 ], [ 77.230772765634612, 24.310024525646291 ], [ 77.230668556183247, 24.310097504468313 ], [ 77.230572792628408, 24.310179628198291 ], [ 77.230486426714123, 24.310270082370561 ], [ 77.230440477344359, 24.310300515464927 ], [ 77.230392681468075, 24.310328461145215 ], [ 77.230343199636408, 24.310353824021291 ], [ 77.230292200192608, 24.310376518699293 ], [ 77.230239851379508, 24.310396470623083 ], [ 77.23018633123651, 24.310413611635838 ], [ 77.230149032191363, 24.310423377366302 ], [ 77.230131816716963, 24.310427884410807 ], [ 77.23007649355165, 24.310439241625492 ], [ 77.230020545424964, 24.310447644070351 ], [ 77.229659794481776, 24.310437280864221 ], [ 77.228945724131833, 24.310436122835334 ], [ 77.226913601278881, 24.310898263538714 ], [ 77.226052731944549, 24.311280390040857 ], [ 77.226367717080407, 24.311869838824304 ], [ 77.225566573306651, 24.312607581682897 ], [ 77.226400812800406, 24.314220980072481 ], [ 77.226177304893909, 24.315044436424667 ], [ 77.225335368076941, 24.315969661980333 ], [ 77.225133492151159, 24.316136833902629 ], [ 77.225102322162357, 24.316123336572435 ], [ 77.225070429556865, 24.316111333783859 ], [ 77.225037903705527, 24.316100859656395 ], [ 77.225004829118944, 24.316091941045787 ], [ 77.224971296237698, 24.316084603048161 ], [ 77.224937393607263, 24.316078862615743 ], [ 77.224903211718754, 24.316074739425925 ], [ 77.224868844129546, 24.31607224143854 ], [ 77.224834380454851, 24.316071376582546 ], [ 77.224764098431677, 24.316073384502396 ], [ 77.224693935430722, 24.316077631459923 ], [ 77.224623977198604, 24.316084117225312 ], [ 77.224554305641121, 24.316092830700239 ], [ 77.224485008577489, 24.316103760832888 ], [ 77.22441616988479, 24.316116896540827 ], [ 77.224347870534174, 24.316132221299533 ], [ 77.224280194487378, 24.316149714995504 ], [ 77.224213225697881, 24.316169358418293 ], [ 77.224166440681799, 24.316179472602755 ], [ 77.224118771699224, 24.316185146911458 ], [ 77.224070719057408, 24.316186317533834 ], [ 77.224022788469995, 24.316182974894268 ], [ 77.223978296783258, 24.316175618328479 ], [ 77.22392929845698, 24.316162934481454 ], [ 77.223884723664369, 24.316146447666362 ], [ 77.223842224456774, 24.316125865769092 ], [ 77.223802246286155, 24.316101404544096 ], [ 77.223500259334628, 24.315873668057694 ], [ 77.223432750770002, 24.315841888492653 ], [ 77.223362847644097, 24.315814801180345 ], [ 77.223290939856426, 24.315792553694365 ], [ 77.223217424415395, 24.31577527108492 ], [ 77.22314271045083, 24.31576304688604 ], [ 77.223067211253806, 24.31575595118192 ], [ 77.222991344352835, 24.315754022478874 ], [ 77.222915532457648, 24.31575727222857 ], [ 77.222840193637609, 24.315765681138164 ], [ 77.222783536839188, 24.315776319707233 ], [ 77.222727235729423, 24.315788443206781 ], [ 77.222671338699158, 24.315802041179236 ], [ 77.222615888243013, 24.315817101314433 ], [ 77.222560932752017, 24.315833613154879 ], [ 77.222506515740321, 24.315851560785795 ], [ 77.222452683644818, 24.315870931928032 ], [ 77.222399478042718, 24.315891707038858 ], [ 77.222346945379513, 24.315913872936193 ], [ 77.222312256223319, 24.315930142187462 ], [ 77.222275065845054, 24.315940807254837 ], [ 77.222236446476032, 24.315945564967649 ], [ 77.222197502333771, 24.315944274984265 ], [ 77.222159357642369, 24.315936975955708 ], [ 77.222123104466078, 24.31592387788929 ], [ 77.222089786990665, 24.315905356605839 ], [ 77.222060362186014, 24.31588194439766 ], [ 77.22203567433418, 24.315854313570391 ], [ 77.22187947769045, 24.315662718346864 ], [ 77.221833747237298, 24.315616153350621 ], [ 77.221783463099655, 24.315573712650473 ], [ 77.221729064286421, 24.315535772719759 ], [ 77.221671029657486, 24.315502664282224 ], [ 77.221609869988768, 24.315474677669272 ], [ 77.221546119136534, 24.315452059137545 ], [ 77.221480339007357, 24.315435006392345 ], [ 77.221413106721414, 24.315423671196235 ], [ 77.22134501173224, 24.315418151217742 ], [ 77.221280431811749, 24.315400920873845 ], [ 77.221219021885062, 24.315375778125745 ], [ 77.221161927758345, 24.315343192632977 ], [ 77.221110220983832, 24.315303774371081 ], [ 77.221064862504633, 24.315258261603358 ], [ 77.221026703817984, 24.315207501922014 ], [ 77.220996459414238, 24.315152448417884 ], [ 77.220974692291122, 24.315094127953813 ], [ 77.220961811082248, 24.315033632109561 ], [ 77.220915616891958, 24.314983607547774 ], [ 77.220863172941435, 24.314939057730481 ], [ 77.220805244851732, 24.314900633567955 ], [ 77.220742679892084, 24.31486889719687 ], [ 77.220676393276221, 24.314844311937904 ], [ 77.220607352427834, 24.3148272385592 ], [ 77.220536569190642, 24.314817925280007 ], [ 77.220465076167727, 24.31481650848794 ], [ 77.220393917886767, 24.314823009056621 ], [ 77.220342225187352, 24.314828672162953 ], [ 77.220290198495505, 24.314826968816146 ], [ 77.220239079330966, 24.314817935895675 ], [ 77.220190090772292, 24.314801789874668 ], [ 77.220144403046959, 24.314778917516229 ], [ 77.22010310899438, 24.314749864841261 ], [ 77.220067194584061, 24.314715327863983 ], [ 77.220037518431241, 24.314676129849786 ], [ 77.220014790242558, 24.314633207596824 ], [ 77.219821626324844, 24.314304807289492 ], [ 77.219433029072917, 24.315226499023922 ], [ 77.216817280078928, 24.315402685713327 ], [ 77.216352872801821, 24.315655762240979 ], [ 77.216063178270318, 24.317127000934949 ], [ 77.21428413558111, 24.316813864302532 ], [ 77.213101448293301, 24.317755562182725 ], [ 77.212739126213535, 24.318532835175461 ], [ 77.21350021568621, 24.319191080596898 ], [ 77.213323330236449, 24.319878808122549 ], [ 77.213969072589947, 24.321125711393012 ], [ 77.214470060619632, 24.321476010105705 ], [ 77.215161407646434, 24.321025482758646 ], [ 77.215237963292253, 24.321597534223699 ], [ 77.216670567820515, 24.324903225972648 ], [ 77.216465540389947, 24.325955628902499 ], [ 77.216858907627369, 24.325805743396554 ], [ 77.217072882992142, 24.325637270137623 ], [ 77.217085753204913, 24.324974941631673 ], [ 77.21709686671727, 24.324923841518931 ], [ 77.217112691692577, 24.324873795644361 ], [ 77.217133113335237, 24.324825166185455 ], [ 77.217157982405254, 24.324778309627895 ], [ 77.217187118294234, 24.324733564145387 ], [ 77.217220309943073, 24.32469125683215 ], [ 77.217257314933022, 24.32465169556739 ], [ 77.217297863445012, 24.324615167240221 ], [ 77.217341663196393, 24.324581936885405 ], [ 77.217375580462999, 24.324575005482156 ], [ 77.217410158172768, 24.324571840214244 ], [ 77.217444901106006, 24.324572485038143 ], [ 77.217479310602144, 24.324576930594791 ], [ 77.217512893429827, 24.324585114279682 ], [ 77.217545168702912, 24.32459691849094 ], [ 77.217575671805804, 24.324612172466949 ], [ 77.217603965158332, 24.324630660499857 ], [ 77.217629644205743, 24.32465211385416 ], [ 77.217802013725262, 24.324823803634292 ], [ 77.217842662711263, 24.324842073099152 ], [ 77.217885836149506, 24.324854566657592 ], [ 77.217930564786045, 24.324861004788996 ], [ 77.217975838675713, 24.324861242229147 ], [ 77.218020643607858, 24.324855272774148 ], [ 77.218063969960554, 24.324843231156713 ], [ 77.21810484329734, 24.324825388771814 ], [ 77.21814234712194, 24.324802144824108 ], [ 77.218175636685459, 24.324774025533532 ], [ 77.218200059489718, 24.32472154646085 ], [ 77.218225537889666, 24.324669491190281 ], [ 77.218252065800854, 24.324617877737264 ], [ 77.218279632210866, 24.324566724078299 ], [ 77.218308230075237, 24.324516045511576 ], [ 77.218337845390863, 24.324465863602676 ], [ 77.21836847213288, 24.32441619004511 ], [ 77.21840009727552, 24.324367047315377 ], [ 77.218432710834648, 24.324318448882039 ], [ 77.218449138410946, 24.324278679699141 ], [ 77.21847310048328, 24.324242263061503 ], [ 77.21850381508348, 24.324210386823324 ], [ 77.21854028186759, 24.324184087183422 ], [ 77.218581311946977, 24.324164220922295 ], [ 77.218625571526061, 24.324151436844698 ], [ 77.218671618615062, 24.324146149877063 ], [ 77.218717951408053, 24.324148532417681 ], [ 77.218763062548916, 24.324158508442821 ], [ 77.219310749663819, 24.324159965932807 ], [ 77.219682916758543, 24.32388576876609 ], [ 77.220020470185617, 24.323888429501562 ], [ 77.220192602728872, 24.324273647667244 ], [ 77.220214296783539, 24.324328204903711 ], [ 77.220249153315606, 24.324376697935261 ], [ 77.220295287709931, 24.324416503454724 ], [ 77.220350208661642, 24.324445470262216 ], [ 77.220410944267684, 24.324462032258221 ], [ 77.220474212718642, 24.324465295595161 ], [ 77.220536593416227, 24.324455080671679 ], [ 77.220594713087849, 24.324431941663885 ], [ 77.220645431440886, 24.324397130053171 ], [ 77.221099009335546, 24.324207282203588 ], [ 77.221153876332394, 24.324184010775319 ], [ 77.221211160307746, 24.324166294984337 ], [ 77.22127019596013, 24.324154342743739 ], [ 77.221330292038672, 24.324148291313737 ], [ 77.221390751980934, 24.324148213786131 ], [ 77.221450867097971, 24.324154109999547 ], [ 77.221509939191805, 24.324165912135904 ], [ 77.221567277640489, 24.324183480181855 ], [ 77.22162221408847, 24.324206611979459 ], [ 77.222493342057987, 24.324582734849695 ], [ 77.223288871561863, 24.324660985137921 ], [ 77.223751272395191, 24.324449035886975 ], [ 77.223797060633345, 24.324426432761808 ], [ 77.223845134740728, 24.324408241661502 ], [ 77.223894986312629, 24.32439465187376 ], [ 77.2239453205068, 24.324385944052782 ], [ 77.223997922350421, 24.324381806169075 ], [ 77.224049924311217, 24.324382681740587 ], [ 77.224101556390409, 24.324388429869565 ], [ 77.2241522760674, 24.324398988489129 ], [ 77.224201549145164, 24.324414248632028 ], [ 77.224261589279664, 24.324444730100989 ], [ 77.224326710222485, 24.324464611746954 ], [ 77.224394703451011, 24.324473219586906 ], [ 77.224463268126328, 24.324470264583265 ], [ 77.224530079111545, 24.324455842275679 ], [ 77.224592874600518, 24.324430443404072 ], [ 77.224649525341178, 24.3243949300658 ], [ 77.224698114775748, 24.32435050382875 ], [ 77.224736992610886, 24.324298669119329 ], [ 77.225022869179824, 24.323904597063134 ], [ 77.224991420416089, 24.323446241720159 ], [ 77.225571926645586, 24.323467158827345 ], [ 77.226068975492097, 24.323814639239338 ], [ 77.226715977695122, 24.321551760488237 ], [ 77.227459711939375, 24.321312173533819 ], [ 77.228638190373488, 24.321395027028288 ], [ 77.230031196832371, 24.321790684013827 ], [ 77.23057797486176, 24.323597337108058 ], [ 77.230559383524465, 24.325629113704881 ], [ 77.230564840575852, 24.326962577903338 ], [ 77.229122358694269, 24.327401225215588 ], [ 77.227490403394455, 24.327800364501684 ], [ 77.227526674991893, 24.328700502305992 ], [ 77.227148868038668, 24.328975677889282 ], [ 77.226773274767069, 24.329013636729044 ], [ 77.225571567702019, 24.328374009170897 ], [ 77.225054797654295, 24.328222703541066 ], [ 77.224229697731545, 24.328559802223001 ], [ 77.223711973443088, 24.329294659174884 ], [ 77.224072738777025, 24.329886490048736 ], [ 77.224544692558894, 24.330053807692131 ], [ 77.226126446312179, 24.330223028104307 ], [ 77.227259038723687, 24.330444602465224 ], [ 77.227247674316516, 24.331728095325527 ], [ 77.228084398564206, 24.332170438935812 ], [ 77.228510769352511, 24.33323419706446 ], [ 77.228688291560545, 24.334424574853703 ], [ 77.228793917144159, 24.334985034360471 ], [ 77.227451371546252, 24.336055095717995 ], [ 77.22692814048952, 24.33587641409623 ], [ 77.224416147951132, 24.335018548667815 ], [ 77.223952638729784, 24.335305526771901 ], [ 77.22115246075326, 24.33650475589382 ], [ 77.220854800075827, 24.336577409132367 ], [ 77.220410319063703, 24.335927042075944 ], [ 77.219873709114026, 24.336363427021652 ], [ 77.219446385773381, 24.33715691660603 ], [ 77.219590469052847, 24.338170535012587 ], [ 77.220442776853162, 24.34021799588675 ], [ 77.219917972695299, 24.340485725966577 ], [ 77.220250878370194, 24.34102271758173 ], [ 77.221027483402239, 24.341733016638049 ], [ 77.221856535063125, 24.342491272117158 ], [ 77.223688365044623, 24.341540080581105 ], [ 77.225146960588063, 24.341073427119781 ], [ 77.225577332334453, 24.342307501429495 ], [ 77.225652768061067, 24.343001831482638 ], [ 77.225543171993834, 24.343769708528942 ], [ 77.224776675154672, 24.344610466078883 ], [ 77.223319913024, 24.345838958201508 ], [ 77.224172049606324, 24.346708145487622 ], [ 77.227624043179617, 24.350314015110211 ], [ 77.228499081728572, 24.350930236431957 ], [ 77.228226336550236, 24.351621836785416 ], [ 77.229297194387144, 24.352108342497147 ], [ 77.230357574660545, 24.350644721807249 ], [ 77.230426271988037, 24.349867147036715 ], [ 77.230818399573252, 24.349551468889398 ], [ 77.231330010493878, 24.349602342570734 ], [ 77.231738513844235, 24.349727407137248 ], [ 77.232243934956728, 24.350443843768204 ], [ 77.232483490518462, 24.350014470612297 ], [ 77.232761954480694, 24.350907255287254 ], [ 77.232584021224781, 24.351318359518611 ], [ 77.233002783118664, 24.352685520505343 ], [ 77.233124069647957, 24.354001258259565 ], [ 77.233485959606355, 24.354735319418673 ], [ 77.234640090762966, 24.35424769826173 ], [ 77.235720715850277, 24.354790482796677 ], [ 77.23531889568504, 24.355840465606814 ], [ 77.235102855418802, 24.355838782333073 ], [ 77.233824867608377, 24.3552955557793 ], [ 77.233201999132319, 24.355673027558517 ], [ 77.23213946615148, 24.356722061683168 ], [ 77.231793798358368, 24.356719360948468 ], [ 77.230846615072849, 24.356436084200581 ], [ 77.230267083711709, 24.357730804595242 ], [ 77.230343262293943, 24.358250537740957 ], [ 77.231266942756207, 24.359191672543293 ], [ 77.232500152459409, 24.359531522407245 ], [ 77.232546327519344, 24.359808549234153 ], [ 77.232548116763724, 24.359819276957747 ], [ 77.23258491891724, 24.359943281902872 ], [ 77.232628456083205, 24.360020046117576 ], [ 77.232674352657071, 24.360095648264437 ], [ 77.232722571758273, 24.360170025732572 ], [ 77.232773075469609, 24.360243121322309 ], [ 77.232825820977865, 24.360314874182848 ], [ 77.232880768376674, 24.360385228905159 ], [ 77.232937872855175, 24.360454127332346 ], [ 77.232997087605028, 24.36052151400148 ], [ 77.233058363845998, 24.360587333434179 ], [ 77.233299555248479, 24.360763786543718 ], [ 77.233538682634844, 24.360942581432301 ], [ 77.233775722532087, 24.361123698056176 ], [ 77.234010641616095, 24.361307115391448 ], [ 77.234243417390246, 24.361492814305354 ], [ 77.23447402147562, 24.361680772006391 ], [ 77.234702430405449, 24.361870967547862 ], [ 77.234928615782948, 24.362063379944644 ], [ 77.235152552176757, 24.362257987331596 ], [ 77.235323276237438, 24.36240312067526 ], [ 77.23548446173082, 24.362557137451844 ], [ 77.235635556471991, 24.362719510437071 ], [ 77.235776045965949, 24.362889687410522 ], [ 77.235905451477805, 24.36306708662428 ], [ 77.236023329966329, 24.363251104027349 ], [ 77.236129280993936, 24.36344111241603 ], [ 77.236222941806162, 24.363636460491776 ], [ 77.236303992144769, 24.363836485543153 ], [ 77.236353658822068, 24.363956809931643 ], [ 77.236401028937621, 24.364077909434133 ], [ 77.236446090028991, 24.364199745117809 ], [ 77.236488827636492, 24.364322280744133 ], [ 77.236529231235664, 24.364445481007973 ], [ 77.236567286400032, 24.36456930605803 ], [ 77.236602980641337, 24.364693719670537 ], [ 77.236636306417466, 24.364818683854001 ], [ 77.236667250270699, 24.364944160570442 ], [ 77.236656633234801, 24.364956581821421 ], [ 77.236637883972818, 24.36499756758159 ], [ 77.236631624285906, 24.365041634733142 ], [ 77.236629832529161, 24.36510308983673 ], [ 77.236630823111824, 24.365164559372854 ], [ 77.236634597987319, 24.365225939488845 ], [ 77.236641149291813, 24.36528712173941 ], [ 77.236650464181437, 24.365348003059651 ], [ 77.236662529829033, 24.365408478578207 ], [ 77.236677322562258, 24.365468443339068 ], [ 77.236694819677652, 24.365527794200165 ], [ 77.23671498760973, 24.365586429741001 ], [ 77.236736017637057, 24.365778215336199 ], [ 77.236761082266312, 24.365969593374835 ], [ 77.236790171323932, 24.366160493326785 ], [ 77.236823277602198, 24.366350843781365 ], [ 77.236860385011525, 24.366540574161842 ], [ 77.236901481414179, 24.36672961301856 ], [ 77.236946552683477, 24.366917890692612 ], [ 77.236995580765551, 24.367105335687675 ], [ 77.237048546578251, 24.367291881015266 ], [ 77.237127654700259, 24.3674530141185 ], [ 77.237210876121964, 24.367612398080066 ], [ 77.237298166306587, 24.367769945840003 ], [ 77.23738947578677, 24.367925570299697 ], [ 77.23748475409171, 24.368079186158951 ], [ 77.237583948786195, 24.36823070719894 ], [ 77.23768700346524, 24.368380049879132 ], [ 77.237793864655629, 24.368527133391559 ], [ 77.237904471029225, 24.368671873254012 ], [ 77.237979608199907, 24.368797806283467 ], [ 77.238052528683269, 24.368924830267233 ], [ 77.238123214084325, 24.369052908034103 ], [ 77.238191646926694, 24.369182009645595 ], [ 77.238257806817899, 24.369312100624374 ], [ 77.238321678286439, 24.369443147434588 ], [ 77.238383246846695, 24.369575116547889 ], [ 77.238442492096979, 24.369707974389922 ], [ 77.238499404489417, 24.369841686567337 ], [ 77.238696068736814, 24.370049338790984 ], [ 77.23871424889002, 24.370068534881774 ], [ 77.239170928193388, 24.370589491152472 ], [ 77.239457691372138, 24.372017228442942 ], [ 77.240395216450125, 24.37310469444283 ], [ 77.241588241808813, 24.373853101662537 ], [ 77.242271061199162, 24.375056654150988 ], [ 77.241949603892181, 24.376131213625712 ], [ 77.24360956322235, 24.377721801343593 ], [ 77.243385771074401, 24.381992718095688 ], [ 77.244267955858589, 24.382675343164003 ], [ 77.24522755335515, 24.383848268403284 ], [ 77.244925324909133, 24.384088796103782 ], [ 77.244850157014596, 24.384732333879228 ], [ 77.244434200195215, 24.384792472699061 ], [ 77.24417010288208, 24.384820030463473 ], [ 77.243365946433187, 24.384903937692012 ], [ 77.243282888246114, 24.384755451629129 ], [ 77.24319266271155, 24.384610513771101 ], [ 77.243095454516407, 24.384469416366592 ], [ 77.242991453375225, 24.384332440864043 ], [ 77.242880871762608, 24.384199859855837 ], [ 77.242763927113785, 24.384071942359586 ], [ 77.242640854760168, 24.383948941273822 ], [ 77.242511900943512, 24.383831102355934 ], [ 77.242377324804423, 24.383718662431363 ], [ 77.242290187187493, 24.38363353523787 ], [ 77.242198038486009, 24.383552958303543 ], [ 77.24210115946488, 24.383477175853187 ], [ 77.241999850699571, 24.383406422330268 ], [ 77.241894417860365, 24.383340914154104 ], [ 77.241785189436655, 24.383280852567022 ], [ 77.241672498009848, 24.383226422585967 ], [ 77.241556688175848, 24.383177789451544 ], [ 77.241438117489153, 24.383135103151218 ], [ 77.241416329934395, 24.383128372409374 ], [ 77.241393533109246, 24.383125636811172 ], [ 77.241370588915856, 24.38312700058751 ], [ 77.241348368597983, 24.38313241088596 ], [ 77.241262901599214, 24.383060826000968 ] ], [ [ 77.224717332062312, 24.496710769538534 ], [ 77.225042200702902, 24.496298662210567 ], [ 77.224987015675424, 24.495485450405262 ], [ 77.224309983714292, 24.494023653969894 ], [ 77.225772487852851, 24.493582245034617 ], [ 77.226664382489346, 24.493114736185049 ], [ 77.226697333106927, 24.492579113114697 ], [ 77.227496521263774, 24.490801735151813 ], [ 77.228348331373653, 24.489370235468588 ], [ 77.229736810156993, 24.489374775353408 ], [ 77.232195883079896, 24.489480624530607 ], [ 77.234361481963333, 24.489267900758176 ], [ 77.233559231078587, 24.48730724437339 ], [ 77.232914813190405, 24.485568537811819 ], [ 77.232775219604221, 24.485191893051411 ], [ 77.23248388792274, 24.484103116512561 ], [ 77.232051999536708, 24.482489011348047 ], [ 77.234412556978498, 24.482424864052476 ], [ 77.233212058660428, 24.480549542435618 ], [ 77.232443985243549, 24.479349686195718 ], [ 77.230378313168018, 24.478794394839227 ], [ 77.229687284449099, 24.477783471613805 ], [ 77.228195977359093, 24.476630516881759 ], [ 77.227199345335706, 24.476059122279931 ], [ 77.226684780916273, 24.475157570070042 ], [ 77.225100489269536, 24.473623798197792 ], [ 77.223450826435069, 24.474739676485644 ], [ 77.223115475004846, 24.473997077784787 ], [ 77.222760185074108, 24.473168944645064 ], [ 77.221641201502081, 24.471676735260758 ], [ 77.221813482114896, 24.468741758744304 ], [ 77.218909764338903, 24.46628487904368 ], [ 77.21885075093391, 24.465357252105107 ], [ 77.218695122918902, 24.462910902540511 ], [ 77.216829050525789, 24.46187145846865 ], [ 77.21877443173922, 24.460969729384168 ], [ 77.221144691210441, 24.46164278922577 ], [ 77.222153806428992, 24.461212363281902 ], [ 77.222657464131871, 24.460998245181884 ], [ 77.222545029660495, 24.459865441405373 ], [ 77.221340854191055, 24.456334091303866 ], [ 77.222380692565025, 24.455984584977148 ], [ 77.22418253993564, 24.457665872627217 ], [ 77.224566334340835, 24.458138834837627 ], [ 77.225133187688186, 24.458837378465716 ], [ 77.225835925642471, 24.459703360324539 ], [ 77.226641837922131, 24.460156159655948 ], [ 77.228467983391297, 24.460050938463279 ], [ 77.229471665934852, 24.460667421328413 ], [ 77.232483613668748, 24.46066394181517 ], [ 77.235007691731326, 24.462044401783313 ], [ 77.238596026986002, 24.462781014348103 ], [ 77.239348252062697, 24.463113441714455 ], [ 77.239686202936937, 24.462559553142171 ], [ 77.239600403016155, 24.459303916536854 ], [ 77.240213539846351, 24.459274140093868 ], [ 77.245345588041076, 24.461129738135188 ], [ 77.246965032138306, 24.461533691398387 ], [ 77.246769542011492, 24.465531009928597 ], [ 77.245445061471969, 24.46530929462287 ], [ 77.244501640039289, 24.464678739680103 ], [ 77.240071035496683, 24.464366519607438 ], [ 77.239891309367621, 24.466620611177763 ], [ 77.241148473201861, 24.467135465711149 ], [ 77.241212567910708, 24.467153445486716 ], [ 77.241278660427085, 24.467163715799746 ], [ 77.241345646171879, 24.467166101869733 ], [ 77.241412409414906, 24.467160567019381 ], [ 77.241477838177616, 24.467147201952194 ], [ 77.241540838005847, 24.467126229375367 ], [ 77.241600358654324, 24.467097999691202 ], [ 77.24165540796028, 24.46706298478265 ], [ 77.241705066736827, 24.467021768193245 ], [ 77.242333943774938, 24.466374946668573 ], [ 77.242380053508285, 24.466332355605672 ], [ 77.242431518825342, 24.466295259596631 ], [ 77.242487563863904, 24.466264218004543 ], [ 77.242547345511142, 24.466239700255009 ], [ 77.242609959406778, 24.466222076851142 ], [ 77.242674462695874, 24.466211613228555 ], [ 77.242739879981571, 24.466208466188938 ], [ 77.242805225032058, 24.466212684068601 ], [ 77.242869512653755, 24.466224203218271 ], [ 77.242906058652821, 24.466237450543794 ], [ 77.242940283996646, 24.466255141592537 ], [ 77.242971548357602, 24.466276947148067 ], [ 77.242999265442691, 24.466302457127025 ], [ 77.243022913730016, 24.466331193306793 ], [ 77.243042052180769, 24.466362617575992 ], [ 77.243056321150874, 24.466396140070291 ], [ 77.243065453127613, 24.466431131900112 ], [ 77.243069276551509, 24.466466938728008 ], [ 77.243038457717645, 24.46740692755964 ], [ 77.243038204217342, 24.467420541168455 ], [ 77.243037196631747, 24.467474729212409 ], [ 77.243038624567305, 24.46754252916832 ], [ 77.243042739405738, 24.467610237092121 ], [ 77.243049534078125, 24.467677764416198 ], [ 77.243059000545472, 24.467745020759057 ], [ 77.243071126796679, 24.467811918417603 ], [ 77.243085896873737, 24.467878369658131 ], [ 77.243103291858375, 24.467944286723668 ], [ 77.243123287890043, 24.468009582722051 ], [ 77.24330331924719, 24.468565191123329 ], [ 77.243319937104872, 24.468622667246834 ], [ 77.243341444471938, 24.46867877055162 ], [ 77.243367706459821, 24.468733149551198 ], [ 77.243398563368501, 24.468785467920036 ], [ 77.243433821814335, 24.468835403522014 ], [ 77.243473262648592, 24.4688826457621 ], [ 77.243516642889134, 24.468926900117477 ], [ 77.243563692709998, 24.468967893533389 ], [ 77.243614121386628, 24.469005371759856 ], [ 77.244304788545634, 24.469622819414116 ], [ 77.244738942478904, 24.470073744492346 ], [ 77.244790303114925, 24.470141109783452 ], [ 77.244841763072628, 24.470208411701933 ], [ 77.244893321373794, 24.47027564933693 ], [ 77.244944978988457, 24.470342824502215 ], [ 77.244996733943253, 24.470409937182435 ], [ 77.245048586254981, 24.470476985571175 ], [ 77.245100536893787, 24.470543971482378 ], [ 77.245152584898051, 24.470610892198746 ], [ 77.245204731229549, 24.470677750437364 ], [ 77.245460407388819, 24.471179145503321 ], [ 77.245472365582287, 24.471215524724858 ], [ 77.245487488887846, 24.471250904261289 ], [ 77.245505677811707, 24.471285052124067 ], [ 77.245526816979691, 24.47131774613651 ], [ 77.245550766231474, 24.471348776574452 ], [ 77.24557737057151, 24.471377937211429 ], [ 77.245606458061772, 24.471405039753257 ], [ 77.245637834938194, 24.47142990838141 ], [ 77.245671302368677, 24.471452381688998 ], [ 77.246053118039001, 24.471801414337559 ], [ 77.245721080497503, 24.473347793916954 ], [ 77.245467268780516, 24.473232826014986 ], [ 77.24480414236713, 24.473114682772589 ], [ 77.242767379301469, 24.47295349231273 ], [ 77.242132788054818, 24.472616771688937 ], [ 77.241320498040693, 24.473656095195238 ], [ 77.240912115000341, 24.474983180040883 ], [ 77.239327989262051, 24.476808648038045 ], [ 77.239676758860355, 24.476768102002236 ], [ 77.240114238486001, 24.476901298565569 ], [ 77.240447037229387, 24.477190997934379 ], [ 77.240664443101039, 24.477401137987826 ], [ 77.240745001313968, 24.477773870200977 ], [ 77.240748002741256, 24.478109831454869 ], [ 77.240575724570462, 24.478859815861057 ], [ 77.240576904083753, 24.479391727431672 ], [ 77.240486848083748, 24.479978692316081 ], [ 77.240598323238217, 24.480425551372537 ], [ 77.240811723441652, 24.480652417851783 ], [ 77.240964892931146, 24.480833005620276 ], [ 77.24114286773063, 24.480984148187762 ], [ 77.241125151770134, 24.481212212321815 ], [ 77.239835287474762, 24.481338482452344 ], [ 77.239327199983066, 24.4833871514526 ], [ 77.239059213801852, 24.485922416453668 ], [ 77.238990923678841, 24.486523042015037 ], [ 77.239208940145588, 24.487125912495575 ], [ 77.238938496169197, 24.487718365783039 ], [ 77.239802095798382, 24.488107774137546 ], [ 77.24041272051582, 24.48772971115433 ], [ 77.241123916195619, 24.48779267131448 ], [ 77.242720499790124, 24.487797820387595 ], [ 77.24230317721549, 24.488646845460597 ], [ 77.24168975559212, 24.489444179659856 ], [ 77.241491028928237, 24.490411535526345 ], [ 77.240790354714022, 24.491827859647724 ], [ 77.240277771592176, 24.492336198631861 ], [ 77.24084098003776, 24.49309244313303 ], [ 77.241543354862628, 24.49339986838071 ], [ 77.242007023887766, 24.493398369421257 ], [ 77.24258730221932, 24.493582158493719 ], [ 77.243088469526555, 24.493151928894918 ], [ 77.243708161170872, 24.493192495541358 ], [ 77.244067486887786, 24.493640550893488 ], [ 77.244678264184301, 24.494400813620157 ], [ 77.244872524230814, 24.494811238965429 ], [ 77.244453409109482, 24.494956883349133 ], [ 77.244048932949852, 24.495050847910768 ], [ 77.243639477917682, 24.494918192177153 ], [ 77.243278988760892, 24.494622636080955 ], [ 77.242892459331543, 24.494308891596496 ], [ 77.242375063145573, 24.494363133270188 ], [ 77.24131877988097, 24.494321559391736 ], [ 77.240539715676562, 24.494341387549809 ], [ 77.239723109875811, 24.493830074521952 ], [ 77.238727790815574, 24.49335990055296 ], [ 77.238297649830969, 24.493168807488402 ], [ 77.238006920397879, 24.492454428379254 ], [ 77.237387990225201, 24.493160167057194 ], [ 77.237093067489255, 24.49418030410035 ], [ 77.23686092318971, 24.495420972820739 ], [ 77.239943686037378, 24.495217348744173 ], [ 77.240545181997518, 24.495564445403506 ], [ 77.240640668366808, 24.496638811984976 ], [ 77.244527275802, 24.497907232255841 ], [ 77.244157701861397, 24.500074470731111 ], [ 77.240928969014107, 24.49972826908601 ], [ 77.240987549134786, 24.500166134194036 ], [ 77.240953640236995, 24.500771226253516 ], [ 77.240104640512186, 24.501769460081253 ], [ 77.238784297746506, 24.502437590860946 ], [ 77.237267057394419, 24.502666021536754 ], [ 77.235570784295859, 24.501930859274282 ], [ 77.234591518144427, 24.501739739902007 ], [ 77.232648798882906, 24.502050655765412 ], [ 77.232003141786521, 24.501593494947709 ], [ 77.231629916501475, 24.50132922788632 ], [ 77.230720986927309, 24.500771726846629 ], [ 77.230016439987111, 24.500680203933545 ], [ 77.22953390533722, 24.500617519185901 ], [ 77.228382718599576, 24.500467965239199 ], [ 77.227858422748767, 24.498992292635524 ], [ 77.226998829574043, 24.498912692592029 ], [ 77.223664009190372, 24.498841720018522 ], [ 77.223989611577508, 24.497613036569362 ], [ 77.224717332062312, 24.496710769538534 ] ], [ [ 77.19957683643824, 24.466989090817862 ], [ 77.200063786665027, 24.467560302715754 ], [ 77.199572904026411, 24.468048868334606 ], [ 77.199977144733865, 24.468608950140702 ], [ 77.200370537198282, 24.468999056410411 ], [ 77.200891103925414, 24.469400934610356 ], [ 77.201003846557143, 24.470314186025757 ], [ 77.201520658807254, 24.471791263000867 ], [ 77.20027470716893, 24.472335640962626 ], [ 77.199595575061636, 24.47162158283891 ], [ 77.198038220137903, 24.47034603778479 ], [ 77.197386555070537, 24.469812282061927 ], [ 77.197938793177002, 24.468989685926232 ], [ 77.198705037869829, 24.467865168937774 ], [ 77.19957683643824, 24.466989090817862 ] ], [ [ 77.252664797159269, 24.346004900106401 ], [ 77.253409349233138, 24.346382988184182 ], [ 77.254439851284786, 24.347063565435931 ], [ 77.255293330561713, 24.347312343524731 ], [ 77.256144958151935, 24.347463008268651 ], [ 77.257637714475322, 24.347822774749069 ], [ 77.258295547981334, 24.348142362572034 ], [ 77.258477947201811, 24.348287901798304 ], [ 77.258513490485981, 24.348708597590743 ], [ 77.258364227037106, 24.349248004854914 ], [ 77.258041768633618, 24.350066110692229 ], [ 77.257750341113777, 24.350364188215114 ], [ 77.257615716061068, 24.350690252645762 ], [ 77.257468533101829, 24.351046726705832 ], [ 77.25723852695242, 24.351684220301156 ], [ 77.257260287711546, 24.352176884727346 ], [ 77.257481950059912, 24.352334737114205 ], [ 77.257911499850948, 24.352722406985084 ], [ 77.258551344809717, 24.353075646648026 ], [ 77.258826022034569, 24.3533192811311 ], [ 77.258850300213226, 24.353535683985402 ], [ 77.25886080126098, 24.35382405564356 ], [ 77.258842220996655, 24.354619689332626 ], [ 77.258836209725672, 24.355280310215214 ], [ 77.25872980531318, 24.355435654709822 ], [ 77.258399981154867, 24.355625329689648 ], [ 77.257725129883156, 24.355934850926808 ], [ 77.25731743971896, 24.356027830001928 ], [ 77.256871364874272, 24.356012406167952 ], [ 77.256401453927268, 24.355732532649839 ], [ 77.25611165125899, 24.355850436616777 ], [ 77.256029626296282, 24.356210173040687 ], [ 77.255857492135902, 24.356377024869222 ], [ 77.254665614773927, 24.357367171350194 ], [ 77.253593962844803, 24.358307910753656 ], [ 77.253366902492672, 24.358366159653354 ], [ 77.253025916263312, 24.358339518801326 ], [ 77.252304795192586, 24.358261909864847 ], [ 77.249971056107668, 24.358003728337945 ], [ 77.250067433646578, 24.357511974836825 ], [ 77.248500946816932, 24.357279330556768 ], [ 77.248066264893026, 24.356337724834258 ], [ 77.248485861462967, 24.355353583554258 ], [ 77.248892530010579, 24.354932652916904 ], [ 77.24860145887925, 24.354193563383678 ], [ 77.248928442685639, 24.353650815075653 ], [ 77.249846290523465, 24.353635775156196 ], [ 77.249970464690364, 24.351313583700129 ], [ 77.250025745883278, 24.348835377502493 ], [ 77.249004820612896, 24.347381433381255 ], [ 77.249976768619874, 24.346408949495295 ], [ 77.248313815073502, 24.346317170294316 ], [ 77.247355537093569, 24.346303888822398 ], [ 77.247328397291497, 24.345417956176913 ], [ 77.248702762121951, 24.345169104106933 ], [ 77.248693503499752, 24.344424092371025 ], [ 77.247498505443829, 24.344493309771511 ], [ 77.247499269121064, 24.34386131563879 ], [ 77.248557206138869, 24.343886430990267 ], [ 77.249965677136672, 24.343919858807205 ], [ 77.249932247512163, 24.344899088400201 ], [ 77.250314309318711, 24.344910356014811 ], [ 77.250992878489228, 24.345151212042317 ], [ 77.25138444655957, 24.345382451545209 ], [ 77.252664797159269, 24.346004900106401 ] ], [ [ 77.241207555093894, 24.401604590323458 ], [ 77.241046618530177, 24.400339208287061 ], [ 77.24305499455707, 24.40005528603827 ], [ 77.243312442199709, 24.39982946951476 ], [ 77.243571926393315, 24.397907967961199 ], [ 77.244379463796591, 24.397480175206347 ], [ 77.245894627881654, 24.397533325036424 ], [ 77.247817817216884, 24.397636573986127 ], [ 77.249992480363332, 24.39745791495227 ], [ 77.250632979862189, 24.399185592873827 ], [ 77.250327705214744, 24.400545360152702 ], [ 77.250448540015057, 24.402827395839633 ], [ 77.249199731168218, 24.403099877200457 ], [ 77.248105136797221, 24.403279372752568 ], [ 77.247160477545634, 24.403782632426111 ], [ 77.246518727740877, 24.405801994595343 ], [ 77.245642567760669, 24.404479076573502 ], [ 77.244681703652574, 24.404002840481212 ], [ 77.243688225517701, 24.403970716765766 ], [ 77.243415658080536, 24.403968604960067 ], [ 77.243788802319443, 24.402931241806606 ], [ 77.242819189558958, 24.401459702318114 ], [ 77.241207555093894, 24.401604590323458 ] ], [ [ 77.240022027763132, 24.523462437915484 ], [ 77.239230496326812, 24.522650652018083 ], [ 77.239129448409258, 24.522145013477544 ], [ 77.238382562908043, 24.521668061709647 ], [ 77.237891522598517, 24.521516420256528 ], [ 77.237119691066752, 24.521522465283141 ], [ 77.236567322133737, 24.521526788312734 ], [ 77.235397207438808, 24.522009371156297 ], [ 77.234163093508144, 24.522942203481175 ], [ 77.233000596211085, 24.521484065519335 ], [ 77.232464542520503, 24.520811670470881 ], [ 77.23178270139681, 24.52021896257795 ], [ 77.229158831605673, 24.519253485441897 ], [ 77.227316629668863, 24.516791261663442 ], [ 77.227945437090256, 24.514774734414921 ], [ 77.228936444442127, 24.515460217680577 ], [ 77.229220626955353, 24.515638634962176 ], [ 77.229378545246362, 24.516046485014076 ], [ 77.229453392294744, 24.516687789391945 ], [ 77.230480327725004, 24.517108346544699 ], [ 77.231387797900041, 24.517479969795581 ], [ 77.233547573163477, 24.517151919825963 ], [ 77.234543312360174, 24.516195971188846 ], [ 77.23544774061466, 24.514613583304531 ], [ 77.236258153451331, 24.514494264954767 ], [ 77.236160230851766, 24.513433852823244 ], [ 77.236315023286679, 24.512899720233985 ], [ 77.237152920160156, 24.511957411100109 ], [ 77.238542348369535, 24.511873660099301 ], [ 77.239303377509771, 24.511399584251496 ], [ 77.240190862651374, 24.510629378886446 ], [ 77.241161544868987, 24.509901036325999 ], [ 77.241461440385379, 24.509545101270856 ], [ 77.241755152710553, 24.508714652184736 ], [ 77.242862525307459, 24.509456649585687 ], [ 77.243219308948369, 24.509817693734746 ], [ 77.243022515598526, 24.51161409000132 ], [ 77.242822468907008, 24.513440111656447 ], [ 77.245740452894879, 24.518315903170532 ], [ 77.246458903589229, 24.518802193836482 ], [ 77.247882027840987, 24.518455824305612 ], [ 77.247815944501127, 24.518925575213888 ], [ 77.246168913134085, 24.521226504208421 ], [ 77.246349230917787, 24.52175459822778 ], [ 77.246652315831682, 24.522358885690469 ], [ 77.246706032805903, 24.523224586529999 ], [ 77.246590246449969, 24.524615667755235 ], [ 77.246457002458357, 24.525560850660376 ], [ 77.245767108622729, 24.526721750653454 ], [ 77.243885444068425, 24.526475623272017 ], [ 77.243370604399985, 24.525200706398259 ], [ 77.242263254451373, 24.524034056327711 ], [ 77.241383162690894, 24.523526540552314 ], [ 77.240022027763132, 24.523462437915484 ] ], [ [ 77.225334929555473, 24.537512627072829 ], [ 77.224448829094186, 24.537969629654953 ], [ 77.223413492027447, 24.537253221646512 ], [ 77.22243275934251, 24.536415132439917 ], [ 77.220723240989741, 24.536352742042418 ], [ 77.219648943955917, 24.536930331218642 ], [ 77.218812788826909, 24.537754016689806 ], [ 77.217831658212532, 24.539773188109699 ], [ 77.217220356717704, 24.540573559959096 ], [ 77.215829342930817, 24.542394754851713 ], [ 77.213989717227406, 24.541825649745061 ], [ 77.214345216734515, 24.540973742203438 ], [ 77.214215808558137, 24.540533126157424 ], [ 77.213924690460317, 24.540237748564845 ], [ 77.214333623501929, 24.539386266042037 ], [ 77.214865863382784, 24.536941130729144 ], [ 77.214663978652467, 24.535694034949358 ], [ 77.214749250435915, 24.535157446282984 ], [ 77.216358608211621, 24.534510889581384 ], [ 77.219180220038652, 24.532823826534276 ], [ 77.220841342620588, 24.532348579095736 ], [ 77.221778770242082, 24.532111795937151 ], [ 77.224222713279445, 24.533620841094734 ], [ 77.224855410005119, 24.534529432647012 ], [ 77.224575082062302, 24.535919233961298 ], [ 77.225334929555473, 24.537512627072829 ] ], [ [ 77.214159350414846, 24.551222331852038 ], [ 77.213374622402739, 24.551953141124685 ], [ 77.213295494990561, 24.551189114060168 ], [ 77.21382274584353, 24.550495507994434 ], [ 77.214170643875462, 24.550037840403231 ], [ 77.214578154793756, 24.549593581641336 ], [ 77.214928809389335, 24.549069896710165 ], [ 77.216244607479666, 24.550372995814548 ], [ 77.21724746818694, 24.55093378363248 ], [ 77.220305134016101, 24.550484249771905 ], [ 77.221391679846391, 24.551335238947622 ], [ 77.221440555973075, 24.552256967877327 ], [ 77.219637978431052, 24.554006375319549 ], [ 77.217707462728683, 24.553725054539989 ], [ 77.217138892734027, 24.552930809106286 ], [ 77.216165824083348, 24.552264961917729 ], [ 77.215190257980197, 24.551862328662352 ], [ 77.214159350414846, 24.551222331852038 ] ] ], [ [ [ 77.13099879429582, 24.445655316239268 ], [ 77.131732627717497, 24.443769504812643 ], [ 77.133556355314624, 24.443995179408827 ], [ 77.1351193526, 24.443717741357766 ], [ 77.135815044665023, 24.443594246613692 ], [ 77.137745738109743, 24.442785361861475 ], [ 77.140007675365425, 24.442480987508031 ], [ 77.141184110616052, 24.442354764080026 ], [ 77.141884731984916, 24.442194981416304 ], [ 77.142647647486953, 24.441119374999371 ], [ 77.142862639829346, 24.439783586691831 ], [ 77.140621937224438, 24.439529684666901 ], [ 77.137065456860313, 24.439254648797412 ], [ 77.136128962722623, 24.437662060109247 ], [ 77.13522800014232, 24.43574319121867 ], [ 77.134168623921497, 24.434316983291037 ], [ 77.133606099752825, 24.433663468828044 ], [ 77.132559284853642, 24.43500813745268 ], [ 77.130742756456115, 24.437831572018659 ], [ 77.129269867497925, 24.436289292271681 ], [ 77.128354033958303, 24.435776222331025 ], [ 77.126642695211004, 24.435978488168214 ], [ 77.12555804868029, 24.436730103680642 ], [ 77.125401831979573, 24.438093101200227 ], [ 77.125809114178381, 24.439565218950282 ], [ 77.125829226670135, 24.439634216379964 ], [ 77.125837628200671, 24.43966230068478 ], [ 77.126189325463869, 24.440810161611505 ], [ 77.125898256672997, 24.441750976707695 ], [ 77.124691605784861, 24.442870972212038 ], [ 77.124631546139682, 24.442939021999184 ], [ 77.123779815217858, 24.443712533557107 ], [ 77.1226510971496, 24.445182717646986 ], [ 77.123795987824764, 24.447705988418562 ], [ 77.125557441443917, 24.447635864467394 ], [ 77.125506163798264, 24.449882810859709 ], [ 77.126875412564075, 24.448921710018393 ], [ 77.128656901157044, 24.447723498412181 ], [ 77.129410867279901, 24.447658439719731 ], [ 77.129688498696922, 24.446864564519458 ], [ 77.130650712699918, 24.445976556129082 ], [ 77.13099879429582, 24.445655316239268 ] ] ], [ [ [ 77.155377975943878, 24.513979048877371 ], [ 77.155556095318744, 24.514023940909748 ], [ 77.155733143254892, 24.514072248582874 ], [ 77.155909043009302, 24.51412394777725 ], [ 77.156083716806393, 24.514179018881311 ], [ 77.156257087938329, 24.514237434163821 ], [ 77.156429077677501, 24.514299170393009 ], [ 77.15659961328123, 24.51436419806522 ], [ 77.156631641932194, 24.514374687526377 ], [ 77.156664333917263, 24.514383299421038 ], [ 77.156697556325, 24.514389998318787 ], [ 77.156731174170716, 24.514394758706732 ], [ 77.156765054389609, 24.514397560507117 ], [ 77.156799061861705, 24.514398391753677 ], [ 77.156833058397694, 24.514397251292504 ], [ 77.156866905772247, 24.514394141582308 ], [ 77.156900472552365, 24.514389076879723 ], [ 77.157030907763883, 24.514236840849158 ], [ 77.157168507006318, 24.514089978708885 ], [ 77.157313008812551, 24.513948774560554 ], [ 77.15746368589113, 24.513813898786346 ], [ 77.157621589026263, 24.513684412715069 ], [ 77.15778507702683, 24.513561761244748 ], [ 77.157954280845928, 24.513445781074083 ], [ 77.158128875464755, 24.513336697071516 ], [ 77.158308526187, 24.513234715059426 ], [ 77.158335219245174, 24.513221225784694 ], [ 77.158362386858698, 24.513208554213854 ], [ 77.158389998312586, 24.513196711831785 ], [ 77.158418022864907, 24.513185712832563 ], [ 77.15844643176591, 24.513175569620525 ], [ 77.15847519035249, 24.513166293647725 ], [ 77.158504269919959, 24.513157892803029 ], [ 77.158533638757504, 24.513150379466314 ], [ 77.158563261260042, 24.513143760565896 ], [ 77.158674118115854, 24.513121910508524 ], [ 77.158786737218804, 24.513109749764968 ], [ 77.158900108620088, 24.513107391841942 ], [ 77.159013214423098, 24.513114856253644 ], [ 77.15912504156006, 24.513132074047391 ], [ 77.159234587650275, 24.513158894174293 ], [ 77.159340869981094, 24.513195073629316 ], [ 77.159442935260714, 24.513240289273121 ], [ 77.159539869514759, 24.513294135204859 ], [ 77.159660421563245, 24.513332937791183 ], [ 77.159778065376443, 24.513378609020656 ], [ 77.159892329916346, 24.513430969763448 ], [ 77.160002765193937, 24.513489808552247 ], [ 77.160108929302282, 24.5135548950215 ], [ 77.160210405304284, 24.513625969209798 ], [ 77.160306786354695, 24.513702748661348 ], [ 77.160397692470895, 24.513784929468311 ], [ 77.160482760671542, 24.513872185285653 ], [ 77.160550255199212, 24.513911772907949 ], [ 77.160621665659576, 24.513945113384086 ], [ 77.160696307203224, 24.513971885803628 ], [ 77.160773457837777, 24.513991831266374 ], [ 77.160852373189215, 24.514004757521338 ], [ 77.160932296355028, 24.514010540855406 ], [ 77.161012452978525, 24.514009125149098 ], [ 77.161092070981624, 24.514000522944173 ], [ 77.161170384468718, 24.513984819991752 ], [ 77.161275158458778, 24.513951399351374 ], [ 77.161376647895196, 24.513910360204836 ], [ 77.161474190709797, 24.513861968904074 ], [ 77.161567152986748, 24.513806539904618 ], [ 77.161654928971345, 24.513744434862112 ], [ 77.161736947046876, 24.513676057262689 ], [ 77.161812672686835, 24.513601853350611 ], [ 77.161881614440077, 24.51352230585513 ], [ 77.161943320987803, 24.51343793215991 ], [ 77.162000229837332, 24.513377130018192 ], [ 77.162058008341333, 24.513317018779603 ], [ 77.162116646539445, 24.513257607392028 ], [ 77.162176133457436, 24.513198907504435 ], [ 77.162236459126078, 24.513140928967754 ], [ 77.162297612598181, 24.51308368072165 ], [ 77.162359584882765, 24.513027173528407 ], [ 77.16242236304069, 24.512971418117527 ], [ 77.162485939095106, 24.512916422550187 ], [ 77.162520577751735, 24.512872535657237 ], [ 77.162562094213726, 24.512833965952513 ], [ 77.16260952411011, 24.512801603163712 ], [ 77.162661771176545, 24.512776199545051 ], [ 77.162717626304683, 24.512758340231738 ], [ 77.162775795205462, 24.51274844076033 ], [ 77.162834933124842, 24.512746730197971 ], [ 77.162893670550673, 24.512753246840116 ], [ 77.162950645774671, 24.512767839384097 ], [ 77.162999138998757, 24.512767275855822 ], [ 77.163047350502779, 24.512762474121313 ], [ 77.163094840554137, 24.512753480202068 ], [ 77.163141174006256, 24.512740375381714 ], [ 77.163185927163298, 24.5127232807789 ], [ 77.163228690795179, 24.512702351953113 ], [ 77.163269073072115, 24.51267778163874 ], [ 77.163306704580464, 24.512649791657907 ], [ 77.163341240216411, 24.512618641064805 ], [ 77.163357507728904, 24.512573996269605 ], [ 77.163373425841399, 24.512529246512539 ], [ 77.163388990579151, 24.51248439447015 ], [ 77.163404204912496, 24.51243943926416 ], [ 77.163419065827, 24.512394386288495 ], [ 77.163433573305014, 24.512349237349596 ], [ 77.163447726341914, 24.512303994245489 ], [ 77.163461524920152, 24.512258658782514 ], [ 77.163474967030112, 24.512213234556686 ], [ 77.163712973506435, 24.511971619534322 ], [ 77.163649414885882, 24.511375743337048 ], [ 77.163337770697368, 24.508453957003724 ], [ 77.163094435619314, 24.504521799007453 ], [ 77.162936633243802, 24.504214631715328 ], [ 77.162465838367552, 24.503298199333248 ], [ 77.161683957499122, 24.502026463977554 ], [ 77.162046340831907, 24.500040751924839 ], [ 77.16168816563949, 24.500097431808637 ], [ 77.161622797551914, 24.499622768791895 ], [ 77.161262431227613, 24.498573582119022 ], [ 77.160496026973036, 24.497438868383039 ], [ 77.159690702003033, 24.495884635356077 ], [ 77.15862610770057, 24.494458226800294 ], [ 77.158529826259468, 24.494329220859171 ], [ 77.157843469925453, 24.493412021124161 ], [ 77.157317225940801, 24.492940181676399 ], [ 77.156726866280536, 24.492075233940451 ], [ 77.156328103686562, 24.491490993586357 ], [ 77.154795252341941, 24.49028709834672 ], [ 77.154071242888989, 24.489948920642025 ], [ 77.153551759101674, 24.489754762395705 ], [ 77.152619314540374, 24.489745859418363 ], [ 77.152422857920968, 24.489450921460271 ], [ 77.15132471144905, 24.489068567501203 ], [ 77.149302624687863, 24.48905925487178 ], [ 77.147093439927573, 24.489564494184833 ], [ 77.145337271270279, 24.489811871766733 ], [ 77.143612854393311, 24.489726003755955 ], [ 77.142054928343299, 24.489381146424805 ], [ 77.13962485145619, 24.49021847555391 ], [ 77.135816831642444, 24.49202832605037 ], [ 77.134127317749304, 24.493449625858148 ], [ 77.133649334781254, 24.493432449492008 ], [ 77.133173696006622, 24.493564720547916 ], [ 77.132648731019856, 24.49393622273206 ], [ 77.131826863908586, 24.494553403626679 ], [ 77.129172190244034, 24.497117374725185 ], [ 77.127888701548216, 24.498076469535285 ], [ 77.126900109233048, 24.49828571864014 ], [ 77.125562012869111, 24.498446700885847 ], [ 77.124515435775706, 24.499158911483551 ], [ 77.123391386820998, 24.500168557203278 ], [ 77.123486000320753, 24.501511868691246 ], [ 77.123643520061606, 24.503748269564564 ], [ 77.123645998248932, 24.506040550485842 ], [ 77.123794992132048, 24.50789656913771 ], [ 77.123917607699937, 24.508522744640249 ], [ 77.123871833748368, 24.509095503715862 ], [ 77.123651541159887, 24.511851912984049 ], [ 77.125029946211612, 24.512064228672724 ], [ 77.125048320906558, 24.512070734233994 ], [ 77.125874830749751, 24.512306781686785 ], [ 77.132928149686407, 24.514172548966627 ], [ 77.133312495699712, 24.51427493717091 ], [ 77.132627408166741, 24.518029032400033 ], [ 77.132517284152598, 24.520570455078847 ], [ 77.13202018110529, 24.525223693844001 ], [ 77.131718079944875, 24.527301231983216 ], [ 77.131759234436473, 24.527342867687974 ], [ 77.131804572124906, 24.527380694272765 ], [ 77.131853675064377, 24.527414357748881 ], [ 77.131906087363774, 24.527443546252968 ], [ 77.131961323065525, 24.527467991920588 ], [ 77.132018873111008, 24.527487465526949 ], [ 77.132078202241388, 24.527501790007861 ], [ 77.132138760953964, 24.527510829723603 ], [ 77.132199991305853, 24.527514502250018 ], [ 77.132295015645965, 24.527471889371967 ], [ 77.13238894167911, 24.527427281940145 ], [ 77.132481715820248, 24.527380706594919 ], [ 77.132573294401951, 24.527332185545561 ], [ 77.132663623858036, 24.527281743626578 ], [ 77.132752655512519, 24.527229410229943 ], [ 77.13284034663991, 24.527175212088952 ], [ 77.132926646581211, 24.527119179482106 ], [ 77.133011512602408, 24.527061340045886 ], [ 77.13351953674848, 24.526684920792437 ], [ 77.134029193603908, 24.526310357842167 ], [ 77.134540478187589, 24.525937656555683 ], [ 77.135053380583059, 24.525566822251658 ], [ 77.135567893817239, 24.52519786208039 ], [ 77.136084008961433, 24.524830781369001 ], [ 77.136601719070768, 24.524465584558566 ], [ 77.13712101321542, 24.52410227966897 ], [ 77.137641887394238, 24.523740872972724 ], [ 77.137769732462573, 24.523645162529775 ], [ 77.137888760814988, 24.523540367317501 ], [ 77.137998203476329, 24.523427163627165 ], [ 77.138097353120187, 24.523306282462809 ], [ 77.138185568053899, 24.523178505961777 ], [ 77.138262279200788, 24.523044660227935 ], [ 77.138326992138261, 24.522905609026221 ], [ 77.138379286127872, 24.522762251967436 ], [ 77.138418825073231, 24.52261551466588 ], [ 77.138505331479095, 24.522370396703813 ], [ 77.138601188195082, 24.522128207354029 ], [ 77.138706275672007, 24.521889244530684 ], [ 77.138820464511284, 24.521653804256836 ], [ 77.138943614551351, 24.521422173431795 ], [ 77.139075573770967, 24.521194640659655 ], [ 77.139216179404514, 24.520971483614826 ], [ 77.139365258819808, 24.520752979887405 ], [ 77.139522626675429, 24.520539395218201 ], [ 77.139678005939842, 24.520434747158863 ], [ 77.139834877319288, 24.52033197838939 ], [ 77.139993212996302, 24.520231106733085 ], [ 77.140152985153776, 24.520132150013445 ], [ 77.140314168936229, 24.520035126078948 ], [ 77.140476733574943, 24.519940051825216 ], [ 77.140640651262899, 24.519846944172713 ], [ 77.140805893233477, 24.519755817324612 ], [ 77.14097243365444, 24.519666688218475 ], [ 77.141101656146148, 24.519618565733875 ], [ 77.141227765308912, 24.519563961024812 ], [ 77.141350369484556, 24.519503043291497 ], [ 77.141469092655612, 24.519435997221343 ], [ 77.141583568413679, 24.519363033775548 ], [ 77.141693447042286, 24.519284373088858 ], [ 77.141798387474694, 24.519200258851978 ], [ 77.141898069229967, 24.519110949380668 ], [ 77.141992182514969, 24.519016720241542 ], [ 77.142279175768749, 24.518834626970897 ], [ 77.14257047086069, 24.518658346970199 ], [ 77.142865928786009, 24.518487962132934 ], [ 77.143165404592779, 24.518323557012646 ], [ 77.143468756356654, 24.518165209867249 ], [ 77.143775837220417, 24.518012998913967 ], [ 77.143822476474725, 24.517991078857307 ], [ 77.144086496453852, 24.517866995113053 ], [ 77.144400585285041, 24.517727271248628 ], [ 77.144717955026337, 24.517593891978159 ], [ 77.145074664046675, 24.517474857909278 ], [ 77.145435084632155, 24.517365582199023 ], [ 77.145798898031174, 24.517266160583528 ], [ 77.146165780605642, 24.51717668424493 ], [ 77.146535410849324, 24.517097229032533 ], [ 77.146907458411292, 24.517027867111555 ], [ 77.147281596022523, 24.516968658935415 ], [ 77.14765749451449, 24.516919657719242 ], [ 77.148034818906822, 24.516880905794615 ], [ 77.148757287520652, 24.516676873773893 ], [ 77.148803225127182, 24.516673584801751 ], [ 77.148989378668176, 24.516615242957183 ], [ 77.149171494564328, 24.516547066741346 ], [ 77.149348953495462, 24.516469286691347 ], [ 77.149521151585731, 24.516382168700062 ], [ 77.149687502423788, 24.516286009516921 ], [ 77.149847438068377, 24.516181134949818 ], [ 77.150000415912771, 24.516067904437989 ], [ 77.150145913831594, 24.515946702882882 ], [ 77.150283436112076, 24.515817939794054 ], [ 77.150572722636468, 24.515647740337805 ], [ 77.150862497902139, 24.515478241639691 ], [ 77.151152765842369, 24.515309445536428 ], [ 77.151443520510739, 24.51514135468495 ], [ 77.151465968019707, 24.515128453348161 ], [ 77.151734759945441, 24.514973968162973 ], [ 77.152026483126463, 24.514807289571944 ], [ 77.152318688092024, 24.514641317989561 ], [ 77.152611371866087, 24.514476055194628 ], [ 77.152904531472799, 24.51431150296591 ], [ 77.153113595946948, 24.514192288407607 ], [ 77.153333176254876, 24.514090121195757 ], [ 77.15356161921251, 24.514005771395929 ], [ 77.153797199920334, 24.513939877523494 ], [ 77.154038140604541, 24.513892937670956 ], [ 77.154282625500116, 24.513865301504961 ], [ 77.154528808626125, 24.513857182073092 ], [ 77.154774833702902, 24.513868637907752 ], [ 77.155018843909957, 24.513899583945545 ], [ 77.155198865884174, 24.513937590316644 ], [ 77.155377975943878, 24.513979048877371 ] ] ], [ [ [ 77.162646538693608, 24.524962542473332 ], [ 77.161600029726316, 24.526295220400527 ], [ 77.166043867753686, 24.527184147163982 ], [ 77.166661816153052, 24.527241723243709 ], [ 77.167495110011515, 24.527319360359357 ], [ 77.168164668265447, 24.527323603076763 ], [ 77.169275386911934, 24.526385263346921 ], [ 77.170020534426868, 24.525285971877334 ], [ 77.170366442710005, 24.525249349933532 ], [ 77.170482210426314, 24.524460698383891 ], [ 77.167422801654538, 24.52350073949912 ], [ 77.167219159781425, 24.52225542121198 ], [ 77.1674691112094, 24.520784861075796 ], [ 77.167931023143964, 24.518067158094304 ], [ 77.164324487788036, 24.517845639771263 ], [ 77.164506895579095, 24.521686120904373 ], [ 77.163357660197804, 24.522812646552389 ], [ 77.162808641233866, 24.523718319679194 ], [ 77.162646538693608, 24.524962542473332 ] ] ], [ [ [ 77.187627469396745, 24.525087481188564 ], [ 77.187590255576694, 24.525626419549834 ], [ 77.188065201297732, 24.526240817271987 ], [ 77.188999309774943, 24.526346107409008 ], [ 77.190245236716422, 24.527357510910178 ], [ 77.191811781420341, 24.528371508436237 ], [ 77.192530048585169, 24.52869481474324 ], [ 77.193468337962457, 24.52870394930062 ], [ 77.196311389160925, 24.527579180552262 ], [ 77.19722068787739, 24.527488848897121 ], [ 77.197734663799736, 24.526833630224356 ], [ 77.197497519778096, 24.526489816909017 ], [ 77.19733910968877, 24.526293166777954 ], [ 77.197153511798362, 24.526145139367408 ], [ 77.196862938642184, 24.525800893172935 ], [ 77.196115363386653, 24.525746003693076 ], [ 77.195020482201571, 24.525688297437362 ], [ 77.194598936153042, 24.525074353192611 ], [ 77.194177158672659, 24.524484827745564 ], [ 77.193992513089825, 24.524239119043067 ], [ 77.1938608273677, 24.524042682048808 ], [ 77.193838368097005, 24.523602917130784 ], [ 77.193927027774365, 24.522724472621775 ], [ 77.19388140049935, 24.521918201324667 ], [ 77.193034799087542, 24.521056595062742 ], [ 77.191140515873002, 24.520453588341717 ], [ 77.188468396462298, 24.52063526746603 ], [ 77.18793236784893, 24.520671707341343 ], [ 77.187627469396745, 24.525087481188564 ] ] ], [ [ [ 77.100959864850907, 24.539111283267381 ], [ 77.100322011360049, 24.539399238722439 ], [ 77.100455984826112, 24.539927325977594 ], [ 77.100472603313179, 24.539992831913199 ], [ 77.100740590310309, 24.540863356059972 ], [ 77.10078098482262, 24.540994570323093 ], [ 77.101019278071746, 24.541729283984427 ], [ 77.101586438095183, 24.542495057008662 ], [ 77.101919990416462, 24.542830982213349 ], [ 77.102231598801424, 24.543524706414569 ], [ 77.103165038168356, 24.543990737119643 ], [ 77.103515679809561, 24.545354703296546 ], [ 77.103121834517552, 24.546433572228732 ], [ 77.102706262749763, 24.547823959403026 ], [ 77.102519365351085, 24.54917431874183 ], [ 77.101946247167916, 24.550786467237078 ], [ 77.101174992984426, 24.552140068204999 ], [ 77.101172794253458, 24.554116362163441 ], [ 77.101391544360766, 24.556770944555733 ], [ 77.101616542257474, 24.558808218320248 ], [ 77.103296237286216, 24.559364016188955 ], [ 77.104733560021742, 24.559601474079809 ], [ 77.105610655040223, 24.558468934868955 ], [ 77.105739843399277, 24.556778952115597 ], [ 77.105631190011835, 24.555615117991781 ], [ 77.107139390276089, 24.553629497204792 ], [ 77.107329476372115, 24.552378407104204 ], [ 77.107341229712375, 24.552256678926799 ], [ 77.107579601584774, 24.549787556334923 ], [ 77.106422385007704, 24.548501627916732 ], [ 77.106895977168932, 24.547595263359806 ], [ 77.107267950124722, 24.545795613159751 ], [ 77.107512639709213, 24.544592407146428 ], [ 77.107951773164771, 24.544341572086548 ], [ 77.108539847608299, 24.544258515654665 ], [ 77.109321368129841, 24.544129482459891 ], [ 77.110383871397005, 24.543773697347657 ], [ 77.111296283764375, 24.543560905125783 ], [ 77.111438487858209, 24.543282024027214 ], [ 77.111460377472724, 24.542983230822191 ], [ 77.111504511228915, 24.542380825504079 ], [ 77.111556008709798, 24.542341070221394 ], [ 77.112319640721992, 24.54179349120292 ], [ 77.110843427366291, 24.541224547590076 ], [ 77.110347998208681, 24.540742429632502 ], [ 77.109348883524376, 24.539673453190858 ], [ 77.108844514004105, 24.539334600261981 ], [ 77.107782796610124, 24.538724693447019 ], [ 77.106717107594747, 24.53826440328513 ], [ 77.105912537415435, 24.538066281649233 ], [ 77.105083437626618, 24.538072724486213 ], [ 77.103614902078832, 24.538251768571225 ], [ 77.102514178434944, 24.538522048578773 ], [ 77.100959864850907, 24.539111283267381 ] ] ], [ [ [ 77.21306504126693, 24.565032540701814 ], [ 77.21388184844821, 24.563221502131441 ], [ 77.215377724061568, 24.560724250560444 ], [ 77.214165080915791, 24.56161069549908 ], [ 77.212792672821323, 24.561895249874052 ], [ 77.210304613470612, 24.561475542241752 ], [ 77.20964759735503, 24.56410284499194 ], [ 77.209263486933281, 24.564482193567354 ], [ 77.209161047451758, 24.565246228222342 ], [ 77.209328420532827, 24.565647378758353 ], [ 77.210368174167755, 24.56633364671476 ], [ 77.210076342929099, 24.567009248853477 ], [ 77.208635952306551, 24.566715720645021 ], [ 77.207057391722117, 24.566394017890293 ], [ 77.205683288952173, 24.566332540555845 ], [ 77.204438622665222, 24.567174299798282 ], [ 77.203893485789919, 24.566491973904515 ], [ 77.203364364058942, 24.564065920180056 ], [ 77.203159303089564, 24.563629691648561 ], [ 77.201791210746549, 24.563462221380114 ], [ 77.201049641873738, 24.563124155242424 ], [ 77.200366742712461, 24.563896312678644 ], [ 77.200087965281355, 24.564211524131135 ], [ 77.198673722198521, 24.562913756431964 ], [ 77.198967447838058, 24.562721242815265 ], [ 77.199669870576855, 24.561778010321319 ], [ 77.200123824923793, 24.561168417716829 ], [ 77.200998653385909, 24.560899583882943 ], [ 77.201451213553867, 24.560933888579466 ], [ 77.201714993459177, 24.561411166693457 ], [ 77.202016307445831, 24.561474905621008 ], [ 77.202086056356379, 24.561199573898772 ], [ 77.201972784385532, 24.560769492743258 ], [ 77.202026645513442, 24.560402067695737 ], [ 77.202917499663457, 24.560209988246637 ], [ 77.203372419407501, 24.559999067461252 ], [ 77.203066969493889, 24.558885381825878 ], [ 77.203131665910533, 24.558069070311927 ], [ 77.203276983738391, 24.556235422772772 ], [ 77.203827608094258, 24.55489993254659 ], [ 77.203730699527682, 24.552768635071303 ], [ 77.203269021055547, 24.551625210543385 ], [ 77.201806883934736, 24.550187978018421 ], [ 77.201058097047692, 24.549568843053603 ], [ 77.200082727221329, 24.549531073185385 ], [ 77.199593708218103, 24.54980301991402 ], [ 77.199197175216483, 24.550918722002272 ], [ 77.198907269730867, 24.553842070012646 ], [ 77.198417241263215, 24.555046753283726 ], [ 77.197782229478619, 24.555292137597032 ], [ 77.196672294442678, 24.554493061274297 ], [ 77.19614226722841, 24.554450593149117 ], [ 77.19481624578701, 24.556366909623264 ], [ 77.192959508094503, 24.556467468925071 ], [ 77.192056034522025, 24.555937165511509 ], [ 77.191742920469338, 24.555607021237023 ], [ 77.192886262134763, 24.555134543956807 ], [ 77.192795778847326, 24.553645784318974 ], [ 77.192275548903623, 24.552928547544582 ], [ 77.190949144458159, 24.552472720175643 ], [ 77.189475384260817, 24.552229482373217 ], [ 77.188470203252137, 24.551214963258381 ], [ 77.187614143063328, 24.550340808381979 ], [ 77.185886637375077, 24.550172548991156 ], [ 77.185207044650838, 24.550071313521023 ], [ 77.184791700838232, 24.550009441589637 ], [ 77.185543564497692, 24.548643655751693 ], [ 77.185641070624968, 24.547295510901879 ], [ 77.186686038220145, 24.546335192281173 ], [ 77.187166289901214, 24.545706056663171 ], [ 77.187231515041105, 24.544412747808703 ], [ 77.186798358192419, 24.542817152485679 ], [ 77.186772983642598, 24.542774838892552 ], [ 77.186743028203594, 24.542735109825102 ], [ 77.186708802799245, 24.542698380565025 ], [ 77.186670665106547, 24.542665030648578 ], [ 77.186629009630067, 24.542635409204646 ], [ 77.186584272744014, 24.542609824158255 ], [ 77.186536919857602, 24.542588542125571 ], [ 77.186487441509911, 24.542571783866901 ], [ 77.186436354366492, 24.542559723391271 ], [ 77.186336334267651, 24.542493917979598 ], [ 77.186237620669402, 24.542426481206256 ], [ 77.186140245942354, 24.542357435014097 ], [ 77.186044241460607, 24.542286802241005 ], [ 77.185949638606829, 24.542214604821751 ], [ 77.185856466753705, 24.542140868287483 ], [ 77.185764754339246, 24.542065612742721 ], [ 77.185674534675854, 24.541988864653916 ], [ 77.185585833204001, 24.541910647713813 ], [ 77.185460614055103, 24.541838432135226 ], [ 77.185333787040406, 24.54176860394664 ], [ 77.185205404164179, 24.541701196082698 ], [ 77.185075523424516, 24.541636234301787 ], [ 77.184944197829793, 24.541573749740614 ], [ 77.18481148439875, 24.541513767246752 ], [ 77.184677443102814, 24.541456312595027 ], [ 77.184542128985427, 24.541401410617166 ], [ 77.18440559907306, 24.541349085257949 ], [ 77.184177780028449, 24.541286291905337 ], [ 77.183954634520404, 24.541210750276008 ], [ 77.183737016824182, 24.541122747359605 ], [ 77.183525755070335, 24.541022617803854 ], [ 77.183321656171302, 24.540910744857655 ], [ 77.183125499923307, 24.540787557612902 ], [ 77.182938034140193, 24.540653523738257 ], [ 77.182759977561631, 24.540509154921754 ], [ 77.182592007036007, 24.540355004958933 ], [ 77.182511196346283, 24.54025864029947 ], [ 77.182433982803531, 24.540159840298703 ], [ 77.182360454188156, 24.54005871496382 ], [ 77.182290691306889, 24.539955380566983 ], [ 77.18222477694006, 24.539849953396217 ], [ 77.182162784928735, 24.539742555085368 ], [ 77.182104784185768, 24.539633306324401 ], [ 77.182050842600475, 24.539522331407476 ], [ 77.182001020154544, 24.539409755466885 ], [ 77.181930983853377, 24.539303048055107 ], [ 77.181847283840781, 24.539204922613283 ], [ 77.181751161783396, 24.539116834356371 ], [ 77.181644044431394, 24.539040090088928 ], [ 77.181527520100914, 24.538975829950651 ], [ 77.181403321107481, 24.538925006501401 ], [ 77.181273284374456, 24.538888374465046 ], [ 77.181139346631596, 24.538866477144147 ], [ 77.181003491168184, 24.538859639662377 ], [ 77.179835483676243, 24.538865647150509 ], [ 77.179689530836427, 24.538901011048946 ], [ 77.179571433622129, 24.538929625464558 ], [ 77.179520807229849, 24.538941891486076 ], [ 77.179464330861194, 24.538892432210169 ], [ 77.179399586603211, 24.538852336849452 ], [ 77.179328408612079, 24.538822743983399 ], [ 77.179252812722808, 24.538804488414204 ], [ 77.179174942249304, 24.538798090788127 ], [ 77.179043639672471, 24.538788027572636 ], [ 77.178913572670922, 24.538768764791342 ], [ 77.178785508318867, 24.538740414415859 ], [ 77.178660204236181, 24.53870314614533 ], [ 77.178538400769142, 24.538657179213484 ], [ 77.178420819967187, 24.538602785992779 ], [ 77.178308157710859, 24.538540289219796 ], [ 77.178201076853625, 24.53847005651982 ], [ 77.178100213109829, 24.538392504067211 ], [ 77.17798775021798, 24.538276342526576 ], [ 77.177875634839339, 24.538159902876792 ], [ 77.177763869001325, 24.538043179716247 ], [ 77.177652451663107, 24.537926178456086 ], [ 77.177541384798985, 24.537808899113443 ], [ 77.177430670391914, 24.537691340802084 ], [ 77.177320308415005, 24.537573506232036 ], [ 77.177210298850156, 24.537455397210252 ], [ 77.177100643689243, 24.537337011947617 ], [ 77.177036101717619, 24.537270654991939 ], [ 77.177012267121995, 24.537248109294953 ], [ 77.176968604795846, 24.537206807100752 ], [ 77.176898268372184, 24.537145575792977 ], [ 77.176825213808598, 24.537087069539368 ], [ 77.176749568487267, 24.537031386925335 ], [ 77.176671461781865, 24.536978624746503 ], [ 77.176591026088943, 24.536928873501314 ], [ 77.176508403730068, 24.53688221835079 ], [ 77.176423736065274, 24.536838741739007 ], [ 77.173781626865775, 24.535341528771415 ], [ 77.174084725452218, 24.534237526620743 ], [ 77.174104444209092, 24.532234542417296 ], [ 77.173234617645051, 24.531540580628654 ], [ 77.170710695182223, 24.530162028522213 ], [ 77.170634951949779, 24.530120656477841 ], [ 77.16918153315784, 24.529345539743552 ], [ 77.166594673958897, 24.528779884416213 ], [ 77.163693937582622, 24.531161170463609 ], [ 77.162808461558953, 24.533156615347977 ], [ 77.161786748434494, 24.53469628829022 ], [ 77.160155181975483, 24.53715488378074 ], [ 77.161507350869996, 24.538133304037888 ], [ 77.162272302363519, 24.538945077782813 ], [ 77.16332869747626, 24.540066111348825 ], [ 77.165397299298519, 24.541404023040904 ], [ 77.164307133779161, 24.543682703750513 ], [ 77.163710496690541, 24.5444515378251 ], [ 77.16368244897339, 24.544538752575189 ], [ 77.163442289640471, 24.544690032229074 ], [ 77.16253982112022, 24.545258501685471 ], [ 77.16129434301952, 24.545970327938726 ], [ 77.160309758404495, 24.546548705359566 ], [ 77.158449072472095, 24.548087623075013 ], [ 77.157585576231128, 24.549010928588253 ], [ 77.157091767192412, 24.550253284452349 ], [ 77.156805370397905, 24.551614686163134 ], [ 77.160265558478713, 24.55265877227102 ], [ 77.161530844027567, 24.552903945214567 ], [ 77.162085301615832, 24.553627121125004 ], [ 77.163000650610655, 24.553561414254411 ], [ 77.163627379103161, 24.553878406339891 ], [ 77.164874309723828, 24.55435803163661 ], [ 77.16576299692035, 24.55536259580996 ], [ 77.16638036490707, 24.556218259834861 ], [ 77.167220551277481, 24.556007421809127 ], [ 77.167894689631538, 24.556059016155199 ], [ 77.168294927316467, 24.556089647146301 ], [ 77.168951810531325, 24.556197738424235 ], [ 77.168992547882894, 24.556945964874895 ], [ 77.169571883012196, 24.557012523590522 ], [ 77.170001802402567, 24.557353363977867 ], [ 77.170515434823329, 24.557342947259773 ], [ 77.170029110791589, 24.557837518083019 ], [ 77.170295545469571, 24.55851664688144 ], [ 77.170793280264107, 24.558491433228401 ], [ 77.171307786533532, 24.558393033226693 ], [ 77.172754877588972, 24.558111694006108 ], [ 77.173927771549515, 24.558223440657429 ], [ 77.174747457117988, 24.558271335970684 ], [ 77.175238951375704, 24.557588723442951 ], [ 77.17661158358024, 24.557307398843786 ], [ 77.177168635271983, 24.55674298859585 ], [ 77.177244591266728, 24.554671360554305 ], [ 77.178739314778525, 24.554634872960968 ], [ 77.178853227589229, 24.553904247403946 ], [ 77.179842612386963, 24.555061876879392 ], [ 77.179746499330705, 24.556356829530305 ], [ 77.180161293955152, 24.557278747774955 ], [ 77.181289914952984, 24.558383318185271 ], [ 77.182065218326542, 24.559588427778628 ], [ 77.182998464653224, 24.560295345572769 ], [ 77.184391035237937, 24.560986034832595 ], [ 77.185214647126884, 24.561939422726109 ], [ 77.186199280017703, 24.564105228796333 ], [ 77.186643966980171, 24.565774278248686 ], [ 77.186658030860826, 24.566573565480393 ], [ 77.186643796638364, 24.568031935993456 ], [ 77.186346386469538, 24.569276418434537 ], [ 77.185637556474333, 24.570209654131077 ], [ 77.18562780159796, 24.571479826112171 ], [ 77.18531259361869, 24.572213360765858 ], [ 77.184383466277595, 24.572725370731664 ], [ 77.182797478014209, 24.572560836505822 ], [ 77.18096131722578, 24.570832178647898 ], [ 77.175536408198582, 24.568297800941327 ], [ 77.175086034610572, 24.568315740676343 ], [ 77.174032716808725, 24.569132876709041 ], [ 77.172827773123359, 24.571179706872101 ], [ 77.172723739528905, 24.572006633645199 ], [ 77.173708822823102, 24.573032326822855 ], [ 77.172918813221472, 24.573848515045906 ], [ 77.171318913396519, 24.574510628055325 ], [ 77.170275742491924, 24.574566951627173 ], [ 77.16479530746237, 24.574342234642213 ], [ 77.16718138781502, 24.576049481856984 ], [ 77.170617950253344, 24.575658790002961 ], [ 77.171739447782485, 24.575799594460424 ], [ 77.173030312026512, 24.576283772106589 ], [ 77.17855391323728, 24.580436992925751 ], [ 77.179478911365592, 24.581104931744342 ], [ 77.182223108514123, 24.582629000242441 ], [ 77.184323540504224, 24.582833802012814 ], [ 77.184769695085549, 24.582362859014598 ], [ 77.185138165090024, 24.581867549586118 ], [ 77.18551335924866, 24.580684135776096 ], [ 77.186076135893657, 24.578909010186695 ], [ 77.187405015713352, 24.576112179407964 ], [ 77.188531902285902, 24.575077266270398 ], [ 77.18934870046067, 24.574366021212821 ], [ 77.18972159303523, 24.574192956227545 ], [ 77.190705355355306, 24.573736366850046 ], [ 77.192057844352021, 24.573533801124398 ], [ 77.192112499778858, 24.573530331122978 ], [ 77.192131197872285, 24.573529143728926 ], [ 77.193383208454705, 24.573449650886552 ], [ 77.197376551845707, 24.576780461661894 ], [ 77.197406812972162, 24.576799748995157 ], [ 77.201466401581285, 24.579387076336378 ], [ 77.208614594936051, 24.583903959976759 ], [ 77.209131176063266, 24.578662123707293 ], [ 77.208892590787471, 24.576660770132644 ], [ 77.208802332775932, 24.57590363299596 ], [ 77.208532872006941, 24.573643198744982 ], [ 77.208487291685003, 24.573260833972636 ], [ 77.208414293274117, 24.572648457608484 ], [ 77.208403156821575, 24.569432165940459 ], [ 77.210128497319815, 24.567803940989531 ], [ 77.21306504126693, 24.565032540701814 ] ] ] ] } }
]
}
