{
"type": "FeatureCollection",
"name": "guna_range_fatehgarh",
"crs": { "type": "name", "properties": { "name": "urn:ogc:def:crs:OGC:1.3:CRS84" } },
"features": [
{ "type": "Feature", "properties": { "SID": "014", "DID": "067", "RID": "004", "BID": "028", "State": "Madhya_Pradesh", "Division": "Guna", "Range": "Fatehgarh", "Beat": "Baghooria", "Beat_Ar": 25.055559644 }, "geometry": { "type": "Polygon", "coordinates": [ [ [ 76.940586124116649, 24.770844135434942 ], [ 76.940689862668677, 24.770821471078243 ], [ 76.94079059240174, 24.770789432799049 ], [ 76.940887298636738, 24.770748342033535 ], [ 76.940979012081058, 24.770698613685035 ], [ 76.941064807947086, 24.770640747084244 ], [ 76.94114382278687, 24.770575324348343 ], [ 76.941383389412124, 24.770487819984943 ], [ 76.941617607135839, 24.770388977613841 ], [ 76.941845832737997, 24.770279069975366 ], [ 76.942067437520294, 24.770158397048636 ], [ 76.942281815165316, 24.770027290644308 ], [ 76.942488375856499, 24.769886109830772 ], [ 76.94268655413714, 24.769735245526373 ], [ 76.942875804104347, 24.769575108711756 ], [ 76.943055606204382, 24.769406141333445 ], [ 76.944813892371812, 24.767677160013033 ], [ 76.946299996940226, 24.766488046042575 ], [ 76.946995755469473, 24.765817579340563 ], [ 76.947040399321978, 24.765752066982753 ], [ 76.947088988138816, 24.765688936825079 ], [ 76.947141368249248, 24.765628387840415 ], [ 76.947197375222302, 24.765570608962271 ], [ 76.94725683483415, 24.765515780900241 ], [ 76.947319559123386, 24.765464075198445 ], [ 76.947385355280517, 24.765415655225755 ], [ 76.947454012866245, 24.765370669728853 ], [ 76.947525318528633, 24.765329262910875 ], [ 76.950124174070382, 24.764867843182238 ], [ 76.950455690959885, 24.764576758164843 ], [ 76.951996392691001, 24.764084045517613 ], [ 76.953062278139797, 24.763749889356156 ], [ 76.953856579034607, 24.76336699309164 ], [ 76.955136458603022, 24.762279891989042 ], [ 76.955302915286111, 24.761425075247921 ], [ 76.9546836283576, 24.760164422480354 ], [ 76.95295553619691, 24.760330472125364 ], [ 76.952237498613542, 24.760154639749814 ], [ 76.948293002622407, 24.759110461945426 ], [ 76.945498191424548, 24.758235543287654 ], [ 76.943823979875589, 24.757711399537904 ], [ 76.942724419248265, 24.756354342853893 ], [ 76.94170939304685, 24.755263531159962 ], [ 76.939441502325892, 24.752870738931506 ], [ 76.937309481982382, 24.750053255562271 ], [ 76.936248945778999, 24.748411286056164 ], [ 76.934411216517859, 24.745827479762287 ], [ 76.934154947180701, 24.745501981221881 ], [ 76.933883843593279, 24.745186666769531 ], [ 76.933598389641759, 24.744882097415946 ], [ 76.933299094086209, 24.744588819967326 ], [ 76.932986493644179, 24.744307357123173 ], [ 76.93266114601569, 24.744038211923105 ], [ 76.93232363089335, 24.743781865951377 ], [ 76.931974556915961, 24.743538776697356 ], [ 76.931614542860643, 24.743309379176029 ], [ 76.931061423215183, 24.743026012968411 ], [ 76.930483414089736, 24.7427876505492 ], [ 76.929884898935839, 24.74259610063072 ], [ 76.929270409766801, 24.742452810416157 ], [ 76.928644604384402, 24.742358869898133 ], [ 76.928012225165986, 24.742314987073719 ], [ 76.927378062399953, 24.742321496616356 ], [ 76.926746923770466, 24.742378350545096 ], [ 76.92612358892525, 24.742485115967813 ], [ 76.92562954525917, 24.742504730911733 ], [ 76.925135571579091, 24.74248367013184 ], [ 76.924645677220141, 24.742422100897016 ], [ 76.924458961253876, 24.742382741424962 ], [ 76.923245572264349, 24.742359208190514 ], [ 76.923026489036843, 24.742354957683116 ], [ 76.922441312212769, 24.742343604686877 ], [ 76.922342046060095, 24.74234167842566 ], [ 76.92143207238594, 24.742698980963588 ], [ 76.920430620735388, 24.743159233113044 ], [ 76.919309923627978, 24.743522629023577 ], [ 76.918792852178129, 24.743855343462243 ], [ 76.918513902230984, 24.743677508414347 ], [ 76.91759848498539, 24.743269439605143 ], [ 76.915630135932247, 24.742672870227022 ], [ 76.916382380376135, 24.741133282126281 ], [ 76.916452021501996, 24.740990748191074 ], [ 76.916483688747988, 24.739148773463455 ], [ 76.916467274009221, 24.739105266769034 ], [ 76.915976558424944, 24.737804672829256 ], [ 76.913536047208368, 24.736332291620521 ], [ 76.913167000512274, 24.736109908861906 ], [ 76.912809240550274, 24.735872640143349 ], [ 76.912463489404473, 24.735620962393941 ], [ 76.912130439118101, 24.735355382045995 ], [ 76.911810759615662, 24.735076434210583 ], [ 76.911505093824317, 24.734784677209269 ], [ 76.911214055609733, 24.734480699777023 ], [ 76.910938231851574, 24.734165112954649 ], [ 76.910678176500582, 24.733838550931345 ], [ 76.910417388148147, 24.733537652938569 ], [ 76.910146363965296, 24.733244396459185 ], [ 76.909865374371023, 24.732959072239495 ], [ 76.909790534427117, 24.73288772632527 ], [ 76.909292287043471, 24.733559816129823 ], [ 76.909268728792142, 24.733675732233216 ], [ 76.909126840964362, 24.734373882857266 ], [ 76.908356452848039, 24.736323548434001 ], [ 76.908426632094447, 24.736655590144117 ], [ 76.908666637265327, 24.737877766468099 ], [ 76.908885511702024, 24.738763345241427 ], [ 76.90900673097444, 24.739095571418709 ], [ 76.909728111065249, 24.741068272280845 ], [ 76.909185541777305, 24.740946541865274 ], [ 76.907237058088924, 24.740671766794879 ], [ 76.905372584799281, 24.740688797662827 ], [ 76.903531824106494, 24.740741733354696 ], [ 76.901440729070174, 24.741289728980206 ], [ 76.900226817463718, 24.741479345952595 ], [ 76.89915598895773, 24.742018944300046 ], [ 76.897143383059003, 24.741726144618688 ], [ 76.897102253192202, 24.74172016104168 ], [ 76.896488437911344, 24.741630855045241 ], [ 76.896070219577112, 24.742085183965028 ], [ 76.895487052122533, 24.742796189463746 ], [ 76.894845045288449, 24.743463575179319 ], [ 76.894148088968791, 24.744083293471874 ], [ 76.893400417980857, 24.744651580180793 ], [ 76.892803527144864, 24.745037607494222 ], [ 76.892606568193912, 24.74516498400228 ], [ 76.891771358389647, 24.745620393418569 ], [ 76.890899857571213, 24.746015039997751 ], [ 76.889997354910861, 24.746346527908351 ], [ 76.889069332856948, 24.746612847207665 ], [ 76.888478531354167, 24.746677982346597 ], [ 76.88788560951491, 24.746724334911274 ], [ 76.887291282248995, 24.746751850774828 ], [ 76.886696266213619, 24.746760494803983 ], [ 76.886101280712126, 24.746750258092867 ], [ 76.885507045781054, 24.746721152525033 ], [ 76.884914274256474, 24.746673212498411 ], [ 76.884323686581581, 24.746606496882634 ], [ 76.883735993040446, 24.746521086128073 ], [ 76.883602105577921, 24.746483752532853 ], [ 76.882869857875747, 24.746279565141482 ], [ 76.88200924298944, 24.746022121409158 ], [ 76.881154497464976, 24.745748857950797 ], [ 76.880305972230261, 24.745459887745763 ], [ 76.879464011213571, 24.745155329126586 ], [ 76.878628959264333, 24.744835304957117 ], [ 76.877801157153257, 24.744499947096301 ], [ 76.876980939660953, 24.744149390959645 ], [ 76.876168645398465, 24.743783781038399 ], [ 76.875424012164743, 24.743520234822626 ], [ 76.873427357430018, 24.742813540509975 ], [ 76.873578308390933, 24.743667166805114 ], [ 76.87092019930536, 24.743611673461007 ], [ 76.869450159686821, 24.743484111034643 ], [ 76.866806621448305, 24.743082151221376 ], [ 76.864178489005013, 24.742690050838362 ], [ 76.864178591385212, 24.74264900941694 ], [ 76.86251581064306, 24.742396176808434 ], [ 76.860462531085005, 24.742172636062314 ], [ 76.859065709885087, 24.742095645317715 ], [ 76.857466135789835, 24.742204653800595 ], [ 76.856649691106767, 24.742331868436509 ], [ 76.856160657093341, 24.742458085819038 ], [ 76.854331079105265, 24.743313850837062 ], [ 76.85330952072816, 24.743822779844727 ], [ 76.851798586362662, 24.74495843926983 ], [ 76.851321507497175, 24.745380826303538 ], [ 76.850237073472442, 24.746500287348471 ], [ 76.849948204373462, 24.746930933947986 ], [ 76.84906804001713, 24.748887978666062 ], [ 76.848715517644393, 24.750110329720975 ], [ 76.848615739895024, 24.751384045924137 ], [ 76.848587561984317, 24.75203207260224 ], [ 76.848651063228047, 24.752386666005755 ], [ 76.849066287528572, 24.754705247649277 ], [ 76.84987920910315, 24.754554533633378 ], [ 76.849900276175433, 24.754552354538063 ], [ 76.850290390691086, 24.754512004454682 ], [ 76.850578627605088, 24.75444945675509 ], [ 76.8513001013403, 24.754222851089004 ], [ 76.852711778074578, 24.753806768709577 ], [ 76.853399384409968, 24.75357511035789 ], [ 76.854708233153588, 24.752934642905227 ], [ 76.854904338919297, 24.752815207616557 ], [ 76.855351859938438, 24.75302089266933 ], [ 76.855828791690243, 24.753473345393616 ], [ 76.856094692080973, 24.754352653704657 ], [ 76.856066093115103, 24.754742097966673 ], [ 76.855979415074657, 24.755347460442749 ], [ 76.85613913203558, 24.755861563553406 ], [ 76.856279354401465, 24.756036242156746 ], [ 76.856354493142163, 24.756354592519237 ], [ 76.856502626971306, 24.756529354245249 ], [ 76.857388913946266, 24.757644365401109 ], [ 76.85764055149636, 24.757960938333703 ], [ 76.858837818672811, 24.758384788783484 ], [ 76.860707559741613, 24.758692718333666 ], [ 76.862810927075998, 24.759734262765651 ], [ 76.862854409678036, 24.761645943986043 ], [ 76.862915071848917, 24.76431286934854 ], [ 76.860223492545686, 24.764912118515106 ], [ 76.857141734627461, 24.765952549075244 ], [ 76.856825617718812, 24.766150593099471 ], [ 76.856812188171702, 24.766159650883484 ], [ 76.853013180092276, 24.768721937710421 ], [ 76.849756257389515, 24.76960689853853 ], [ 76.84831100490203, 24.76999939548169 ], [ 76.846445763633582, 24.770353196207566 ], [ 76.846016052983217, 24.770674060633201 ], [ 76.844614737225399, 24.771921288916079 ], [ 76.842024219951625, 24.773789541614359 ], [ 76.841721046848917, 24.774008189104332 ], [ 76.841522419015234, 24.774136168334628 ], [ 76.841300225806279, 24.7742793307245 ], [ 76.841272912317052, 24.774296930128511 ], [ 76.838357112190366, 24.776365882854545 ], [ 76.837231105696148, 24.777369489261204 ], [ 76.835538782428017, 24.778730443794668 ], [ 76.834316018610991, 24.780069919398176 ], [ 76.833115352631353, 24.78143805823408 ], [ 76.832136662518636, 24.783167598339741 ], [ 76.830962743272849, 24.785237472935847 ], [ 76.829414810939369, 24.787603753323886 ], [ 76.829050530573269, 24.788075423625955 ], [ 76.828125474815863, 24.78900028336977 ], [ 76.826600489979683, 24.790604141355082 ], [ 76.825408170003982, 24.791969165207274 ], [ 76.824918044430305, 24.792514684394089 ], [ 76.823612862460863, 24.793939574540957 ], [ 76.823277272729683, 24.794210505098384 ], [ 76.822138980658551, 24.795107664402337 ], [ 76.820804137711391, 24.796019881305028 ], [ 76.818348016257175, 24.79771673204726 ], [ 76.816841988530086, 24.798552681180912 ], [ 76.81506761862704, 24.799117590854777 ], [ 76.814465594008823, 24.799472383216138 ], [ 76.814306776542736, 24.799543901096815 ], [ 76.813224453711328, 24.800215367211162 ], [ 76.811728886100212, 24.801307473566972 ], [ 76.810535892888694, 24.802257281967449 ], [ 76.809705467025196, 24.802874116121608 ], [ 76.808330955185426, 24.803670859330374 ], [ 76.807448419879705, 24.804262668072237 ], [ 76.805623784008645, 24.805667484554409 ], [ 76.804155788669178, 24.806820973544333 ], [ 76.803459532217119, 24.807597797663316 ], [ 76.80318080699638, 24.80809024948865 ], [ 76.801957368855511, 24.810108491610269 ], [ 76.802262120669113, 24.811990581256943 ], [ 76.802397244974898, 24.813477292939993 ], [ 76.802383856143422, 24.815319897174071 ], [ 76.802341769579598, 24.815855159837906 ], [ 76.802349479052424, 24.817277587012001 ], [ 76.802502671667966, 24.818259260011434 ], [ 76.802516337229136, 24.818370838898367 ], [ 76.80252428581548, 24.818482878925806 ], [ 76.802526500808469, 24.81859513428801 ], [ 76.802522978403502, 24.818707362929189 ], [ 76.802513724747627, 24.818819318385174 ], [ 76.802498760769112, 24.818930758865903 ], [ 76.802478118302361, 24.819041440892281 ], [ 76.80245184398666, 24.819151123853629 ], [ 76.80241999135211, 24.819259569922206 ], [ 76.802391478500297, 24.819325306710009 ], [ 76.801960543423405, 24.820318836830978 ], [ 76.801010543028852, 24.822313786836396 ], [ 76.799881948084419, 24.824012592675896 ], [ 76.801476032141181, 24.824069554972194 ], [ 76.801637041213951, 24.824103495890391 ], [ 76.802123938217193, 24.824206131514462 ], [ 76.802588497255428, 24.824304058880312 ], [ 76.802963055412604, 24.824411788402177 ], [ 76.803155267778934, 24.82450116250525 ], [ 76.80385531797134, 24.824826666478138 ], [ 76.805066283026378, 24.82511825758213 ], [ 76.805638055008956, 24.825265539281371 ], [ 76.806717412596029, 24.825298570298223 ], [ 76.808371641959411, 24.825283619595893 ], [ 76.80915455910808, 24.825276537152856 ], [ 76.810281240373428, 24.825299828010269 ], [ 76.811775420326072, 24.825522207774753 ], [ 76.811851792745955, 24.825545289428124 ], [ 76.811927757339404, 24.825569460247753 ], [ 76.812003297300663, 24.825594719150843 ], [ 76.812078394950888, 24.825621056014903 ], [ 76.812153028584021, 24.825648466092471 ], [ 76.812227181475549, 24.825676941980511 ], [ 76.812300835888379, 24.825706478071133 ], [ 76.81237397315401, 24.825737064231298 ], [ 76.812446574545888, 24.825768694842694 ], [ 76.812622730697797, 24.825870372040459 ], [ 76.812796018210875, 24.8259760729159 ], [ 76.812966329101002, 24.826085731301816 ], [ 76.813133553438831, 24.82619927830131 ], [ 76.813297585332492, 24.826316638739701 ], [ 76.813458318842265, 24.826437741054317 ], [ 76.813615652100722, 24.826562504695666 ], [ 76.813769486137303, 24.82669085456406 ], [ 76.813919723097413, 24.826822705638037 ], [ 76.81410205422668, 24.826966685331023 ], [ 76.81428616260456, 24.827108768516585 ], [ 76.814472026707378, 24.827248935993534 ], [ 76.814659624010019, 24.82738716945309 ], [ 76.814848928029548, 24.827523450544088 ], [ 76.815039914249752, 24.827657761839564 ], [ 76.815232559143467, 24.827790085923112 ], [ 76.815426838170467, 24.827920407173803 ], [ 76.815622723845337, 24.828048708132826 ], [ 76.815976922281237, 24.828218822743317 ], [ 76.817477789397486, 24.829162680557406 ], [ 76.820207847258999, 24.830792308865178 ], [ 76.820415085646715, 24.830908799545167 ], [ 76.821715454676081, 24.831672391079721 ], [ 76.82241370640638, 24.832070161947115 ], [ 76.822443352531735, 24.832083433221683 ], [ 76.822470321611107, 24.832100824515546 ], [ 76.82249392957479, 24.832121895073275 ], [ 76.822513581589249, 24.832146112980976 ], [ 76.822528779821866, 24.83217286698854 ], [ 76.822539141077357, 24.832201480243128 ], [ 76.822544404447058, 24.832231231140756 ], [ 76.82254443411604, 24.832261365998495 ], [ 76.822539231901956, 24.832291124473393 ], [ 76.822612436722366, 24.833035764230811 ], [ 76.822664520811514, 24.833267202495087 ], [ 76.822735103218719, 24.833494522385084 ], [ 76.82282380001476, 24.83371649345213 ], [ 76.82293013284864, 24.833931916744092 ], [ 76.823053525965506, 24.834139625677494 ], [ 76.823193312991762, 24.834338496947215 ], [ 76.823348738831271, 24.834527456868877 ], [ 76.823518960642005, 24.834705482293838 ], [ 76.823703059580922, 24.834871610668806 ], [ 76.824676658674619, 24.835390476851039 ], [ 76.825837251596568, 24.835684660107795 ], [ 76.829109154077429, 24.83629317263112 ], [ 76.83056866694352, 24.836581099735628 ], [ 76.831899562294282, 24.836561762292661 ], [ 76.832907821789306, 24.836513937292505 ], [ 76.835132922368345, 24.835934277028684 ], [ 76.838812775070295, 24.835018615718703 ], [ 76.840135081276316, 24.834680301545664 ], [ 76.840289393941106, 24.834638481852846 ], [ 76.840446792663698, 24.834607705404871 ], [ 76.840606333054367, 24.834588158195817 ], [ 76.840767055786245, 24.834579955628534 ], [ 76.840927989482807, 24.834583148866447 ], [ 76.841088168606333, 24.83459771870104 ], [ 76.841246626507584, 24.834623577284461 ], [ 76.841402412267925, 24.834660566500915 ], [ 76.84155458662616, 24.834708466953767 ], [ 76.842294428107309, 24.834967969178734 ], [ 76.844531785007248, 24.836033690605532 ], [ 76.845232440696577, 24.836299054470366 ], [ 76.845374617083181, 24.836343491197258 ], [ 76.845517853829918, 24.836384995903732 ], [ 76.845662077936041, 24.836423549758223 ], [ 76.845807215445177, 24.836459131209946 ], [ 76.845953195323389, 24.836491722351358 ], [ 76.846099941555025, 24.836521307932006 ], [ 76.84624737912479, 24.836547871809156 ], [ 76.846395435951607, 24.836571400580258 ], [ 76.846544034972425, 24.836591883499903 ], [ 76.848909634328251, 24.83682115499991 ], [ 76.849643872143005, 24.836979689634294 ], [ 76.851285148336885, 24.837434077436846 ], [ 76.851474113538501, 24.837465080775718 ], [ 76.851664714883739, 24.83748615120248 ], [ 76.851856326788024, 24.837497218945082 ], [ 76.852048319287249, 24.837498247601431 ], [ 76.852240060006196, 24.837489235063483 ], [ 76.852430919140659, 24.837470210860069 ], [ 76.852620271448529, 24.8374412352746 ], [ 76.852807492224471, 24.83740240472137 ], [ 76.852991966251423, 24.837353848226869 ], [ 76.854274646663967, 24.837108598639698 ], [ 76.856625995717664, 24.837081398536974 ], [ 76.859318967988713, 24.837109495668855 ], [ 76.86164711104162, 24.837218786292485 ], [ 76.861735078004259, 24.837226608166709 ], [ 76.861822479041194, 24.837238618784561 ], [ 76.861909069109956, 24.837254788506282 ], [ 76.861994614243528, 24.837275072456134 ], [ 76.862078876674374, 24.837299413076426 ], [ 76.862161628619361, 24.837327745689461 ], [ 76.862242642452586, 24.837359992976928 ], [ 76.862321695652454, 24.837396065031072 ], [ 76.862398570745597, 24.837435863869715 ], [ 76.863486593688791, 24.838079239650153 ], [ 76.864036541467073, 24.838404434247316 ], [ 76.865499200386722, 24.838995579421614 ], [ 76.866856202250219, 24.839301127500136 ], [ 76.868643565732512, 24.839461666815641 ], [ 76.870648475965893, 24.839250714370504 ], [ 76.871331467525863, 24.838975034923227 ], [ 76.872346651414034, 24.838565266403609 ], [ 76.872780052605179, 24.838340193200711 ], [ 76.8744395085061, 24.83751336496492 ], [ 76.875549119457148, 24.83711281659086 ], [ 76.875542298519775, 24.836903017524335 ], [ 76.875487518415895, 24.835218066426158 ], [ 76.873364678697001, 24.833940839489681 ], [ 76.872754287676287, 24.833606542306622 ], [ 76.872222847199438, 24.833317863762591 ], [ 76.871870611530127, 24.830755613442797 ], [ 76.87262256535827, 24.827999391125793 ], [ 76.872922185972982, 24.827244677701611 ], [ 76.873692818765875, 24.825309772646982 ], [ 76.874402183926449, 24.823299784784247 ], [ 76.874170830903381, 24.818577524794243 ], [ 76.874509997535768, 24.81828869222025 ], [ 76.882624783261747, 24.81672006160926 ], [ 76.886149027945251, 24.815795163016819 ], [ 76.890268201390441, 24.814714006707469 ], [ 76.894198685170551, 24.81370278741419 ], [ 76.894210087852429, 24.813595385483779 ], [ 76.894403911487075, 24.811769660344559 ], [ 76.894595933067635, 24.809960869235713 ], [ 76.898918144093557, 24.80978118377562 ], [ 76.900360411312903, 24.809980959514846 ], [ 76.900424283958728, 24.811731907149763 ], [ 76.905525945212759, 24.810847179824705 ], [ 76.905644672505645, 24.814123624586689 ], [ 76.90555267924988, 24.815379106412809 ], [ 76.905887225258326, 24.817706276217816 ], [ 76.905890814789075, 24.818904880133427 ], [ 76.905311295199539, 24.820845596047779 ], [ 76.905559586395384, 24.821407898084079 ], [ 76.906181423374747, 24.822722784854797 ], [ 76.907590120123174, 24.824721392008449 ], [ 76.908387399209246, 24.826631265490715 ], [ 76.909291929904541, 24.828177589713995 ], [ 76.910985343891795, 24.829715610447529 ], [ 76.913250751098914, 24.831226032681673 ], [ 76.915539129213684, 24.832884348988777 ], [ 76.91715830183368, 24.833156873512014 ], [ 76.91724311121655, 24.83178778565026 ], [ 76.919896256521454, 24.831748858325454 ], [ 76.919524435890636, 24.828298788080925 ], [ 76.919278891488148, 24.826020339592365 ], [ 76.919207809528046, 24.824855681761445 ], [ 76.919031174771703, 24.821961493656371 ], [ 76.919019601594101, 24.820295197502855 ], [ 76.91880381025355, 24.818956794240407 ], [ 76.91870364247012, 24.818335501955801 ], [ 76.918621542170058, 24.815990985672084 ], [ 76.920853282575322, 24.815515150251141 ], [ 76.922140254816441, 24.812036682676581 ], [ 76.924353714638016, 24.811875192740118 ], [ 76.927105286929617, 24.807731333087379 ], [ 76.927789361638446, 24.80546686104239 ], [ 76.927820686002946, 24.802810340177544 ], [ 76.927847720634944, 24.800517255484387 ], [ 76.930964693705533, 24.801629717273986 ], [ 76.932646906833639, 24.801802685085111 ], [ 76.93415014162494, 24.80511901194739 ], [ 76.934653682916604, 24.808292442523328 ], [ 76.934110617954673, 24.809752255866893 ], [ 76.934293143058227, 24.812427871949144 ], [ 76.935059571425882, 24.81333910912733 ], [ 76.934931496224721, 24.81506750512715 ], [ 76.936685859135025, 24.81521231550839 ], [ 76.937211637260077, 24.81486918887547 ], [ 76.938236597501501, 24.815424446932784 ], [ 76.939317395815749, 24.817789517272402 ], [ 76.940493351128822, 24.820887777102172 ], [ 76.939976303777911, 24.822360097209874 ], [ 76.93951490382679, 24.823673917592767 ], [ 76.938995255144505, 24.824944512495449 ], [ 76.938874645276613, 24.826362821616115 ], [ 76.937998866548185, 24.827284722935879 ], [ 76.937780279209889, 24.830064601575685 ], [ 76.938680295639713, 24.830825043435958 ], [ 76.938733328863975, 24.832477328037889 ], [ 76.938772261096972, 24.833297627278903 ], [ 76.938758016764936, 24.833860784719835 ], [ 76.938567461658735, 24.834103362626731 ], [ 76.937808509910852, 24.834010135959414 ], [ 76.936039767752604, 24.833792855200301 ], [ 76.934835858204465, 24.833577204790579 ], [ 76.933306006750598, 24.833439635660469 ], [ 76.931738031419371, 24.833408403693021 ], [ 76.931690478185132, 24.834658072092903 ], [ 76.931816088921181, 24.835620395378726 ], [ 76.931727277210214, 24.837033192709651 ], [ 76.932150830268242, 24.837102885189882 ], [ 76.933082096955175, 24.836754949693226 ], [ 76.933060738044233, 24.837451245225132 ], [ 76.933476626358271, 24.837660137956895 ], [ 76.933291904721671, 24.838910165650624 ], [ 76.933136343606265, 24.839356928327678 ], [ 76.930755875800131, 24.840611403696009 ], [ 76.929625254239951, 24.841175016704923 ], [ 76.927496364650125, 24.841368515253663 ], [ 76.927003906032823, 24.841413271895927 ], [ 76.926313171421569, 24.841588839646302 ], [ 76.926298055907978, 24.841592681358961 ], [ 76.925795169417938, 24.841720500931853 ], [ 76.924677227062872, 24.841982702739738 ], [ 76.923352605272669, 24.842504741559349 ], [ 76.922328089681216, 24.842748974906449 ], [ 76.921903177478129, 24.84382465731381 ], [ 76.920683721829477, 24.8440029957295 ], [ 76.919344117150231, 24.84405531237719 ], [ 76.919199149950273, 24.844035725025584 ], [ 76.918593451726935, 24.843953880465165 ], [ 76.91822609648537, 24.843668476559532 ], [ 76.917169735900842, 24.842923670244311 ], [ 76.91615053328762, 24.842030713288267 ], [ 76.915122878149504, 24.841736368863494 ], [ 76.913015529153085, 24.841263359472045 ], [ 76.911740141030492, 24.840920850033484 ], [ 76.90951797119618, 24.840532200402862 ], [ 76.907942454939445, 24.840506910322556 ], [ 76.906480430322432, 24.840323179030904 ], [ 76.90622006597124, 24.842239264735134 ], [ 76.906236435910472, 24.842271379751271 ], [ 76.906552047909244, 24.842890575801501 ], [ 76.90828662621395, 24.843327179411212 ], [ 76.908689887437347, 24.843411808724973 ], [ 76.909089586531749, 24.843509499092384 ], [ 76.909485216428379, 24.84362012622633 ], [ 76.909876275207552, 24.843743548738257 ], [ 76.910262264064457, 24.843879612632524 ], [ 76.910642695333976, 24.844028142356649 ], [ 76.911017083486044, 24.844188948837637 ], [ 76.911384953030236, 24.844361830464624 ], [ 76.911745837624395, 24.84454656495187 ], [ 76.912050533014522, 24.844711856873257 ], [ 76.912355622535102, 24.844876542597817 ], [ 76.912661106194534, 24.845040621220111 ], [ 76.912966980053724, 24.845204090891723 ], [ 76.913273246078177, 24.845366952533119 ], [ 76.913579901329285, 24.845529203403053 ], [ 76.913886943814305, 24.845690844381988 ], [ 76.914194371584045, 24.845851872738717 ], [ 76.914502184624837, 24.846012289373668 ], [ 76.914833831045797, 24.846192063809344 ], [ 76.915177695111268, 24.846351592553223 ], [ 76.915532290584352, 24.846490186896503 ], [ 76.915896088528086, 24.846607249824746 ], [ 76.916267522267418, 24.84670227516634 ], [ 76.916644988273049, 24.846774856633534 ], [ 76.917026863107878, 24.84682467806012 ], [ 76.917411496362703, 24.846851525071177 ], [ 76.917797232441956, 24.846855284399883 ], [ 76.91814760910745, 24.846872732585041 ], [ 76.918492259253966, 24.846883629468813 ], [ 76.918849157780272, 24.846888542713245 ], [ 76.919200052663982, 24.846886896452617 ], [ 76.919550840096619, 24.846878885271948 ], [ 76.919901384419504, 24.846864510520181 ], [ 76.920251547962309, 24.846843776236447 ], [ 76.920601188009172, 24.846816694538322 ], [ 76.920950169837141, 24.846783271303345 ], [ 76.921349157099556, 24.846740362513891 ], [ 76.921748780729004, 24.846702705844432 ], [ 76.922148958543573, 24.846670308597265 ], [ 76.922549605425488, 24.846643175337142 ], [ 76.922950639182389, 24.846621314271019 ], [ 76.923351977687176, 24.846604728189146 ], [ 76.923753534821998, 24.846593422551948 ], [ 76.924155230460769, 24.84658739836517 ], [ 76.924556977528638, 24.846586658372331 ], [ 76.924790011214128, 24.84656405088684 ], [ 76.925024310550086, 24.846559774437981 ], [ 76.925258147221484, 24.846573863245915 ], [ 76.925489795589925, 24.846606210689043 ], [ 76.925717548404293, 24.846656579394644 ], [ 76.925939722788286, 24.846724596782504 ], [ 76.926154680932171, 24.846809762495049 ], [ 76.926236515400788, 24.846850127942339 ], [ 76.926360835059, 24.846911446639638 ], [ 76.926556667094928, 24.847028899917415 ], [ 76.926908665897216, 24.847237705229482 ], [ 76.927260913476601, 24.847446167256802 ], [ 76.927613406895347, 24.847654283259175 ], [ 76.9279661441619, 24.847862054117908 ], [ 76.92831912627517, 24.848069478938161 ], [ 76.928672355212797, 24.848276557737861 ], [ 76.929025827025725, 24.848483289572744 ], [ 76.92937954170155, 24.848689675344062 ], [ 76.929733502196754, 24.848895715982472 ], [ 76.929935042853771, 24.848987794088902 ], [ 76.930129545925553, 24.849091715213881 ], [ 76.93031617655268, 24.849207029477789 ], [ 76.930494132018168, 24.849333246685468 ], [ 76.930662652805339, 24.849469821985906 ], [ 76.930821013507583, 24.849616171133757 ], [ 76.930968533789439, 24.849771664275924 ], [ 76.93110458024718, 24.849935635903215 ], [ 76.931228573358027, 24.850107383112583 ], [ 76.931317003930019, 24.850228495452779 ], [ 76.931401202625537, 24.850352091559202 ], [ 76.931426419161838, 24.850391851623531 ], [ 76.931481088754126, 24.850478048721797 ], [ 76.931556580656235, 24.850606242414578 ], [ 76.931627604620431, 24.850736545481009 ], [ 76.931694087967003, 24.850868827162351 ], [ 76.931755965932155, 24.851002956778064 ], [ 76.931813177752815, 24.851138800074953 ], [ 76.931865665655465, 24.851276221022932 ], [ 76.93192430098712, 24.851543544785233 ], [ 76.931993725735595, 24.8518087090523 ], [ 76.932073844359948, 24.85207134892466 ], [ 76.932164548332736, 24.852331109305347 ], [ 76.93226571234301, 24.852587631316108 ], [ 76.932377200060955, 24.852840566804311 ], [ 76.932498857307195, 24.853089570147063 ], [ 76.932630519947878, 24.853334300136407 ], [ 76.932772006945413, 24.853574421716289 ], [ 76.932850187834987, 24.853811879701421 ], [ 76.93295136456058, 24.854041993823056 ], [ 76.933074729926304, 24.854262911047869 ], [ 76.933219286712742, 24.854472858626533 ], [ 76.933383876329771, 24.854670147992806 ], [ 76.933567172703604, 24.85485318915417 ], [ 76.933767703756132, 24.855020515290512 ], [ 76.933983858385673, 24.855170778310509 ], [ 76.934213894136562, 24.855302769701417 ], [ 76.934446816456244, 24.855433855622831 ], [ 76.934685779904243, 24.855555552302832 ], [ 76.934930330928452, 24.85566762763802 ], [ 76.935180003836393, 24.855769871080504 ], [ 76.93543432584066, 24.855862085560471 ], [ 76.935692812003566, 24.855944096466789 ], [ 76.935954971218464, 24.856015748094634 ], [ 76.936220303230755, 24.856076904518762 ], [ 76.936488306544618, 24.856127450575769 ], [ 76.936890355106598, 24.856266842743118 ], [ 76.936801960244495, 24.855104466791328 ], [ 76.936634150691802, 24.852909198249126 ], [ 76.93688342766194, 24.850424550159396 ], [ 76.936892639787601, 24.850332737544612 ], [ 76.936992365792179, 24.847855129926756 ], [ 76.937107962865795, 24.845398224312486 ], [ 76.937144278369701, 24.844965935199966 ], [ 76.937280527547728, 24.843344018454001 ], [ 76.939425542863646, 24.84307451797671 ], [ 76.939529233271671, 24.841336603702544 ], [ 76.939897749375547, 24.840588978734328 ], [ 76.942893227013585, 24.840083404290333 ], [ 76.94264787415419, 24.837660316566367 ], [ 76.94206704399376, 24.837586877491042 ], [ 76.942769516799956, 24.834813935029299 ], [ 76.940794710093385, 24.83428213500359 ], [ 76.940999852756121, 24.833381417638648 ], [ 76.941386857138028, 24.831324143303988 ], [ 76.942718290713401, 24.831314588881742 ], [ 76.943309788534222, 24.830121019657938 ], [ 76.943551436374037, 24.828513878808387 ], [ 76.943447392770196, 24.826979458207269 ], [ 76.944308726651315, 24.826755940064299 ], [ 76.944910006603408, 24.827008364882055 ], [ 76.944927240086983, 24.828241052298154 ], [ 76.946397036828387, 24.82900952673123 ], [ 76.946871644016483, 24.829217196898661 ], [ 76.947136144413804, 24.828364284109462 ], [ 76.948491752263337, 24.8280296007384 ], [ 76.948584758688014, 24.826884994910824 ], [ 76.948582609204536, 24.826058698842854 ], [ 76.949355403202617, 24.825965204381383 ], [ 76.950146005551744, 24.826655926172521 ], [ 76.951532112945344, 24.827798893470646 ], [ 76.954043633353251, 24.827348738282012 ], [ 76.954928452793851, 24.827957152481833 ], [ 76.955925659993909, 24.827067110236648 ], [ 76.955815585558128, 24.824717354433034 ], [ 76.955707847605979, 24.822386026522455 ], [ 76.953539858835825, 24.82140216091139 ], [ 76.95378426853658, 24.819102911661236 ], [ 76.954236835946645, 24.815001034386505 ], [ 76.954708583266452, 24.81362385070215 ], [ 76.957723765842715, 24.813533609615437 ], [ 76.961032379612035, 24.813913364777964 ], [ 76.964858592747134, 24.814326690077994 ], [ 76.968567227450521, 24.815389341198944 ], [ 76.970064632417134, 24.816942842315804 ], [ 76.970255579697991, 24.812808002370691 ], [ 76.971495437391226, 24.812636542929056 ], [ 76.971629106929669, 24.81063673900681 ], [ 76.974498499778107, 24.810043538194144 ], [ 76.974895979556919, 24.811797169547077 ], [ 76.975593230019768, 24.811810368288228 ], [ 76.977026619125652, 24.814056340455558 ], [ 76.979239725165911, 24.816906837986132 ], [ 76.979490874350034, 24.819279947831049 ], [ 76.979671055530204, 24.821124050076392 ], [ 76.979443364946249, 24.822081428274373 ], [ 76.980399424492859, 24.826444819943458 ], [ 76.980348487856546, 24.827211907018164 ], [ 76.980268321969376, 24.828419138328595 ], [ 76.979415969903201, 24.831115003115602 ], [ 76.983881616488432, 24.83170821482501 ], [ 76.985301663230658, 24.832032269073292 ], [ 76.985732940495154, 24.833377081857964 ], [ 76.985834476514256, 24.833655638478145 ], [ 76.986142122545232, 24.834457187708278 ], [ 76.986323861890099, 24.835458915316259 ], [ 76.986692802906717, 24.837492435254461 ], [ 76.987729783279505, 24.838998133392046 ], [ 76.987892712380514, 24.839817521302553 ], [ 76.986781733785463, 24.840076710093051 ], [ 76.986037041593988, 24.842557598541209 ], [ 76.985854175182808, 24.844077195177999 ], [ 76.982667125433267, 24.844649435832515 ], [ 76.981588712103402, 24.844507033712866 ], [ 76.981118381830342, 24.844855881742149 ], [ 76.980421773159847, 24.845833987022665 ], [ 76.979702958452236, 24.846652088712194 ], [ 76.978023345772684, 24.848738349120012 ], [ 76.977519291343185, 24.849380562434671 ], [ 76.977405245485926, 24.84981565014867 ], [ 76.979848585694882, 24.851321303344864 ], [ 76.9822302059913, 24.853129076437821 ], [ 76.985199923110102, 24.852314994759627 ], [ 76.985748970295774, 24.852287180537758 ], [ 76.986232008508964, 24.852262708496834 ], [ 76.987107404291478, 24.851142754813452 ], [ 76.990037004611736, 24.850858698931464 ], [ 76.989819182976532, 24.852803170740536 ], [ 76.991475308236758, 24.853871433820022 ], [ 76.992632856667583, 24.853264144787371 ], [ 76.993700146972529, 24.852359495921885 ], [ 76.994163406634414, 24.850420638913945 ], [ 76.994659578798334, 24.849136251456496 ], [ 76.994070373295315, 24.846919206462381 ], [ 76.9930828281814, 24.845887414718845 ], [ 76.991543800090113, 24.844405252275848 ], [ 76.99195601524336, 24.843503056215425 ], [ 76.992155785949095, 24.843156291441264 ], [ 76.992691425212342, 24.842375491251818 ], [ 76.993131290769014, 24.841941725415651 ], [ 76.994202946435763, 24.84179419209562 ], [ 76.995192365153571, 24.841955098849656 ], [ 76.997629693573984, 24.843772660377187 ], [ 76.998160548644464, 24.844055377396533 ], [ 76.999961906472649, 24.841923079555254 ], [ 77.000029640008265, 24.841883022174802 ], [ 77.00106672241921, 24.841269677883602 ], [ 77.001702380133153, 24.840476034522283 ], [ 77.003241289692539, 24.839750288852755 ], [ 77.004782751613774, 24.840666275610609 ], [ 77.005474305235154, 24.841001193669722 ], [ 77.005919503753447, 24.84116071461953 ], [ 77.006287553544183, 24.841480507453731 ], [ 77.006796156491703, 24.842137019341056 ], [ 77.008053540768671, 24.842275577947007 ], [ 77.009144422955941, 24.841852344523719 ], [ 77.009796393365534, 24.842110851606634 ], [ 77.010474988935798, 24.842496437675283 ], [ 77.011234318469135, 24.843012162610407 ], [ 77.011673108914849, 24.842608514856735 ], [ 77.011663970714537, 24.841494080363912 ], [ 77.010509085179649, 24.840859751888345 ], [ 77.009448490607511, 24.839781639119501 ], [ 77.009382311922138, 24.838407611070778 ], [ 77.009145126616517, 24.837396876819749 ], [ 77.008591766201477, 24.835941611910787 ], [ 77.007511520801458, 24.836601147408885 ], [ 77.006807838554138, 24.835801886746999 ], [ 77.006191439026367, 24.83564921352172 ], [ 77.004273835657017, 24.835174232555953 ], [ 77.003947223359702, 24.834142673420502 ], [ 77.00386994321687, 24.833363729944956 ], [ 77.003731055604391, 24.832368331684645 ], [ 77.003113252032733, 24.830171168097262 ], [ 77.002671862340335, 24.829323095714383 ], [ 77.002288054276633, 24.827962527731874 ], [ 77.000976772141428, 24.825798315239869 ], [ 77.00408358063892, 24.825641224650784 ], [ 77.006198373765272, 24.828141095192137 ], [ 77.008209790396847, 24.830103583534207 ], [ 77.010415946780824, 24.829021690739037 ], [ 77.011520699655691, 24.830740093885524 ], [ 77.012061162650724, 24.83086568327619 ], [ 77.012196794108519, 24.831144129020146 ], [ 77.012741778871572, 24.832097350310509 ], [ 77.013769538296799, 24.832962618749207 ], [ 77.013797612473297, 24.83338857826627 ], [ 77.013851074175165, 24.83387049604757 ], [ 77.014220464955983, 24.834728376356271 ], [ 77.015141134394582, 24.835595362193011 ], [ 77.015634191393588, 24.835622648211562 ], [ 77.016073684810209, 24.837203702131021 ], [ 77.016515821606319, 24.837356479971579 ], [ 77.016642316545116, 24.838223145512828 ], [ 77.016802613295965, 24.838717195675081 ], [ 77.017222394494425, 24.839767359394965 ], [ 77.0177965929403, 24.840849273696961 ], [ 77.018510909003851, 24.841808036249361 ], [ 77.018935752597173, 24.842732469018497 ], [ 77.020142509382737, 24.842819248330901 ], [ 77.021405373982873, 24.843083680337767 ], [ 77.022364686474049, 24.843767223638793 ], [ 77.023844891758841, 24.843564467408793 ], [ 77.025636361762352, 24.843319054845338 ], [ 77.029365952120202, 24.842817124778332 ], [ 77.030817679074289, 24.842597817293615 ], [ 77.032813944460045, 24.841381325717315 ], [ 77.034942356679835, 24.842042998978023 ], [ 77.032931553710895, 24.846137773553767 ], [ 77.029792923023905, 24.847075941435758 ], [ 77.028080951990972, 24.847587630571891 ], [ 77.026466877650904, 24.846518318246819 ], [ 77.025435975872483, 24.846968638246171 ], [ 77.023999743547719, 24.847922136353489 ], [ 77.024577128263061, 24.848202094486538 ], [ 77.025657723778011, 24.848612508859677 ], [ 77.028449625921454, 24.849838060833754 ], [ 77.029497113689729, 24.850575371161124 ], [ 77.029918318798323, 24.850871846041962 ], [ 77.030202241850304, 24.852356254498599 ], [ 77.029536733203457, 24.853000693566806 ], [ 77.028150477785857, 24.853564816534117 ], [ 77.028143117412512, 24.851749326486352 ], [ 77.025871737898171, 24.85206351780235 ], [ 77.025359754484015, 24.854817301940304 ], [ 77.024790339556915, 24.858841680305765 ], [ 77.024347426586317, 24.860384548056842 ], [ 77.024257345148641, 24.860698334319185 ], [ 77.024193098028888, 24.860932409598988 ], [ 77.024003572700892, 24.861622916829045 ], [ 77.025183684369239, 24.861728921759262 ], [ 77.02526588356298, 24.86246676566056 ], [ 77.025104801751453, 24.863588593984929 ], [ 77.024677579199093, 24.866563781499444 ], [ 77.024561873699739, 24.868257328789756 ], [ 77.023462453532517, 24.868287143616161 ], [ 77.022471425391771, 24.870655839742781 ], [ 77.02119995274029, 24.870938015007237 ], [ 77.019711508745019, 24.870728728796177 ], [ 77.016861450040452, 24.870612099324479 ], [ 77.016091275500401, 24.870506214645939 ], [ 77.014229153250554, 24.87025018888081 ], [ 77.01298978624709, 24.870710028907919 ], [ 77.011120454948056, 24.869547552636366 ], [ 77.010952864842395, 24.868329722968102 ], [ 77.010652463381163, 24.868169917671366 ], [ 77.010573937726292, 24.868139252527637 ], [ 77.010493979526458, 24.8681118430361 ], [ 77.010412750539402, 24.868087740387555 ], [ 77.010330416481551, 24.868066995810644 ], [ 77.010247142181242, 24.868049651494871 ], [ 77.010163096527833, 24.868035740637517 ], [ 77.010078452400066, 24.868025293764557 ], [ 77.009993376880828, 24.868018328704395 ], [ 77.00990804398127, 24.868014863351224 ], [ 77.009797488443709, 24.868004510849044 ], [ 77.009689219895861, 24.867981626876432 ], [ 77.009584936892082, 24.867946572426185 ], [ 77.009486277446925, 24.867899896670433 ], [ 77.009394790380611, 24.867842332174376 ], [ 77.009311910695772, 24.867774783826079 ], [ 77.009238937985245, 24.86769831237628 ], [ 77.009177020830748, 24.867614113519132 ], [ 77.009127129130292, 24.867523514017531 ], [ 77.009099368430086, 24.867494613561728 ], [ 77.009067526575478, 24.867469459474137 ], [ 77.009032206003639, 24.867448524328498 ], [ 77.008994072355009, 24.867432206338464 ], [ 77.008953846729241, 24.867420813931858 ], [ 77.008912286951301, 24.867414559252964 ], [ 77.008870181582012, 24.867413562621486 ], [ 77.008828324286426, 24.867417843260224 ], [ 77.008787503936759, 24.867427319201575 ], [ 77.008703263374557, 24.867419919684206 ], [ 77.008620315233287, 24.867404603185975 ], [ 77.008539549518559, 24.867381537046555 ], [ 77.00846183556871, 24.867350965174829 ], [ 77.008388008064259, 24.867313219657401 ], [ 77.008318860293187, 24.867268703535341 ], [ 77.008255134181084, 24.86721789703213 ], [ 77.00819751747521, 24.867161343979983 ], [ 77.008146624907752, 24.867099654351147 ], [ 77.008094053660813, 24.867067737257344 ], [ 77.008038702892634, 24.867040008640078 ], [ 77.007980971258576, 24.867016666421165 ], [ 77.007921276556345, 24.866997878901678 ], [ 77.007860048807828, 24.866983783793589 ], [ 77.007797729351552, 24.866974480986393 ], [ 77.007734770781369, 24.866970037965388 ], [ 77.007671625100201, 24.866970486990446 ], [ 77.007608749669146, 24.86697582424933 ], [ 77.007488598694579, 24.866966669134491 ], [ 77.007370749467796, 24.866943437530246 ], [ 77.007257173398855, 24.866906520124008 ], [ 77.007149772015808, 24.866856533624354 ], [ 77.007050343381692, 24.866794314121243 ], [ 77.006960552532291, 24.866720905065261 ], [ 77.006881901048274, 24.866637534402177 ], [ 77.006815706474512, 24.866545596314868 ], [ 77.006763076811964, 24.866446631113334 ], [ 77.00671723815293, 24.86640958436481 ], [ 77.00666680112046, 24.866377897360262 ], [ 77.006612514640977, 24.866352042257997 ], [ 77.006555185059142, 24.866332403256305 ], [ 77.006495662353345, 24.866319270142444 ], [ 77.006434831217774, 24.866312839111227 ], [ 77.006373594309082, 24.86631320628593 ], [ 77.006312859410471, 24.866320364887276 ], [ 77.006253531483736, 24.866334207868132 ], [ 77.006118104345447, 24.866339022653015 ], [ 77.005982775323346, 24.866332314833031 ], [ 77.005848718799157, 24.86631414066024 ], [ 77.005717098065901, 24.86628466104403 ], [ 77.005589057572251, 24.866244127028651 ], [ 77.005465710859397, 24.86619289593402 ], [ 77.005348125959301, 24.866131409543286 ], [ 77.005237327250143, 24.866060204956923 ], [ 77.005134273875527, 24.865979897229408 ], [ 77.004939075552329, 24.865832908450379 ], [ 77.004727885997625, 24.86570564158102 ], [ 77.004503089307093, 24.865599530626188 ], [ 77.00426722363423, 24.865515777157029 ], [ 77.004022949809467, 24.865455324730991 ], [ 77.003773026643302, 24.865418855048599 ], [ 77.003520271435008, 24.865406779454588 ], [ 77.003267538257163, 24.865419234217963 ], [ 77.003017680352897, 24.865456080177303 ], [ 77.002822527653578, 24.865514136141879 ], [ 77.002628314708218, 24.865574754675606 ], [ 77.002435080250393, 24.865637923505272 ], [ 77.002242865952383, 24.865703633095009 ], [ 77.002051711589417, 24.865771866666606 ], [ 77.001861655916414, 24.865842610141456 ], [ 77.001672739657849, 24.865915850362892 ], [ 77.00148500160013, 24.865991570543901 ], [ 77.001298481488774, 24.866069756615815 ], [ 77.001172856414783, 24.86610837568568 ], [ 77.001045183965431, 24.866140932680285 ], [ 77.00091581463623, 24.866167335190937 ], [ 77.000785105625894, 24.866187510741689 ], [ 77.000653416907781, 24.866201404042673 ], [ 77.000521111239919, 24.866208976087432 ], [ 77.000388552154433, 24.866210206842737 ], [ 77.000256102998307, 24.86620509253056 ], [ 77.000048065285426, 24.866199097540186 ], [ 77.000039323093276, 24.870692169812074 ], [ 77.000030191186895, 24.874625828260918 ], [ 76.999944553527669, 24.878782678673968 ], [ 76.99995839339104, 24.882289944496438 ], [ 76.999962754091428, 24.883395084727656 ], [ 76.999977373562714, 24.88636431710508 ], [ 76.999984152373187, 24.88774095596877 ], [ 77.000030286439724, 24.888793495439071 ], [ 76.999817284296185, 24.888739710141547 ], [ 76.999657085483946, 24.888727332085757 ], [ 76.999579212298187, 24.888721657219321 ], [ 76.999501268840277, 24.888716848605924 ], [ 76.999423267018884, 24.888712903649278 ], [ 76.999345218660125, 24.88870982697701 ], [ 76.999267135662478, 24.888707616895822 ], [ 76.99918902792362, 24.888706273499615 ], [ 76.999110909280603, 24.888705798725908 ], [ 76.999032789662152, 24.888706189959773 ], [ 76.998954679935423, 24.888707449110459 ], [ 76.998728094591783, 24.888714465210818 ], [ 76.998501451075853, 24.888719725720936 ], [ 76.998274767185393, 24.888723233519162 ], [ 76.998048058789735, 24.888724986950471 ], [ 76.99782134272759, 24.88872498617518 ], [ 76.997594633878393, 24.888723229528853 ], [ 76.997367951040061, 24.888719718996878 ], [ 76.997141307081122, 24.888714455605214 ], [ 76.996914721841037, 24.888707436833869 ], [ 76.996852440014635, 24.888712426202048 ], [ 76.996790007940604, 24.888715489643317 ], [ 76.996727497949692, 24.88871662242741 ], [ 76.996664980361928, 24.88871582251415 ], [ 76.99660253038499, 24.888713093328661 ], [ 76.996540217317857, 24.888708435530603 ], [ 76.996478113356972, 24.888701856129057 ], [ 76.996416288718919, 24.888693362114157 ], [ 76.996354813599524, 24.888682962282221 ], [ 76.996207754626639, 24.88862772334641 ], [ 76.996061375089994, 24.888571002456658 ], [ 76.995915693709549, 24.888512807921032 ], [ 76.9957707262664, 24.8884531453105 ], [ 76.995660923739877, 24.888406613223001 ], [ 76.995626492459877, 24.888392023845682 ], [ 76.995483009060735, 24.888329449106973 ], [ 76.995340293808866, 24.888265428490381 ], [ 76.995198364402697, 24.888199973003726 ], [ 76.995057235632714, 24.888133088208797 ], [ 76.994749930460543, 24.887982542302797 ], [ 76.994441121346583, 24.887834575107512 ], [ 76.994130839831726, 24.887689197750841 ], [ 76.993819108505605, 24.887546424887951 ], [ 76.993505954979526, 24.887406264900545 ], [ 76.993191405802023, 24.887268732481747 ], [ 76.992875484613435, 24.88713383687881 ], [ 76.99255822391136, 24.887001591938962 ], [ 76.992239645334763, 24.886872008696685 ], [ 76.991791535196413, 24.886729660201571 ], [ 76.991346368260182, 24.886579830277032 ], [ 76.990904293521993, 24.88642256823848 ], [ 76.990465457943344, 24.886257927898583 ], [ 76.990030012432186, 24.886085964012292 ], [ 76.989598104882361, 24.885906734919608 ], [ 76.9895596732282, 24.885890003556423 ], [ 76.989169878193536, 24.885720302526209 ], [ 76.988745475282983, 24.885526726933215 ], [ 76.988325044921311, 24.885326075523629 ], [ 76.98813779519638, 24.885214098215268 ], [ 76.987944631392097, 24.885110814925095 ], [ 76.987746038539413, 24.885016488554989 ], [ 76.987542515823648, 24.884931355954912 ], [ 76.987334573615144, 24.884855627894332 ], [ 76.987122734386958, 24.884789495393353 ], [ 76.986907529776701, 24.884733126985079 ], [ 76.986689500659821, 24.884686662395353 ], [ 76.986469193149063, 24.884650216116654 ], [ 76.986308316121637, 24.88464809360724 ], [ 76.98614764524271, 24.88464036657173 ], [ 76.985987416027655, 24.884627046300107 ], [ 76.985827860928282, 24.88460815218172 ], [ 76.985669214282041, 24.884583711752732 ], [ 76.985511706372421, 24.884553760639058 ], [ 76.985355568378424, 24.884518342603847 ], [ 76.985201025444979, 24.884477509481084 ], [ 76.98504830758219, 24.884431320376823 ], [ 76.984717761692366, 24.884348370068217 ], [ 76.984387572357832, 24.884264245749133 ], [ 76.984057743525781, 24.884178949266229 ], [ 76.983728283113365, 24.884092481601243 ], [ 76.983399193087806, 24.884004844581934 ], [ 76.983070480365825, 24.883916040083697 ], [ 76.982742150915911, 24.883826066360374 ], [ 76.982414206663393, 24.883734928851819 ], [ 76.982086654556113, 24.883642626724502 ], [ 76.981991114813113, 24.883628578437865 ], [ 76.981896994375404, 24.883608051490985 ], [ 76.981804820578404, 24.883581162035828 ], [ 76.98171510847034, 24.883548061327559 ], [ 76.981628360832829, 24.883508933918399 ], [ 76.981545064210607, 24.883463998522483 ], [ 76.981465684961947, 24.88341350707439 ], [ 76.981390664330121, 24.883357742875948 ], [ 76.981320426393609, 24.883297017962402 ], [ 76.98118945278928, 24.88319637971065 ], [ 76.981057396494421, 24.883096926613668 ], [ 76.980924269282454, 24.882998667812576 ], [ 76.980790087886575, 24.882901611593322 ], [ 76.980654861099822, 24.882805767971448 ], [ 76.980518604644374, 24.882711147029273 ], [ 76.980381331293302, 24.882617757014664 ], [ 76.980243053798901, 24.882525607981403 ], [ 76.980103786903371, 24.882434709099329 ], [ 76.979063866427623, 24.881679336216017 ], [ 76.978857833679243, 24.881990073607142 ], [ 76.976326690806403, 24.885807371033426 ], [ 76.977298866766461, 24.886179074368769 ], [ 76.978721700826554, 24.886575187440393 ], [ 76.979980998551227, 24.888465309870444 ], [ 76.980469838837266, 24.889199008358844 ], [ 76.98103179687466, 24.890042435855978 ], [ 76.982222323633295, 24.889655439561508 ], [ 76.982357300746756, 24.891289463589715 ], [ 76.982793701461148, 24.891503649296176 ], [ 76.983387020168436, 24.892221114911617 ], [ 76.984178738173711, 24.89324959580906 ], [ 76.984609785359112, 24.893676982904445 ], [ 76.985260088532726, 24.893583889043985 ], [ 76.985627567512822, 24.893817481974285 ], [ 76.984162935399283, 24.896097519845796 ], [ 76.983234206306108, 24.897543245794257 ], [ 76.980369886166287, 24.897582162517075 ], [ 76.978852422662058, 24.896248639951718 ], [ 76.978764692759427, 24.896183217102021 ], [ 76.977215778359877, 24.895028134574254 ], [ 76.975776912182539, 24.893332062522585 ], [ 76.974349807625131, 24.891361043703341 ], [ 76.971115687108551, 24.893277356177919 ], [ 76.970458645178724, 24.893583561587537 ], [ 76.967349699784435, 24.895032378985753 ], [ 76.967858536313443, 24.89614178598702 ], [ 76.969608623844891, 24.896508343098336 ], [ 76.970434451063213, 24.898759550785059 ], [ 76.970676863589617, 24.901328357580024 ], [ 76.97166655769864, 24.902902962139969 ], [ 76.971993624975639, 24.904190150221197 ], [ 76.97218427865127, 24.90525995030627 ], [ 76.972933290807433, 24.906609950340997 ], [ 76.97333796089103, 24.907687634707884 ], [ 76.973492070248497, 24.90939006851421 ], [ 76.973876981177796, 24.911697801543109 ], [ 76.974050061120337, 24.912735474770482 ], [ 76.974786063961972, 24.916202278372378 ], [ 76.974757252830855, 24.916211761083087 ], [ 76.97469062499772, 24.91622485790727 ], [ 76.97461217712015, 24.916236611295584 ], [ 76.974533691154036, 24.916248147535672 ], [ 76.974455166067557, 24.916259470229839 ], [ 76.97437660485258, 24.916270577600848 ], [ 76.974298008510161, 24.916281468755205 ], [ 76.974219377019764, 24.916292145498911 ], [ 76.974140708422425, 24.91630260600672 ], [ 76.974062006668703, 24.916312851219978 ], [ 76.973939090761192, 24.916339756542982 ], [ 76.973814692987162, 24.916360226562293 ], [ 76.973689216240686, 24.916374190218836 ], [ 76.97356307002191, 24.916381604514335 ], [ 76.973520693230725, 24.916381887005816 ], [ 76.97343666560144, 24.916382444530392 ], [ 76.973310414977476, 24.916376707933914 ], [ 76.973184728926441, 24.916364412249045 ], [ 76.973060015981304, 24.916345597556337 ], [ 76.972936683400093, 24.916320328308402 ], [ 76.972708904054997, 24.916294509845077 ], [ 76.972480028214079, 24.916278672029037 ], [ 76.972250584228377, 24.916272848870257 ], [ 76.972021097708833, 24.916277054487619 ], [ 76.971792095540252, 24.916291278632652 ], [ 76.971564103869952, 24.916315489379045 ], [ 76.971337644179428, 24.916349630375567 ], [ 76.971113239183808, 24.916393624515404 ], [ 76.970891401993356, 24.916447369315581 ], [ 76.970797039467271, 24.91646563284452 ], [ 76.970702078682933, 24.916481103625102 ], [ 76.970606618872765, 24.916493764557437 ], [ 76.970510759216609, 24.916503603056693 ], [ 76.970414601843871, 24.916510608372992 ], [ 76.970318246840449, 24.916514775155441 ], [ 76.97022179332329, 24.916516096237771 ], [ 76.970125343284892, 24.916514572609515 ], [ 76.970028997759314, 24.916510202542067 ], [ 76.969984908803326, 24.916510908113192 ], [ 76.969941152099096, 24.916515898366828 ], [ 76.969898229366109, 24.916525117665564 ], [ 76.969856631011368, 24.91653846149687 ], [ 76.969816829208881, 24.91655577550285 ], [ 76.969779280775555, 24.916576863635598 ], [ 76.969744414341633, 24.916601484420283 ], [ 76.969712628296648, 24.916629357256962 ], [ 76.969684282847183, 24.916660164149224 ], [ 76.969626335613285, 24.916741263980779 ], [ 76.969521626472755, 24.916847338656325 ], [ 76.969459131581857, 24.916913263279504 ], [ 76.969397076241336, 24.916979532598926 ], [ 76.969335466402825, 24.91704614576982 ], [ 76.969274299127605, 24.917113100055062 ], [ 76.969213581378582, 24.917180392813485 ], [ 76.969153315188933, 24.917248019550069 ], [ 76.969093500548297, 24.917315981168322 ], [ 76.969034139490006, 24.917384273173187 ], [ 76.968975237007101, 24.917452892001343 ], [ 76.968942263029263, 24.917543034465517 ], [ 76.968913540094334, 24.917634377745149 ], [ 76.968889118658083, 24.917726757070614 ], [ 76.968869044299836, 24.917820001302946 ], [ 76.968853353635197, 24.91791394373136 ], [ 76.968842074452979, 24.918008410334252 ], [ 76.968835227579618, 24.918103229731322 ], [ 76.968832825920373, 24.918198230464984 ], [ 76.968834873521871, 24.918293236475876 ], [ 76.968803627634713, 24.918409547761762 ], [ 76.968777505063471, 24.918526905785715 ], [ 76.968756548612077, 24.918645123127355 ], [ 76.968740789255747, 24.918764007735703 ], [ 76.968730255915986, 24.918883373860602 ], [ 76.968727087255004, 24.918955004633816 ], [ 76.968724964747864, 24.919003026597 ], [ 76.968724920930441, 24.919122778156989 ], [ 76.968730127725763, 24.919242435315223 ], [ 76.96874057550265, 24.919361806526737 ], [ 76.968766976695321, 24.919472458178976 ], [ 76.96878710257532, 24.919584202105924 ], [ 76.968800902124855, 24.919696741606085 ], [ 76.968808337198013, 24.919809780102341 ], [ 76.968809387514, 24.91992301757773 ], [ 76.968804050625735, 24.920036153284851 ], [ 76.968792340877357, 24.920148890250648 ], [ 76.968774290478677, 24.920260928062618 ], [ 76.968749945439512, 24.920371971859982 ], [ 76.968697301465795, 24.920476837406817 ], [ 76.968641307355668, 24.920580249856886 ], [ 76.968582008737314, 24.920682117535929 ], [ 76.968519458097077, 24.9207823551579 ], [ 76.968453708933112, 24.920880875640194 ], [ 76.968384817672657, 24.920977595540897 ], [ 76.968312842755552, 24.92107242872838 ], [ 76.968237847488965, 24.921165296342792 ], [ 76.968159897224325, 24.921256114125729 ], [ 76.968115200855976, 24.92135637511948 ], [ 76.968078695153963, 24.921459354463941 ], [ 76.968050574740531, 24.921564500473476 ], [ 76.968030992842003, 24.921671244803711 ], [ 76.968020055241482, 24.921779011423283 ], [ 76.968017820225512, 24.921887221128873 ], [ 76.968024299637108, 24.921995286136557 ], [ 76.968039458674568, 24.922102627238409 ], [ 76.96806321698655, 24.922208664782421 ], [ 76.968067389204151, 24.92241400167503 ], [ 76.968076520469936, 24.922619207040928 ], [ 76.968090610041699, 24.922824177019525 ], [ 76.968109647169555, 24.923028816683299 ], [ 76.968133625159282, 24.923233023015896 ], [ 76.968162532323333, 24.923436696564355 ], [ 76.968196353960934, 24.923639741458132 ], [ 76.96823507246387, 24.923842056379566 ], [ 76.968278671160903, 24.924043544535106 ], [ 76.968313428056973, 24.924196915967894 ], [ 76.968346376771933, 24.924350619313085 ], [ 76.968377510578705, 24.924504636444745 ], [ 76.968406827690643, 24.924658950188011 ], [ 76.968434324361723, 24.92481354154291 ], [ 76.968459996814232, 24.924968394218098 ], [ 76.968483844262124, 24.925123490145257 ], [ 76.96850586097888, 24.925278810304746 ], [ 76.968526045188113, 24.925434336618551 ], [ 76.968252653841432, 24.926082625462776 ], [ 76.968148926806663, 24.926236133094964 ], [ 76.968039998892991, 24.926386617183763 ], [ 76.967925978777387, 24.92653392976699 ], [ 76.967806977045313, 24.926677929222404 ], [ 76.967683109224751, 24.926818474878839 ], [ 76.9675544947643, 24.926955429715324 ], [ 76.96742125900316, 24.927088661283687 ], [ 76.967283532212505, 24.927218038989995 ], [ 76.967141447572871, 24.927343437687139 ], [ 76.965804224551363, 24.927836304048771 ], [ 76.963816696712954, 24.930431162200829 ], [ 76.962871291496469, 24.932548704557327 ], [ 76.966430919615405, 24.934890968433546 ], [ 76.96691140431318, 24.935316111638919 ], [ 76.966935048964245, 24.937000578139358 ], [ 76.966887101204762, 24.93786642252525 ], [ 76.966855553789856, 24.938436119082358 ], [ 76.965714519811499, 24.939802409616046 ], [ 76.964318533853856, 24.940160581519898 ], [ 76.963691002302369, 24.940290754398564 ], [ 76.963260622795829, 24.940205934326936 ], [ 76.960037896708272, 24.937725555653348 ], [ 76.959154958487844, 24.938502990198369 ], [ 76.960657527444454, 24.941359366190824 ], [ 76.963211813859459, 24.946214728789208 ], [ 76.964173483107786, 24.948040027759049 ], [ 76.966025725137257, 24.948072719730845 ], [ 76.966126925432334, 24.950775320478648 ], [ 76.96628859443662, 24.951683804223535 ], [ 76.967059199714996, 24.952653368832102 ], [ 76.968112101358926, 24.953569193227231 ], [ 76.968784923169636, 24.954173776811359 ], [ 76.968917360176221, 24.955015445782578 ], [ 76.968429074836024, 24.956296839734019 ], [ 76.968227125497577, 24.956826800226917 ], [ 76.966907783796913, 24.95905751281008 ], [ 76.965727340072846, 24.959096720183982 ], [ 76.962926635959406, 24.959506750948311 ], [ 76.959345061857547, 24.960052259309084 ], [ 76.958819196818482, 24.962490269947885 ], [ 76.958324726900031, 24.964020253910586 ], [ 76.957729792504068, 24.965363468950773 ], [ 76.956947215232319, 24.967130285730494 ], [ 76.952318119240232, 24.966762698448623 ], [ 76.952063606357513, 24.969432808107687 ], [ 76.951662864566813, 24.969797578191933 ], [ 76.951529081684257, 24.969902495128274 ], [ 76.951393643426087, 24.970005631056349 ], [ 76.951256572866669, 24.970106961816192 ], [ 76.951117902954124, 24.970206466054307 ], [ 76.950977660672208, 24.970304124164652 ], [ 76.950835876999349, 24.97039991387145 ], [ 76.950692581891673, 24.970493815598054 ], [ 76.950547805316262, 24.970585808865064 ], [ 76.950465679520974, 24.970636393265607 ], [ 76.950401577208439, 24.970675875901883 ], [ 76.950273071982892, 24.970771244960638 ], [ 76.950143721941117, 24.970865657361848 ], [ 76.950013532090836, 24.970959108637487 ], [ 76.94988251243565, 24.971051590756321 ], [ 76.949750672947033, 24.971143098396194 ], [ 76.949618019655759, 24.971233624389907 ], [ 76.949484563502651, 24.971323165230988 ], [ 76.949350312510504, 24.971411712868882 ], [ 76.949215275649863, 24.971499262874605 ], [ 76.948985881664271, 24.971619920648557 ], [ 76.948754414642877, 24.971737243371255 ], [ 76.948520931427566, 24.971851200890097 ], [ 76.94828549378164, 24.971961765810594 ], [ 76.948048159538885, 24.972068907990661 ], [ 76.947808987470921, 24.972172601813043 ], [ 76.947568039353897, 24.97227281898126 ], [ 76.947325376889566, 24.972369537519938 ], [ 76.947081057850156, 24.972462732705971 ], [ 76.946825791121668, 24.972545591302527 ], [ 76.94668454731368, 24.972589309838174 ], [ 76.946569211643094, 24.972625010268928 ], [ 76.94631137514348, 24.972700970282339 ], [ 76.946052337277067, 24.972773458340903 ], [ 76.945792155733599, 24.972842456948033 ], [ 76.945530884229939, 24.972907949471235 ], [ 76.945268584354508, 24.97296992387157 ], [ 76.945005309782104, 24.973028367129256 ], [ 76.944741116190428, 24.973083264438351 ], [ 76.944550054926765, 24.973112599185217 ], [ 76.944359994294558, 24.973146919443874 ], [ 76.944171092141431, 24.973186196074767 ], [ 76.943983504356055, 24.973230398113607 ], [ 76.943797384910937, 24.973279489159619 ], [ 76.943612887833225, 24.973333428297977 ], [ 76.943430165223319, 24.973392170080178 ], [ 76.943249367212189, 24.973455668135927 ], [ 76.943070642036645, 24.973523868852375 ], [ 76.942855041141016, 24.973596567202648 ], [ 76.942635301961204, 24.973658112096473 ], [ 76.942412117411422, 24.973708308095325 ], [ 76.942186190843714, 24.97374699869955 ], [ 76.941958237102284, 24.973774060940837 ], [ 76.941728976525013, 24.973789409838083 ], [ 76.941499131012407, 24.973792995649447 ], [ 76.941269427945841, 24.973784807523391 ], [ 76.941040591271062, 24.973764873410286 ], [ 76.940492175391711, 24.973419986336957 ], [ 76.940386424978215, 24.973310734764301 ], [ 76.940278072354857, 24.973203623750514 ], [ 76.940167167440009, 24.973098704356445 ], [ 76.94005376511511, 24.972996026789261 ], [ 76.939937920271817, 24.972895640353045 ], [ 76.939819688780929, 24.972797595264851 ], [ 76.939699126566509, 24.972701937226812 ], [ 76.9395762915548, 24.972608710155033 ], [ 76.939451244589122, 24.972517962509752 ], [ 76.939325611073528, 24.972444900776392 ], [ 76.939204146610948, 24.972366198274173 ], [ 76.939087155960593, 24.972282053099345 ], [ 76.938974931841003, 24.972192675872115 ], [ 76.938867757890577, 24.972098290668509 ], [ 76.938765898783643, 24.971999133116555 ], [ 76.938669614066043, 24.971895453242162 ], [ 76.938579141369189, 24.971787510787301 ], [ 76.938494711269001, 24.971675575357402 ], [ 76.938419231478491, 24.971571001101889 ], [ 76.938349050509942, 24.971463405422014 ], [ 76.938284312326118, 24.971353010101122 ], [ 76.938225151886371, 24.971240044057119 ], [ 76.938171690215853, 24.971124741487362 ], [ 76.938124038367576, 24.97100734190817 ], [ 76.938082296464586, 24.97088808743564 ], [ 76.93804654970539, 24.970767225455656 ], [ 76.938016873360084, 24.970645005060785 ], [ 76.938025113069344, 24.970518033719983 ], [ 76.938022770648445, 24.970390860635931 ], [ 76.938009858231823, 24.970264213795414 ], [ 76.937986450348788, 24.970138822705955 ], [ 76.93795268400892, 24.97001541117201 ], [ 76.937908750884532, 24.969894688186979 ], [ 76.937854904254621, 24.969777347099342 ], [ 76.937791456032386, 24.96966406558305 ], [ 76.937718767989736, 24.969555493811292 ], [ 76.937373917825809, 24.969057276796523 ], [ 76.937125524601512, 24.968786813785002 ], [ 76.937014175986107, 24.968699657303709 ], [ 76.936895064040414, 24.968621492093785 ], [ 76.936769061606341, 24.968552892128269 ], [ 76.93663708798033, 24.968494356889725 ], [ 76.936500110851881, 24.968446315002431 ], [ 76.936359131510869, 24.968409118667619 ], [ 76.936215179928354, 24.96838304090566 ], [ 76.936069311850758, 24.96836827010938 ], [ 76.935922591897167, 24.968364915294536 ], [ 76.935701157258038, 24.968357855052123 ], [ 76.93547967519703, 24.968352193750089 ], [ 76.935258154621678, 24.968347931476497 ], [ 76.935036607443521, 24.96834506564036 ], [ 76.934815043517403, 24.968343599951574 ], [ 76.934593473753452, 24.968343532712328 ], [ 76.934371910020062, 24.968344864943472 ], [ 76.934150360223214, 24.968347597626714 ], [ 76.933928837286771, 24.968351726375143 ], [ 76.933794425785194, 24.968351496530186 ], [ 76.933660015459722, 24.968350838525911 ], [ 76.933525608292882, 24.968349752382174 ], [ 76.93339120626716, 24.968348238118732 ], [ 76.933256812344737, 24.968346296668212 ], [ 76.933122424567628, 24.968343926205112 ], [ 76.932988047868264, 24.968341128584719 ], [ 76.932853682248066, 24.968337903807235 ], [ 76.932719330712601, 24.968334249193362 ], [ 76.932647935760315, 24.968295709309125 ], [ 76.932578999717975, 24.968253616892703 ], [ 76.932512734062101, 24.968208098677952 ], [ 76.93244934414075, 24.968159296689638 ], [ 76.932389025308581, 24.968107360077713 ], [ 76.932331961860726, 24.968052451427667 ], [ 76.932278335076205, 24.967994736907269 ], [ 76.932228304267468, 24.967934396914124 ], [ 76.932182027679559, 24.967871618156511 ], [ 76.932109956221055, 24.967859933639648 ], [ 76.932037142452558, 24.967853063111214 ], [ 76.931963972235152, 24.967851047443339 ], [ 76.931890835825328, 24.967853891430622 ], [ 76.931818121650224, 24.96786158720715 ], [ 76.931746214640881, 24.967874088041508 ], [ 76.931675496952153, 24.967891330920313 ], [ 76.931606346155249, 24.967913222081151 ], [ 76.931539128184895, 24.967939646875958 ], [ 76.931429971491198, 24.967977770462696 ], [ 76.93131782086644, 24.968007814239641 ], [ 76.931203392934947, 24.968029583969468 ], [ 76.931087421480626, 24.968042941578027 ], [ 76.930970650555892, 24.968047801473148 ], [ 76.930853825554891, 24.968044131358777 ], [ 76.930737698133143, 24.968031954993233 ], [ 76.930623011359302, 24.968011351137942 ], [ 76.930510498723891, 24.96798245354735 ], [ 76.930401112024626, 24.967945860522835 ], [ 76.930290651653166, 24.967912058887052 ], [ 76.930179198480772, 24.967881078342767 ], [ 76.930066842401956, 24.967852939652449 ], [ 76.929953669316092, 24.967827666248084 ], [ 76.929839767157574, 24.96780527706699 ], [ 76.929725226843075, 24.96778579017332 ], [ 76.929610134368872, 24.967769220873354 ], [ 76.929494579747455, 24.967755579998325 ], [ 76.929322827723524, 24.967735346070508 ], [ 76.929150095963564, 24.967724012620874 ], [ 76.928976934826707, 24.967721614042247 ], [ 76.92880390389044, 24.96772815953662 ], [ 76.928631557157914, 24.967743627548789 ], [ 76.928460448958575, 24.967767969437812 ], [ 76.92829112606789, 24.967801105785657 ], [ 76.928124135588632, 24.967842930088533 ], [ 76.927960011073068, 24.967893309520665 ], [ 76.92787178936095, 24.967951502537954 ], [ 76.927779728585946, 24.968004522324076 ], [ 76.927684190889138, 24.968052159372821 ], [ 76.927585556995069, 24.968094224232157 ], [ 76.927484214281407, 24.96813055099673 ], [ 76.927380566695064, 24.968160996504306 ], [ 76.927275023877613, 24.968185438421134 ], [ 76.927168003070165, 24.96820378158219 ], [ 76.927059929178114, 24.96821595257358 ], [ 76.926899655693646, 24.968206018977657 ], [ 76.926739042083597, 24.968203188859416 ], [ 76.926578468658306, 24.968207468732558 ], [ 76.92641831192897, 24.968218851528604 ], [ 76.926258948689764, 24.968237306703966 ], [ 76.926100757846939, 24.968262792901285 ], [ 76.925944110611724, 24.968295249723404 ], [ 76.925789376410933, 24.968334600501844 ], [ 76.925636919926944, 24.968380751364219 ], [ 76.925565766450333, 24.968410721826871 ], [ 76.925497035849659, 24.968445070156239 ], [ 76.925431053999375, 24.968483636166841 ], [ 76.925368129195647, 24.968526238726941 ], [ 76.925308558110572, 24.968572674915563 ], [ 76.925252623702505, 24.968622729031893 ], [ 76.92520058939229, 24.968676162603185 ], [ 76.925152696962613, 24.968732724297244 ], [ 76.925109175494683, 24.968792148205715 ], [ 76.925023688185817, 24.968883276915552 ], [ 76.924928067171408, 24.968965613918506 ], [ 76.924823393610467, 24.969038228142864 ], [ 76.924710851362349, 24.969100298817615 ], [ 76.924591714990527, 24.969151124383657 ], [ 76.924467331876983, 24.96919012683075 ], [ 76.924339107133676, 24.969216870511097 ], [ 76.924208491888166, 24.969231047573906 ], [ 76.924076964188842, 24.969232500350238 ], [ 76.923888407748379, 24.969241712741418 ], [ 76.923702142784919, 24.969269962608877 ], [ 76.923520470889784, 24.969316893760215 ], [ 76.923345640818226, 24.969381931847838 ], [ 76.923179820965657, 24.969464266933716 ], [ 76.923025057408751, 24.969562882867802 ], [ 76.922883268944659, 24.969676558139337 ], [ 76.922756209190666, 24.969803887167849 ], [ 76.922645450593961, 24.969943291879932 ], [ 76.922354236271161, 24.969947622216957 ], [ 76.922251575229012, 24.969952114727167 ], [ 76.922148804952741, 24.969950888828713 ], [ 76.922046307791035, 24.969943950166957 ], [ 76.921944467844398, 24.969931323370005 ], [ 76.921843661004544, 24.969913056463884 ], [ 76.921744265905033, 24.96988921646745 ], [ 76.921646650978175, 24.969859894680329 ], [ 76.921551180518321, 24.969825196810508 ], [ 76.921458209586859, 24.969785254662423 ], [ 76.921315065649424, 24.969728197680599 ], [ 76.92117365709251, 24.969667652340842 ], [ 76.921034085428346, 24.969603663014961 ], [ 76.920896453158889, 24.969536274084852 ], [ 76.920760858746675, 24.969465536213622 ], [ 76.920627399684818, 24.969391498248658 ], [ 76.92049617437965, 24.969314215368172 ], [ 76.920367277274451, 24.969233742710813 ], [ 76.920240801766496, 24.969150139920131 ], [ 76.920227968966429, 24.969098107862745 ], [ 76.920213024297709, 24.969046547642822 ], [ 76.920195987723318, 24.968995528995649 ], [ 76.92017688217777, 24.968945121686321 ], [ 76.920155734524982, 24.968895398228625 ], [ 76.920132575667324, 24.968846424855329 ], [ 76.920107435505443, 24.968798268692307 ], [ 76.920080347869444, 24.968750999613867 ], [ 76.92005135164014, 24.968704679417574 ], [ 76.91992656983453, 24.968609949716594 ], [ 76.919802464887084, 24.96851447989652 ], [ 76.919679045636769, 24.96841827636927 ], [ 76.919556316013384, 24.968321341885417 ], [ 76.919434280915368, 24.968223681011004 ], [ 76.919312948212706, 24.968125298342283 ], [ 76.919192318874423, 24.968026195696719 ], [ 76.919072401728087, 24.967926380389336 ], [ 76.918953199712718, 24.967825855160527 ], [ 76.91905003754826, 24.967732440318244 ], [ 76.919146573889705, 24.967642150554155 ], [ 76.919248402923515, 24.967549754754312 ], [ 76.919349882382193, 24.967460527792593 ], [ 76.919452862956405, 24.967372739968951 ], [ 76.919557316660431, 24.967286411769201 ], [ 76.919663220439787, 24.967201565534857 ], [ 76.919770549324554, 24.967118218169837 ], [ 76.919879275308034, 24.967036391965969 ], [ 76.919945708819967, 24.966953275365771 ], [ 76.920011635112431, 24.966869824017671 ], [ 76.920077054142169, 24.966786041534174 ], [ 76.920141962905248, 24.966701930594851 ], [ 76.920206360378771, 24.966617493899339 ], [ 76.920270244571256, 24.966532732331309 ], [ 76.920333612446044, 24.966447651279225 ], [ 76.920396464994155, 24.966362250753736 ], [ 76.920458796218327, 24.966276535210518 ], [ 76.920542555640267, 24.96618799077957 ], [ 76.920626102974438, 24.966099279808887 ], [ 76.920709435271093, 24.966010400463045 ], [ 76.920792552508516, 24.965921354548335 ], [ 76.920875454697736, 24.965832141162156 ], [ 76.9209581408155, 24.965742763003696 ], [ 76.921040611863432, 24.965653219180442 ], [ 76.921122864880914, 24.965563508759839 ], [ 76.92120490281782, 24.965473633578071 ], [ 76.921434162758516, 24.965246987350142 ], [ 76.923457355256048, 24.964902866280671 ], [ 76.923839761793488, 24.959698808186626 ], [ 76.922172327375833, 24.959074698548623 ], [ 76.9228831346595, 24.956339434108951 ], [ 76.923404519675898, 24.956149727407574 ], [ 76.924816010393201, 24.955827812042536 ], [ 76.926087859491929, 24.955663716137931 ], [ 76.927318590719779, 24.955616725607442 ], [ 76.927333333038888, 24.955050114761708 ], [ 76.928050555533105, 24.955050065623062 ], [ 76.929264704591333, 24.955322903512489 ], [ 76.929718280832816, 24.955287753441841 ], [ 76.930573085886763, 24.955419375404446 ], [ 76.93099686843162, 24.955484626938869 ], [ 76.932281363798296, 24.95555162082734 ], [ 76.933441891384916, 24.955650187150336 ], [ 76.933811130170966, 24.955653814486336 ], [ 76.934466633982211, 24.955844446762907 ], [ 76.934793026914193, 24.956053460717431 ], [ 76.935333838317817, 24.956067680294197 ], [ 76.935426136263672, 24.956060950336823 ], [ 76.935518727294593, 24.956061017860559 ], [ 76.935611014127403, 24.956067881440845 ], [ 76.935702395033942, 24.956081497166213 ], [ 76.935792274768232, 24.956101776038249 ], [ 76.935880073447763, 24.95612858676877 ], [ 76.935965217627938, 24.95616175659411 ], [ 76.936047157193627, 24.956201066927637 ], [ 76.936125357283927, 24.956246265921944 ], [ 76.936179460129622, 24.956329192679295 ], [ 76.936232957852269, 24.956412446632402 ], [ 76.936285847544426, 24.956496022334605 ], [ 76.936338126277064, 24.956579916145181 ], [ 76.936389793080323, 24.956664126248889 ], [ 76.936440844067107, 24.956748646286378 ], [ 76.936491278278382, 24.956833473539444 ], [ 76.936541091783724, 24.956918605260491 ], [ 76.936590285637351, 24.957004036042179 ], [ 76.936729667931886, 24.957092293863802 ], [ 76.936875063437995, 24.957172086425132 ], [ 76.937025849158047, 24.957243074288762 ], [ 76.937181387758343, 24.957304956708157 ], [ 76.937341019645487, 24.95735747154928 ], [ 76.937504062978064, 24.9574003943878 ], [ 76.937669828480935, 24.957433542269033 ], [ 76.937837610499386, 24.957456776328179 ], [ 76.938006695968156, 24.957469997364612 ], [ 76.938166363744955, 24.957548994850658 ], [ 76.938333319774912, 24.957614283819606 ], [ 76.938506148140817, 24.957665311063934 ], [ 76.938683389849004, 24.957701645770058 ], [ 76.938863543832738, 24.957722978626336 ], [ 76.939045086656165, 24.957729131049561 ], [ 76.93922648048418, 24.957720051652494 ], [ 76.939406191936115, 24.957695813721905 ], [ 76.939582699872545, 24.95765662703559 ], [ 76.939700106905192, 24.957634906167382 ], [ 76.939818062929575, 24.957615821266231 ], [ 76.939936496499314, 24.957599383362403 ], [ 76.940055338170552, 24.957585601700135 ], [ 76.940174515528099, 24.957574485494366 ], [ 76.94029395620008, 24.957566040348716 ], [ 76.940413587803704, 24.95756027276952 ], [ 76.940533339011495, 24.957557183855791 ], [ 76.94065313647188, 24.957556778298851 ], [ 76.940741862125165, 24.957531210641033 ], [ 76.940830843262731, 24.957506395001719 ], [ 76.940920073921731, 24.957482333127633 ], [ 76.941009545168001, 24.957459026735862 ], [ 76.9410992490578, 24.957436477553511 ], [ 76.941189179628324, 24.957414687327258 ], [ 76.94127932693344, 24.957393659570439 ], [ 76.941435400439573, 24.957382288385148 ], [ 76.941509004287937, 24.957092536042669 ], [ 76.940026170160252, 24.956216415359101 ], [ 76.939881522963233, 24.956046501425639 ], [ 76.939832591991063, 24.955322281248456 ], [ 76.939477455660068, 24.955156089782005 ], [ 76.938584558367737, 24.955164659634356 ], [ 76.938346530412304, 24.952159530472589 ], [ 76.938047260405838, 24.949998625252039 ], [ 76.938558112136121, 24.94993978864191 ], [ 76.938892564308532, 24.948680340676919 ], [ 76.938940499452514, 24.946831038421145 ], [ 76.938964203000751, 24.946447838840133 ], [ 76.94099620686643, 24.946224226499787 ], [ 76.941112710249627, 24.946614624920308 ], [ 76.942096586628452, 24.947614163948131 ], [ 76.942559058878402, 24.947868554665455 ], [ 76.943014133428377, 24.947830956625861 ], [ 76.944489323752776, 24.947250326183621 ], [ 76.945905353181558, 24.946143053640476 ], [ 76.947636301667387, 24.94618691829783 ], [ 76.948777577722439, 24.946125601037007 ], [ 76.949826785514048, 24.945686234058815 ], [ 76.949819841411951, 24.9456163921719 ], [ 76.949812107075545, 24.94554661926372 ], [ 76.949803584401238, 24.945476922577271 ], [ 76.949794275296313, 24.945407308452815 ], [ 76.949784179633738, 24.94533778772573 ], [ 76.94977330034321, 24.945268364037009 ], [ 76.949761635338234, 24.945199046396688 ], [ 76.949749188485413, 24.945129842970164 ], [ 76.949735960722919, 24.945060758282061 ], [ 76.949683432577373, 24.944913144373718 ], [ 76.94961658556916, 24.944770422221811 ], [ 76.949535960731041, 24.944633746738848 ], [ 76.949442208680196, 24.944504218826609 ], [ 76.94933608665626, 24.944382884444732 ], [ 76.9492184487559, 24.944270722775759 ], [ 76.949090247018731, 24.944168638108941 ], [ 76.948952513664679, 24.94407745424822 ], [ 76.948806362138086, 24.943997910008019 ], [ 76.948708291264808, 24.943932269788238 ], [ 76.948614529398697, 24.943861589520033 ], [ 76.948525385745398, 24.943786105249366 ], [ 76.948441159454575, 24.943706065566332 ], [ 76.948362126691634, 24.943621735992924 ], [ 76.948288551553134, 24.943533397284138 ], [ 76.94822067619539, 24.943441342621494 ], [ 76.948158728757349, 24.943345877691076 ], [ 76.94810291247758, 24.94324731967281 ], [ 76.948005008910187, 24.943127979919065 ], [ 76.94791034611913, 24.943006488445175 ], [ 76.947818983707577, 24.942882913574572 ], [ 76.947730971267333, 24.942757332562532 ], [ 76.947646367324026, 24.942629820946252 ], [ 76.947565219508675, 24.942500454155159 ], [ 76.947487578379864, 24.942369311259821 ], [ 76.947413489532934, 24.9422364721847 ], [ 76.947342998594735, 24.942102014145163 ], [ 76.947246593274002, 24.942000952291554 ], [ 76.947150935981696, 24.941899299929247 ], [ 76.947056033574583, 24.941797063448711 ], [ 76.946961887010147, 24.941694245569945 ], [ 76.946868504156939, 24.941590850887387 ], [ 76.946775886919809, 24.941486885742638 ], [ 76.94668404020679, 24.941382353797728 ], [ 76.946592966913045, 24.941277261404043 ], [ 76.946502671957276, 24.941171611320787 ], [ 76.946472701380003, 24.941103885548905 ], [ 76.94636026297583, 24.940849808619575 ], [ 76.94614043783271, 24.940410809605449 ], [ 76.946318194581792, 24.939872105899063 ], [ 76.946713388153043, 24.938783080086473 ], [ 76.946201439494374, 24.937492940114282 ], [ 76.943167412374734, 24.937415194605524 ], [ 76.941993054666455, 24.937379905696421 ], [ 76.940241384856449, 24.938097625917759 ], [ 76.938132161229305, 24.939217674865773 ], [ 76.936883009207278, 24.939843580032193 ], [ 76.935899642224683, 24.940506378159156 ], [ 76.933340287877002, 24.94156291968396 ], [ 76.932041281361691, 24.942162497220135 ], [ 76.930825235827797, 24.942438617631652 ], [ 76.927971883646876, 24.942502954873618 ], [ 76.927133303389624, 24.942521851737375 ], [ 76.927195373083421, 24.940648896593668 ], [ 76.927171630776414, 24.939335816388322 ], [ 76.927304483039421, 24.937063571945419 ], [ 76.927309680540219, 24.936631260416679 ], [ 76.927319276455421, 24.934740977733185 ], [ 76.927358482222772, 24.933672469398537 ], [ 76.927490786186212, 24.931458828703228 ], [ 76.927561588364384, 24.931051193776671 ], [ 76.927648166662692, 24.930427531760248 ], [ 76.927897622247102, 24.929440113718197 ], [ 76.927896706794826, 24.928419244568541 ], [ 76.928418737757568, 24.926680954529765 ], [ 76.928496060615544, 24.926442231035949 ], [ 76.928863571903349, 24.925307582500469 ], [ 76.929032610588862, 24.924956321483823 ], [ 76.929427012070221, 24.924410709635421 ], [ 76.929828568018351, 24.923911575404077 ], [ 76.930588799135094, 24.923129278436104 ], [ 76.931422056410966, 24.922415905875923 ], [ 76.933535141589914, 24.922630406827309 ], [ 76.933983879392585, 24.922675953848305 ], [ 76.935741783535633, 24.925270598678846 ], [ 76.937620514591927, 24.925354626254244 ], [ 76.938587733920144, 24.921681664189023 ], [ 76.936644336785108, 24.921525104086481 ], [ 76.935588647760738, 24.921440047927554 ], [ 76.934299392683513, 24.920336969969192 ], [ 76.934117450050522, 24.919418194266527 ], [ 76.933576456796857, 24.916686199068316 ], [ 76.93304402391513, 24.914312677953429 ], [ 76.932283597423719, 24.913445837949997 ], [ 76.931420017987534, 24.912259663095369 ], [ 76.930461456409645, 24.911329020707889 ], [ 76.92813255053747, 24.910033843779665 ], [ 76.926653345705915, 24.909355522226537 ], [ 76.925126567235054, 24.9088019311876 ], [ 76.924021040506261, 24.90806821054662 ], [ 76.921324017842153, 24.908447210319352 ], [ 76.921132434695338, 24.909676344475969 ], [ 76.922270912075618, 24.912508303508918 ], [ 76.921980673527898, 24.914298034329335 ], [ 76.920565711784761, 24.916461469538643 ], [ 76.92039308685348, 24.916802455908257 ], [ 76.918833379469547, 24.9168201114414 ], [ 76.916700457245724, 24.917920628400633 ], [ 76.914449866467336, 24.919126917522682 ], [ 76.913448522028517, 24.919514946543273 ], [ 76.911827130789092, 24.920184491141296 ], [ 76.909663873063906, 24.921072346197185 ], [ 76.906480072840793, 24.921146570215029 ], [ 76.906816016951311, 24.921465238188638 ], [ 76.908302838148217, 24.922381835561335 ], [ 76.910717378602527, 24.923644986609734 ], [ 76.910721739913527, 24.925189841547741 ], [ 76.910908345221472, 24.927605215693088 ], [ 76.910759017177611, 24.930255521644437 ], [ 76.909197423814945, 24.930721515687278 ], [ 76.906009100317831, 24.931672876938041 ], [ 76.901772973321883, 24.932876721581781 ], [ 76.901277311126037, 24.934139263891492 ], [ 76.897166531173951, 24.934660404364394 ], [ 76.897543737278184, 24.936290552471664 ], [ 76.898039317288493, 24.938432205545968 ], [ 76.897511056147977, 24.938599644691273 ], [ 76.896889585298453, 24.938760432931474 ], [ 76.896575723217325, 24.938789079101589 ], [ 76.896263588488466, 24.938830541179623 ], [ 76.895953807982295, 24.938884736168653 ], [ 76.895647006935135, 24.938951553065824 ], [ 76.895343803954205, 24.939030856423066 ], [ 76.895044810974312, 24.939122489959235 ], [ 76.894750630420774, 24.939226265693719 ], [ 76.894461853085502, 24.939341975664615 ], [ 76.894179063134771, 24.939469387464193 ], [ 76.894029512160543, 24.939531530606224 ], [ 76.893885704431611, 24.939604074931236 ], [ 76.893748510942103, 24.93968658234721 ], [ 76.893618758851119, 24.939778555618759 ], [ 76.893497230504209, 24.939879437452706 ], [ 76.893384661342267, 24.9399886195074 ], [ 76.893281731990186, 24.940105441407624 ], [ 76.893189063194413, 24.940229199723039 ], [ 76.89310721485468, 24.940359146151508 ], [ 76.89237188644104, 24.939937020967186 ], [ 76.892255091103294, 24.939872940302859 ], [ 76.89213995533801, 24.939806406689584 ], [ 76.892026543074053, 24.939737456907586 ], [ 76.891914914245419, 24.939666130405431 ], [ 76.891805128841057, 24.939592462117041 ], [ 76.891697246782826, 24.939516492393995 ], [ 76.891591323997417, 24.939438264256363 ], [ 76.891487420416809, 24.939357817152889 ], [ 76.891385588973534, 24.939275195879226 ], [ 76.891174086208878, 24.939226086379712 ], [ 76.890962270566249, 24.93917810941867 ], [ 76.890750149951572, 24.939131265978581 ], [ 76.890537731302743, 24.939085555226047 ], [ 76.890325024439534, 24.939040983581464 ], [ 76.890112033362243, 24.93899754747229 ], [ 76.889898766900146, 24.938955253308883 ], [ 76.889685231011867, 24.93891409934481 ], [ 76.88947143657407, 24.938874086593284 ], [ 76.889037481783404, 24.938807869368404 ], [ 76.888601671701196, 24.938752712284217 ], [ 76.88816434440551, 24.938708658522696 ], [ 76.887725840064149, 24.938675742260745 ], [ 76.887286498954381, 24.938653988649595 ], [ 76.8868466654136, 24.938643414758751 ], [ 76.886406677936662, 24.938644029474194 ], [ 76.885966880092013, 24.938655831804464 ], [ 76.885527615548298, 24.938678812635732 ], [ 76.884553815372186, 24.9388071186373 ], [ 76.884245631832798, 24.938832379052823 ], [ 76.883938344343179, 24.938865498240677 ], [ 76.883632193844036, 24.938906449785531 ], [ 76.883327422345388, 24.938955200963946 ], [ 76.883024265983508, 24.93901171357555 ], [ 76.882722962943546, 24.93907594402474 ], [ 76.882423752491832, 24.939147841504639 ], [ 76.882126867020204, 24.939227350624076 ], [ 76.881832538043838, 24.939314406954242 ], [ 76.881568594632597, 24.9394321705261 ], [ 76.881303405135782, 24.939547588197215 ], [ 76.88103699550382, 24.93966064487714 ], [ 76.88076939256581, 24.939771334515033 ], [ 76.880500620281055, 24.939879642903385 ], [ 76.880230704511348, 24.939985562175661 ], [ 76.879959671163562, 24.94008908085376 ], [ 76.879687547112823, 24.940190189275878 ], [ 76.879414354271702, 24.940288878632384 ], [ 76.879172463931994, 24.940397513365703 ], [ 76.878934411448611, 24.940512980919056 ], [ 76.878700428922372, 24.94063517172766 ], [ 76.878470745642872, 24.940763963556282 ], [ 76.87824558400456, 24.940899231390507 ], [ 76.878025166483411, 24.941040843896538 ], [ 76.877809703764967, 24.941188662395383 ], [ 76.877599410532824, 24.941342545541101 ], [ 76.877394488757346, 24.941502339214615 ], [ 76.877206831852732, 24.941763405172974 ], [ 76.87702095566047, 24.942025529568102 ], [ 76.876836866285302, 24.942288699827287 ], [ 76.876654573748695, 24.942552907030269 ], [ 76.876474083131939, 24.94281814130294 ], [ 76.876295401508372, 24.943084391888565 ], [ 76.876118535929152, 24.943351649836384 ], [ 76.875943493490496, 24.943619902583674 ], [ 76.87577028025359, 24.943889141169397 ], [ 76.875684031492341, 24.944077280795121 ], [ 76.875600154433087, 24.944266310008441 ], [ 76.875518658323259, 24.944456202721074 ], [ 76.875439554357584, 24.944646935573903 ], [ 76.875362852774344, 24.944838482488464 ], [ 76.875290047795005, 24.945026976739001 ], [ 76.87521669867732, 24.945223916005965 ], [ 76.875147265617258, 24.94541775315037 ], [ 76.875080271888748, 24.945612303613462 ], [ 76.874257192572557, 24.94601167986961 ], [ 76.874056434039261, 24.946126506474091 ], [ 76.8738586037896, 24.946245481906438 ], [ 76.873663804570626, 24.946368546737975 ], [ 76.873472137251269, 24.946495633393674 ], [ 76.873283704637572, 24.946626677931064 ], [ 76.873098601659208, 24.946761612714287 ], [ 76.872916927276265, 24.946900364731178 ], [ 76.872738775475895, 24.9470428627247 ], [ 76.872564238300001, 24.947189032708401 ], [ 76.872422880965374, 24.947265155069651 ], [ 76.872289858277952, 24.94735288022197 ], [ 76.872166313725572, 24.947451454261838 ], [ 76.872053307742135, 24.947560033025706 ], [ 76.871951812733627, 24.947677683843558 ], [ 76.871862698121689, 24.947803393509975 ], [ 76.871786729127209, 24.947936086331595 ], [ 76.87172456088382, 24.948074619549512 ], [ 76.871676724301224, 24.948217804865113 ], [ 76.871574426419826, 24.948481629052431 ], [ 76.871468927031785, 24.94874440220233 ], [ 76.871360239389404, 24.949006092838435 ], [ 76.871248375766314, 24.949266668570949 ], [ 76.871133349415658, 24.94952609792319 ], [ 76.871015175582983, 24.949784348535928 ], [ 76.870893868512724, 24.950041388942555 ], [ 76.870769442438458, 24.950297188579103 ], [ 76.870641913620005, 24.950551713290405 ], [ 76.86995866141018, 24.951920682702792 ], [ 76.869283261488192, 24.953117832911147 ], [ 76.868791855117834, 24.954062805544677 ], [ 76.868410573991753, 24.954795996418383 ], [ 76.86744213009311, 24.956473551142732 ], [ 76.867303591477352, 24.956580960655081 ], [ 76.867163878910191, 24.956687096263735 ], [ 76.867023005359314, 24.956791950876124 ], [ 76.866880985852603, 24.95689551109983 ], [ 76.866737832367605, 24.956997769832018 ], [ 76.866652812471926, 24.957057256836389 ], [ 76.86659356390561, 24.957098712818638 ], [ 76.866448190474955, 24.957198332033382 ], [ 76.866301729039805, 24.957296617716192 ], [ 76.866154193604473, 24.957393559173497 ], [ 76.865119257918465, 24.957821759561988 ], [ 76.864942047817948, 24.957918915227573 ], [ 76.864768192236895, 24.958020989274019 ], [ 76.864597863730424, 24.958127885982659 ], [ 76.864431215114664, 24.95823950401131 ], [ 76.86426840916873, 24.958355737606993 ], [ 76.864109598825934, 24.958476476399301 ], [ 76.863954932092014, 24.95860160816077 ], [ 76.86380455706545, 24.958731013441128 ], [ 76.863658613945773, 24.958864570901703 ], [ 76.863521969246435, 24.959003321046815 ], [ 76.86338780238016, 24.95914406643006 ], [ 76.863256147499314, 24.959286769486617 ], [ 76.863127039736, 24.959431393565101 ], [ 76.863000512230713, 24.959577902896317 ], [ 76.862876598203755, 24.959726255390635 ], [ 76.862755330808028, 24.959876414375973 ], [ 76.862636742240497, 24.960028340461104 ], [ 76.862520860736922, 24.960181994213528 ], [ 76.8625311805786, 24.960439442086038 ], [ 76.862532236286157, 24.960697060556935 ], [ 76.862524022391653, 24.96095457052785 ], [ 76.862506550208579, 24.961211697589018 ], [ 76.862479837039203, 24.961468163779465 ], [ 76.862443912049613, 24.961723693066443 ], [ 76.862398815279477, 24.96197801133512 ], [ 76.862344593691958, 24.962230845444445 ], [ 76.86228130515839, 24.962481921462675 ], [ 76.86225887086762, 24.962714624482746 ], [ 76.862254209086615, 24.962948183091747 ], [ 76.862267335996279, 24.963181474985987 ], [ 76.862298192547101, 24.963413373458049 ], [ 76.862346629429268, 24.963642760785298 ], [ 76.862412410998246, 24.963868530980246 ], [ 76.862495224130072, 24.964089594398647 ], [ 76.862517941220901, 24.964138780785731 ], [ 76.86259466521804, 24.964304887537395 ], [ 76.862710257054502, 24.964513369599302 ], [ 76.862854566006774, 24.964613661941655 ], [ 76.862996589952374, 24.964716626781975 ], [ 76.863136273959441, 24.964822221110943 ], [ 76.863273558176829, 24.964930399158529 ], [ 76.863408382718802, 24.965041117863759 ], [ 76.863540693709737, 24.965154328810236 ], [ 76.863670433300072, 24.965269984443065 ], [ 76.863797549571217, 24.965388038172225 ], [ 76.86392198668716, 24.965508439754984 ], [ 76.86389558123075, 24.965902463948673 ], [ 76.863884882153314, 24.96601266496128 ], [ 76.863883612508587, 24.966123290318066 ], [ 76.86389177871591, 24.966233672741104 ], [ 76.863909334754652, 24.96634313988821 ], [ 76.863936172031771, 24.966451032308854 ], [ 76.863972128374783, 24.966556697215815 ], [ 76.86401698795197, 24.966659494806649 ], [ 76.864070476262214, 24.966758802726211 ], [ 76.8641322729774, 24.966854018910169 ], [ 76.864179168283471, 24.966989754381128 ], [ 76.86421706236105, 24.967127807991695 ], [ 76.864245817789111, 24.967267681642824 ], [ 76.864265329854447, 24.967408875768793 ], [ 76.864275530627637, 24.967550880349485 ], [ 76.864276381871392, 24.96769318747851 ], [ 76.86426788205398, 24.967835285115541 ], [ 76.86425006130672, 24.967976664257737 ], [ 76.864222982460248, 24.968116815338401 ], [ 76.864156622493027, 24.968281972799378 ], [ 76.86410042019601, 24.968450230637089 ], [ 76.864054549497311, 24.968621073236729 ], [ 76.864019149796036, 24.968793973785171 ], [ 76.863994330869033, 24.968968397934074 ], [ 76.863980170832377, 24.969143808293701 ], [ 76.863976711177031, 24.969319665284086 ], [ 76.863983964692025, 24.969495427217481 ], [ 76.864001907539787, 24.969670550215913 ], [ 76.864118770107282, 24.96981907013377 ], [ 76.864223398522981, 24.969974988307442 ], [ 76.864315227692018, 24.970137467169067 ], [ 76.864393769223639, 24.970305634730114 ], [ 76.864458599454863, 24.970478591679921 ], [ 76.864509373353471, 24.970655408821468 ], [ 76.86454581545712, 24.970835138715319 ], [ 76.864567730737079, 24.971016818502449 ], [ 76.864575004576949, 24.971199471709276 ], [ 76.86458802845101, 24.971386375872498 ], [ 76.864611278582274, 24.971572452917211 ], [ 76.86464469544201, 24.971757239863695 ], [ 76.864688193745991, 24.971940273461641 ], [ 76.864741666302876, 24.972121099260708 ], [ 76.864804980119516, 24.972299266151829 ], [ 76.864877976389067, 24.972474327270135 ], [ 76.864960473371468, 24.972645847249652 ], [ 76.865052265459155, 24.972813397698062 ], [ 76.865206507573461, 24.973540473690182 ], [ 76.865195189660753, 24.973691561481751 ], [ 76.865185213109967, 24.973842728269251 ], [ 76.865176578061963, 24.973993963218241 ], [ 76.865169282653682, 24.974145257279275 ], [ 76.865163329997756, 24.974296599648728 ], [ 76.865158719221697, 24.974447981287447 ], [ 76.865155450455063, 24.974599392263631 ], [ 76.865153525819892, 24.974750821763287 ], [ 76.865152942462643, 24.974902260726491 ], [ 76.865153015514551, 24.975056575483851 ], [ 76.865169652604266, 24.975210144515582 ], [ 76.865202690982997, 24.975361494168485 ], [ 76.86525181705926, 24.975509170884905 ], [ 76.865316558278664, 24.975651756469517 ], [ 76.865396293802505, 24.975787885359718 ], [ 76.865490258388746, 24.975916250987499 ], [ 76.865597550122132, 24.976035621213278 ], [ 76.865717139181001, 24.976144850157713 ], [ 76.866446516456193, 24.977196650297138 ], [ 76.866656930358531, 24.977665835862044 ], [ 76.866876675103214, 24.97805608796719 ], [ 76.867028836719996, 24.978716342787713 ], [ 76.867082493007956, 24.97955054190783 ], [ 76.867396227662283, 24.981365266498678 ], [ 76.867440050669487, 24.982345848494791 ], [ 76.867406257837132, 24.983121289045279 ], [ 76.867360471825009, 24.984859937145078 ], [ 76.867379592284166, 24.987170683368301 ], [ 76.867174081196879, 24.989498953690237 ], [ 76.867147464206482, 24.990317098697659 ], [ 76.865763485801025, 24.991918505460582 ], [ 76.865162879241581, 24.9924757910895 ], [ 76.865063175252686, 24.992759324304313 ], [ 76.864406339583525, 24.993322517387352 ], [ 76.864306816436013, 24.993591456983399 ], [ 76.864188888321209, 24.994049920634072 ], [ 76.86403681542609, 24.995228005081206 ], [ 76.862872430460556, 24.997290078629277 ], [ 76.862247825042303, 24.998256388113255 ], [ 76.861197566472853, 25.00004060590971 ], [ 76.860006987424924, 25.000543776840711 ], [ 76.859329668279145, 25.000940686462823 ], [ 76.857739104734506, 25.002164725240771 ], [ 76.856712050991732, 25.002570198148081 ], [ 76.857553880942717, 25.002730615643458 ], [ 76.857705974058845, 25.002741911374269 ], [ 76.857858392686467, 25.002748617532696 ], [ 76.858010972416722, 25.002750726072748 ], [ 76.85816354581128, 25.002748233432463 ], [ 76.858315943370442, 25.002741142350271 ], [ 76.858468001436691, 25.002729463753813 ], [ 76.858619552412279, 25.002713206723932 ], [ 76.858770429576424, 25.002692389381849 ], [ 76.858920470080804, 25.002667037114218 ], [ 76.859086296593716, 25.002586632201169 ], [ 76.859258622030382, 25.002518512302036 ], [ 76.859436351941255, 25.002463111132041 ], [ 76.85961835623803, 25.002420781667606 ], [ 76.859803482140862, 25.002391790865094 ], [ 76.8599905521491, 25.002376323251251 ], [ 76.860178378935871, 25.002374478370843 ], [ 76.860365772349596, 25.002386265441427 ], [ 76.860551541279932, 25.002411612403552 ], [ 76.860854705986839, 25.002390936035003 ], [ 76.861158713657829, 25.002392623388221 ], [ 76.861461579798771, 25.002416661838836 ], [ 76.861761330636241, 25.002462895307954 ], [ 76.86205600907978, 25.002531022517882 ], [ 76.862343693519293, 25.00262059899346 ], [ 76.862622508684964, 25.002731039883773 ], [ 76.862890633512919, 25.002861624557553 ], [ 76.863146320889342, 25.003011502226219 ], [ 76.863300080726248, 25.003146424359265 ], [ 76.863447593088637, 25.00328701897897 ], [ 76.863588607303015, 25.003433046890432 ], [ 76.863722879740948, 25.003584259942009 ], [ 76.863850183772797, 25.00374039751684 ], [ 76.863970299734703, 25.003901196361365 ], [ 76.864083024004913, 25.004066378037624 ], [ 76.864188164847818, 25.004235664230904 ], [ 76.864285539600516, 25.004408764078253 ], [ 76.86436113070674, 25.004544815212864 ], [ 76.864458303613603, 25.004668968334876 ], [ 76.864574850352454, 25.004778400046241 ], [ 76.8647081216738, 25.004870624591387 ], [ 76.864855090790996, 25.004943546903625 ], [ 76.865012419199601, 25.004995508448253 ], [ 76.865176530449062, 25.005025331342484 ], [ 76.865343697137845, 25.005032335521008 ], [ 76.865510118913576, 25.005016362128018 ], [ 76.865690295530882, 25.005045554656746 ], [ 76.865867025045503, 25.005088848045695 ], [ 76.86603897875338, 25.005145918712731 ], [ 76.866204864904404, 25.005216340520473 ], [ 76.866363440613313, 25.005299583093485 ], [ 76.866513514728325, 25.005395019974703 ], [ 76.866653960609042, 25.005501936885082 ], [ 76.866783724074608, 25.005619529999102 ], [ 76.866901830180794, 25.005746918657067 ], [ 76.866992638824883, 25.005817684150504 ], [ 76.867090580790318, 25.005880051642183 ], [ 76.867194723119539, 25.005933426229202 ], [ 76.867304078245169, 25.005977300035688 ], [ 76.867417602920426, 25.006011258523319 ], [ 76.867534219084078, 25.006034976194417 ], [ 76.86765281472762, 25.006048226534421 ], [ 76.86770778940739, 25.006049449375531 ], [ 76.867772264681477, 25.006050884035172 ], [ 76.867891429625374, 25.006042924184605 ], [ 76.867996686585712, 25.006012597478154 ], [ 76.868102133765234, 25.005982823528143 ], [ 76.868207770151869, 25.005953604129573 ], [ 76.868313587809027, 25.00592494010273 ], [ 76.86841958471112, 25.005896835038151 ], [ 76.868525756941523, 25.005869285282639 ], [ 76.86863210345409, 25.005842295340223 ], [ 76.86873862029833, 25.00581586426631 ], [ 76.868845299526342, 25.005789993784102 ], [ 76.868924572983858, 25.005775505211179 ], [ 76.869004852673399, 25.005766754125265 ], [ 76.869085640466153, 25.005763794941469 ], [ 76.869166430782258, 25.00576664407091 ], [ 76.869246725362274, 25.005775287298686 ], [ 76.869326022526067, 25.005789667029656 ], [ 76.869403829872326, 25.005809696869019 ], [ 76.869479663445588, 25.005835248971135 ], [ 76.86955305150714, 25.005866169430266 ], [ 76.8696798002359, 25.00589758267656 ], [ 76.869807619748073, 25.005925160019341 ], [ 76.869936369674889, 25.005948872904316 ], [ 76.870065907665548, 25.005968692757069 ], [ 76.870196097200633, 25.005984600094532 ], [ 76.870326790827477, 25.005996578029645 ], [ 76.870457847015373, 25.006004611543453 ], [ 76.870589124154378, 25.006008691937875 ], [ 76.870720476614508, 25.00600881498875 ], [ 76.870930373323631, 25.005967202391549 ], [ 76.871143928461962, 25.005946100269053 ], [ 76.871358734103012, 25.005945747273433 ], [ 76.871572372356596, 25.005966148983585 ], [ 76.871782431272521, 25.006007073554905 ], [ 76.871986546336458, 25.006068061180102 ], [ 76.872182416340223, 25.006148422446838 ], [ 76.872367832898647, 25.006247254897033 ], [ 76.872540709202354, 25.006363441517312 ], [ 76.87263719749005, 25.006511192429315 ], [ 76.872740175274899, 25.006655260349827 ], [ 76.872849473113263, 25.006795407814014 ], [ 76.8729649125398, 25.006931405390439 ], [ 76.873086302148906, 25.007063028028103 ], [ 76.873213444429112, 25.007190063255042 ], [ 76.873346129975985, 25.007312298475682 ], [ 76.87348414225427, 25.007429536372094 ], [ 76.87362725181103, 25.007541582201501 ], [ 76.873788554350185, 25.007583874605899 ], [ 76.873820655645389, 25.007592291680606 ], [ 76.874018476739764, 25.007625999195572 ], [ 76.874218920251792, 25.007642397135797 ], [ 76.87442016851756, 25.007641338403698 ], [ 76.874620390997507, 25.007622833809528 ], [ 76.874817772080135, 25.007587047844485 ], [ 76.87501052187244, 25.007534307822876 ], [ 76.875196888240183, 25.007465092266891 ], [ 76.875375179622964, 25.007380029336513 ], [ 76.876092403762627, 25.00714700355331 ], [ 76.875362589622796, 25.007999959965741 ], [ 76.875406436147742, 25.00942577583897 ], [ 76.876203162928121, 25.011003729100945 ], [ 76.876381744832287, 25.014077372375105 ], [ 76.876610210323108, 25.015893544336826 ], [ 76.87698176671438, 25.018529170932425 ], [ 76.877051483790382, 25.019023690960648 ], [ 76.877351459279481, 25.020610807116167 ], [ 76.877474572200072, 25.021947305425037 ], [ 76.877643240312096, 25.023778310450879 ], [ 76.878299761578617, 25.026107899688011 ], [ 76.878366379150833, 25.027193340434437 ], [ 76.880225147599617, 25.026868631311608 ], [ 76.880400329870241, 25.023944173991818 ], [ 76.883485049965671, 25.023357119007542 ], [ 76.886122847444682, 25.022855062703535 ], [ 76.890784516000039, 25.02330257037913 ], [ 76.890021637240437, 25.021548991383394 ], [ 76.891416428952837, 25.018709814996217 ], [ 76.893066679960995, 25.017891585028838 ], [ 76.893844901305584, 25.016902321047002 ], [ 76.898389517953689, 25.015292990464317 ], [ 76.899845621387314, 25.015927000989127 ], [ 76.900593467853241, 25.016252618426844 ], [ 76.90153120236927, 25.016660904369129 ], [ 76.903522965215259, 25.019034948881281 ], [ 76.903344538157839, 25.021527359575419 ], [ 76.904910920115469, 25.023358711921137 ], [ 76.905631338563694, 25.024621518774019 ], [ 76.906561450219215, 25.026144774589817 ], [ 76.907494409636271, 25.02747383717244 ], [ 76.90540643454284, 25.027569607184347 ], [ 76.904805043644302, 25.027597185537356 ], [ 76.903478060450752, 25.027658029158076 ], [ 76.901633755248724, 25.024088736626656 ], [ 76.894186621156535, 25.024988328570249 ], [ 76.892072538123685, 25.024976262453198 ], [ 76.889595497985312, 25.025276941100319 ], [ 76.888458706929242, 25.026089429721438 ], [ 76.889266853388804, 25.028837336708246 ], [ 76.889720619766962, 25.030380215733754 ], [ 76.889437147662946, 25.030482960895537 ], [ 76.888411660067035, 25.030854645272029 ], [ 76.885324485938057, 25.031973520106099 ], [ 76.879618901155524, 25.03061987960416 ], [ 76.878481088049057, 25.02840327659225 ], [ 76.877285825108743, 25.030703420894426 ], [ 76.877256195655349, 25.03332043048708 ], [ 76.877302986677137, 25.035007219515165 ], [ 76.876920010582651, 25.035457445391284 ], [ 76.876934702680231, 25.036538074836908 ], [ 76.876513891073699, 25.038127568074497 ], [ 76.876066360177745, 25.039692522284088 ], [ 76.876057082750478, 25.040891129480844 ], [ 76.876102271527358, 25.041113384292032 ], [ 76.876144019378046, 25.041318700406656 ], [ 76.876943319139215, 25.041368123267425 ], [ 76.877268451956255, 25.04137313374364 ], [ 76.877593563994537, 25.041379178171145 ], [ 76.877918650351646, 25.041386252887563 ], [ 76.87824370801728, 25.041394361474236 ], [ 76.878568733068988, 25.041403501181961 ], [ 76.878893721539143, 25.04141367287323 ], [ 76.879218669482654, 25.041424875604683 ], [ 76.879543571940815, 25.041437110228625 ], [ 76.879868424968549, 25.041450375801876 ], [ 76.880283998723826, 25.041488050681057 ], [ 76.880449641682276, 25.041580302115324 ], [ 76.880617854690684, 25.041668615621756 ], [ 76.880788521518767, 25.041752931292336 ], [ 76.880961525912539, 25.041833191025141 ], [ 76.881136755502638, 25.041909343080171 ], [ 76.881314090980823, 25.04198133564595 ], [ 76.88149341399513, 25.042049119630519 ], [ 76.881674602160743, 25.042112651318892 ], [ 76.881857538058682, 25.042171886144754 ], [ 76.882314213128481, 25.042306262715428 ], [ 76.882771047437743, 25.042440194363117 ], [ 76.883228038020107, 25.042573680152561 ], [ 76.883685187822209, 25.042706721918602 ], [ 76.884142491906502, 25.042839317802656 ], [ 76.884599952239782, 25.042971468726375 ], [ 76.885057568828955, 25.043103173785312 ], [ 76.885515338685096, 25.043234433849928 ], [ 76.885973265790838, 25.043365247153794 ], [ 76.886324140805954, 25.043417881101831 ], [ 76.886675878150172, 25.043465515772549 ], [ 76.887028389694635, 25.043508140317385 ], [ 76.887381587321116, 25.043545742985639 ], [ 76.887735388835424, 25.043578313894567 ], [ 76.888089704046578, 25.043605848498011 ], [ 76.88844444977957, 25.043628336001564 ], [ 76.888799536811504, 25.043645773676772 ], [ 76.88915487990613, 25.043658157031075 ], [ 76.889385760473232, 25.043687154470096 ], [ 76.889617969684096, 25.04370533056467 ], [ 76.889850896427888, 25.043712640194137 ], [ 76.890083926328373, 25.043709061687217 ], [ 76.890316450564114, 25.043694605039718 ], [ 76.890547855011647, 25.04366930819101 ], [ 76.890777532117639, 25.04363323895193 ], [ 76.891004875999656, 25.043586490439491 ], [ 76.891229290331523, 25.043529184769501 ], [ 76.891251405674907, 25.043525717551088 ], [ 76.891628260472245, 25.043466613734665 ], [ 76.892029022246831, 25.043414398889499 ], [ 76.892431249113741, 25.043372582024531 ], [ 76.892834619577783, 25.043341197761201 ], [ 76.893238806298612, 25.043320272537279 ], [ 76.893643483061297, 25.043309821969004 ], [ 76.894048320778424, 25.043309853519425 ], [ 76.894452995373669, 25.043320370191264 ], [ 76.894857177981919, 25.04334136139607 ], [ 76.895170185943286, 25.043324244024483 ], [ 76.895482679871677, 25.043300580010367 ], [ 76.895794494988024, 25.043270383922636 ], [ 76.896105465533552, 25.043233669418552 ], [ 76.896415429647845, 25.043190455614937 ], [ 76.896724220426151, 25.043140768802658 ], [ 76.897031678938234, 25.043084631743287 ], [ 76.897183917760643, 25.043053505383028 ], [ 76.897337638214182, 25.043022076147988 ], [ 76.89764194120751, 25.042953132927671 ], [ 76.897767692927246, 25.042894600543523 ], [ 76.897897901616304, 25.042844807185681 ], [ 76.898031836246773, 25.042804034342634 ], [ 76.898168745670191, 25.042772507311149 ], [ 76.898307861467799, 25.042750405159087 ], [ 76.898448402025537, 25.042737851736785 ], [ 76.89858958144211, 25.042734916671204 ], [ 76.898730604539068, 25.042741618024198 ], [ 76.898870681815907, 25.042757915221063 ], [ 76.899117466653109, 25.042815803831086 ], [ 76.899362953404818, 25.042878104581412 ], [ 76.899607044194511, 25.042944798419004 ], [ 76.899849649185015, 25.04301585734288 ], [ 76.900090669618365, 25.043091253261476 ], [ 76.900330013662341, 25.043170959057665 ], [ 76.900567589550718, 25.04325494219723 ], [ 76.900803304525112, 25.043343170136229 ], [ 76.901037067830657, 25.043435608545614 ], [ 76.901288126708906, 25.043510499057945 ], [ 76.901543893144847, 25.043570733858232 ], [ 76.901803338151666, 25.043616068537808 ], [ 76.902065418104925, 25.043646319952114 ], [ 76.902329076682491, 25.043661369852938 ], [ 76.902593251937304, 25.043661154124624 ], [ 76.902856881100107, 25.043645675475492 ], [ 76.90311890066971, 25.04361499621481 ], [ 76.903378257317826, 25.043569238363443 ], [ 76.903829565642781, 25.043500369399762 ], [ 76.904281035230227, 25.043432378443129 ], [ 76.904732662102901, 25.043365267258018 ], [ 76.905184444310279, 25.043299034017434 ], [ 76.905636382864131, 25.043233677827622 ], [ 76.906007010098904, 25.043180819538406 ], [ 76.90608847079173, 25.043169202228732 ], [ 76.90654071108716, 25.043105606347225 ], [ 76.906993096822063, 25.043042890111597 ], [ 76.907445630990452, 25.042981052648322 ], [ 76.907769880616385, 25.042940832679299 ], [ 76.908095055323102, 25.042907383374232 ], [ 76.90842098546949, 25.042880720164423 ], [ 76.908747499421352, 25.042860859365454 ], [ 76.909074427615636, 25.0428478100911 ], [ 76.909401596568998, 25.042841577804658 ], [ 76.909728838755981, 25.042842167128384 ], [ 76.910055978777137, 25.042849578090863 ], [ 76.910382847223843, 25.042863807170782 ], [ 76.910807252276726, 25.042863332145757 ], [ 76.911107807733941, 25.042860118799247 ], [ 76.911408237761393, 25.042868640433081 ], [ 76.911707990511559, 25.042888880623536 ], [ 76.912006518331694, 25.042920804030022 ], [ 76.912303269911021, 25.042964349993742 ], [ 76.912597699101141, 25.043019440754748 ], [ 76.912889268989971, 25.04308597246219 ], [ 76.913177441890568, 25.043163823200615 ], [ 76.913461687269461, 25.0432528530696 ], [ 76.913788786251061, 25.043378174072075 ], [ 76.914113246674759, 25.043509065658707 ], [ 76.914434952146877, 25.043645483324504 ], [ 76.914753793286962, 25.043787376314988 ], [ 76.915069651748325, 25.043934697397908 ], [ 76.915382423146582, 25.044087392258309 ], [ 76.915691992170622, 25.044245408277899 ], [ 76.915998251480602, 25.044408689307115 ], [ 76.916301093734589, 25.044577179197042 ], [ 76.916822178351765, 25.044815703676161 ], [ 76.917353704004185, 25.045034279665757 ], [ 76.917894749256916, 25.045232527501753 ], [ 76.91844437833646, 25.045410103507745 ], [ 76.919001640130489, 25.04556670088898 ], [ 76.919565569202959, 25.045702047937201 ], [ 76.92013519171023, 25.045815910800396 ], [ 76.920709520436802, 25.04590809433639 ], [ 76.921287559830077, 25.045978435842919 ], [ 76.92167354110164, 25.046053442512999 ], [ 76.92205993729722, 25.0461266462781 ], [ 76.922446740482584, 25.046198046151542 ], [ 76.922833942767028, 25.046267637535042 ], [ 76.923194913895642, 25.046330765659736 ], [ 76.923221530258175, 25.046335420285235 ], [ 76.923609494030217, 25.046401393405748 ], [ 76.92399782519017, 25.046465553191563 ], [ 76.924386510836484, 25.046527899509538 ], [ 76.92477554403645, 25.046588430480629 ], [ 76.9251974789576, 25.046659846552181 ], [ 76.925623223126891, 25.046709043180694 ], [ 76.926051368668126, 25.046735857193511 ], [ 76.926480498850694, 25.046740201200794 ], [ 76.926909192101462, 25.046722060024006 ], [ 76.927336031909761, 25.046681491698486 ], [ 76.92775960477239, 25.046618633774106 ], [ 76.928178510251072, 25.046533691676423 ], [ 76.928591358873973, 25.046426948618581 ], [ 76.928817730429842, 25.046373319522104 ], [ 76.929044821124052, 25.046322266447312 ], [ 76.929272590277535, 25.046273793499417 ], [ 76.929501006001374, 25.046227915708283 ], [ 76.929730032649061, 25.046184630908584 ], [ 76.929959632395807, 25.046143953168119 ], [ 76.930189770532081, 25.046105884846554 ], [ 76.930420413274433, 25.046070433731405 ], [ 76.93065152290734, 25.046037604861791 ], [ 76.931126333202371, 25.046002797287823 ], [ 76.931351963704884, 25.045967334312003 ], [ 76.931515060272048, 25.04593113465938 ], [ 76.931678743977258, 25.045897207346606 ], [ 76.931842977099379, 25.045865557413247 ], [ 76.932007719924229, 25.0458361907823 ], [ 76.932172935678651, 25.045809116115272 ], [ 76.932338584626919, 25.045784341141307 ], [ 76.932504630061288, 25.04576186910473 ], [ 76.932671031276868, 25.04574170591922 ], [ 76.932837750553048, 25.045723856625369 ], [ 76.933043121599297, 25.04566150444797 ], [ 76.933251941242816, 25.045609523625235 ], [ 76.9334635831068, 25.045568073147855 ], [ 76.933677403411096, 25.045537275714246 ], [ 76.933892757701699, 25.045517227831294 ], [ 76.934108995044156, 25.045507988016833 ], [ 76.934325464874078, 25.045509584092422 ], [ 76.934541511059962, 25.045522012221252 ], [ 76.934756480866497, 25.045545233385013 ], [ 76.934973048294509, 25.045604612035174 ], [ 76.935192445549646, 25.045654632301229 ], [ 76.935414184140313, 25.045695189962128 ], [ 76.935637773492061, 25.045726188906226 ], [ 76.935862717692473, 25.045747564578189 ], [ 76.936088515698003, 25.045759266823072 ], [ 76.93631466912278, 25.045761271704023 ], [ 76.936540676400696, 25.045753572413215 ], [ 76.936766032688297, 25.045736187398859 ], [ 76.93705800149904, 25.045736175654874 ], [ 76.937349805769756, 25.04574508564157 ], [ 76.937641117581961, 25.045762905969468 ], [ 76.937701551566363, 25.045768462768457 ], [ 76.937931610105238, 25.045789617134986 ], [ 76.938220955646841, 25.045825188791749 ], [ 76.938508828614189, 25.045869580683327 ], [ 76.938794905503599, 25.04592274354593 ], [ 76.939078863919661, 25.04598461819549 ], [ 76.939360385570112, 25.046055133751484 ], [ 76.93964314294756, 25.046157397894731 ], [ 76.939931245910856, 25.046246421751277 ], [ 76.940223951695913, 25.046321973947521 ], [ 76.94052049527086, 25.046383860821862 ], [ 76.940820114203149, 25.046431919447663 ], [ 76.94112202872887, 25.046466026466128 ], [ 76.941425456686787, 25.046486092816529 ], [ 76.941729613465441, 25.046492068251339 ], [ 76.942033710076245, 25.0464839368016 ], [ 76.942874841192221, 25.046510951379339 ], [ 76.943137542361242, 25.046518222964249 ], [ 76.943365278994918, 25.046538381494283 ], [ 76.943593065366343, 25.04655803536474 ], [ 76.943820904424797, 25.046577186410612 ], [ 76.944048793204729, 25.046595833699019 ], [ 76.94427673271619, 25.046613975433683 ], [ 76.944504718959266, 25.04663161428374 ], [ 76.944732751963599, 25.046648747539958 ], [ 76.944960829722476, 25.046665376988305 ], [ 76.94518895124196, 25.046681502618679 ], [ 76.94543715466672, 25.046732344190342 ], [ 76.945678811876874, 25.046804771204705 ], [ 76.945911666888648, 25.046898109354242 ], [ 76.946133546342296, 25.047011487392975 ], [ 76.94634237725333, 25.047143844534364 ], [ 76.946536207630416, 25.047293946907836 ], [ 76.94671323021889, 25.047460391403163 ], [ 76.946871789212238, 25.04764162469824 ], [ 76.947010405905175, 25.047835953443656 ], [ 76.947097812879719, 25.047984953268696 ], [ 76.947187507659365, 25.048132818871814 ], [ 76.947279476707152, 25.048279522120662 ], [ 76.947373698556319, 25.048425034804247 ], [ 76.947470155747681, 25.048569325138942 ], [ 76.94756882876402, 25.048712367642118 ], [ 76.947669698130724, 25.048854133219326 ], [ 76.947772745353532, 25.048994593688697 ], [ 76.947877947972827, 25.049133720829186 ], [ 76.948082744567003, 25.049291379056719 ], [ 76.948294403277231, 25.049441330480121 ], [ 76.948512573155341, 25.049583325970342 ], [ 76.948736895145402, 25.049717130767963 ], [ 76.948966998108205, 25.049842525347138 ], [ 76.949202503820658, 25.049959301853232 ], [ 76.949443022968055, 25.050067267675434 ], [ 76.949688156146323, 25.0501662445539 ], [ 76.949937502772514, 25.050256069571127 ], [ 76.950084218076569, 25.050334384541159 ], [ 76.950129226273731, 25.050358407711002 ], [ 76.950315002266848, 25.050469479016773 ], [ 76.950494350430446, 25.050588995210596 ], [ 76.95066680849358, 25.05071665013304 ], [ 76.95083193430419, 25.050852112538884 ], [ 76.950989300786645, 25.050995033271096 ], [ 76.951138499885431, 25.05114504710599 ], [ 76.951279151604027, 25.051301762908157 ], [ 76.951410890915355, 25.051464780659273 ], [ 76.951633398717689, 25.051634504004635 ], [ 76.951869783113779, 25.051787872343141 ], [ 76.952118597903606, 25.051923950231114 ], [ 76.952378325261279, 25.052041904472272 ], [ 76.952647373636552, 25.052141014032294 ], [ 76.952924098540933, 25.052220672954686 ], [ 76.953206811407554, 25.052280395867992 ], [ 76.953493781598524, 25.052319816200715 ], [ 76.953783256158374, 25.052338692698324 ], [ 76.953959134786814, 25.0522996919679 ], [ 76.954135330102034, 25.052261897914704 ], [ 76.954311832153905, 25.052225314052041 ], [ 76.954488632026354, 25.052189940291207 ], [ 76.954665718756573, 25.05215578194175 ], [ 76.95484308244805, 25.052122838002369 ], [ 76.95502071415271, 25.052091111093358 ], [ 76.955198601948723, 25.052060603805753 ], [ 76.955376737900735, 25.052031316963792 ], [ 76.958262270787813, 25.051875874356099 ], [ 76.956270722950805, 25.051688441630734 ], [ 76.955967073564764, 25.051592996066024 ], [ 76.956748374694371, 25.050396222078618 ], [ 76.9581116911517, 25.047673606041233 ], [ 76.958996829897288, 25.046245718849171 ], [ 76.960311236430172, 25.044125276131549 ], [ 76.960460084272682, 25.043920171152266 ], [ 76.961829982378987, 25.043312568392778 ], [ 76.963289210758973, 25.04269145794462 ], [ 76.964855424790414, 25.042194170613783 ], [ 76.966256339849679, 25.041749350162842 ], [ 76.966810624144287, 25.041501202909057 ], [ 76.966866690311605, 25.041193090097934 ], [ 76.966852732759378, 25.040405868756793 ], [ 76.966859942404668, 25.039797109583532 ], [ 76.967084888146999, 25.038455498883948 ], [ 76.967295164347632, 25.038341336668893 ], [ 76.967453272764388, 25.038221382378666 ], [ 76.968445343494523, 25.038242390609977 ], [ 76.969762297416892, 25.038196005098055 ], [ 76.971905512979902, 25.038184293628078 ], [ 76.973267963498088, 25.038539199693602 ], [ 76.973609064576479, 25.038678750808256 ], [ 76.974214551787128, 25.038926464179948 ], [ 76.975895969291273, 25.039614174322747 ], [ 76.977121238959811, 25.039953496735258 ], [ 76.980463780885358, 25.041244289757998 ], [ 76.982702955448048, 25.042341651689586 ], [ 76.984661292916059, 25.042913930693459 ], [ 76.988127937008457, 25.043819631385311 ], [ 76.98861112420181, 25.043844586384971 ], [ 76.989923798484639, 25.043626609115883 ], [ 76.991793392087502, 25.04302003910945 ], [ 76.992766962734592, 25.042576606541125 ], [ 76.992881651007508, 25.042346936574035 ], [ 76.993055345730085, 25.041643646902273 ], [ 76.993258282378662, 25.041430922082046 ], [ 76.99390195060181, 25.041350546472092 ], [ 76.995389995662421, 25.04121191958447 ], [ 76.996223242343376, 25.041051731046064 ], [ 76.998834954217543, 25.039804293540538 ], [ 76.999967846979743, 25.039189193474908 ], [ 77.001722746168397, 25.03818971000381 ], [ 77.003470720898875, 25.038354302206095 ], [ 77.004938046382165, 25.037976607702713 ], [ 77.007055203912074, 25.036434882527118 ], [ 77.007422724878651, 25.036167243975335 ], [ 77.011254761536222, 25.036085765235409 ], [ 77.013691665965538, 25.037269119442357 ], [ 77.015855680591002, 25.038649321860749 ], [ 77.016542754136083, 25.040168794370718 ], [ 77.017743414074587, 25.042823977768823 ], [ 77.015540274243008, 25.043898302764457 ], [ 77.013982080183851, 25.044888291614953 ], [ 77.014427612530241, 25.047632642991964 ], [ 77.017670251284642, 25.05015215923893 ], [ 77.018797047683449, 25.050824019980979 ], [ 77.019166996544314, 25.052517461889149 ], [ 77.019669682209098, 25.054818445100992 ], [ 77.02383049648779, 25.055153296493263 ], [ 77.025317934917823, 25.057109904810819 ], [ 77.027350212087313, 25.05720254203851 ], [ 77.027990316336584, 25.058773397429768 ], [ 77.025897233914336, 25.059608262502373 ], [ 77.023742933729565, 25.062562956003035 ], [ 77.027687899479304, 25.065636690159465 ], [ 77.02918354136493, 25.065424228635749 ], [ 77.030944798139103, 25.065813015101842 ], [ 77.03310199003559, 25.065955978080112 ], [ 77.036193567234676, 25.065832034522213 ], [ 77.037192742196439, 25.066309335051301 ], [ 77.038113259062769, 25.06708549148275 ], [ 77.038459952188276, 25.067377810719591 ], [ 77.039430440408992, 25.067547697768518 ], [ 77.039956814677367, 25.066764824513008 ], [ 77.040413585441371, 25.065982953742338 ], [ 77.041356505613052, 25.064362433014939 ], [ 77.041544714343445, 25.064175195439901 ], [ 77.041749455444361, 25.06400295094155 ], [ 77.041969292731878, 25.063846903498842 ], [ 77.042202688126778, 25.063708150492019 ], [ 77.042448005860351, 25.063587661070144 ], [ 77.042703525299487, 25.063486281690199 ], [ 77.042967460952383, 25.06340472004856 ], [ 77.043237957447616, 25.063343550454857 ], [ 77.043513121424951, 25.063303198775678 ], [ 77.04373991862812, 25.063296736942668 ], [ 77.04396673761606, 25.063290988393128 ], [ 77.044193577431457, 25.063285950409 ], [ 77.044420434082582, 25.063281625662647 ], [ 77.044647307583546, 25.063278013251178 ], [ 77.044874191008716, 25.063275112207581 ], [ 77.045101085343404, 25.063272923444135 ], [ 77.045327986636096, 25.063271446021329 ], [ 77.04555489287786, 25.063270682629977 ], [ 77.045700905449209, 25.063260036391675 ], [ 77.045846553182272, 25.063245823102836 ], [ 77.045991727895355, 25.06322805169901 ], [ 77.046136326293293, 25.063206737483092 ], [ 77.046280244140078, 25.06318189123413 ], [ 77.046423378040544, 25.06315353728548 ], [ 77.04656562569167, 25.063121690950318 ], [ 77.04670688072477, 25.063086376535274 ], [ 77.04684704467239, 25.063047621129677 ], [ 77.046943746680796, 25.063023048392413 ], [ 77.047040458265982, 25.062998502771329 ], [ 77.047137175502741, 25.062973980618015 ], [ 77.047233901324987, 25.062949485571714 ], [ 77.047330635752914, 25.062925015826522 ], [ 77.047427375812447, 25.062900571355019 ], [ 77.047524125449044, 25.062876153999667 ], [ 77.047620881728832, 25.062851760121106 ], [ 77.047717646594435, 25.062827393349554 ], [ 77.047755793341139, 25.062816487335205 ], [ 77.049149211880263, 25.063118874107939 ], [ 77.050126218376718, 25.063480336642506 ], [ 77.050740942335921, 25.063654590047751 ], [ 77.05090042116953, 25.063676230193135 ], [ 77.051061385326179, 25.063684810887903 ], [ 77.051222546576582, 25.063680266092625 ], [ 77.051382618573655, 25.06366262822624 ], [ 77.051540320689639, 25.063632039940966 ], [ 77.051694394971634, 25.063588745247888 ], [ 77.051843608106211, 25.06353309134024 ], [ 77.05198676736299, 25.063465521515333 ], [ 77.052122730500045, 25.063386576168025 ], [ 77.052224096560053, 25.063332929422984 ], [ 77.052320929715009, 25.063272733372983 ], [ 77.052412718795523, 25.063206306630924 ], [ 77.052498984039474, 25.063133996997788 ], [ 77.052579272095045, 25.06305618502844 ], [ 77.052653160036627, 25.062973279553351 ], [ 77.052720259339935, 25.062885716811429 ], [ 77.052780217914773, 25.062793955953087 ], [ 77.052832720104931, 25.06269847904024 ], [ 77.053121956672626, 25.062276253944628 ], [ 77.053154977004155, 25.062237759179066 ], [ 77.053193591828659, 25.062203858264418 ], [ 77.053237041229764, 25.062175219719951 ], [ 77.053284465324865, 25.062152407293389 ], [ 77.053334931131516, 25.062135871177457 ], [ 77.053387442590321, 25.062125938168013 ], [ 77.053440963455458, 25.062122803747176 ], [ 77.0534944391338, 25.062126529574325 ], [ 77.053546814538151, 25.062137042747377 ], [ 77.053669912426358, 25.062132163809732 ], [ 77.053793058963763, 25.062135880711764 ], [ 77.053915532637703, 25.062148171479173 ], [ 77.054036614466881, 25.062168964494134 ], [ 77.054155592967362, 25.06219813763731 ], [ 77.054271772082814, 25.062235518360879 ], [ 77.05438446813983, 25.062280889981526 ], [ 77.054493023816249, 25.062333983681071 ], [ 77.054596799098675, 25.062394489260161 ], [ 77.054740935923263, 25.06248816752915 ], [ 77.054881398218711, 25.06258636528004 ], [ 77.055018018756655, 25.062688963589245 ], [ 77.055150628364146, 25.062795839903618 ], [ 77.05527906690817, 25.062906860915977 ], [ 77.055403177227902, 25.063021893346662 ], [ 77.055522809179877, 25.063140796755697 ], [ 77.055637817605501, 25.063263428039729 ], [ 77.055748063382197, 25.063389636022912 ], [ 77.055770886635983, 25.063431394963207 ], [ 77.055797373827531, 25.063471319016724 ], [ 77.055827347453231, 25.063509141952686 ], [ 77.055860608039097, 25.063544611787986 ], [ 77.055896935111846, 25.063577492602413 ], [ 77.055936085216317, 25.063607564520424 ], [ 77.055977797823573, 25.063634627377922 ], [ 77.056021794319776, 25.063658502518912 ], [ 77.056067784014232, 25.0636790274324 ], [ 77.056150213306822, 25.063714359006731 ], [ 77.056237563410505, 25.063737923364496 ], [ 77.056327820694634, 25.063749175550942 ], [ 77.056418908850247, 25.063747859026556 ], [ 77.05650873056068, 25.063734003340063 ], [ 77.056595214069247, 25.063707927264474 ], [ 77.056676371762933, 25.063670231205815 ], [ 77.056750332058314, 25.063621783045093 ], [ 77.056815391154458, 25.063563700549906 ], [ 77.057196818253487, 25.063111810986516 ], [ 77.05724644279843, 25.063068902259744 ], [ 77.057299352304227, 25.063029383045357 ], [ 77.057355266848262, 25.062993463000598 ], [ 77.057413893890342, 25.062961327284182 ], [ 77.057474923186462, 25.062933148250057 ], [ 77.057538033867559, 25.062909072869072 ], [ 77.057602896372387, 25.062889227262179 ], [ 77.057669166499295, 25.062873716646099 ], [ 77.057736496340738, 25.06286262272403 ], [ 77.057811667265611, 25.062849857596333 ], [ 77.057886111383937, 25.062833951191521 ], [ 77.057959672647542, 25.062814938205577 ], [ 77.05803219492887, 25.06279286055868 ], [ 77.058103523072077, 25.062767761986272 ], [ 77.05817350574776, 25.062739698902245 ], [ 77.058241995582492, 25.062708728660112 ], [ 77.058308848087606, 25.062674916767602 ], [ 77.058373917694212, 25.062638336850441 ], [ 77.058839650080643, 25.062363259330382 ], [ 77.058909891429508, 25.062330132879396 ], [ 77.058982912411082, 25.062302438547473 ], [ 77.059058208224158, 25.062280370392294 ], [ 77.059135257673589, 25.062264080780825 ], [ 77.059213526134101, 25.062253681319774 ], [ 77.059292474452334, 25.062249244743249 ], [ 77.059371555020689, 25.06225080126428 ], [ 77.059450217705205, 25.062258340435577 ], [ 77.059527920750227, 25.062271811248923 ], [ 77.061912566432767, 25.063276502175714 ], [ 77.062110706417869, 25.063335213166013 ], [ 77.062315158660894, 25.063371800034584 ], [ 77.06252295644893, 25.063385733580226 ], [ 77.062731087837221, 25.063376810216614 ], [ 77.062936530265972, 25.063345160416905 ], [ 77.063136304181896, 25.063291241977829 ], [ 77.063327513702745, 25.063215839486709 ], [ 77.063507383523216, 25.063120044788114 ], [ 77.063673304633255, 25.063005247464513 ], [ 77.064639058216315, 25.062206258066212 ], [ 77.066096292499395, 25.060620340100286 ], [ 77.066756607178021, 25.059912846749498 ], [ 77.06681199285805, 25.059855420330766 ], [ 77.066871869951399, 25.05980186378498 ], [ 77.066935914027923, 25.059752469465135 ], [ 77.067003778125681, 25.059707505136487 ], [ 77.067075092750784, 25.059667213976692 ], [ 77.067149471805678, 25.059631816435957 ], [ 77.06722650771124, 25.05960150296837 ], [ 77.06730578721897, 25.059576438690524 ], [ 77.067386876569842, 25.059556760538374 ], [ 77.06748378799179, 25.05954906009168 ], [ 77.067579663936428, 25.059534063208069 ], [ 77.067673842936841, 25.05951187495835 ], [ 77.067765676882175, 25.059482648399577 ], [ 77.067854534011801, 25.059446582796131 ], [ 77.067939799847807, 25.05940392904639 ], [ 77.068020888209034, 25.059354979848752 ], [ 77.068097239189157, 25.059300073295457 ], [ 77.068168328148175, 25.059239586632302 ], [ 77.068521327791373, 25.058962268749159 ], [ 77.068559981064453, 25.058925018079233 ], [ 77.068604019865106, 25.05889310654679 ], [ 77.068652561720839, 25.058867177257515 ], [ 77.068704634322586, 25.058847747877039 ], [ 77.068759196391809, 25.058835206305357 ], [ 77.068815156574317, 25.058829805430108 ], [ 77.068871392413186, 25.058831650655776 ], [ 77.068926781010134, 25.058840706503879 ], [ 77.068980209958653, 25.058856794002619 ], [ 77.06902825877205, 25.058874750798211 ], [ 77.06907629034238, 25.058892744448418 ], [ 77.069124307663444, 25.058910773174432 ], [ 77.069172306769957, 25.058928836940225 ], [ 77.069220291607522, 25.058946937587763 ], [ 77.069268259221928, 25.05896507328411 ], [ 77.069316211605766, 25.058983243144276 ], [ 77.069364146746736, 25.059001449859288 ], [ 77.069412066637469, 25.059019692544144 ], [ 77.069510692475546, 25.059028336743602 ], [ 77.069609734815103, 25.059025820755888 ], [ 77.069707678300929, 25.059012182308543 ], [ 77.069803022565367, 25.058987629951201 ], [ 77.069894308044809, 25.058952539677851 ], [ 77.069980136878485, 25.058907447890963 ], [ 77.07005919477858, 25.05885304618101 ], [ 77.070130271997641, 25.058790167969399 ], [ 77.070192279338571, 25.058719775106812 ], [ 77.070283682871562, 25.05864600393009 ], [ 77.07037868154805, 25.058576105195645 ], [ 77.070477079481336, 25.058510222517111 ], [ 77.070578670951718, 25.058448492194504 ], [ 77.070683244362257, 25.058391044153566 ], [ 77.070790584290009, 25.058337995642539 ], [ 77.070900467451864, 25.058289457517461 ], [ 77.071012662724044, 25.058245532435908 ], [ 77.071126941104708, 25.05820631043251 ], [ 77.071893879820976, 25.058025615744867 ], [ 77.073012666450197, 25.057762015807313 ], [ 77.07310541194137, 25.057740070241938 ], [ 77.073199003630393, 25.057721348152413 ], [ 77.07329330736998, 25.057705878125521 ], [ 77.073388190112709, 25.057693678824418 ], [ 77.073483511842483, 25.057684771558691 ], [ 77.073579135625607, 25.057679167732406 ], [ 77.073674924558063, 25.057676876040869 ], [ 77.07377073982201, 25.057677898840922 ], [ 77.073866443630394, 25.057682234886776 ], [ 77.074430912557148, 25.057659241674507 ], [ 77.076103484940418, 25.05738140079805 ], [ 77.076329027452473, 25.057343934135481 ], [ 77.076499646894291, 25.057291517578424 ], [ 77.076676006498033, 25.057258430753549 ], [ 77.076855479657311, 25.057245166507524 ], [ 77.077035389451382, 25.057251921937244 ], [ 77.077213054249611, 25.057278597898133 ], [ 77.077385827416975, 25.057324793943884 ], [ 77.077551131847486, 25.057389823085767 ], [ 77.077706506502224, 25.057472716726362 ], [ 77.077849633023675, 25.057572238443498 ], [ 77.077911988560103, 25.057628561582167 ], [ 77.077970458922906, 25.057688244362812 ], [ 77.078024826458375, 25.057751061765924 ], [ 77.07807488747838, 25.05781678077015 ], [ 77.078120458227957, 25.057885158599646 ], [ 77.078161368966803, 25.057955939961609 ], [ 77.078197464921502, 25.058028860666948 ], [ 77.07822861419659, 25.058103649507878 ], [ 77.078254698833263, 25.058180029983198 ], [ 77.078273864592276, 25.058274087373654 ], [ 77.078312540867771, 25.058363028545322 ], [ 77.078369281618635, 25.05844352884117 ], [ 77.078441967141401, 25.058512579928788 ], [ 77.078527880184225, 25.058567601568939 ], [ 77.078623812981959, 25.058606536505021 ], [ 77.078726175462094, 25.058627929107139 ], [ 77.078831145335883, 25.058630981815838 ], [ 77.078934798717256, 25.058615578898308 ], [ 77.079038362979773, 25.058609568988263 ], [ 77.079141444998498, 25.058598664459613 ], [ 77.079243765822369, 25.058582897117628 ], [ 77.079345048385235, 25.058562307816079 ], [ 77.079445020392043, 25.058536954611153 ], [ 77.07954341046117, 25.058506902792548 ], [ 77.079639953965028, 25.058472234870219 ], [ 77.079734390095197, 25.058433046935274 ], [ 77.079826461950887, 25.058389440533279 ], [ 77.080483121954231, 25.058087955526165 ], [ 77.080552016377084, 25.058072525847805 ], [ 77.080621373744705, 25.058058928145968 ], [ 77.080691136474513, 25.058047170029791 ], [ 77.080761244923053, 25.058037266314745 ], [ 77.080831640545824, 25.05802922189212 ], [ 77.080902260803853, 25.058023044326848 ], [ 77.080973050116981, 25.058018739440374 ], [ 77.081043945975594, 25.058016312088764 ], [ 77.08111488988439, 25.058015762648928 ], [ 77.081230475061602, 25.058028653410361 ], [ 77.081346830236129, 25.05803288861593 ], [ 77.081463175427615, 25.058028440478299 ], [ 77.081578732011735, 25.058015339022454 ], [ 77.081692724703871, 25.057993672103091 ], [ 77.081804389500206, 25.05796358457301 ], [ 77.081912978644922, 25.05792527742474 ], [ 77.082017763595488, 25.057879008719933 ], [ 77.082118043012116, 25.057825088242332 ], [ 77.082236877719936, 25.057758374271661 ], [ 77.082349132024603, 25.057682795085153 ], [ 77.0824540109639, 25.057598883599223 ], [ 77.082550771458301, 25.057507234607513 ], [ 77.082638728317662, 25.05740849941601 ], [ 77.082717257322855, 25.057303375936268 ], [ 77.082785802155058, 25.05719260964986 ], [ 77.082843879449811, 25.057076984622764 ], [ 77.08289107487019, 25.056957319857009 ], [ 77.082921686972924, 25.056832314283415 ], [ 77.08296517458102, 25.056710516507763 ], [ 77.083021147050175, 25.056593024773679 ], [ 77.083089101151685, 25.056480897478654 ], [ 77.08316842312469, 25.05637514687146 ], [ 77.083258397755444, 25.056276724685169 ], [ 77.0833582133736, 25.056186518570385 ], [ 77.083466970872038, 25.056105343146353 ], [ 77.083583690763462, 25.056033929227965 ], [ 77.0836816937382, 25.055995949215003 ], [ 77.083775119102384, 25.055949371308909 ], [ 77.083863061731478, 25.055894648870638 ], [ 77.083944668225158, 25.055832311586478 ], [ 77.084019146850494, 25.055762962847357 ], [ 77.084085775492213, 25.055687278013529 ], [ 77.084143907766702, 25.055605989116494 ], [ 77.084192978969668, 25.055519884911721 ], [ 77.084232514084476, 25.055429803725531 ], [ 77.084410805824078, 25.055185425330642 ], [ 77.084561878223909, 25.055059208851954 ], [ 77.084469696143842, 25.054193366294822 ], [ 77.084011567863882, 25.050848068775725 ], [ 77.083011400650108, 25.050392637544906 ], [ 77.081430727992597, 25.049672854199581 ], [ 77.081174976625363, 25.049556390236084 ], [ 77.080338271636251, 25.049175371605134 ], [ 77.078240719722757, 25.04798809065252 ], [ 77.076225613621716, 25.046847429051102 ], [ 77.072780399369194, 25.044897136288679 ], [ 77.070260252455682, 25.043794895650034 ], [ 77.069533664545347, 25.043477094699305 ], [ 77.069538848189893, 25.039260146334644 ], [ 77.069539828736239, 25.038462103179963 ], [ 77.069543072396627, 25.03582065809147 ], [ 77.069595306377096, 25.034634154930707 ], [ 77.069735851731096, 25.031441492522259 ], [ 77.069759116530051, 25.030912987587143 ], [ 77.069779431895554, 25.029049169942798 ], [ 77.070394670651851, 25.028440219210939 ], [ 77.071749254802256, 25.027099447796889 ], [ 77.074211968788759, 25.024661737006458 ], [ 77.075390836018585, 25.023506726223218 ], [ 77.077321811531931, 25.022228165734209 ], [ 77.077457811354392, 25.022138285768939 ], [ 77.079259384220705, 25.021672453029137 ], [ 77.081198974818406, 25.020889622796563 ], [ 77.082579602816367, 25.019389346823811 ], [ 77.083274795531196, 25.01809248768614 ], [ 77.081890602580117, 25.016377517563217 ], [ 77.077920296749483, 25.012517347236006 ], [ 77.075239797086098, 25.013380672066759 ], [ 77.071802540262368, 25.012802103577222 ], [ 77.07183359792748, 25.012000861425712 ], [ 77.071880091532108, 25.01080136145335 ], [ 77.071988164458872, 25.010320350738187 ], [ 77.072245951293326, 25.009172979846845 ], [ 77.072680294101801, 25.00777987331475 ], [ 77.072855587680692, 25.007217627594574 ], [ 77.073009748948891, 25.006723158008857 ], [ 77.074483330378655, 25.002074840066463 ], [ 77.074594438095204, 25.001724342083307 ], [ 77.074977470918711, 25.000157840921307 ], [ 77.074885267903255, 24.999973157184368 ], [ 77.074560215165192, 24.999246375213833 ], [ 77.074041840028954, 24.998087333818791 ], [ 77.073780148824625, 24.997502208347534 ], [ 77.073331819016275, 24.995767341008385 ], [ 77.073147506737655, 24.995054110913049 ], [ 77.072850945710229, 24.993906498007469 ], [ 77.071501463472671, 24.990355265524361 ], [ 77.070424865842, 24.989643622563417 ], [ 77.069060958004471, 24.988723339198 ], [ 77.068295951165581, 24.98819295305448 ], [ 77.068151462759417, 24.988084348380621 ], [ 77.067414814253084, 24.987530646094882 ], [ 77.066850389510194, 24.987079906227248 ], [ 77.065962722455069, 24.986371020025814 ], [ 77.065707709178753, 24.985797663361584 ], [ 77.065696688741127, 24.982079607839882 ], [ 77.065281261327783, 24.980415830164723 ], [ 77.064007718246913, 24.978864988802925 ], [ 77.063824507732264, 24.978641883198318 ], [ 77.06309213844753, 24.977793303473408 ], [ 77.061977587031606, 24.976501869327542 ], [ 77.060529160186533, 24.975168144749354 ], [ 77.059768453212683, 24.974170223976117 ], [ 77.059211899490265, 24.972511506958021 ], [ 77.059043682870509, 24.970886974649499 ], [ 77.059024184469408, 24.970499283763484 ], [ 77.058902025099314, 24.969028626797339 ], [ 77.058311726458584, 24.968208694693192 ], [ 77.057863899163436, 24.967774143067981 ], [ 77.057854428839136, 24.967621820992818 ], [ 77.057840391763122, 24.967396046875056 ], [ 77.057306049539577, 24.967138224368885 ], [ 77.057111057607912, 24.967064684349729 ], [ 77.056914454480562, 24.966994801328831 ], [ 77.056716322045105, 24.966928604946247 ], [ 77.05651674318905, 24.966866123948591 ], [ 77.056315802839933, 24.96680738168277 ], [ 77.056113584904409, 24.966752404196075 ], [ 77.055910173328158, 24.966701213924232 ], [ 77.055705654027633, 24.966653834224473 ], [ 77.055500112978322, 24.966610283036474 ], [ 77.055325159246095, 24.966568209654326 ], [ 77.055154096795633, 24.966514458588716 ], [ 77.054987862578059, 24.966449325606046 ], [ 77.054827367126833, 24.966373165838288 ], [ 77.05467348858329, 24.966286396437528 ], [ 77.054527069763949, 24.966189492935762 ], [ 77.054388911265477, 24.966082985569322 ], [ 77.0542597694932, 24.965967458356701 ], [ 77.054140353758527, 24.965843542750001 ], [ 77.054101889558083, 24.965714178150812 ], [ 77.054056891271685, 24.965586577982286 ], [ 77.054005453982285, 24.965461015842195 ], [ 77.053947690641692, 24.965337761878938 ], [ 77.053883724175478, 24.965217080009786 ], [ 77.053813691445399, 24.965099227957349 ], [ 77.053737744179841, 24.964984462676846 ], [ 77.053656043169667, 24.964873027659426 ], [ 77.053568767053846, 24.964765164753224 ], [ 77.053470623267074, 24.964677184045808 ], [ 77.053360985123589, 24.964601314115221 ], [ 77.053241638033612, 24.964538793164802 ], [ 77.053114528332188, 24.96449063871475 ], [ 77.052981725778423, 24.96445763461735 ], [ 77.052845393950946, 24.964440320853356 ], [ 77.052707752798597, 24.964438976031346 ], [ 77.052571045876064, 24.964453624312984 ], [ 77.05243749784303, 24.964484026896287 ], [ 77.052252227082604, 24.964492743639362 ], [ 77.052066774955435, 24.964497243773835 ], [ 77.051881259378717, 24.964497526574245 ], [ 77.051695793346497, 24.964493588561478 ], [ 77.051510491734319, 24.964485435305033 ], [ 77.051325470438115, 24.96447306967513 ], [ 77.05114084724508, 24.964456502687629 ], [ 77.050956733067906, 24.964435739877409 ], [ 77.050773246624047, 24.964410797688547 ], [ 77.05065778354728, 24.964355544985281 ], [ 77.050543033459505, 24.964299072343319 ], [ 77.050429010111316, 24.964241390727707 ], [ 77.050315726302486, 24.964182507482299 ], [ 77.050203203767779, 24.964122428226815 ], [ 77.050091451314543, 24.964061162977863 ], [ 77.049980486685214, 24.963998720027863 ], [ 77.049870326641354, 24.963935106757205 ], [ 77.049760981971218, 24.963870333200664 ], [ 77.049433880369108, 24.963647817188338 ], [ 77.048934521762334, 24.963397392344074 ], [ 77.048856923338704, 24.963358476184837 ], [ 77.050038344501317, 24.962812258917044 ], [ 77.050104711813916, 24.96278157331697 ], [ 77.051693591573539, 24.962247109016339 ], [ 77.05442165250453, 24.961592074744541 ], [ 77.054848930741969, 24.961489476295888 ], [ 77.05577540006071, 24.961377989087296 ], [ 77.056812879293958, 24.961253134484405 ], [ 77.059801505143497, 24.960405039668142 ], [ 77.06070603183764, 24.960475404445383 ], [ 77.062766514111274, 24.96100082615375 ], [ 77.062893519868965, 24.959354326921421 ], [ 77.063739692181784, 24.957032364225949 ], [ 77.063783281398884, 24.956177172264468 ], [ 77.062992927678295, 24.955412399873239 ], [ 77.062675721055982, 24.95510545692423 ], [ 77.060406612984707, 24.952909702803762 ], [ 77.057205762553252, 24.949812142028165 ], [ 77.054624421560504, 24.9472933596772 ], [ 77.051967590064052, 24.9447576459118 ], [ 77.049283405865168, 24.942195678079774 ], [ 77.048940097669444, 24.941844621199404 ], [ 77.047558676930834, 24.941613186847643 ], [ 77.047133838134158, 24.941542008416878 ], [ 77.044744005312879, 24.94102452004114 ], [ 77.044869125043249, 24.940721085244093 ], [ 77.045017753581632, 24.94036063432528 ], [ 77.045460741422218, 24.939184089731981 ], [ 77.046077293170512, 24.93754652833643 ], [ 77.047142619434766, 24.934716900599721 ], [ 77.047517538176976, 24.93372104115069 ], [ 77.048261197768625, 24.931745672692411 ], [ 77.048379699945514, 24.930899892015205 ], [ 77.048259297263101, 24.929932806338108 ], [ 77.048187412311776, 24.92935540756844 ], [ 77.04780041239745, 24.928201314906218 ], [ 77.047612662738288, 24.92700270757847 ], [ 77.047508015660753, 24.926519700308074 ], [ 77.046833819943373, 24.923407834280855 ], [ 77.046609016909926, 24.922324954054453 ], [ 77.045987860724679, 24.919268176048718 ], [ 77.046314764208987, 24.919155073266747 ], [ 77.047246322687641, 24.918832767614514 ], [ 77.050338985608079, 24.917470998532107 ], [ 77.051503869194221, 24.916958047943208 ], [ 77.055220213612174, 24.915321485574868 ], [ 77.057010923006928, 24.914453364221494 ], [ 77.059248541334057, 24.914303503932533 ], [ 77.059534732549977, 24.914129110243532 ], [ 77.06045188261713, 24.913378285708273 ], [ 77.062587559271876, 24.911713184498609 ], [ 77.064092460712189, 24.910560143548572 ], [ 77.06473903908153, 24.910064730313625 ], [ 77.065458617980383, 24.909415831095131 ], [ 77.067331133727137, 24.909712332156925 ], [ 77.068250445157631, 24.910051616701924 ], [ 77.069172612576239, 24.909263079037839 ], [ 77.070228244436194, 24.90836039814651 ], [ 77.071398870650029, 24.907435761675941 ], [ 77.072266878987378, 24.906750136006281 ], [ 77.072501667541829, 24.906564679210355 ], [ 77.073993324034419, 24.905386408892927 ], [ 77.076059962435195, 24.903655831457694 ], [ 77.078682582987014, 24.903548860133082 ], [ 77.079430317166, 24.903518353261436 ], [ 77.081156408064203, 24.903447915774969 ], [ 77.081875317063165, 24.903401756858237 ], [ 77.083662204680095, 24.903212347408545 ], [ 77.085975684485021, 24.902886496987009 ], [ 77.088187115869431, 24.902577832143081 ], [ 77.089488687393271, 24.902526570569268 ], [ 77.089478214885148, 24.901285150771503 ], [ 77.089491878587779, 24.900012502112819 ], [ 77.08939005996379, 24.897586024629465 ], [ 77.089455619068076, 24.896454051418733 ], [ 77.089532851015576, 24.895120486720504 ], [ 77.089333857147608, 24.894152155049703 ], [ 77.089490224292831, 24.894118965237709 ], [ 77.089764895938899, 24.894060665363988 ], [ 77.089495333528831, 24.893606003268037 ], [ 77.08937091178116, 24.893470699473077 ], [ 77.089234471232388, 24.893345402534138 ], [ 77.089086979640797, 24.893230999751598 ], [ 77.088929474921429, 24.89312829777133 ], [ 77.088763070087111, 24.893038023532927 ], [ 77.08858894543495, 24.892960814267244 ], [ 77.088408325806085, 24.892897214585389 ], [ 77.088222487526949, 24.892847675638624 ], [ 77.088032746636998, 24.892812545080041 ], [ 77.087839858005822, 24.892756076572589 ], [ 77.087642591195788, 24.892714044700625 ], [ 77.087442238268238, 24.892686723758949 ], [ 77.0872401190245, 24.892674293470037 ], [ 77.087037559246909, 24.892676836984212 ], [ 77.086835889759598, 24.892694336356044 ], [ 77.086636439452533, 24.892726676997636 ], [ 77.086440515502829, 24.892773645696277 ], [ 77.086249404318778, 24.892834935137778 ], [ 77.086100927683077, 24.892875660624743 ], [ 77.085952770351227, 24.89291734790573 ], [ 77.085804944209812, 24.892959996184565 ], [ 77.085657453244892, 24.893003602788252 ], [ 77.085510306382631, 24.893048165991161 ], [ 77.085363511588625, 24.893093681349733 ], [ 77.085217073790346, 24.893140150715098 ], [ 77.085071003933137, 24.893187568767214 ], [ 77.084925307002692, 24.893235931939127 ], [ 77.084850476006267, 24.89325607966715 ], [ 77.084777642817485, 24.893281599698241 ], [ 77.084707268569261, 24.893312330883465 ], [ 77.08463980287398, 24.893348078556855 ], [ 77.084575673933614, 24.893388613544225 ], [ 77.084515288452337, 24.893433680289757 ], [ 77.084459030705062, 24.893482991429355 ], [ 77.084407257529179, 24.893536233164092 ], [ 77.084360300285169, 24.893593067084019 ], [ 77.08433925308556, 24.89360804226677 ], [ 77.084321388317662, 24.893626134482432 ], [ 77.084307254521818, 24.893646788705645 ], [ 77.084297285192179, 24.893669375732294 ], [ 77.084291783848684, 24.893693199270761 ], [ 77.08429092065002, 24.89371753474515 ], [ 77.0842947214351, 24.893741635518836 ], [ 77.084303067412506, 24.893764761791296 ], [ 77.08431570773962, 24.893786207803444 ], [ 77.084342375983979, 24.893832565687209 ], [ 77.08436639777247, 24.893880112804354 ], [ 77.084387711107709, 24.893928721264693 ], [ 77.084406260902824, 24.893978265045899 ], [ 77.084421995118319, 24.894028610927815 ], [ 77.084434875545583, 24.894079628523038 ], [ 77.084444865024054, 24.894131182034609 ], [ 77.084451940263079, 24.894183134886354 ], [ 77.084456078952144, 24.894235351413645 ], [ 77.084460379847286, 24.894259908200858 ], [ 77.084460185229077, 24.894284776155121 ], [ 77.084455499442029, 24.894309273471162 ], [ 77.084446451438353, 24.894332732099503 ], [ 77.084433287712415, 24.894354510326799 ], [ 77.084416369147007, 24.894374009906784 ], [ 77.08439615788113, 24.894390700326849 ], [ 77.084373208332352, 24.894404125050293 ], [ 77.084348145260947, 24.894413915769395 ], [ 77.084257337342692, 24.894423134722206 ], [ 77.084166075648753, 24.894427123301273 ], [ 77.084074716832859, 24.894425863017172 ], [ 77.083983628157796, 24.894419361666092 ], [ 77.083893167820804, 24.894407641413803 ], [ 77.083803697687983, 24.89439075155283 ], [ 77.083715567560191, 24.89436875842771 ], [ 77.083629131954808, 24.89434175010042 ], [ 77.083544730363343, 24.89430983075523 ], [ 77.083422519484785, 24.894258057422132 ], [ 77.083295618270128, 24.894216722600049 ], [ 77.083165097240922, 24.894186173605039 ], [ 77.083032054605042, 24.894166668596949 ], [ 77.082897611356387, 24.894158372019799 ], [ 77.082762901385735, 24.894161353610919 ], [ 77.082629058611857, 24.894175588286068 ], [ 77.082497209063135, 24.894200956068445 ], [ 77.082368465928724, 24.894237242044454 ], [ 77.082232960561996, 24.894295598891826 ], [ 77.082093094536916, 24.894344658887267 ], [ 77.081949635141939, 24.894384153436995 ], [ 77.081803365955707, 24.894413864669499 ], [ 77.081655090738593, 24.894433631792278 ], [ 77.081505618639497, 24.894443345541152 ], [ 77.081355767097094, 24.894442954527978 ], [ 77.081206357956333, 24.894432457981118 ], [ 77.081058210430527, 24.894411915616537 ], [ 77.080942655813203, 24.894389617566418 ], [ 77.080827624343002, 24.894365173822269 ], [ 77.08071316545869, 24.894338591149822 ], [ 77.080700184578404, 24.89433531766614 ], [ 77.080599324570628, 24.894309882600673 ], [ 77.080486150088348, 24.894279058544054 ], [ 77.080373690372582, 24.894246133864449 ], [ 77.080261991833055, 24.894211120719657 ], [ 77.080151097879948, 24.894174033950051 ], [ 77.08004105982414, 24.894134890273097 ], [ 77.079858814640914, 24.894083051268229 ], [ 77.079672154827009, 24.894046550530092 ], [ 77.079482627588646, 24.894025689996724 ], [ 77.07929180625797, 24.894020643607178 ], [ 77.079101272543895, 24.894031450820723 ], [ 77.078912607546769, 24.894058023761769 ], [ 77.078763699348571, 24.894091880676889 ], [ 77.078727374009304, 24.894100140738765 ], [ 77.078547110291751, 24.894157454317856 ], [ 77.078373308633005, 24.894229487515013 ], [ 77.078309135632963, 24.89425441731693 ], [ 77.078243063006084, 24.894274807309401 ], [ 77.078175477211772, 24.894290537231971 ], [ 77.078106771328834, 24.89430151578361 ], [ 77.07803734705459, 24.894307678834359 ], [ 77.077967609735268, 24.894308991187042 ], [ 77.077897966405018, 24.894305444753588 ], [ 77.077828822806026, 24.894297059431047 ], [ 77.077760582388336, 24.894283883996085 ], [ 77.077681312040326, 24.894266580800938 ], [ 77.077602728460903, 24.894246836319329 ], [ 77.077524925443328, 24.89422467577797 ], [ 77.07744798986991, 24.894200122535789 ], [ 77.077372009544618, 24.894173206281554 ], [ 77.077297073261121, 24.894143956713297 ], [ 77.077223266784301, 24.894112408920492 ], [ 77.07715067390842, 24.894078597072106 ], [ 77.07707937933948, 24.894042562569986 ], [ 77.076951335925045, 24.893993078824863 ], [ 77.076817550835131, 24.8939584644748 ], [ 77.076680089543189, 24.893939257337419 ], [ 77.076541080528941, 24.893935752868487 ], [ 77.07640266775141, 24.893948004639039 ], [ 77.076266990852616, 24.893975824157629 ], [ 77.076136145551047, 24.894018781417454 ], [ 77.076012152876856, 24.894076211844382 ], [ 77.07589693031818, 24.894147229582867 ], [ 77.075808658157456, 24.894189143119288 ], [ 77.075720985690452, 24.894232088818576 ], [ 77.075633927804859, 24.894276063203026 ], [ 77.075547496486621, 24.894321056447367 ], [ 77.075461708652426, 24.894367060576688 ], [ 77.075376578229339, 24.894414069395534 ], [ 77.075292119164104, 24.894462074902506 ], [ 77.075208344413454, 24.894511069087152 ], [ 77.075125267924292, 24.894561043948176 ], [ 77.07504629292653, 24.89456975226182 ], [ 77.074967027950422, 24.894575883181144 ], [ 77.074887573090948, 24.894579428575042 ], [ 77.074808028384439, 24.894580385730674 ], [ 77.07472849884681, 24.894578749270899 ], [ 77.074649083436555, 24.894574524601548 ], [ 77.074569885082056, 24.894567716261196 ], [ 77.074491001722294, 24.894558332356219 ], [ 77.074412537187612, 24.89454638556181 ], [ 77.074204992796496, 24.894528852141097 ], [ 77.073997266484682, 24.894513223244481 ], [ 77.073789376053398, 24.894499499934255 ], [ 77.073581346224216, 24.894487684238118 ], [ 77.073373196778334, 24.894477777236485 ], [ 77.073164949467099, 24.894469780930482 ], [ 77.072956624091248, 24.894463694594712 ], [ 77.07274824143164, 24.894459518415704 ], [ 77.072679216838225, 24.89445242863971 ], [ 77.072646093642248, 24.894449024493642 ], [ 77.072543327074001, 24.894446848815399 ], [ 77.072440755386964, 24.894453009547028 ], [ 77.0723391900043, 24.894467457104064 ], [ 77.072239432154248, 24.894490077692154 ], [ 77.072142271890243, 24.894520692394913 ], [ 77.072048478172107, 24.894559058890977 ], [ 77.071958792887401, 24.894604875011961 ], [ 77.071873923941425, 24.894657776873821 ], [ 77.071822161432195, 24.894704843240735 ], [ 77.071768310492033, 24.894749920195153 ], [ 77.071712466005465, 24.894792931826622 ], [ 77.071654721867432, 24.894833802215828 ], [ 77.071595177805946, 24.894872465430154 ], [ 77.071533933608038, 24.894908850119165 ], [ 77.071471093854811, 24.894942899425278 ], [ 77.071436154232728, 24.894960092820561 ], [ 77.071406767126987, 24.894974552914732 ], [ 77.071341061927384, 24.89500375737807 ], [ 77.071199937655379, 24.895020851138643 ], [ 77.071058339822685, 24.895034314541792 ], [ 77.070916384441119, 24.895044133280471 ], [ 77.070774179514416, 24.895050301103396 ], [ 77.070631842946526, 24.8950528118493 ], [ 77.070489484672294, 24.895051663800803 ], [ 77.070347217547607, 24.895046859782855 ], [ 77.070205155438003, 24.895038400823751 ], [ 77.070063411140424, 24.895026295167373 ], [ 77.069836139315356, 24.895010705309293 ], [ 77.069608609157314, 24.894998671894701 ], [ 77.069380884988732, 24.894990196405768 ], [ 77.069153036062445, 24.894985282175679 ], [ 77.068925126681094, 24.894983932493474 ], [ 77.068697225146551, 24.894986147072178 ], [ 77.068465179981033, 24.894992097012814 ], [ 77.068241716913903, 24.895001261527717 ], [ 77.068014243888655, 24.895014157193874 ], [ 77.067876860493627, 24.895030198791417 ], [ 77.067739592245317, 24.895047030611959 ], [ 77.06760244213082, 24.895064650876606 ], [ 77.067465416077894, 24.895083060542252 ], [ 77.067328521014034, 24.895102259671805 ], [ 77.067191760926306, 24.895122245592294 ], [ 77.067055142722651, 24.895143020172714 ], [ 77.066918670409649, 24.895164578934093 ], [ 77.066782349905296, 24.895186923736485 ], [ 77.066667848227752, 24.895196930813452 ], [ 77.066554936705828, 24.895216947703624 ], [ 77.066444661931072, 24.895246787005632 ], [ 77.066338049660004, 24.895286174434904 ], [ 77.066236091033559, 24.895334741474013 ], [ 77.066139732559918, 24.895392036118718 ], [ 77.066049871106202, 24.895457528250756 ], [ 77.065967339058318, 24.895530608600126 ], [ 77.06589290820321, 24.895610596004186 ], [ 77.06578870817205, 24.895716231885434 ], [ 77.065678821629376, 24.895816958419264 ], [ 77.065563523615978, 24.895912522506851 ], [ 77.06544310884847, 24.896002682968195 ], [ 77.065317880819237, 24.896087211346682 ], [ 77.065188151766975, 24.896165894618296 ], [ 77.065054255576129, 24.896238532599231 ], [ 77.064916525937505, 24.896304943166854 ], [ 77.064775311247374, 24.896364957879285 ], [ 77.064628667262511, 24.896407818545121 ], [ 77.064479350690775, 24.896442147642983 ], [ 77.06432795514695, 24.896467808760143 ], [ 77.064175084773893, 24.896484698996428 ], [ 77.064021349252613, 24.896492752531316 ], [ 77.063864488513104, 24.89649175380012 ], [ 77.063713743461662, 24.896482250790616 ], [ 77.063561098565714, 24.896463739142312 ], [ 77.063410041316786, 24.896436471743929 ], [ 77.063033981884089, 24.896347907819667 ], [ 77.062657047056376, 24.896262493156147 ], [ 77.062279271379623, 24.896180235284287 ], [ 77.061900683459399, 24.896101141681619 ], [ 77.061521315861057, 24.896025219861563 ], [ 77.06114120217903, 24.895952473735004 ], [ 77.060760372978294, 24.895882912604254 ], [ 77.060461631524703, 24.895830940433985 ], [ 77.06037885988259, 24.89581653945967 ], [ 77.059996696446063, 24.895753361825204 ], [ 77.059678058117214, 24.895694417679113 ], [ 77.059357952123761, 24.895642502773043 ], [ 77.059036567212573, 24.895597645906399 ], [ 77.058714090169147, 24.895559874056207 ], [ 77.058390708817356, 24.895529209694867 ], [ 77.058066610059257, 24.895505668966305 ], [ 77.057758890664473, 24.895490121939375 ], [ 77.057741981796184, 24.895489267122038 ], [ 77.057417015958151, 24.895480013130161 ], [ 77.057091899574061, 24.89547791140027 ], [ 77.057003510049839, 24.895475227450365 ], [ 77.056915070598833, 24.895475293828913 ], [ 77.056826685157688, 24.895478112386005 ], [ 77.056738457732393, 24.895483678651011 ], [ 77.056650488388584, 24.895491986311416 ], [ 77.056562883171694, 24.895503025497025 ], [ 77.056475740226873, 24.895516784459748 ], [ 77.056389162698963, 24.895533246981675 ], [ 77.05630324981243, 24.895552393197281 ], [ 77.056193506357602, 24.895604624681091 ], [ 77.056083205210072, 24.89565587745567 ], [ 77.055972361301443, 24.895706144431156 ], [ 77.055860986543834, 24.895755423005806 ], [ 77.055749088919029, 24.895803707832748 ], [ 77.055636681358934, 24.895850993610317 ], [ 77.055523769835659, 24.895897277682575 ], [ 77.055410370271247, 24.895942552969004 ], [ 77.055296491607876, 24.895986816840892 ], [ 77.055218872841678, 24.896000791102985 ], [ 77.055140175286866, 24.896008224279697 ], [ 77.055061064006949, 24.896009054707157 ], [ 77.054982199521064, 24.896003273964244 ], [ 77.0549042496244, 24.895990932398956 ], [ 77.054827864686388, 24.895972134387325 ], [ 77.05475368659036, 24.895947035705806 ], [ 77.054682339783085, 24.895915847061577 ], [ 77.054614424364132, 24.895878832223392 ], [ 77.054512152896052, 24.895790280011795 ], [ 77.05440996063858, 24.895701650790841 ], [ 77.054307850551851, 24.895612945490836 ], [ 77.054205818685674, 24.895524163172745 ], [ 77.054103868010159, 24.89543530386387 ], [ 77.054001997525333, 24.895346368458323 ], [ 77.053900206241195, 24.895257356947297 ], [ 77.053798496137745, 24.895168269348929 ], [ 77.053696866234901, 24.895079104751396 ], [ 77.0536490662072, 24.895063964744185 ], [ 77.053600401137416, 24.89505132110677 ], [ 77.053551027019523, 24.895041214096668 ], [ 77.053501105846905, 24.895033678607764 ], [ 77.053450795791434, 24.895028736855874 ], [ 77.05340025904448, 24.895026405675193 ], [ 77.053349658896408, 24.89502669197611 ], [ 77.05329915774675, 24.895029593630017 ], [ 77.053248919024739, 24.89503510490573 ], [ 77.053232176904629, 24.895034764062746 ], [ 77.05321544959223, 24.895035508875768 ], [ 77.053198823278194, 24.895037334713749 ], [ 77.053182382212853, 24.895040233315772 ], [ 77.053166205775867, 24.895044189151513 ], [ 77.053150380306732, 24.895049184045163 ], [ 77.053134982344005, 24.895055190700287 ], [ 77.053120091416304, 24.895062180041634 ], [ 77.053105782171457, 24.895070116627728 ], [ 77.053075888255449, 24.895127190963336 ], [ 77.053044884866253, 24.895183771091229 ], [ 77.053012781121268, 24.895239838129008 ], [ 77.052979589088309, 24.895295375027413 ], [ 77.052945315894917, 24.895350363788818 ], [ 77.052909975579055, 24.895404788285127 ], [ 77.05287357924847, 24.895458628748948 ], [ 77.052836136971251, 24.895511869918881 ], [ 77.052797659825458, 24.895564494736547 ], [ 77.052435620810726, 24.896043541202015 ], [ 77.052416260908316, 24.896032729304181 ], [ 77.05239427620387, 24.896026419721473 ], [ 77.052371270691069, 24.896025153626024 ], [ 77.05234861388827, 24.896029004951735 ], [ 77.052231486372676, 24.896039958528249 ], [ 77.052113763232441, 24.896041775355414 ], [ 77.051996297144328, 24.896034441557955 ], [ 77.05187994302986, 24.896018009209865 ], [ 77.051765545144548, 24.895992599828539 ], [ 77.051734480689916, 24.895983080561866 ], [ 77.051653936186028, 24.895958395335473 ], [ 77.051545926303859, 24.895915646986602 ], [ 77.051442299267634, 24.895864663596505 ], [ 77.051343809436915, 24.895805816929151 ], [ 77.051168518260013, 24.895704362712202 ], [ 77.050989045333466, 24.895609186274008 ], [ 77.050805660376724, 24.895520429145186 ], [ 77.050618640115985, 24.895438225696719 ], [ 77.050428266343985, 24.895362699509711 ], [ 77.050234823940215, 24.895293963357599 ], [ 77.050038605791201, 24.895232121960429 ], [ 77.049839904920574, 24.8951772673975 ], [ 77.049639022359244, 24.895129483694866 ], [ 77.049567363171988, 24.895116665993385 ], [ 77.049494841864828, 24.895108858862056 ], [ 77.049421880659395, 24.895106112226582 ], [ 77.049348900214724, 24.895108438069084 ], [ 77.049276327388597, 24.895115824948768 ], [ 77.04920458047684, 24.89512822973898 ], [ 77.049134077113976, 24.895145579505471 ], [ 77.049065226313516, 24.895167775045994 ], [ 77.048998428527867, 24.895194685472362 ], [ 77.04894235496036, 24.89522947796447 ], [ 77.048885975033798, 24.895263855813987 ], [ 77.048829292738418, 24.895297816347782 ], [ 77.048772310074554, 24.895331357777749 ], [ 77.048715032012566, 24.895364478342934 ], [ 77.048657463552672, 24.895397173573382 ], [ 77.04859960565544, 24.895429446186821 ], [ 77.048541464351018, 24.895461288110415 ], [ 77.048483041609856, 24.895492700265034 ], [ 77.048398799243301, 24.895565358398063 ], [ 77.048310585323946, 24.895633982049038 ], [ 77.048218630550664, 24.895698391804949 ], [ 77.048123177384838, 24.895758419198085 ], [ 77.048024477120208, 24.895813903067129 ], [ 77.047922787763198, 24.895864702180695 ], [ 77.047818379142271, 24.895910680835268 ], [ 77.047711523888154, 24.895951718706048 ], [ 77.047602503403596, 24.895987708192948 ], [ 77.047572455180259, 24.896002962077471 ], [ 77.04754105876097, 24.896015759807064 ], [ 77.047508552858687, 24.896026003328124 ], [ 77.047475190867772, 24.896033610074582 ], [ 77.047441225854058, 24.896038527279583 ], [ 77.047406920674263, 24.896040712200591 ], [ 77.047372536866305, 24.896040151885192 ], [ 77.047338338788848, 24.896036846953699 ], [ 77.047304587511576, 24.896030826895302 ], [ 77.047195848216461, 24.895995102054631 ], [ 77.04708671871829, 24.895960378699527 ], [ 77.046977211805441, 24.895926664171281 ], [ 77.046867336385802, 24.89589395855073 ], [ 77.046757103307456, 24.895862265549027 ], [ 77.046646526388528, 24.895831588904567 ], [ 77.046535615476984, 24.895801933222504 ], [ 77.046424382450681, 24.895773298610958 ], [ 77.046312838127605, 24.895745691490276 ], [ 77.046150010424029, 24.895691819894196 ], [ 77.0459863227711, 24.895640160934693 ], [ 77.04582181163255, 24.895590729393369 ], [ 77.045656511551741, 24.895543534615559 ], [ 77.045490460991999, 24.895498589595377 ], [ 77.045323697516139, 24.895455899190768 ], [ 77.045156254636993, 24.895415476350461 ], [ 77.044988170857224, 24.895377330456874 ], [ 77.044819485709127, 24.895341467289686 ], [ 77.044840902023452, 24.89512135332884 ], [ 77.044857491808074, 24.894950836295923 ], [ 77.045501649977894, 24.89326799159176 ], [ 77.04611737714292, 24.891563165272188 ], [ 77.046592939927933, 24.8902463867508 ], [ 77.046377171314461, 24.889457803573517 ], [ 77.045663189047289, 24.88674984183865 ], [ 77.045388816397804, 24.885085296396021 ], [ 77.045421721537579, 24.882255557796764 ], [ 77.045429047293553, 24.881625404641799 ], [ 77.045441600675531, 24.881386158752345 ], [ 77.04541013605396, 24.880423123554646 ], [ 77.045363800724857, 24.879004923612364 ], [ 77.045578216179806, 24.877125375677569 ], [ 77.045914446243899, 24.875539638307487 ], [ 77.045921111384999, 24.875386058268202 ], [ 77.04597535447185, 24.874136217036401 ], [ 77.048469460762107, 24.870159504771888 ], [ 77.048876238981848, 24.869510891157756 ], [ 77.049311558339951, 24.868769743298078 ], [ 77.049606493464267, 24.868267599866865 ], [ 77.050369764962923, 24.86696898815282 ], [ 77.051697599916352, 24.864735650337948 ], [ 77.052303833378829, 24.863633303342375 ], [ 77.052655800524207, 24.862404400685737 ], [ 77.052848142220782, 24.861732820924797 ], [ 77.052489453065363, 24.861272196689161 ], [ 77.052305277314176, 24.861035680989858 ], [ 77.051288324654976, 24.85972969559581 ], [ 77.049505705806993, 24.857767768076855 ], [ 77.048996796092638, 24.857223979772566 ], [ 77.047623658136871, 24.855639454237146 ], [ 77.04612905936078, 24.853914708027379 ], [ 77.044294830749166, 24.853329869440707 ], [ 77.043291714100405, 24.852429615432953 ], [ 77.042776077583341, 24.851621296225645 ], [ 77.041417570214833, 24.85206474257706 ], [ 77.040834324397451, 24.852255122245602 ], [ 77.039319917963056, 24.853034944962921 ], [ 77.038326508264049, 24.853487355335467 ], [ 77.038402182141596, 24.852756548685704 ], [ 77.03843545198032, 24.852435253382339 ], [ 77.038540315552709, 24.851422542777478 ], [ 77.037634408042123, 24.851167905249564 ], [ 77.036277169175222, 24.850828016092546 ], [ 77.036003856739939, 24.850565963562623 ], [ 77.035955191610668, 24.849716249679549 ], [ 77.035635968036729, 24.849387846991998 ], [ 77.035119898108121, 24.849358430838638 ], [ 77.034798200391904, 24.848314192118234 ], [ 77.034920494898088, 24.846849802300355 ], [ 77.036100931959737, 24.842294458357355 ], [ 77.036161486782078, 24.842150984408548 ], [ 77.036626969564082, 24.841048081248335 ], [ 77.037715454819875, 24.838468958221426 ], [ 77.040159504950736, 24.839445451881456 ], [ 77.040270949336062, 24.837776379783417 ], [ 77.038473063251274, 24.836180609402124 ], [ 77.037154482766425, 24.834562623590369 ], [ 77.0365515930703, 24.833680124407433 ], [ 77.036229500982273, 24.833357282859183 ], [ 77.035615203743049, 24.832737778471948 ], [ 77.035270095507911, 24.832008795286779 ], [ 77.041892889298367, 24.833600616554467 ], [ 77.043089228038681, 24.833906831369287 ], [ 77.043598397803208, 24.833405236493796 ], [ 77.044511735783317, 24.832445024780824 ], [ 77.043406298374848, 24.83119417798407 ], [ 77.045470742834567, 24.829996186209261 ], [ 77.046041876870547, 24.829657352010532 ], [ 77.046381398407888, 24.829455922821126 ], [ 77.049435469984999, 24.827643961422311 ], [ 77.050776719895339, 24.82604596607586 ], [ 77.050859507011907, 24.826028022759473 ], [ 77.054549111587278, 24.825228288864498 ], [ 77.055849686194378, 24.824727103785566 ], [ 77.056089731697369, 24.824634598805975 ], [ 77.057063653471701, 24.824116006169874 ], [ 77.055407529082629, 24.822557105370056 ], [ 77.055090521479798, 24.822236275972003 ], [ 77.054768516224698, 24.821919621537202 ], [ 77.054441578936974, 24.821607204946254 ], [ 77.05410977717321, 24.821299092709651 ], [ 77.05377317658791, 24.820995344095927 ], [ 77.053431849699891, 24.820696023854829 ], [ 77.053085863118653, 24.820401193973012 ], [ 77.052735289417654, 24.820110913782347 ], [ 77.052380201167978, 24.81982524261473 ], [ 77.052244400382804, 24.819634131943666 ], [ 77.052118036894939, 24.819437703099187 ], [ 77.052001360718407, 24.819236344914671 ], [ 77.051894601984714, 24.819030454168722 ], [ 77.051797969924024, 24.81882043828503 ], [ 77.051711658851517, 24.818606710871251 ], [ 77.051635835256121, 24.818389696116505 ], [ 77.051570649782562, 24.818169818966439 ], [ 77.051516233135942, 24.817947517729202 ], [ 77.051414337344269, 24.817716646019196 ], [ 77.051311430505407, 24.81748614793095 ], [ 77.051207514553525, 24.817256027995729 ], [ 77.051102592432002, 24.817026288947858 ], [ 77.051041154484196, 24.81689326221958 ], [ 77.050996665095482, 24.816796934406494 ], [ 77.050889734497801, 24.81656796709688 ], [ 77.050781800574384, 24.816339393338151 ], [ 77.050672867277669, 24.816111214067593 ], [ 77.050562935542231, 24.815883434710376 ], [ 77.050083044699605, 24.815148013505812 ], [ 77.050436885274436, 24.815177671401464 ], [ 77.051359851709293, 24.815255028317186 ], [ 77.051476691491843, 24.815300555767717 ], [ 77.051588209049683, 24.815356096046784 ], [ 77.051693381922362, 24.815421138610738 ], [ 77.051791238091226, 24.815495083970685 ], [ 77.051880874688266, 24.815577251990643 ], [ 77.051961468849399, 24.815666884695133 ], [ 77.051992476630886, 24.815709041056831 ], [ 77.05203227761568, 24.815763155298779 ], [ 77.052092646729292, 24.815865178219866 ], [ 77.052142023446763, 24.815972013712422 ], [ 77.052231584403515, 24.816144613330579 ], [ 77.052330312908552, 24.816312995950526 ], [ 77.052437972009244, 24.816476754802231 ], [ 77.052554302823879, 24.816635497364285 ], [ 77.052679025589654, 24.816788839954977 ], [ 77.052811840572886, 24.81693641496576 ], [ 77.052952426139541, 24.817077866328209 ], [ 77.053100444661666, 24.81721285227761 ], [ 77.053255540489232, 24.817341049850153 ], [ 77.053499792823629, 24.817510274439989 ], [ 77.053744238325379, 24.817679269214857 ], [ 77.05398887303636, 24.817848034137679 ], [ 77.054233699944078, 24.818016567428597 ], [ 77.054478716060089, 24.818184870865576 ], [ 77.054723923372563, 24.818352943562726 ], [ 77.054969319902227, 24.818520785501015 ], [ 77.055214907637222, 24.818688395794535 ], [ 77.055460684568629, 24.818855777133372 ], [ 77.055655662759065, 24.818933306281036 ], [ 77.055859566273227, 24.818988494989583 ], [ 77.056069331643258, 24.819020513386306 ], [ 77.056281813383251, 24.819028882176234 ], [ 77.056493822565002, 24.819013474800862 ], [ 77.056702175259076, 24.818974522394985 ], [ 77.056903746021518, 24.818912609757728 ], [ 77.057044070390845, 24.81885118305339 ], [ 77.057095510555612, 24.818828665804819 ], [ 77.057274587412863, 24.818723951302101 ], [ 77.057385242683623, 24.818655109158261 ], [ 77.057494079259058, 24.818583895997673 ], [ 77.057601040315632, 24.818510350141281 ], [ 77.057706062045114, 24.818434515265324 ], [ 77.057809087605193, 24.818356431496927 ], [ 77.057910059105495, 24.818276144372547 ], [ 77.058008919645502, 24.818193699437735 ], [ 77.058105614333655, 24.818109139546962 ], [ 77.058200089189512, 24.818022514787884 ], [ 77.058323759169625, 24.817960670006538 ], [ 77.058453541447662, 24.817910327516451 ], [ 77.058588158114034, 24.817871985952529 ], [ 77.058726276188622, 24.817846022437223 ], [ 77.058866535312291, 24.817832693735959 ], [ 77.059007550762445, 24.817832131769215 ], [ 77.059147933278553, 24.817844340180159 ], [ 77.059286296915971, 24.817869199824589 ], [ 77.059421272934998, 24.817906465284508 ], [ 77.06005800471489, 24.817932720240215 ], [ 77.060172707462058, 24.817948961000837 ], [ 77.060288067737957, 24.817960706551364 ], [ 77.060403871035376, 24.817967935978974 ], [ 77.06051990771509, 24.817970635640545 ], [ 77.060635965071242, 24.817968800897031 ], [ 77.060751831308608, 24.817962434342931 ], [ 77.060867290566293, 24.817951548470891 ], [ 77.060982134820065, 24.817936163070044 ], [ 77.061096151999976, 24.817916306021367 ], [ 77.06131718079456, 24.817861292736453 ], [ 77.061538943922585, 24.817808798218067 ], [ 77.061761407639125, 24.817758832994922 ], [ 77.061984535270653, 24.817711403957055 ], [ 77.062208295090741, 24.817666518039434 ], [ 77.062432648447327, 24.817624182114507 ], [ 77.062657563614366, 24.817584403117706 ], [ 77.062883007876493, 24.817547187975599 ], [ 77.063108940622868, 24.817512541737457 ], [ 77.063805695877591, 24.817310131347789 ], [ 77.06403572986207, 24.817088460847021 ], [ 77.063933011311249, 24.8151015102912 ], [ 77.063903762272574, 24.814535710053153 ], [ 77.063822166015242, 24.813740297703401 ], [ 77.06366005356324, 24.812159934185317 ], [ 77.063591054177579, 24.81148727501645 ], [ 77.063554767412953, 24.811133527685168 ], [ 77.063223770777128, 24.809797468999154 ], [ 77.063023073779078, 24.808848706823785 ], [ 77.062945156904249, 24.808480369424164 ], [ 77.062704154721089, 24.807423856030198 ], [ 77.062560597678313, 24.805892625347042 ], [ 77.061315099313347, 24.804192409653481 ], [ 77.059671144775038, 24.802626305604637 ], [ 77.059105880497768, 24.802051229706173 ], [ 77.058426866387563, 24.800285681381887 ], [ 77.058355468438194, 24.800100031318891 ], [ 77.058308705664544, 24.79702598320096 ], [ 77.056610245663805, 24.7931148632651 ], [ 77.056401526551866, 24.790694714567678 ], [ 77.05636971925162, 24.790325890823507 ], [ 77.056303298207254, 24.789555704921771 ], [ 77.055596576917722, 24.787878198821655 ], [ 77.054100571441836, 24.784327063415883 ], [ 77.053722068739987, 24.783861271350048 ], [ 77.052698338542186, 24.782601437757791 ], [ 77.052728518522613, 24.782035090939448 ], [ 77.052848733157191, 24.779779088138998 ], [ 77.051162626155929, 24.779930513317517 ], [ 77.049309223152648, 24.779858322291233 ], [ 77.048169795958643, 24.779881074632129 ], [ 77.046767404113695, 24.780675240597922 ], [ 77.044208587599584, 24.781738534128895 ], [ 77.04363736783138, 24.781973893633335 ], [ 77.041938822773659, 24.782673721447697 ], [ 77.039104641506981, 24.783995440894344 ], [ 77.036451005813959, 24.784950340293744 ], [ 77.036317231149994, 24.785008463277904 ], [ 77.034008966284262, 24.786011326252446 ], [ 77.033182991600071, 24.786343829145338 ], [ 77.031615178340971, 24.787072076997742 ], [ 77.028796001975948, 24.78843506165747 ], [ 77.027120071539628, 24.789036582007999 ], [ 77.026939506651615, 24.789101387316368 ], [ 77.024867710104317, 24.789714936361658 ], [ 77.024538719638954, 24.789812360064435 ], [ 77.022198843637156, 24.7901403517102 ], [ 77.021177127312271, 24.790177638512155 ], [ 77.020473810189714, 24.790203302223485 ], [ 77.018739794509827, 24.790501084087637 ], [ 77.016305049968366, 24.7907409643467 ], [ 77.014962871203366, 24.790859646500767 ], [ 77.013791649695108, 24.79127601825612 ], [ 77.011444236071668, 24.792441559661206 ], [ 77.006057910056498, 24.794844763297743 ], [ 76.999981879350841, 24.797528628904384 ], [ 76.998551273855313, 24.79841721989829 ], [ 76.995417525496862, 24.801077336481299 ], [ 76.994897644907638, 24.801047573449033 ], [ 76.994781378316986, 24.800611524432352 ], [ 76.994075389487477, 24.796567830672792 ], [ 76.993622275144446, 24.795603056083923 ], [ 76.991910188498778, 24.794044426343262 ], [ 76.99122241958537, 24.793023877193534 ], [ 76.990758062241994, 24.792177121228043 ], [ 76.990570586593819, 24.792006075257792 ], [ 76.990230822322985, 24.791967574841564 ], [ 76.990058245772332, 24.791846037847598 ], [ 76.989907214556354, 24.791530763287156 ], [ 76.987375248057177, 24.790133257848264 ], [ 76.98683857996059, 24.789072298242814 ], [ 76.985937064597081, 24.786517989299909 ], [ 76.983190713661784, 24.787583953618498 ], [ 76.981052132979272, 24.783504496511288 ], [ 76.981798309505095, 24.783583860602732 ], [ 76.983726594882853, 24.781387821353412 ], [ 76.983835284154509, 24.780741046433175 ], [ 76.984307795971418, 24.77715330539079 ], [ 76.987283990666896, 24.776554029608715 ], [ 76.98741130396931, 24.776569498588827 ], [ 76.990936726430803, 24.776997780268971 ], [ 76.990699556312734, 24.775785114450873 ], [ 76.993112032851926, 24.774924801442108 ], [ 76.993716346488256, 24.77381827883335 ], [ 76.995985186340761, 24.774397539944335 ], [ 76.997499526127555, 24.773675840362881 ], [ 76.998341318410084, 24.772178981540566 ], [ 76.999004093264105, 24.772234329626233 ], [ 77.000028572761693, 24.771609868739084 ], [ 77.000694320273865, 24.771202611058929 ], [ 77.000802084722935, 24.769488559351856 ], [ 77.001604298778133, 24.767767176521271 ], [ 77.00002545167267, 24.765873273179341 ], [ 76.999691716113375, 24.765472332763643 ], [ 76.998244780115897, 24.767111491791848 ], [ 76.997294570426874, 24.767585357966958 ], [ 76.995939809509267, 24.768431531089668 ], [ 76.993789451324361, 24.769953844430237 ], [ 76.991639440588443, 24.771441065343712 ], [ 76.990183118897662, 24.772759553908305 ], [ 76.987368008269158, 24.773140047948974 ], [ 76.984516470965673, 24.772993378175215 ], [ 76.982778882284819, 24.773695518317304 ], [ 76.980116532067186, 24.774599137558539 ], [ 76.978506684844206, 24.772550095126281 ], [ 76.977386261041588, 24.772738824201042 ], [ 76.97387638975728, 24.773329981824077 ], [ 76.971002627440186, 24.774231400417712 ], [ 76.969632679660265, 24.774709031033971 ], [ 76.968938805969159, 24.776543066557245 ], [ 76.968168162280918, 24.776710921027117 ], [ 76.968810097199793, 24.778098077214619 ], [ 76.96820817171637, 24.77828712945205 ], [ 76.966669644029409, 24.779219173534877 ], [ 76.963752936032847, 24.780763167604348 ], [ 76.960935957071825, 24.782147270947512 ], [ 76.959984745383437, 24.780948921059416 ], [ 76.959007650673726, 24.779222233029571 ], [ 76.9566339197969, 24.778076755227026 ], [ 76.955528631515108, 24.779267080668475 ], [ 76.953498517015049, 24.778566498877566 ], [ 76.952496493349102, 24.779946504848752 ], [ 76.952292321780746, 24.78100494456422 ], [ 76.952227954853925, 24.78162284898897 ], [ 76.952161197298864, 24.782263669164429 ], [ 76.951001013955562, 24.782180097788483 ], [ 76.950492751147408, 24.783324552439705 ], [ 76.950500495853944, 24.783535462174413 ], [ 76.94921174799228, 24.783138699474296 ], [ 76.948822129227011, 24.783018746401325 ], [ 76.947666448532672, 24.783025275654786 ], [ 76.947649573673203, 24.782794683950662 ], [ 76.946595634734123, 24.780153696729879 ], [ 76.945134820405315, 24.779571240088451 ], [ 76.944636024102024, 24.779372355859497 ], [ 76.942167007647043, 24.77798702717141 ], [ 76.941123144138203, 24.777368328014937 ], [ 76.940468681898139, 24.776980420851544 ], [ 76.936269436340396, 24.777153256227347 ], [ 76.93627225761378, 24.779272859699496 ], [ 76.936694219895813, 24.781203470852898 ], [ 76.937972228003673, 24.782646356078011 ], [ 76.938409689046509, 24.784184579628644 ], [ 76.938396571826146, 24.785109537403699 ], [ 76.934457789732875, 24.785175056788898 ], [ 76.930923768806991, 24.784860938963419 ], [ 76.930093221273026, 24.78047407623669 ], [ 76.926183889088719, 24.780697526131341 ], [ 76.92221320055333, 24.779558415342024 ], [ 76.920530165222132, 24.778555191266925 ], [ 76.919737667773475, 24.778840526569372 ], [ 76.919144276371355, 24.779581065125715 ], [ 76.917970688395599, 24.782395258314438 ], [ 76.917047171497046, 24.78385229602809 ], [ 76.915782175486072, 24.78363904137526 ], [ 76.914188803849356, 24.783370415441958 ], [ 76.914154508090093, 24.781968085085389 ], [ 76.912277343973074, 24.781739782103738 ], [ 76.912914217289213, 24.7800967740747 ], [ 76.913105049908722, 24.77905588885983 ], [ 76.913175333145219, 24.778672529999138 ], [ 76.913222175270519, 24.777199854368408 ], [ 76.913240483304207, 24.776624227217976 ], [ 76.912009226093659, 24.776389318577522 ], [ 76.908249555363284, 24.776702537086933 ], [ 76.908081172487542, 24.776716562042903 ], [ 76.90679816972316, 24.777201067620119 ], [ 76.905239214450262, 24.777957676587491 ], [ 76.904984084073362, 24.778674512930674 ], [ 76.90471926337591, 24.779418563294207 ], [ 76.902659669960855, 24.779754965287601 ], [ 76.902326795837482, 24.779987226679559 ], [ 76.902009559090928, 24.782399736871422 ], [ 76.901277494080745, 24.783596652070809 ], [ 76.90021496861425, 24.782349796762201 ], [ 76.898901030304202, 24.780904634319409 ], [ 76.896748069455569, 24.780875772553706 ], [ 76.896324258821352, 24.780335615414035 ], [ 76.895030950820328, 24.778687233266965 ], [ 76.894839160670188, 24.77708193222902 ], [ 76.894568296421753, 24.776838138569641 ], [ 76.893492526679765, 24.776647175082019 ], [ 76.892782119264837, 24.776378912690387 ], [ 76.891695231542656, 24.776035087371945 ], [ 76.889933422810927, 24.775805747458072 ], [ 76.888687625194819, 24.775603280047967 ], [ 76.88762078824459, 24.775451281194226 ], [ 76.886845446591124, 24.775340808301376 ], [ 76.884981170849485, 24.774900883805135 ], [ 76.883775416374931, 24.774224021108431 ], [ 76.882468751112995, 24.773856226295045 ], [ 76.878990026352483, 24.773335341551082 ], [ 76.877246248790215, 24.773208879765477 ], [ 76.874024405833367, 24.772226100461129 ], [ 76.87361164856668, 24.770734680518704 ], [ 76.873446888045422, 24.769974802405237 ], [ 76.87204775517192, 24.767101039275108 ], [ 76.87169348369369, 24.766373359436002 ], [ 76.871252294965146, 24.7640178712543 ], [ 76.871856546427168, 24.76170248346294 ], [ 76.872806467730129, 24.758945301123269 ], [ 76.871402248672723, 24.757924286864693 ], [ 76.871206003662039, 24.757781593654993 ], [ 76.870554347457684, 24.756600397922139 ], [ 76.871411285908081, 24.755553116293264 ], [ 76.872954345134659, 24.754755119333723 ], [ 76.873770724001602, 24.753725343254921 ], [ 76.87386203691085, 24.753711821046796 ], [ 76.875253195033793, 24.753506454866386 ], [ 76.879526572801041, 24.75397126694682 ], [ 76.882317085266266, 24.75424920039077 ], [ 76.882867139429692, 24.756513913757605 ], [ 76.883295433709606, 24.756484100157259 ], [ 76.883699210336701, 24.75694043434234 ], [ 76.883884092863369, 24.757149380883408 ], [ 76.885995957045665, 24.756796086190864 ], [ 76.886500828094057, 24.755229626310797 ], [ 76.886495951445468, 24.755141231022158 ], [ 76.886464702732994, 24.754574860668573 ], [ 76.886885941757825, 24.75453631844605 ], [ 76.888508502298961, 24.754387847911453 ], [ 76.89165602771206, 24.753956732157192 ], [ 76.894627356695295, 24.755031732109984 ], [ 76.895777921488431, 24.755513376105974 ], [ 76.897234680492062, 24.756123182247435 ], [ 76.898721337265428, 24.756862200308923 ], [ 76.89944691903122, 24.758242335358869 ], [ 76.899875054516841, 24.759094691740909 ], [ 76.901505073244877, 24.760037934067345 ], [ 76.902789483794223, 24.760110345164126 ], [ 76.903369085248116, 24.760200395636051 ], [ 76.904921257090777, 24.760441535424203 ], [ 76.906494993205072, 24.760849668250838 ], [ 76.906655299342674, 24.761203702873583 ], [ 76.907577262812438, 24.763176505290957 ], [ 76.907260370774566, 24.765145239292128 ], [ 76.903350181143963, 24.764362352773826 ], [ 76.901136342749979, 24.762271011103344 ], [ 76.897866638485795, 24.762518302080874 ], [ 76.897514493535311, 24.762544931213277 ], [ 76.897141109998728, 24.762736166328619 ], [ 76.897894877670879, 24.763858236557169 ], [ 76.898399521404031, 24.76454247126382 ], [ 76.89849842194657, 24.764632443572403 ], [ 76.898598381925424, 24.764721436792225 ], [ 76.898699387616702, 24.764809440848438 ], [ 76.898801427318105, 24.7648964420742 ], [ 76.898904489228414, 24.764982434929419 ], [ 76.899008562633995, 24.765067405757371 ], [ 76.899113633799516, 24.76515134538597 ], [ 76.899219690956329, 24.765234245566297 ], [ 76.899326722357685, 24.765316096243513 ], [ 76.899506595589799, 24.765409288663989 ], [ 76.899686465044496, 24.765502488966639 ], [ 76.899866328754968, 24.765595696228498 ], [ 76.900046188698965, 24.765688910469621 ], [ 76.9002260438658, 24.765782133485914 ], [ 76.900405896266108, 24.765875362588577 ], [ 76.900585742911275, 24.765968599553506 ], [ 76.900765584801206, 24.766061843487698 ], [ 76.900945421914003, 24.766155096197142 ], [ 76.902638237286368, 24.766893911254982 ], [ 76.902929151393892, 24.766995459539299 ], [ 76.903224369527578, 24.767086063086769 ], [ 76.903523397926548, 24.767165571485791 ], [ 76.903825735683128, 24.767233852317627 ], [ 76.90413087872146, 24.767290789390366 ], [ 76.904438316754408, 24.767336289029998 ], [ 76.904747534317238, 24.767370276478658 ], [ 76.905058014767519, 24.767392692322819 ], [ 76.90536924018754, 24.767403500620279 ], [ 76.905537577456059, 24.76738453255135 ], [ 76.905705190925985, 24.767360805016306 ], [ 76.905871915119377, 24.767332341633427 ], [ 76.906037592448357, 24.767299167907495 ], [ 76.906202064271099, 24.767261314751735 ], [ 76.906365168870167, 24.767218822079879 ], [ 76.906526750495232, 24.76717172715724 ], [ 76.906686655243533, 24.767120078105229 ], [ 76.906844727235196, 24.767063923026093 ], [ 76.907037947146449, 24.766991580493272 ], [ 76.907234291015797, 24.766926622016229 ], [ 76.907433416283283, 24.766869160628225 ], [ 76.907634982543811, 24.766819294936663 ], [ 76.907838642635241, 24.766777109936626 ], [ 76.908044042594668, 24.766742680622574 ], [ 76.90825083362337, 24.766716063981633 ], [ 76.908458654187584, 24.766697306940518 ], [ 76.908667148873263, 24.766686441137445 ], [ 76.908874314909454, 24.766647839091505 ], [ 76.909079646133108, 24.766601783271792 ], [ 76.909282820210819, 24.766548344492076 ], [ 76.909483520558965, 24.766487608978071 ], [ 76.909681430508641, 24.766419670180571 ], [ 76.909876243118902, 24.766344635196237 ], [ 76.91006765035317, 24.766262620142918 ], [ 76.910255353881467, 24.766173756589684 ], [ 76.910439060266796, 24.766078180671617 ], [ 76.911470686009508, 24.766069961316745 ], [ 76.91303344159887, 24.766045258358922 ], [ 76.915585729444942, 24.765541859489883 ], [ 76.916640926233541, 24.765681886406064 ], [ 76.91885399074431, 24.766134075454172 ], [ 76.921508726864687, 24.767209742068594 ], [ 76.9225287930213, 24.768513765333235 ], [ 76.923470425142796, 24.769374796297559 ], [ 76.925329364914703, 24.769849291124419 ], [ 76.927652726163885, 24.770724050025837 ], [ 76.928212418827357, 24.770141311900232 ], [ 76.929970325544801, 24.77046195194173 ], [ 76.931511864174226, 24.770617535466993 ], [ 76.931612336408961, 24.769974353261489 ], [ 76.932280596200371, 24.770331548582394 ], [ 76.932540051583686, 24.770442296720496 ], [ 76.932801416213337, 24.770549232477574 ], [ 76.933064628098464, 24.770652327233432 ], [ 76.933329615314676, 24.770751555882054 ], [ 76.933596312870307, 24.770846892483291 ], [ 76.933864648839403, 24.770938311932156 ], [ 76.934134556207923, 24.771025791881598 ], [ 76.934405965993747, 24.771109309062563 ], [ 76.934678809192746, 24.771188842012332 ], [ 76.934926722110021, 24.77126765727208 ], [ 76.935177277822874, 24.771339173391162 ], [ 76.935430216047806, 24.771403316436952 ], [ 76.935685276413338, 24.771460019701902 ], [ 76.935942198417578, 24.771509227315967 ], [ 76.936200715580057, 24.771550886963798 ], [ 76.936460564267946, 24.771584956293999 ], [ 76.936721474827607, 24.771611400121742 ], [ 76.936983180474655, 24.771630191420343 ], [ 76.937138332159805, 24.771647805721049 ], [ 76.937294516862963, 24.771654291463342 ], [ 76.937450778523115, 24.771649611202331 ], [ 76.937606161307869, 24.771633791617734 ], [ 76.937759714463468, 24.77160693169013 ], [ 76.937910497389296, 24.771569191913702 ], [ 76.938057588379507, 24.771520807928749 ], [ 76.938200085827205, 24.771462072471689 ], [ 76.93833711995417, 24.771393347230614 ], [ 76.938546695239467, 24.771319810201419 ], [ 76.938757645908566, 24.771249633265022 ], [ 76.938969910445977, 24.771182833870821 ], [ 76.93918342231683, 24.771119435740577 ], [ 76.939398114062001, 24.771059457168775 ], [ 76.939613923167627, 24.771002916499075 ], [ 76.939830782196694, 24.770949830220747 ], [ 76.940048624690803, 24.77090021573617 ], [ 76.940267385213062, 24.77085408774898 ], [ 76.9403738181459, 24.770860525815927 ], [ 76.940480421985939, 24.770857196851448 ], [ 76.940586124116649, 24.770844135434942 ] ], [ [ 76.953793282236916, 25.022026357714328 ], [ 76.951226439367758, 25.022554369358531 ], [ 76.950252393048999, 25.022383163458692 ], [ 76.949356273316923, 25.022225648715331 ], [ 76.947951282437216, 25.021868945117863 ], [ 76.94723163032063, 25.021638569884246 ], [ 76.945734715024713, 25.021159361332227 ], [ 76.944643901101912, 25.019839845251425 ], [ 76.94555274805353, 25.017336906803969 ], [ 76.946711322514957, 25.015941394395892 ], [ 76.947985843649533, 25.014406176511287 ], [ 76.950769354462835, 25.015324521616655 ], [ 76.950589526501872, 25.013986437450914 ], [ 76.952561931393788, 25.013747917006697 ], [ 76.955421267870676, 25.014043444395607 ], [ 76.95628494429593, 25.017088788140377 ], [ 76.955968229925645, 25.021578922240234 ], [ 76.953793282236916, 25.022026357714328 ] ], [ [ 76.992392028041877, 24.99035540905485 ], [ 76.990538817822866, 24.988963999276944 ], [ 76.990227004763256, 24.988432825831179 ], [ 76.989984822081141, 24.988020261393284 ], [ 76.99068211727095, 24.98520286543755 ], [ 76.991771709083963, 24.980487890981145 ], [ 76.993151124906277, 24.980444326758587 ], [ 76.993965454807949, 24.98022410258875 ], [ 76.994662974136503, 24.979861790827041 ], [ 76.995247426758212, 24.979270153136209 ], [ 76.995586209961886, 24.978939889031093 ], [ 76.995945164376195, 24.978274202143027 ], [ 76.996306566413907, 24.977368084344363 ], [ 76.996557774062907, 24.97656058262541 ], [ 76.996569393002375, 24.976227193846313 ], [ 76.997317612681258, 24.975586296910897 ], [ 77.000031099975885, 24.974048499739901 ], [ 77.000497634496156, 24.973152304451688 ], [ 77.000935911327204, 24.972361375584086 ], [ 77.000957586968809, 24.967120255797621 ], [ 77.000750227232174, 24.966207441667496 ], [ 77.000689103273885, 24.96593837230925 ], [ 77.000110623428299, 24.965676339062394 ], [ 77.000023618260698, 24.965704864795594 ], [ 76.999862522635539, 24.965749072645167 ], [ 76.998782033843753, 24.966053691641825 ], [ 76.998129753882196, 24.966504215645006 ], [ 76.998041050737967, 24.966565480338868 ], [ 76.997795059285878, 24.966569706035539 ], [ 76.997681193805974, 24.966575516697649 ], [ 76.997567150713977, 24.966576255716749 ], [ 76.997453205411716, 24.966571924815145 ], [ 76.997339625324784, 24.966562530155187 ], [ 76.997226685595621, 24.966548096035361 ], [ 76.997114652326943, 24.966528657505417 ], [ 76.997003792528517, 24.966504256849259 ], [ 76.996894369978747, 24.966474958897564 ], [ 76.996786646473922, 24.966440828462787 ], [ 76.99663004879875, 24.966396112841089 ], [ 76.996477066246811, 24.966341987188507 ], [ 76.996328378660493, 24.966278691899181 ], [ 76.996184647580918, 24.966206507833203 ], [ 76.9960465113152, 24.966125754462965 ], [ 76.995914581923159, 24.966036793456613 ], [ 76.995789450304258, 24.965940016985986 ], [ 76.995671666282703, 24.965835856567249 ], [ 76.995561756509872, 24.965724776909362 ], [ 76.995393562036639, 24.965528755705115 ], [ 76.99556999990692, 24.965439726069611 ], [ 76.995770705751923, 24.965323187174924 ], [ 76.995893803610315, 24.965232099297751 ], [ 76.996017876264048, 24.965142118751565 ], [ 76.99614291666667, 24.965053255400576 ], [ 76.996268905895562, 24.964965518092676 ], [ 76.996395838916698, 24.964878914002142 ], [ 76.996523699779374, 24.964793452005157 ], [ 76.99665247451415, 24.964709140997069 ], [ 76.996782152144007, 24.964625988095435 ], [ 76.996912723642055, 24.964544003145754 ], [ 76.997035086477538, 24.964506560743011 ], [ 76.997157788195665, 24.964470055247357 ], [ 76.997280819894399, 24.964434485670143 ], [ 76.997404173589842, 24.964399857353058 ], [ 76.997527843341274, 24.96436617023862 ], [ 76.997651816212084, 24.964333429621451 ], [ 76.997776085281501, 24.964301634531793 ], [ 76.997900643576926, 24.964270788514916 ], [ 76.997994102160504, 24.964248407702701 ], [ 76.998025681049853, 24.964242728429063 ], [ 76.999090592578469, 24.963811318741971 ], [ 76.999698424381393, 24.963753999446102 ], [ 76.999323405253122, 24.962657525044445 ], [ 76.998189646783317, 24.961963096719277 ], [ 76.997267125583079, 24.961337174549243 ], [ 76.996939204755805, 24.961073094753182 ], [ 76.996277547736113, 24.960449621260508 ], [ 76.995697581054614, 24.959811987698956 ], [ 76.995205873755026, 24.958587136373481 ], [ 76.995077985833518, 24.958014250889317 ], [ 76.995241686869164, 24.957613654213255 ], [ 76.99540358920693, 24.956652562605207 ], [ 76.995470347926585, 24.956164998881416 ], [ 76.995703483866123, 24.954673392713943 ], [ 76.995826311526571, 24.953919671711528 ], [ 76.99579499695885, 24.953401234957571 ], [ 76.99566382866081, 24.953114150976699 ], [ 76.995368713186352, 24.952910881071912 ], [ 76.994634486123743, 24.952520737371792 ], [ 76.994237390838791, 24.952327628351071 ], [ 76.99389385834138, 24.952083059781145 ], [ 76.99368483652438, 24.951805419903941 ], [ 76.993680316507408, 24.951489847516125 ], [ 76.993623712852823, 24.951035056062487 ], [ 76.993448419255955, 24.950688155248944 ], [ 76.992918655673577, 24.950694229099167 ], [ 76.992186313824931, 24.950954498572145 ], [ 76.991363779175387, 24.951195430682265 ], [ 76.990997106090546, 24.951191922355957 ], [ 76.990770453345561, 24.951059828244972 ], [ 76.990695523171794, 24.950843807906022 ], [ 76.990632266644823, 24.950491583741535 ], [ 76.990110821162759, 24.948996454588372 ], [ 76.989624152838942, 24.947601006927542 ], [ 76.989202266965677, 24.946669817339618 ], [ 76.988628442420065, 24.945268380387759 ], [ 76.988395072532285, 24.944727401081416 ], [ 76.98846735124728, 24.944536551797501 ], [ 76.988902615212865, 24.944229636210434 ], [ 76.98924641831546, 24.943990413480574 ], [ 76.989768814555319, 24.943411860390103 ], [ 76.99015019403565, 24.942919707851768 ], [ 76.990566463697434, 24.942165826389438 ], [ 76.991288049924279, 24.940988149542783 ], [ 76.992110240342924, 24.939697945339919 ], [ 76.992817073167544, 24.938510131522108 ], [ 76.994000838884446, 24.937483961051186 ], [ 76.995279892588158, 24.936452759707617 ], [ 76.995357202662007, 24.936186621389965 ], [ 76.994877855237164, 24.93559275145968 ], [ 76.99370323493963, 24.933724393882187 ], [ 76.99304987545159, 24.932944069109148 ], [ 76.99277876314423, 24.93257054710806 ], [ 76.992833783896941, 24.932244064784161 ], [ 76.993427115054416, 24.93137705209941 ], [ 76.994078530112247, 24.930294241573336 ], [ 76.994337249905968, 24.929680915351227 ], [ 76.994738547234206, 24.928884421023447 ], [ 76.995082622480453, 24.928194146970593 ], [ 76.995522723437972, 24.92801997593115 ], [ 76.99672160598405, 24.927950471892039 ], [ 76.9978326710456, 24.927936147460482 ], [ 77.000030485169418, 24.926945309786205 ], [ 77.000288869573495, 24.927080509057291 ], [ 77.003118941264603, 24.927223491432589 ], [ 77.005137692914943, 24.928131984437812 ], [ 77.006727605153841, 24.928778622869753 ], [ 77.009146424233464, 24.929755080792294 ], [ 77.010564560557398, 24.930314209305926 ], [ 77.011415843400556, 24.930780450610769 ], [ 77.01159166294677, 24.930829611335369 ], [ 77.012193876209395, 24.930997996026537 ], [ 77.012351443851429, 24.931042051233895 ], [ 77.013621220098713, 24.931333232955641 ], [ 77.014558705748883, 24.932041043901396 ], [ 77.015670921398794, 24.933404467852796 ], [ 77.016740988675039, 24.934716184893492 ], [ 77.017715317168594, 24.935652124276643 ], [ 77.017810053582167, 24.936113998016008 ], [ 77.018188919490342, 24.936678591149146 ], [ 77.018798486853925, 24.940571621605578 ], [ 77.019259818131545, 24.943517802096128 ], [ 77.01697114599898, 24.943796275257618 ], [ 77.016203934502343, 24.943889617059479 ], [ 77.01411126213732, 24.944023556388281 ], [ 77.010953939631975, 24.944429208922877 ], [ 77.00991680271737, 24.944562446306254 ], [ 77.008063861142432, 24.945364275274823 ], [ 77.0067270830029, 24.946252902873805 ], [ 77.004779354416925, 24.947315931454813 ], [ 77.003603862470428, 24.950834051169274 ], [ 77.004024169317219, 24.951442300323741 ], [ 77.004747964522906, 24.953141360468351 ], [ 77.005339145247063, 24.953666576845492 ], [ 77.005684872016758, 24.953973723100045 ], [ 77.007636820733126, 24.956421961345921 ], [ 77.008501935409313, 24.957497076477562 ], [ 77.008968218904712, 24.959031243335165 ], [ 77.00721242099695, 24.961168365298533 ], [ 77.011947487362065, 24.96355994591865 ], [ 77.01210092566059, 24.96361966099084 ], [ 77.012432455286103, 24.963748685403303 ], [ 77.012330014259732, 24.963767034280341 ], [ 77.012231264773831, 24.963797917421722 ], [ 77.012138042081574, 24.963840759726306 ], [ 77.012052079905473, 24.963894767497379 ], [ 77.011974977689661, 24.963958933551201 ], [ 77.01190816857536, 24.9640320658124 ], [ 77.011852895433478, 24.964112804244671 ], [ 77.011810187773733, 24.964199647724275 ], [ 77.011780836702954, 24.964290978185375 ], [ 77.011720563694567, 24.964399441761497 ], [ 77.011660556663116, 24.964508027927476 ], [ 77.011600815629606, 24.964616734877673 ], [ 77.011541343535413, 24.964725565349415 ], [ 77.011482140411871, 24.964834516634085 ], [ 77.01142320329798, 24.964943587801045 ], [ 77.011364534144633, 24.965052781578251 ], [ 77.011306134014674, 24.965162091654477 ], [ 77.011248002857357, 24.965271522545013 ], [ 77.011193347525648, 24.96535490711916 ], [ 77.011130084069919, 24.965433070083346 ], [ 77.011058808299524, 24.96550527652715 ], [ 77.010980192688024, 24.965570845545489 ], [ 77.010894974342861, 24.965629162768824 ], [ 77.010803959018503, 24.965679675886104 ], [ 77.010708001110217, 24.965721911614732 ], [ 77.010608004705304, 24.965755470292589 ], [ 77.010504911562307, 24.965780037504793 ], [ 77.010377868906843, 24.965802423265174 ], [ 77.010249814314264, 24.96581935560091 ], [ 77.010121028634444, 24.965830792912374 ], [ 77.009991797434594, 24.965836714416401 ], [ 77.009862402258122, 24.965837104711209 ], [ 77.009733130427549, 24.965831962899735 ], [ 77.009604265149065, 24.965821301593291 ], [ 77.009476089505199, 24.965805144239869 ], [ 77.009348887455573, 24.965783524230602 ], [ 77.00879220097687, 24.965761521678964 ], [ 77.008734346879265, 24.965928913646174 ], [ 77.008668493015605, 24.966132509270274 ], [ 77.008249576675482, 24.966432364826485 ], [ 77.007784585005254, 24.968219455894975 ], [ 77.005483173088109, 24.969261911613433 ], [ 77.005432980028232, 24.969779141600672 ], [ 77.005464646459103, 24.972136128939216 ], [ 77.008076930611267, 24.972228105405655 ], [ 77.008446264436088, 24.974272246607555 ], [ 77.009548678107166, 24.975449867724304 ], [ 77.009983439148968, 24.975446264954382 ], [ 77.011822701601361, 24.975431008038903 ], [ 77.013114539161265, 24.97437477395458 ], [ 77.014158224969037, 24.974443996381655 ], [ 77.017276668129028, 24.974445817904872 ], [ 77.01692168832723, 24.976189569991959 ], [ 77.017612592143536, 24.976964562538729 ], [ 77.018644438616306, 24.977956952736424 ], [ 77.01894837675114, 24.978249265002681 ], [ 77.01954846146694, 24.978860053604375 ], [ 77.019403626992897, 24.980139327534832 ], [ 77.019129487939125, 24.981303123839069 ], [ 77.018503016066049, 24.98234888408177 ], [ 77.017460731132545, 24.983029035668828 ], [ 77.015578595632718, 24.98466751740456 ], [ 77.013708869217496, 24.986009334742921 ], [ 77.013627262281688, 24.986069544622669 ], [ 77.01077631985838, 24.988172912356756 ], [ 77.008110087494714, 24.991402057412731 ], [ 77.005511398672553, 24.995007918588492 ], [ 77.005250191759686, 24.995126092897014 ], [ 77.00470653866789, 24.995347326029801 ], [ 77.004667091036211, 24.99535778215267 ], [ 77.00333806019799, 24.995710065616546 ], [ 77.002908178781482, 24.995824010446889 ], [ 77.00003105772663, 24.996607932949406 ], [ 76.998841518674368, 24.997013964896002 ], [ 76.997910348380373, 24.998250385701869 ], [ 76.997448778478983, 24.999342536576094 ], [ 76.997175202482254, 24.99989615085935 ], [ 76.997095975324868, 25.000002759015565 ], [ 76.995916395218089, 25.001639893352046 ], [ 76.995176359711166, 25.003113279359145 ], [ 76.99465504243193, 25.003047443161091 ], [ 76.994279755132652, 25.003043854336489 ], [ 76.992862084966006, 25.002511623411454 ], [ 76.991495023195526, 25.002157046519354 ], [ 76.990074603576431, 25.001958041883011 ], [ 76.989709088843071, 25.00166343472381 ], [ 76.98930898838357, 25.000861361112548 ], [ 76.989314453971645, 25.000388288522768 ], [ 76.989337310119751, 25.000025099357249 ], [ 76.989287526728589, 24.999645841038582 ], [ 76.989279554976576, 24.99904850896397 ], [ 76.988159458043427, 24.997233487962159 ], [ 76.987187993981848, 24.995439091402517 ], [ 76.988819410877113, 24.99428884482742 ], [ 76.989764525452131, 24.994021910911677 ], [ 76.99159577246661, 24.992998381065714 ], [ 76.992037202398492, 24.991768020354861 ], [ 76.992325392927441, 24.990697352858223 ], [ 76.992392028041877, 24.99035540905485 ] ], [ [ 76.914687604080456, 24.98231053003888 ], [ 76.915467568125095, 24.982160880291257 ], [ 76.915467782073051, 24.982906038295738 ], [ 76.916701322126684, 24.982852569240887 ], [ 76.917194985230665, 24.982857650232582 ], [ 76.919131356536596, 24.983594291133898 ], [ 76.920744637007544, 24.984651010549083 ], [ 76.922131405415342, 24.985718616575376 ], [ 76.922415661582505, 24.986498971376669 ], [ 76.922615722404743, 24.98678415529454 ], [ 76.922668394187255, 24.986859237546682 ], [ 76.922857884393736, 24.987134314615272 ], [ 76.922437482100719, 24.987311419947982 ], [ 76.922306768299052, 24.987392949628855 ], [ 76.922173434561444, 24.987470876781668 ], [ 76.922037599695187, 24.987545127639848 ], [ 76.921899386340286, 24.987615639312263 ], [ 76.921758917181464, 24.987682345296349 ], [ 76.921616319759579, 24.987745187266285 ], [ 76.921471721594514, 24.987804108702569 ], [ 76.921325251143131, 24.987859057610692 ], [ 76.921177040814982, 24.987909982939563 ], [ 76.920324431481831, 24.988178343293601 ], [ 76.920085601337149, 24.988209143648483 ], [ 76.919847203584368, 24.988242602938925 ], [ 76.919609270978029, 24.988278715174669 ], [ 76.919371841193623, 24.988317477124227 ], [ 76.919134947987544, 24.988358881904759 ], [ 76.918898629079294, 24.988402922673597 ], [ 76.91866291819278, 24.988449595257226 ], [ 76.918427851110152, 24.988498889181628 ], [ 76.918193462546313, 24.988550800283676 ], [ 76.917969966294521, 24.988606199046195 ], [ 76.917743713642707, 24.988651363405143 ], [ 76.917515269848167, 24.988686176230864 ], [ 76.917285202759118, 24.988710552029751 ], [ 76.917054088824145, 24.988724431587134 ], [ 76.916822502237466, 24.988727778245327 ], [ 76.916591019815016, 24.988720584274258 ], [ 76.91636022300797, 24.988702868182688 ], [ 76.916130682072691, 24.988674672752378 ], [ 76.915939841280149, 24.988608760387127 ], [ 76.91574481118333, 24.98855396813634 ], [ 76.915546374800385, 24.988510515196328 ], [ 76.915345321659345, 24.988478573874033 ], [ 76.915142457651058, 24.98845827420206 ], [ 76.914938589288766, 24.988449694749608 ], [ 76.914734535510036, 24.988452869966078 ], [ 76.914531108865347, 24.988467789088247 ], [ 76.914329122520144, 24.988494390792646 ], [ 76.914201365875968, 24.988534604903883 ], [ 76.91407462406292, 24.98857740194266 ], [ 76.913948959751806, 24.988622760871031 ], [ 76.913824434633923, 24.988670659738311 ], [ 76.913701112393397, 24.988721075711176 ], [ 76.913579050814249, 24.988773982284556 ], [ 76.913458312612462, 24.9888293548095 ], [ 76.91333895956862, 24.988887164112732 ], [ 76.913221048488097, 24.988947382776651 ], [ 76.913049127208907, 24.988972575233078 ], [ 76.912876224349532, 24.988991383837543 ], [ 76.912702626657961, 24.98900377807341 ], [ 76.91252861974921, 24.98900973915363 ], [ 76.91235449013007, 24.989009256428904 ], [ 76.912180527158725, 24.989002329213605 ], [ 76.912007016054318, 24.988988971230604 ], [ 76.911834240967849, 24.988969202514298 ], [ 76.911662490838438, 24.98894305669485 ], [ 76.911184870316035, 24.988792174188688 ], [ 76.911548469821938, 24.98818303420601 ], [ 76.912102496485716, 24.984010728336443 ], [ 76.912200066884509, 24.98327590913367 ], [ 76.914687604080456, 24.98231053003888 ] ], [ [ 76.89109245140142, 24.979483098481747 ], [ 76.891654437235886, 24.980182305387977 ], [ 76.893849948140371, 24.98331503467486 ], [ 76.895911563712431, 24.986150070245593 ], [ 76.897222501728066, 24.987214519888365 ], [ 76.897862094328332, 24.987578243941606 ], [ 76.899423722637337, 24.988466294499577 ], [ 76.899442261899509, 24.988939566260861 ], [ 76.89875553220952, 24.991242534252088 ], [ 76.898346730001265, 24.992090521138557 ], [ 76.897161390391474, 24.994011350704838 ], [ 76.896335325587842, 24.995763601038114 ], [ 76.894034309987831, 24.995866740385605 ], [ 76.891514943099963, 24.995931162963291 ], [ 76.890248447372528, 24.995955130649531 ], [ 76.88928156756333, 24.997899170346805 ], [ 76.888314127965089, 24.997996656783215 ], [ 76.887250130601345, 24.997811427313007 ], [ 76.886099603228217, 24.997990483844188 ], [ 76.883822298776948, 24.997158527350898 ], [ 76.88396453316895, 24.993854204635166 ], [ 76.887422287422424, 24.992325432837823 ], [ 76.890494647983459, 24.990716293295918 ], [ 76.890038477240509, 24.987048304121124 ], [ 76.887831271769599, 24.986374956838453 ], [ 76.887219339396879, 24.982829029348469 ], [ 76.887760967338039, 24.981095928017094 ], [ 76.888362670786634, 24.978304156499231 ], [ 76.888724811127801, 24.978399401277965 ], [ 76.890622598018069, 24.97889851066186 ], [ 76.89109245140142, 24.979483098481747 ] ], [ [ 76.915490196322963, 25.006065585813783 ], [ 76.915616772395126, 25.005844107520389 ], [ 76.915891976212009, 25.005362565453254 ], [ 76.917069702207243, 25.003230421446833 ], [ 76.917898705843442, 25.002990438795727 ], [ 76.919815363807842, 25.003031029110094 ], [ 76.922875968479232, 25.003083507608981 ], [ 76.923810042529638, 25.002836842924708 ], [ 76.925586101680011, 25.00012787347708 ], [ 76.925622481001867, 25.000004774663619 ], [ 76.927074975221799, 24.995584776566321 ], [ 76.93120965120093, 24.994766492798007 ], [ 76.937807318690417, 24.993401617897462 ], [ 76.938381651921901, 24.994734481687399 ], [ 76.940225710961556, 25.000007156030978 ], [ 76.940237009414162, 25.000035020012707 ], [ 76.941591359660322, 25.002019818956008 ], [ 76.942717880814229, 25.004803474507217 ], [ 76.942873097470596, 25.005946001147191 ], [ 76.942925241302277, 25.006329822894831 ], [ 76.942958825499034, 25.007661478272379 ], [ 76.942948925982307, 25.008013498911176 ], [ 76.942586756570108, 25.008478072253698 ], [ 76.941413834085381, 25.009812871440879 ], [ 76.940707369490923, 25.010822520953955 ], [ 76.938238596258131, 25.014350621167061 ], [ 76.938172934297327, 25.01581825734533 ], [ 76.938003202575047, 25.019611659742736 ], [ 76.937974114424435, 25.020261709759726 ], [ 76.937419167087185, 25.021089690953769 ], [ 76.936940045500563, 25.021925834160172 ], [ 76.936178330459128, 25.023255121064071 ], [ 76.935157523736351, 25.02503650126927 ], [ 76.934582442469349, 25.025472314870459 ], [ 76.934319765261591, 25.025671377344356 ], [ 76.933434946103858, 25.02525845733312 ], [ 76.929022650602931, 25.024070658456374 ], [ 76.9257775873306, 25.023308552150493 ], [ 76.924117800408951, 25.022932402421024 ], [ 76.922686368529284, 25.022689521758025 ], [ 76.921762717091866, 25.022295366200694 ], [ 76.920893741109197, 25.021858083884439 ], [ 76.920208897866019, 25.019632755707619 ], [ 76.919549033979052, 25.017918006284628 ], [ 76.918132911365944, 25.014237845768065 ], [ 76.916739974198606, 25.011112107217475 ], [ 76.916275450255782, 25.010081537943581 ], [ 76.915545815846301, 25.008348128538678 ], [ 76.91513413659942, 25.007221121060688 ], [ 76.915202436476747, 25.006677458262551 ], [ 76.915490196322963, 25.006065585813783 ] ], [ [ 76.981303923838851, 24.805464513732286 ], [ 76.982902275124431, 24.804666243459156 ], [ 76.986943520943484, 24.808406859796445 ], [ 76.987968296413158, 24.807620144916992 ], [ 76.990373345059382, 24.806500282607995 ], [ 76.990970837754759, 24.806549266481031 ], [ 76.991551702625443, 24.806721767950005 ], [ 76.993009307359699, 24.808686601645846 ], [ 76.994223368619984, 24.811518883787549 ], [ 76.994348871090565, 24.812656789775449 ], [ 76.99535500900673, 24.813487314259135 ], [ 76.996752508759116, 24.812384926409123 ], [ 76.998162999616511, 24.812166758224784 ], [ 76.99824225796111, 24.812307118124831 ], [ 76.999182442626235, 24.813972072935062 ], [ 76.998218911617712, 24.815478553656209 ], [ 76.996391741891046, 24.8154665504929 ], [ 76.99649394432771, 24.816625284719567 ], [ 76.996234059686984, 24.817149072194134 ], [ 76.996010652959853, 24.818327705802968 ], [ 76.995939328881718, 24.81870398839926 ], [ 76.994827352384732, 24.819246952332563 ], [ 76.993683594450175, 24.819805421887409 ], [ 76.993778559756763, 24.821595592663442 ], [ 76.993508550035429, 24.823003386125205 ], [ 76.993448193899368, 24.824244773606335 ], [ 76.987603667763054, 24.824499044948965 ], [ 76.985120096360049, 24.82330891204921 ], [ 76.984854048544406, 24.821467852346714 ], [ 76.983928051945114, 24.819015152455506 ], [ 76.983112514103823, 24.817000049238903 ], [ 76.982397159492606, 24.815232435129449 ], [ 76.980213497787148, 24.811532082646298 ], [ 76.980219068226873, 24.811048819652044 ], [ 76.979859445866069, 24.809868894344415 ], [ 76.979506886380662, 24.808746776853539 ], [ 76.979048173663259, 24.807444061087796 ], [ 76.981303923838851, 24.805464513732286 ] ], [ [ 77.038766463729658, 24.961437793983649 ], [ 77.038966392122489, 24.961499157266779 ], [ 77.039156362651951, 24.961517190222587 ], [ 77.039347306313047, 24.961521226882759 ], [ 77.039537989014534, 24.961511238669249 ], [ 77.039727169696633, 24.96148728906072 ], [ 77.039913623065303, 24.961449538317947 ], [ 77.040096136803541, 24.961398227202626 ], [ 77.040763946373289, 24.961806214067607 ], [ 77.041085768145564, 24.961975295723914 ], [ 77.041413961490917, 24.962133877575837 ], [ 77.041748112530556, 24.962281757079154 ], [ 77.042087802214539, 24.962418750609412 ], [ 77.042432604421705, 24.962544686219971 ], [ 77.042782082958155, 24.962659406323723 ], [ 77.043135804475, 24.962762764200328 ], [ 77.043493320538744, 24.962854632861571 ], [ 77.043854182610303, 24.962934894353172 ], [ 77.046042543127299, 24.963147357140613 ], [ 77.047482833744283, 24.963460127305758 ], [ 77.047619959021176, 24.963489441709438 ], [ 77.047063246694393, 24.963716669138357 ], [ 77.046945815800342, 24.963763685539117 ], [ 77.046834559001184, 24.963821855784975 ], [ 77.046730744742788, 24.963890516050142 ], [ 77.046635559611858, 24.963968880744634 ], [ 77.046550088355218, 24.964056057682118 ], [ 77.046475311889111, 24.964151048963661 ], [ 77.046412079313171, 24.964252773296451 ], [ 77.046361113863341, 24.964360065144469 ], [ 77.046322997722115, 24.964471704389716 ], [ 77.046345651416033, 24.964557484920043 ], [ 77.046372920216186, 24.964642144745376 ], [ 77.046404733139312, 24.96472547459695 ], [ 77.046441017140424, 24.964807272411548 ], [ 77.046481682283954, 24.964887340485529 ], [ 77.046526631689588, 24.964965481954064 ], [ 77.046575752547014, 24.965041507030186 ], [ 77.046628929012996, 24.965115231317363 ], [ 77.046686027353104, 24.965186475672688 ], [ 77.046751834125999, 24.965247760512813 ], [ 77.046809440312273, 24.965315560606285 ], [ 77.046858076289254, 24.96538896850355 ], [ 77.046897090126649, 24.96546700468696 ], [ 77.046925960384897, 24.965548624912778 ], [ 77.046944300878963, 24.965632737413294 ], [ 77.046951867454041, 24.9657182174079 ], [ 77.046948557806658, 24.965803923357058 ], [ 77.046934417319974, 24.965888706949816 ], [ 77.046896456192002, 24.965990995376497 ], [ 77.046843085658523, 24.966087399283342 ], [ 77.046775365201853, 24.966175997600828 ], [ 77.046694640857396, 24.966255027225543 ], [ 77.046602523042012, 24.966322917134821 ], [ 77.046500840687401, 24.966378315059682 ], [ 77.046391619086066, 24.966420119793685 ], [ 77.046277031150467, 24.966447498807817 ], [ 77.046159357576286, 24.966459906850037 ], [ 77.045950056928532, 24.966491572151384 ], [ 77.045739075967504, 24.966511973734654 ], [ 77.045527144663041, 24.966521042458115 ], [ 77.045314995537225, 24.966518747137251 ], [ 77.045103360691769, 24.966505094517597 ], [ 77.044892970776331, 24.966480132877251 ], [ 77.044684553056413, 24.966443947493747 ], [ 77.044478827410018, 24.966396664219307 ], [ 77.044276503394897, 24.966338445841284 ], [ 77.044113082261973, 24.966285455287817 ], [ 77.043950723972316, 24.966229813865773 ], [ 77.043789481835617, 24.966171539229236 ], [ 77.043629407170059, 24.966110649917027 ], [ 77.04347055030297, 24.966047164459081 ], [ 77.043312962511635, 24.965981105006538 ], [ 77.043156693112024, 24.965912491886456 ], [ 77.043001791409552, 24.965841346329128 ], [ 77.04284830867033, 24.965767691389157 ], [ 77.042648936658367, 24.965680135146574 ], [ 77.042451798941784, 24.96558847397004 ], [ 77.042256994060409, 24.96549275664206 ], [ 77.042064623524638, 24.965393031972841 ], [ 77.041874787823033, 24.965289351472826 ], [ 77.041687582460057, 24.965181769316075 ], [ 77.04150310492011, 24.965070339695124 ], [ 77.041321451665681, 24.964955119502651 ], [ 77.041142715135592, 24.964836171013108 ], [ 77.040776098395867, 24.964608326062105 ], [ 77.040574154468757, 24.96446630806453 ], [ 77.04037527597788, 24.96432074192165 ], [ 77.040179535627246, 24.964171682503114 ], [ 77.039987009091504, 24.964019184706096 ], [ 77.039797767050914, 24.963863306994071 ], [ 77.039611881165015, 24.963704108742775 ], [ 77.039429424072623, 24.963541650240359 ], [ 77.039250463468477, 24.963375990825856 ], [ 77.039075063023517, 24.963207195220047 ], [ 77.038231458544431, 24.962328651714266 ], [ 77.038371333290669, 24.962178734786807 ], [ 77.038528931981787, 24.962009820085218 ], [ 77.038766463729658, 24.961437793983649 ] ], [ [ 77.020622797064135, 24.916282540798246 ], [ 77.021287943322392, 24.917242202574545 ], [ 77.022491990218541, 24.919401887778417 ], [ 77.023030127160396, 24.920723576067868 ], [ 77.023508201220451, 24.922095895456373 ], [ 77.024841480196272, 24.923005661878058 ], [ 77.02486020406765, 24.925823864113976 ], [ 77.024531351416357, 24.925857187534831 ], [ 77.024398342594907, 24.92588919145609 ], [ 77.024262417345071, 24.925908479651092 ], [ 77.024125033845095, 24.925914846286116 ], [ 77.02398766458694, 24.925908222032469 ], [ 77.023851783440179, 24.925888679364196 ], [ 77.02371884691577, 24.925856425158102 ], [ 77.02359028219999, 24.925811807806429 ], [ 77.023467467479065, 24.92575530529222 ], [ 77.023351719074654, 24.925687524165127 ], [ 77.023256665093371, 24.925609272765005 ], [ 77.023162102018233, 24.925530531005744 ], [ 77.023068029829005, 24.925451300694203 ], [ 77.022974453456712, 24.925371583683599 ], [ 77.02288137483113, 24.92529138450832 ], [ 77.022788797903075, 24.925210704109329 ], [ 77.02269672462262, 24.925129545215018 ], [ 77.022605158920214, 24.925047910572374 ], [ 77.022514103736114, 24.924965802919026 ], [ 77.022462797378139, 24.924910364856114 ], [ 77.022404499122004, 24.924861009586813 ], [ 77.022340068366361, 24.924818461289014 ], [ 77.022270456653843, 24.9247833519849 ], [ 77.022196690141314, 24.924756195188582 ], [ 77.022119857606185, 24.924737395728119 ], [ 77.022041092866388, 24.92472722790723 ], [ 77.021961556865804, 24.924725843466035 ], [ 77.021882423923685, 24.924733261518639 ], [ 77.021799070119357, 24.924740591265387 ], [ 77.02171638850912, 24.924752694645147 ], [ 77.02163470647325, 24.924769520537541 ], [ 77.021554348554005, 24.924791006055958 ], [ 77.021475633637294, 24.924817062975286 ], [ 77.021398876811446, 24.924847588586132 ], [ 77.02132437949551, 24.924882462893098 ], [ 77.021252437401941, 24.924921545076923 ], [ 77.021183338454421, 24.924964682505834 ], [ 77.021074414021598, 24.925017455937933 ], [ 77.020961138849074, 24.925061965956182 ], [ 77.02084426500781, 24.925097915254113 ], [ 77.020724568657073, 24.925125066356522 ], [ 77.020602845143415, 24.925143237058499 ], [ 77.020479901976387, 24.92515230848765 ], [ 77.020356558899138, 24.925152218783133 ], [ 77.020233630981892, 24.925142969259021 ], [ 77.020111939544407, 24.925124621797195 ], [ 77.019772708473468, 24.925027148424988 ], [ 77.019099069169272, 24.924918354695961 ], [ 77.018922885224441, 24.92489035252693 ], [ 77.018747948208585, 24.924856467410219 ], [ 77.018574495344822, 24.924816742214663 ], [ 77.018402759751567, 24.924771232415008 ], [ 77.018232974495206, 24.924719998001752 ], [ 77.018065367577449, 24.924663108852769 ], [ 77.017900167886921, 24.924600643886016 ], [ 77.01773759735859, 24.924532683761228 ], [ 77.017577872831836, 24.924459321734137 ], [ 77.017420901975882, 24.924396897362367 ], [ 77.017258644482169, 24.924346960724243 ], [ 77.017092294479511, 24.924309878828311 ], [ 77.01692307192684, 24.924285923203289 ], [ 77.016752221614567, 24.924275270792482 ], [ 77.016580998353774, 24.924278000202374 ], [ 77.01641066103673, 24.924294091647354 ], [ 77.016242460786728, 24.924323424129106 ], [ 77.016077632936231, 24.924365784391803 ], [ 77.015925321225595, 24.924375166749552 ], [ 77.015772679331022, 24.924373016170524 ], [ 77.015620758845103, 24.924359349763666 ], [ 77.015470599609088, 24.92433426039068 ], [ 77.015323232641606, 24.924297920305889 ], [ 77.015179673236176, 24.924250578381574 ], [ 77.015040904105618, 24.924192561755579 ], [ 77.014907877463443, 24.924124266819316 ], [ 77.01478151101108, 24.924046163695287 ], [ 77.014636999368207, 24.924025706151447 ], [ 77.014491990396948, 24.924008420840433 ], [ 77.014346568123528, 24.923994320291115 ], [ 77.014200815655315, 24.923983410702185 ], [ 77.014054819049761, 24.923975700106855 ], [ 77.013908660474755, 24.9239711901803 ], [ 77.01376242602845, 24.923969885344256 ], [ 77.013616198879078, 24.923971786380889 ], [ 77.01347006420599, 24.923976891382438 ], [ 77.013320970529236, 24.923964664396209 ], [ 77.013172558378216, 24.923946827400918 ], [ 77.013025081965608, 24.923923408982464 ], [ 77.01287879334933, 24.92389445305971 ], [ 77.012733942585427, 24.923860005339893 ], [ 77.012590777564441, 24.923820127766096 ], [ 77.012449542163779, 24.923774886760018 ], [ 77.012310478156408, 24.923724359561199 ], [ 77.012173826200836, 24.923668634236535 ], [ 77.011622158273298, 24.923523211929012 ], [ 77.011962211704358, 24.922016663356445 ], [ 77.013190808219051, 24.920243195640527 ], [ 77.012861081584703, 24.918359297461613 ], [ 77.014064810525355, 24.918703283236706 ], [ 77.014767107218503, 24.916685175215004 ], [ 77.015240557853602, 24.915127118136763 ], [ 77.01536520998647, 24.914716892795873 ], [ 77.015592990111713, 24.913967279721973 ], [ 77.018165355483845, 24.915026926342456 ], [ 77.019862452983759, 24.91569539083947 ], [ 77.020622797064135, 24.916282540798246 ] ] ] } }
]
}
