{
"type": "FeatureCollection",
"name": "guna_range_binaganj",
"crs": { "type": "name", "properties": { "name": "urn:ogc:def:crs:OGC:1.3:CRS84" } },
"features": [
{ "type": "Feature", "properties": { "SID": "014", "DID": "067", "RID": "003", "BID": "001", "State": "Madhya_Pradesh", "Division": "Guna", "Range": "Binaganj", "Beat": "Baneth", "Beat_Ar": 5.112599018 }, "geometry": { "type": "MultiPolygon", "coordinates": [ [ [ [ 76.921012343964222, 24.264974468324446 ], [ 76.923185359153109, 24.264183835252243 ], [ 76.927753138438803, 24.261365288113812 ], [ 76.928448166407492, 24.261275960318475 ], [ 76.928957613501495, 24.261136230476907 ], [ 76.930291955765156, 24.261236885245825 ], [ 76.931048615266178, 24.261497980557706 ], [ 76.932079473974596, 24.262140068116626 ], [ 76.932522696671072, 24.262901321941147 ], [ 76.932977360963932, 24.263098292508506 ], [ 76.934750999613357, 24.261380607378999 ], [ 76.93517369482727, 24.26092774748756 ], [ 76.936293927345133, 24.261003952388013 ], [ 76.938125469577926, 24.259266315001689 ], [ 76.938593464315289, 24.25933112728017 ], [ 76.939580221170857, 24.260048790479789 ], [ 76.939842716412358, 24.260828818093753 ], [ 76.939661027147636, 24.262352428916774 ], [ 76.940454424663244, 24.263437311900194 ], [ 76.940923024712077, 24.26422080177354 ], [ 76.940504406838059, 24.265529647330133 ], [ 76.940081177337277, 24.266499936555313 ], [ 76.94001343136398, 24.267380607139643 ], [ 76.940072520713684, 24.268671520063986 ], [ 76.940291214315423, 24.269722632770026 ], [ 76.940420610974925, 24.269912206319042 ], [ 76.941340727735394, 24.270260966062729 ], [ 76.942902993179658, 24.270291185650834 ], [ 76.944327873405442, 24.270366022128574 ], [ 76.945708013669048, 24.27049990491426 ], [ 76.947043936291251, 24.270393649950094 ], [ 76.94819910640355, 24.27006583999766 ], [ 76.948667492489591, 24.270100494266362 ], [ 76.948093688365361, 24.272079695751565 ], [ 76.947843428136906, 24.27310172839146 ], [ 76.947896056755894, 24.273531603159316 ], [ 76.947944666716126, 24.274009824784375 ], [ 76.947974226348876, 24.27489507536756 ], [ 76.947623265769295, 24.276049996394438 ], [ 76.94709832920249, 24.277057974128457 ], [ 76.946228370033282, 24.278304975562531 ], [ 76.945355431734001, 24.27919828955217 ], [ 76.943683335829107, 24.28078926471953 ], [ 76.943371533091309, 24.281296607215207 ], [ 76.943275285151159, 24.281453214722735 ], [ 76.94287133107963, 24.282935222624857 ], [ 76.942807101129802, 24.283838043208331 ], [ 76.943263866279608, 24.285472478540843 ], [ 76.943460254371203, 24.286380339579289 ], [ 76.943409541076349, 24.286889060993825 ], [ 76.943149139604941, 24.287669468084058 ], [ 76.9427969467054, 24.287879594282501 ], [ 76.942053695320695, 24.287782037311388 ], [ 76.94162263307436, 24.287704076780351 ], [ 76.940890345009649, 24.287434145951362 ], [ 76.939734169620706, 24.288322780256678 ], [ 76.939431648640763, 24.288555291266679 ], [ 76.938064073770107, 24.289587122972016 ], [ 76.936751918134718, 24.290512112035575 ], [ 76.934900045436493, 24.291513812275969 ], [ 76.933115175963877, 24.292935833772937 ], [ 76.932752742811232, 24.293252604688579 ], [ 76.932612538548256, 24.294363588422726 ], [ 76.932709256146637, 24.296864171358354 ], [ 76.933371847550504, 24.297778015719988 ], [ 76.934322366925855, 24.298567539991677 ], [ 76.935468189926183, 24.298759406431195 ], [ 76.936949416345996, 24.298840969521347 ], [ 76.938293115638871, 24.298985464787481 ], [ 76.939565361719346, 24.299104613172066 ], [ 76.940814287155476, 24.299191982384635 ], [ 76.940863101745862, 24.300399783854942 ], [ 76.940982400502449, 24.301777492222875 ], [ 76.9407863115932, 24.303221093614969 ], [ 76.94045112674165, 24.3042735819627 ], [ 76.940105980688983, 24.305420060887041 ], [ 76.939606172265769, 24.306700913507175 ], [ 76.939443258691313, 24.306986683360446 ], [ 76.938570487617127, 24.308517601276201 ], [ 76.938031327739907, 24.309374728538188 ], [ 76.937027465598291, 24.310764789906859 ], [ 76.935811338097025, 24.31264622311912 ], [ 76.936186554601491, 24.314354161628952 ], [ 76.936844092225272, 24.315666452902395 ], [ 76.938114389065476, 24.315194257333197 ], [ 76.939589543240999, 24.314847241330661 ], [ 76.941082754217007, 24.314755624319567 ], [ 76.942492071638128, 24.31467075881066 ], [ 76.945250969816911, 24.314549798140501 ], [ 76.946766386881265, 24.314761686889337 ], [ 76.949025267571812, 24.316641963709603 ], [ 76.950146329123044, 24.317566681777734 ], [ 76.951993350215645, 24.319386818756399 ], [ 76.952407282539369, 24.320056074876504 ], [ 76.952455723122682, 24.32052469076427 ], [ 76.952458820262208, 24.322664046862183 ], [ 76.952611982811362, 24.324189689347548 ], [ 76.952939447511042, 24.325359109217651 ], [ 76.953240322956376, 24.326598873743482 ], [ 76.953257608427933, 24.326707292943837 ], [ 76.953416059330067, 24.327701126331494 ], [ 76.953719648209798, 24.32871917742672 ], [ 76.952939520489792, 24.329467260627052 ], [ 76.952211388281128, 24.330268595118675 ], [ 76.951312737316584, 24.331179786345672 ], [ 76.9502721795307, 24.331796236180832 ], [ 76.949349365810519, 24.330908514412805 ], [ 76.948449181260457, 24.330257463031085 ], [ 76.947248144680984, 24.329233715532308 ], [ 76.94643064521081, 24.328552322516828 ], [ 76.94545151779198, 24.327760947294355 ], [ 76.943846226926809, 24.329264796204097 ], [ 76.942800726649381, 24.330235462069929 ], [ 76.943996400848121, 24.33238471575859 ], [ 76.944622225811145, 24.333397166143907 ], [ 76.945275249740803, 24.334555918992496 ], [ 76.945752619327237, 24.335399143266446 ], [ 76.944441805964942, 24.336780312150918 ], [ 76.943678456014666, 24.337967285079277 ], [ 76.943254122605396, 24.338196107279469 ], [ 76.943056456754931, 24.338285970770123 ], [ 76.941316017159025, 24.339077199543961 ], [ 76.93905009160008, 24.33998833716468 ], [ 76.937911992298496, 24.340323331777313 ], [ 76.936348915054452, 24.340697049740939 ], [ 76.934848383944782, 24.342688197448364 ], [ 76.934292332766248, 24.34354249104889 ], [ 76.933766344181677, 24.344350584020241 ], [ 76.932996590187983, 24.345411171217126 ], [ 76.932267439462606, 24.346770703553378 ], [ 76.931750396374952, 24.346791776844235 ], [ 76.930950770803022, 24.34682436427002 ], [ 76.929630109919913, 24.346992053717315 ], [ 76.92835558414528, 24.347172561611512 ], [ 76.927080246649126, 24.347227401457673 ], [ 76.925846841579798, 24.347621265175334 ], [ 76.925314656994772, 24.347805605202918 ], [ 76.924646361070842, 24.348037086758875 ], [ 76.923895193671669, 24.348229358634221 ], [ 76.922427907883019, 24.347914888169733 ], [ 76.919408534521509, 24.34764027319088 ], [ 76.918816059157663, 24.34758638023693 ], [ 76.916277996317589, 24.347374645401974 ], [ 76.914596220804171, 24.349183624996289 ], [ 76.913697241760957, 24.350088920673798 ], [ 76.913099390885051, 24.350841715008986 ], [ 76.913143082076218, 24.351976619931708 ], [ 76.913210068091189, 24.353098354264546 ], [ 76.914740827039481, 24.35339305301283 ], [ 76.915830450307979, 24.353483706786751 ], [ 76.916825002171933, 24.353781459337856 ], [ 76.918514804902003, 24.353538602422915 ], [ 76.919396192661651, 24.353719492202149 ], [ 76.92023854294392, 24.354433286048124 ], [ 76.921506289814317, 24.354960617009809 ], [ 76.922873543160961, 24.354940815773237 ], [ 76.924035306622812, 24.355292517071504 ], [ 76.925248339165833, 24.356023243311174 ], [ 76.926600446135353, 24.356305290120044 ], [ 76.927725527879531, 24.356476074127702 ], [ 76.929071965018608, 24.356582697241947 ], [ 76.93035941654351, 24.356548734902496 ], [ 76.931627507462409, 24.356601132099019 ], [ 76.932697228375972, 24.356531741435688 ], [ 76.933525934850564, 24.356566785908932 ], [ 76.934828882486556, 24.355395221782594 ], [ 76.935837067015129, 24.354466671448623 ], [ 76.937984228414962, 24.352742438828287 ], [ 76.939045626310715, 24.351894714639556 ], [ 76.939463820742034, 24.351612490880033 ], [ 76.940210987120096, 24.351108251416033 ], [ 76.941039714607626, 24.350356437471969 ], [ 76.942373568485976, 24.348394629677589 ], [ 76.942669574703118, 24.347959258526913 ], [ 76.943210789468949, 24.347215264529254 ], [ 76.944207454614173, 24.345845145619602 ], [ 76.945613106897426, 24.343663100130385 ], [ 76.947117547510487, 24.341354262691173 ], [ 76.947842120600839, 24.340316337446275 ], [ 76.948130524558536, 24.339985349114936 ], [ 76.948482113710583, 24.339573561523913 ], [ 76.950088102183244, 24.338494680492076 ], [ 76.952152729775094, 24.336965330693641 ], [ 76.953088490127172, 24.336165990889878 ], [ 76.955091234392739, 24.334587719274403 ], [ 76.956094979393683, 24.333913538506057 ], [ 76.956741264364311, 24.333397684826743 ], [ 76.957322093515558, 24.3329409455636 ], [ 76.957281009454391, 24.331650421790179 ], [ 76.957305990454785, 24.329476142623388 ], [ 76.957466812283158, 24.328100126420463 ], [ 76.957511328404848, 24.327482696289678 ], [ 76.957563767118742, 24.326755373645753 ], [ 76.957709797292367, 24.325861651828738 ], [ 76.959319729506277, 24.325334896646066 ], [ 76.961799459900476, 24.324834061113577 ], [ 76.961905590185509, 24.323467523480343 ], [ 76.961609809663329, 24.322400752689529 ], [ 76.9611852556733, 24.321526420029908 ], [ 76.960575879818066, 24.320921352350865 ], [ 76.95982163876397, 24.320332617046198 ], [ 76.958522976384344, 24.31980468492803 ], [ 76.958013260171811, 24.318388656934768 ], [ 76.956922107632707, 24.314774949174129 ], [ 76.956517096376018, 24.313724142581762 ], [ 76.955996028841781, 24.312547782392979 ], [ 76.955469797399104, 24.31186308509939 ], [ 76.953798076943087, 24.310708793966942 ], [ 76.953636999368186, 24.309677606705947 ], [ 76.953341472495836, 24.308570770095315 ], [ 76.953239897443282, 24.307115402085483 ], [ 76.953508073944292, 24.305872635369447 ], [ 76.954048727686043, 24.304565500280898 ], [ 76.955581698923865, 24.301250337037004 ], [ 76.955658562727166, 24.300861530998198 ], [ 76.954571456283148, 24.300085397674835 ], [ 76.953538883280103, 24.299286463290429 ], [ 76.952671627364666, 24.298315191223761 ], [ 76.951977702332883, 24.297264186225895 ], [ 76.950713283677104, 24.295374692258342 ], [ 76.950116476477035, 24.294421253449379 ], [ 76.948199890215022, 24.291797659110941 ], [ 76.948603894573196, 24.29047946529554 ], [ 76.94912544089857, 24.289263411374769 ], [ 76.949974567658714, 24.28861684166019 ], [ 76.95131541184729, 24.288497167940299 ], [ 76.951581650701968, 24.288168205710626 ], [ 76.951589992381457, 24.28776592046254 ], [ 76.9516054717744, 24.287019432728258 ], [ 76.951103034930327, 24.285843572415128 ], [ 76.950734859106845, 24.28480399365111 ], [ 76.950729712583694, 24.284464126977902 ], [ 76.951478044099119, 24.283996778900367 ], [ 76.952888166878537, 24.283355599653394 ], [ 76.953494383326358, 24.282687874096631 ], [ 76.953572560205984, 24.281451337984542 ], [ 76.953260985324036, 24.280219144807553 ], [ 76.952666161682259, 24.279141555301738 ], [ 76.951609569527292, 24.278102324740242 ], [ 76.951352792631411, 24.27754230830201 ], [ 76.951464989805643, 24.277228435110647 ], [ 76.952425836732516, 24.276301124408249 ], [ 76.953755616546786, 24.275955299980758 ], [ 76.956024120973765, 24.275919890211132 ], [ 76.957995915482442, 24.275773474221456 ], [ 76.959360694006563, 24.274645028430598 ], [ 76.960237725803836, 24.274298476641615 ], [ 76.961810659190476, 24.274581754389171 ], [ 76.963143224842639, 24.27469166320547 ], [ 76.964233663742732, 24.274605155892342 ], [ 76.965460887222335, 24.274245362770863 ], [ 76.966033296660001, 24.27372626304826 ], [ 76.965924943075848, 24.27340022783816 ], [ 76.965430111198515, 24.272514272801232 ], [ 76.964936031366236, 24.271611529521984 ], [ 76.964258939020866, 24.270374382060918 ], [ 76.963814692221959, 24.269419880947321 ], [ 76.963419927747367, 24.268525007648204 ], [ 76.964655610786863, 24.267704355106424 ], [ 76.966147232599653, 24.266951801548917 ], [ 76.967097372772642, 24.266144092760431 ], [ 76.967961976723629, 24.265203710410695 ], [ 76.968858318221422, 24.264189828660733 ], [ 76.970016913881196, 24.26201941603501 ], [ 76.970457737562199, 24.26106391961207 ], [ 76.970807903171689, 24.259866857263646 ], [ 76.970902405942638, 24.258702131826016 ], [ 76.971238344941057, 24.257654296889083 ], [ 76.971573886858081, 24.257155727329938 ], [ 76.974567445099055, 24.2566845514291 ], [ 76.975281019033773, 24.25657222855618 ], [ 76.975717787041503, 24.256423963660364 ], [ 76.976769326616633, 24.25606700123171 ], [ 76.978075210275478, 24.255790138889996 ], [ 76.9790106134665, 24.255620306420866 ], [ 76.979850584802463, 24.255895566597879 ], [ 76.980454303154062, 24.256093401452006 ], [ 76.981969377888333, 24.256414004764629 ], [ 76.981416742889834, 24.257238363280958 ], [ 76.980735993983203, 24.258303999372529 ], [ 76.980388230816757, 24.259182369633539 ], [ 76.980018689161753, 24.260115729084639 ], [ 76.980056756842615, 24.26044791862526 ], [ 76.980187900000033, 24.261176627543037 ], [ 76.98142468212221, 24.261469083404194 ], [ 76.982667981181208, 24.261851258335795 ], [ 76.983617987461116, 24.262522495524514 ], [ 76.984664798256873, 24.263275186289139 ], [ 76.985766455261597, 24.263808221651093 ], [ 76.986097981141938, 24.264742115027797 ], [ 76.986099336651861, 24.265493907000337 ], [ 76.984522493267761, 24.266654954426425 ], [ 76.982937597648771, 24.268460548619707 ], [ 76.982202776985176, 24.269396781522659 ], [ 76.981216075829678, 24.270011978641897 ], [ 76.980520089038023, 24.270445911689254 ], [ 76.980074331010798, 24.270891578206406 ], [ 76.980120373336234, 24.272010729084773 ], [ 76.98022856938772, 24.272767932521486 ], [ 76.980348845631184, 24.273368701858505 ], [ 76.980747190143859, 24.274494157708581 ], [ 76.98083946511683, 24.275867382369899 ], [ 76.980481924646767, 24.277218355525108 ], [ 76.979525492858556, 24.279629059952885 ], [ 76.978873967613737, 24.281031597900466 ], [ 76.978529729568407, 24.282033376353073 ], [ 76.978141121214989, 24.283508860471482 ], [ 76.978082365436705, 24.284387835492065 ], [ 76.977984968310253, 24.285029191523737 ], [ 76.977892360486692, 24.285638997077974 ], [ 76.977779884130939, 24.286920836112142 ], [ 76.977705315880158, 24.28833418235773 ], [ 76.977710221875881, 24.288785638406683 ], [ 76.97839675633594, 24.289436515680531 ], [ 76.978765161310335, 24.28969954530433 ], [ 76.97957320045272, 24.289975680649608 ], [ 76.979845100026751, 24.290130398147124 ], [ 76.980844037205671, 24.289074826863882 ], [ 76.982001653889995, 24.288073274596304 ], [ 76.983221912730386, 24.288192187822219 ], [ 76.985647507024908, 24.289111590457036 ], [ 76.985947825800508, 24.289347111283401 ], [ 76.987322093314901, 24.289064069973175 ], [ 76.988295912124244, 24.288500444840107 ], [ 76.989574496671281, 24.289693668420906 ], [ 76.990959507107036, 24.291922177179963 ], [ 76.992550914167921, 24.293928332230461 ], [ 76.993303043550824, 24.294903845695654 ], [ 76.994094794408326, 24.295770436667198 ], [ 76.995194378977644, 24.296392133799937 ], [ 76.996183692763978, 24.297072619515323 ], [ 76.995988836200553, 24.2979053943892 ], [ 76.993978876571703, 24.299303478426832 ], [ 76.994062014901203, 24.300586373964073 ], [ 76.995044218767063, 24.301986169402355 ], [ 76.996186054134398, 24.303487863445813 ], [ 76.996451588300104, 24.303837077631755 ], [ 76.997198144830435, 24.305359333515529 ], [ 76.997758692072068, 24.307739295817541 ], [ 76.998204606267279, 24.309001209244101 ], [ 76.99846492563816, 24.310202904662315 ], [ 76.998844309079601, 24.311312375577135 ], [ 77.000024755519689, 24.313438372000174 ], [ 77.00033835013933, 24.313700345401873 ], [ 77.003895003909633, 24.316072887837652 ], [ 77.009204982164746, 24.315157517798976 ], [ 77.01096273204061, 24.31500026302276 ], [ 77.012956133961808, 24.315490228868072 ], [ 77.014919085585348, 24.315972679820991 ], [ 77.017196895316943, 24.316596083750373 ], [ 77.017619670835956, 24.31653096884698 ], [ 77.019473588153318, 24.313709066054621 ], [ 77.018061157254039, 24.311773007060786 ], [ 77.017810124856609, 24.311467170578062 ], [ 77.016429805244556, 24.309785484085346 ], [ 77.015136709866482, 24.309299258295809 ], [ 77.013842705166212, 24.308721479732572 ], [ 77.011593614933545, 24.30724618153986 ], [ 77.008164592912763, 24.305408347562807 ], [ 77.004497537035832, 24.303946140742795 ], [ 77.002731519588508, 24.303512480019883 ], [ 77.003349855329944, 24.301035912607833 ], [ 77.003817592888538, 24.299923485856173 ], [ 77.004623790365173, 24.299612913730581 ], [ 77.006897506232619, 24.29921700863213 ], [ 77.00629903875398, 24.297615899286594 ], [ 77.004015831442658, 24.297513263149519 ], [ 77.003196107181452, 24.296093063654546 ], [ 77.004502317339089, 24.29486514547148 ], [ 77.004730411994714, 24.294648062469079 ], [ 77.006144730118407, 24.293921164234707 ], [ 77.007312110507044, 24.29350174758309 ], [ 77.008355314787451, 24.293511422082542 ], [ 77.00998782287607, 24.29367565893126 ], [ 77.012252478965351, 24.293818109837108 ], [ 77.015228473685781, 24.294398471452109 ], [ 77.015613343175346, 24.293949164089145 ], [ 77.019488456426984, 24.294017907482083 ], [ 77.022740343749916, 24.293887752397872 ], [ 77.023730494447662, 24.293772781375875 ], [ 77.023986495384065, 24.293278919273188 ], [ 77.023639466080141, 24.292804337158799 ], [ 77.023269821650899, 24.292540436881854 ], [ 77.022443682477089, 24.292306350933547 ], [ 77.019635546677023, 24.291600622394764 ], [ 77.016752570017829, 24.29086202902355 ], [ 77.012106142556334, 24.289175133086989 ], [ 77.011062731130352, 24.288550876966667 ], [ 77.010286243223632, 24.287764307942624 ], [ 77.008871582999092, 24.286860333005194 ], [ 77.007928883501449, 24.286373289915606 ], [ 77.00622604267555, 24.285965520670555 ], [ 77.005268489201526, 24.28573621203752 ], [ 77.00337870620244, 24.285196496246808 ], [ 77.002624720990298, 24.284370087985476 ], [ 77.001690698760385, 24.282399017380094 ], [ 77.000924518448258, 24.281488137877691 ], [ 77.000016034137076, 24.278568260909282 ], [ 77.000024501943344, 24.279217127943898 ], [ 76.998639921655339, 24.278924957324524 ], [ 76.997842461764009, 24.278038481860051 ], [ 76.997236670956809, 24.277663139003856 ], [ 76.996930916377892, 24.277531467514002 ], [ 76.996489573174358, 24.277236478657159 ], [ 76.995779195123859, 24.276937843013553 ], [ 76.995562450002708, 24.276754832172397 ], [ 76.995862211126962, 24.276453841286269 ], [ 76.995108895762158, 24.275531515293412 ], [ 76.993828208317495, 24.275586287878617 ], [ 76.993124820993856, 24.275616365346981 ], [ 76.992484155040771, 24.274756536144924 ], [ 76.992274047991813, 24.273978925525221 ], [ 76.993354126170104, 24.273379517290049 ], [ 76.994426355963796, 24.272788430453634 ], [ 76.994930523335739, 24.271956372352715 ], [ 76.994917873249094, 24.270557225582838 ], [ 76.995125528875022, 24.270287691536598 ], [ 76.995767874953486, 24.270274305965685 ], [ 76.996245416931629, 24.27029700327526 ], [ 76.99678356217261, 24.270322579011175 ], [ 76.997794729435597, 24.270778014191706 ], [ 77.000024377711696, 24.271549543014345 ], [ 77.000024385785053, 24.272033986670174 ], [ 77.002434721852296, 24.272667970024067 ], [ 77.005434083775668, 24.272551489878907 ], [ 77.006822428454242, 24.272265401784157 ], [ 77.008202067061731, 24.271981095049586 ], [ 77.009388267237469, 24.272113829059624 ], [ 77.010681723531206, 24.273495312589425 ], [ 77.011464764778353, 24.274390491576337 ], [ 77.01221256923688, 24.274950789465422 ], [ 77.013075467189395, 24.274906732703208 ], [ 77.014051966896702, 24.274569892514634 ], [ 77.014433013083149, 24.274199753925558 ], [ 77.01262835458779, 24.27194980326502 ], [ 77.011480143494509, 24.268458128016626 ], [ 77.011225149885874, 24.26734217549394 ], [ 77.010708037741594, 24.265079042573163 ], [ 77.012528565540748, 24.264575030903153 ], [ 77.01197428078963, 24.261049690701416 ], [ 77.008325581450364, 24.260311211774685 ], [ 77.007887994506191, 24.259918890426068 ], [ 77.006406737348257, 24.25853023108462 ], [ 77.006276947766835, 24.256837397209541 ], [ 77.00618394135445, 24.255624318951021 ], [ 77.006974522024663, 24.255096913510009 ], [ 77.007015494932389, 24.255069188808491 ], [ 77.007056639496852, 24.255041618319702 ], [ 77.007097906249925, 24.255014221454484 ], [ 77.007124695216731, 24.254995670500261 ], [ 77.007194438685076, 24.254949065436403 ], [ 77.007217680617671, 24.254934331754789 ], [ 77.008178965768963, 24.254291150553794 ], [ 77.010486190485068, 24.250895590393576 ], [ 77.010724810045573, 24.250074062702854 ], [ 77.012040027352768, 24.250070906090031 ], [ 77.008890250376254, 24.248135561684041 ], [ 77.00905794433541, 24.247029783762301 ], [ 77.009480954615171, 24.244480981813716 ], [ 77.009534591121565, 24.24412236186312 ], [ 77.009686179355867, 24.242889617109835 ], [ 77.009795276064324, 24.242035983122804 ], [ 77.011074743182149, 24.242240522505558 ], [ 77.015413706366814, 24.24354002962923 ], [ 77.015503773214746, 24.243317854197869 ], [ 77.016369724226593, 24.240827609786752 ], [ 77.015788360540597, 24.240642226893918 ], [ 77.01227979402212, 24.239458973934401 ], [ 77.012380840599434, 24.239333697006597 ], [ 77.013055775148118, 24.238445845464959 ], [ 77.014661685716447, 24.236033005788496 ], [ 77.01634889459298, 24.233628961299566 ], [ 77.016882477171364, 24.233140935415939 ], [ 77.017140930926104, 24.23285852430207 ], [ 77.017454714004586, 24.232789708147557 ], [ 77.019281363218298, 24.234078338776481 ], [ 77.020565533664438, 24.235130209682435 ], [ 77.021675424391361, 24.235997820787979 ], [ 77.02175723371694, 24.236416865375109 ], [ 77.021858353306072, 24.237063347186691 ], [ 77.021929483600317, 24.237518110538428 ], [ 77.022212598493141, 24.238810021262125 ], [ 77.022474818931002, 24.239613241637716 ], [ 77.022748663210962, 24.240152298016209 ], [ 77.023597153060351, 24.241118425790447 ], [ 77.024652939112798, 24.242097077828419 ], [ 77.024858091673764, 24.242523387206997 ], [ 77.02424421622878, 24.244941773030202 ], [ 77.024236516042038, 24.245027584331762 ], [ 77.024189273623193, 24.245554110538233 ], [ 77.024245008962424, 24.246133347605952 ], [ 77.024721326005178, 24.248715584314745 ], [ 77.027739982941497, 24.246403950526322 ], [ 77.028610386559237, 24.24745369220409 ], [ 77.029839464174003, 24.250080562095 ], [ 77.032478388760737, 24.254667588771703 ], [ 77.033706308865874, 24.257049820452988 ], [ 77.034363818812949, 24.258231807160936 ], [ 77.034368910382867, 24.258240962753082 ], [ 77.034971944068772, 24.259378730645764 ], [ 77.035140058397246, 24.260673364139503 ], [ 77.034401253970657, 24.262695817378852 ], [ 77.03345714110614, 24.265125988940344 ], [ 77.033205441340712, 24.265964990834963 ], [ 77.035842705579796, 24.268096268173547 ], [ 77.039586815630301, 24.270864800671376 ], [ 77.039135141160628, 24.27462305654976 ], [ 77.038515569272406, 24.276008802337458 ], [ 77.038988446158342, 24.277515888653529 ], [ 77.040135728026542, 24.279611292090873 ], [ 77.041546100201359, 24.281806145887337 ], [ 77.041832819941519, 24.282509261523415 ], [ 77.042533564573517, 24.284227652265582 ], [ 77.042089689812912, 24.286802124930063 ], [ 77.041620302459222, 24.28872575636181 ], [ 77.043900584112592, 24.290159860339212 ], [ 77.044333001159345, 24.289706970357717 ], [ 77.044855489195839, 24.287626448889842 ], [ 77.045834521784613, 24.286823541081741 ], [ 77.048360299847062, 24.285583066991595 ], [ 77.048940411490079, 24.284030578652448 ], [ 77.050153225943404, 24.284014728980452 ], [ 77.051849865560413, 24.284097525247891 ], [ 77.052127848123916, 24.285320993254928 ], [ 77.050454665986649, 24.286758753397919 ], [ 77.048653328779181, 24.288925258183877 ], [ 77.04870758993026, 24.28992786258614 ], [ 77.049004755348548, 24.291044885388928 ], [ 77.049406174502266, 24.291499946899805 ], [ 77.05002235619996, 24.291629514419096 ], [ 77.050914408182791, 24.291595698049559 ], [ 77.051928919720282, 24.290459971923472 ], [ 77.053754829688685, 24.287953154441915 ], [ 77.053767682230855, 24.286749405745056 ], [ 77.053564943863933, 24.28584932007983 ], [ 77.054088761041228, 24.284376234251102 ], [ 77.054253812908996, 24.284122634698775 ], [ 77.056073810391254, 24.281326176907548 ], [ 77.057971953534832, 24.279640602958086 ], [ 77.058048431227945, 24.278478879006883 ], [ 77.057044722810645, 24.278083377580248 ], [ 77.05558285402951, 24.27814843720034 ], [ 77.054752415019664, 24.278185388871798 ], [ 77.052979312331246, 24.278264270497541 ], [ 77.050645166784093, 24.279476974909574 ], [ 77.049445696894267, 24.28124986796167 ], [ 77.047950936188883, 24.281926206262 ], [ 77.047407872967057, 24.282953183542574 ], [ 77.047150974480815, 24.285181091494163 ], [ 77.045468417747784, 24.285441606024531 ], [ 77.045846080723962, 24.282512137784327 ], [ 77.045517546124131, 24.28169991339702 ], [ 77.044296802342757, 24.280233591791593 ], [ 77.042912772558111, 24.278534717098989 ], [ 77.04185312809156, 24.275813779721542 ], [ 77.041050716109638, 24.274966294738849 ], [ 77.040665180602147, 24.274725819491543 ], [ 77.04159171088854, 24.272627062188207 ], [ 77.043195581425167, 24.270822286182533 ], [ 77.046052413731829, 24.267716267259807 ], [ 77.046777108460319, 24.266093566107262 ], [ 77.046839508040065, 24.262880351750088 ], [ 77.046541294896684, 24.260757786158717 ], [ 77.046396679966321, 24.259728448816649 ], [ 77.045708282608032, 24.2556087004284 ], [ 77.044820197241833, 24.253384138840566 ], [ 77.046245880919841, 24.250082229906297 ], [ 77.052375775281206, 24.25007535866181 ], [ 77.052720004807654, 24.24991474057742 ], [ 77.052880874497788, 24.249725192286089 ], [ 77.052036840488284, 24.248344315724513 ], [ 77.047117532949159, 24.247539333655492 ], [ 77.046302966490046, 24.246386411456651 ], [ 77.045768845129544, 24.245698712925471 ], [ 77.044711836016816, 24.245244664377854 ], [ 77.043141940559266, 24.24503012098867 ], [ 77.040991104252143, 24.244933379947984 ], [ 77.04051247243865, 24.244974147464347 ], [ 77.037908209361191, 24.245114715295738 ], [ 77.037488459596247, 24.244169031938402 ], [ 77.036564354776033, 24.24160231601477 ], [ 77.035275300426221, 24.238867219737468 ], [ 77.034558331471615, 24.237176754745406 ], [ 77.034583645750558, 24.236281264649108 ], [ 77.034573854839707, 24.235435773762774 ], [ 77.034585079254057, 24.234396397530119 ], [ 77.034546688087005, 24.233383687285926 ], [ 77.034576641236541, 24.232352753873222 ], [ 77.034594676697225, 24.231324315922176 ], [ 77.034610446470026, 24.23044872464795 ], [ 77.035181861358922, 24.230188421349453 ], [ 77.037297557017681, 24.229577142375973 ], [ 77.037683052355106, 24.229318759802851 ], [ 77.037690142757, 24.229110210237774 ], [ 77.037653248683213, 24.227138830296461 ], [ 77.037572410700108, 24.225147323915106 ], [ 77.037528945823354, 24.223100198913986 ], [ 77.037482457183302, 24.221151732618733 ], [ 77.037508058128935, 24.219171510447467 ], [ 77.037474424490171, 24.217249483473324 ], [ 77.037408620989069, 24.215287336725904 ], [ 77.0373925855354, 24.214311901803903 ], [ 77.037343099753315, 24.213928225994298 ], [ 77.036475991231129, 24.213291483800681 ], [ 77.035526780918346, 24.212641750818694 ], [ 77.034207278117975, 24.211696276522265 ], [ 77.0330093204159, 24.210799262349546 ], [ 77.031829017763442, 24.20999576847786 ], [ 77.031213388704899, 24.209381087115748 ], [ 77.030689050111548, 24.208857548323522 ], [ 77.030409753033737, 24.208651749377058 ], [ 77.027730435702296, 24.206873557754712 ], [ 77.024505828696817, 24.204767641514074 ], [ 77.022280796948934, 24.203198337334925 ], [ 77.022550735699355, 24.200353182374169 ], [ 77.022577798757808, 24.199830849996449 ], [ 77.022694202529863, 24.197584139913289 ], [ 77.02231357553201, 24.197209862455939 ], [ 77.02197810779991, 24.19692866882 ], [ 77.021279439035766, 24.196696877491672 ], [ 77.019900896613493, 24.196555622982302 ], [ 77.019022249747707, 24.196570568704797 ], [ 77.017761074359157, 24.196859936570768 ], [ 77.016089675791122, 24.19821707514253 ], [ 77.015252670511629, 24.19875666295674 ], [ 77.014215095694013, 24.199388667659871 ], [ 77.011751740034612, 24.200889090321834 ], [ 77.006859513328337, 24.204214828719333 ], [ 77.006020710763408, 24.204589172743486 ], [ 77.004968268536004, 24.203097589646628 ], [ 77.005504883152184, 24.202388080074265 ], [ 77.005289822049747, 24.201745589000275 ], [ 77.004824400750607, 24.200743176657753 ], [ 77.004547498573231, 24.200213780021087 ], [ 77.004322747452221, 24.199275496922038 ], [ 77.003468018270567, 24.198272605441023 ], [ 77.002334110174019, 24.198086229959323 ], [ 77.001488524993761, 24.198840589517477 ], [ 77.000799602528076, 24.199438650024348 ], [ 77.000588449943834, 24.198993763381132 ], [ 77.000548837963834, 24.198461887021907 ], [ 77.00047222316104, 24.197259963796888 ], [ 77.001453290161962, 24.195477733140152 ], [ 77.002505277715315, 24.194511511447949 ], [ 77.005566494456943, 24.191699735025107 ], [ 77.005835080542212, 24.191290122399636 ], [ 77.005772494369936, 24.190491506980308 ], [ 77.005737235566016, 24.189391775662138 ], [ 77.005599893271196, 24.185108030434247 ], [ 77.000252418985184, 24.182234005262341 ], [ 76.998391162499672, 24.180569070959269 ], [ 76.998025573860758, 24.180195622392663 ], [ 76.997514844033432, 24.179689483018326 ], [ 76.997336762637531, 24.179077022955752 ], [ 76.997368259145972, 24.178390799944125 ], [ 76.997112363004177, 24.177876952329058 ], [ 76.996748131774595, 24.177785470424542 ], [ 76.99631708311496, 24.177476894094795 ], [ 76.995975913274606, 24.176941800867354 ], [ 76.995459603617661, 24.176380622220741 ], [ 76.995247675870189, 24.175697073531236 ], [ 76.994859304258966, 24.175514783169454 ], [ 76.994258070787268, 24.175618181666731 ], [ 76.993521643917219, 24.17557638155192 ], [ 76.990318625241528, 24.172714117897677 ], [ 76.989444842892425, 24.171883098781585 ], [ 76.988317913937223, 24.171005050768429 ], [ 76.987997337749974, 24.170286019041949 ], [ 76.988230429132116, 24.169969250972304 ], [ 76.988414139190098, 24.169670495987365 ], [ 76.989340127041444, 24.169382537531735 ], [ 76.989921018331032, 24.169215489224218 ], [ 76.990375867585442, 24.168949282944109 ], [ 76.990583040195105, 24.168436393252495 ], [ 76.990697152264744, 24.16805693519472 ], [ 76.990588854700761, 24.167331612041906 ], [ 76.990329650291699, 24.166422846825746 ], [ 76.990263998062304, 24.165704299480094 ], [ 76.990082489858878, 24.164956356088794 ], [ 76.990152317931376, 24.164441196479483 ], [ 76.990510061129555, 24.163711123730735 ], [ 76.990754057526587, 24.162921882473281 ], [ 76.990852497188413, 24.162418396699277 ], [ 76.990504510227325, 24.161676026864697 ], [ 76.989796756651359, 24.159950286695903 ], [ 76.989656538592158, 24.159034669099253 ], [ 76.989375505818359, 24.158195279549304 ], [ 76.988977856938646, 24.157295533514787 ], [ 76.988331803580763, 24.15661910202104 ], [ 76.987383926408739, 24.155887560989193 ], [ 76.986485807415548, 24.15523572711146 ], [ 76.985657058542856, 24.154550766029526 ], [ 76.984807039913164, 24.153948811310244 ], [ 76.984223954111357, 24.153311655937451 ], [ 76.983684531056582, 24.152526538809202 ], [ 76.982404560874045, 24.151419571101172 ], [ 76.981178030264189, 24.150537834488095 ], [ 76.980156963673537, 24.150108715335989 ], [ 76.979373421581329, 24.149772025878924 ], [ 76.978505511776191, 24.149486769047176 ], [ 76.977817805002203, 24.148823809293468 ], [ 76.976576694074623, 24.148006397489542 ], [ 76.975047517303693, 24.147205581758968 ], [ 76.973303446384108, 24.146757031631275 ], [ 76.97266334995274, 24.146770446402037 ], [ 76.972339058921946, 24.150959453330902 ], [ 76.972315572624368, 24.152164749874061 ], [ 76.972219388672627, 24.153138233097312 ], [ 76.972016389519567, 24.153963051666416 ], [ 76.971527232279144, 24.15470640307975 ], [ 76.970029251021202, 24.15552473288491 ], [ 76.969368192495821, 24.156380322962278 ], [ 76.969701834579027, 24.157727463683688 ], [ 76.969681692087605, 24.158830803102543 ], [ 76.969385914959332, 24.159618364541878 ], [ 76.96876610252697, 24.160217787287085 ], [ 76.967988090086848, 24.161078764894885 ], [ 76.967259925386273, 24.161591903647814 ], [ 76.966148825335225, 24.161851294373353 ], [ 76.964874284682239, 24.16195978971583 ], [ 76.962421443738364, 24.162135933644407 ], [ 76.96202409284416, 24.162323953363099 ], [ 76.961349049762717, 24.161655592098349 ], [ 76.960859894691268, 24.16100998170651 ], [ 76.96006077236558, 24.160289385418793 ], [ 76.959059034144843, 24.159696651668803 ], [ 76.957305543948905, 24.159096294417864 ], [ 76.956224943477892, 24.158657970192905 ], [ 76.956236889416118, 24.156887277768913 ], [ 76.956202092410976, 24.156221918180787 ], [ 76.95620121026279, 24.155443977984572 ], [ 76.956376604522518, 24.154561023590254 ], [ 76.956266388924675, 24.153131146145359 ], [ 76.956052216990486, 24.152706486076752 ], [ 76.955051450168625, 24.152490343485741 ], [ 76.954173238978328, 24.152406951687006 ], [ 76.954172656374837, 24.153056740769941 ], [ 76.954329278244899, 24.154261176521263 ], [ 76.954419156683358, 24.155344842839501 ], [ 76.954231834458241, 24.155626477998439 ], [ 76.953372461862813, 24.156162904760368 ], [ 76.952620286407466, 24.156380617846722 ], [ 76.951257558397955, 24.156804532134689 ], [ 76.950243062417684, 24.156006514987737 ], [ 76.949080415735594, 24.15517608735372 ], [ 76.947724701670339, 24.154699050495569 ], [ 76.947116978065466, 24.153946808928275 ], [ 76.946843782481722, 24.153126975642746 ], [ 76.946106369359612, 24.151769306072161 ], [ 76.945381071790408, 24.150887419017298 ], [ 76.944724633081705, 24.150328353036041 ], [ 76.944044149503881, 24.150515940468278 ], [ 76.943459596888431, 24.150965600211705 ], [ 76.94259769636507, 24.151876559969015 ], [ 76.941240293769027, 24.151435292775837 ], [ 76.939071199443788, 24.15004153091752 ], [ 76.937837474002862, 24.150783026078027 ], [ 76.937218642361259, 24.151549495319198 ], [ 76.936998140546592, 24.152306985117569 ], [ 76.937444983203903, 24.153174455131516 ], [ 76.937907972158683, 24.154357568049683 ], [ 76.938265266201682, 24.155546075098336 ], [ 76.938943960665043, 24.156465075445492 ], [ 76.940394845314174, 24.158134627477523 ], [ 76.941001601396906, 24.158895723579821 ], [ 76.941153179472437, 24.159463551095371 ], [ 76.940863647467012, 24.160071799280487 ], [ 76.939828080657037, 24.161197849271584 ], [ 76.938941022020657, 24.162394725539095 ], [ 76.938904080781811, 24.163440082164886 ], [ 76.939428343893766, 24.164125345368657 ], [ 76.939479356688636, 24.164724825447404 ], [ 76.939560105683299, 24.16567372490449 ], [ 76.938897177463801, 24.166172287977847 ], [ 76.937516981286564, 24.166250308536682 ], [ 76.936396758496173, 24.166589594862458 ], [ 76.935935859091146, 24.166927871721267 ], [ 76.935283031641006, 24.166616863773946 ], [ 76.934947103923122, 24.166925885505258 ], [ 76.934033081213286, 24.166208648918854 ], [ 76.933894294737698, 24.166747864345194 ], [ 76.933554870510434, 24.167886454134642 ], [ 76.932586798330036, 24.168810783175573 ], [ 76.932778123539478, 24.169326769735729 ], [ 76.932786209709846, 24.169629801940957 ], [ 76.932430292618022, 24.170451108343368 ], [ 76.932130185996016, 24.171428178157036 ], [ 76.932677686201828, 24.171913541813407 ], [ 76.933937617903382, 24.172689885501025 ], [ 76.935252680455392, 24.173230611668874 ], [ 76.937412596568223, 24.173199928664317 ], [ 76.937623752217476, 24.173535487986261 ], [ 76.937816551091998, 24.174655519551649 ], [ 76.938328318065558, 24.174966371548646 ], [ 76.939063769533433, 24.17512220413251 ], [ 76.939476178122206, 24.175229074369412 ], [ 76.940037577894273, 24.175374550221711 ], [ 76.940569563459505, 24.175699672691813 ], [ 76.941037082611842, 24.176041921756294 ], [ 76.941488727473512, 24.176705668720611 ], [ 76.942158528032579, 24.177384391716174 ], [ 76.943081290565672, 24.178041542538327 ], [ 76.944093803216461, 24.178076935617689 ], [ 76.944350317582362, 24.177726461399541 ], [ 76.94474593932307, 24.176731519061214 ], [ 76.945321915754477, 24.176004265604295 ], [ 76.946159821772667, 24.1748776947686 ], [ 76.947200226389853, 24.174387369282321 ], [ 76.948954077070567, 24.174481064397796 ], [ 76.951048621316048, 24.174757395074383 ], [ 76.951522154601292, 24.174545519419073 ], [ 76.951856646080671, 24.173700335873839 ], [ 76.952274630543371, 24.172436037124648 ], [ 76.952433179179565, 24.171074412927844 ], [ 76.952688242078793, 24.16985719595127 ], [ 76.952646808221616, 24.169181137034318 ], [ 76.952583075504592, 24.168303239651351 ], [ 76.952029745337114, 24.167266414945921 ], [ 76.952415953009748, 24.167013371641872 ], [ 76.954627612755274, 24.167101756034494 ], [ 76.954640002547706, 24.167101562321079 ], [ 76.955476806486573, 24.167088422221006 ], [ 76.955954691564529, 24.167766654446709 ], [ 76.956337444315963, 24.167962791183925 ], [ 76.957110415338846, 24.167821993411714 ], [ 76.957987822060886, 24.167694054438737 ], [ 76.958393498190105, 24.168183124932703 ], [ 76.959262811694074, 24.168864572497267 ], [ 76.960504307241848, 24.169703428530248 ], [ 76.958476775694677, 24.170118901220704 ], [ 76.95783845922918, 24.170818945903083 ], [ 76.957764014629618, 24.171228048777998 ], [ 76.958093037370162, 24.172104633717435 ], [ 76.958652149807804, 24.172701010249614 ], [ 76.959443687779299, 24.173182610876719 ], [ 76.960699177599423, 24.173087772072478 ], [ 76.962021765287375, 24.172803254718755 ], [ 76.962719280660963, 24.17293517678894 ], [ 76.96405336509045, 24.17318756955267 ], [ 76.963944402209464, 24.173903304341934 ], [ 76.963807667533942, 24.174325299488917 ], [ 76.963219159528876, 24.175045160662258 ], [ 76.962256757497201, 24.176015518517623 ], [ 76.961426221832539, 24.176729581297728 ], [ 76.960748652238223, 24.177434268463561 ], [ 76.960470310380387, 24.177949261788349 ], [ 76.960363720391101, 24.178604443540213 ], [ 76.960817965121763, 24.180396123289256 ], [ 76.960646318168259, 24.181158623193944 ], [ 76.960439186826378, 24.181709544331355 ], [ 76.960351175663362, 24.182831669898288 ], [ 76.960522852364093, 24.183723847065103 ], [ 76.960448009315471, 24.185082653831767 ], [ 76.95988302537468, 24.186147877599275 ], [ 76.958368855615589, 24.186630914548971 ], [ 76.957493176308333, 24.186971475339124 ], [ 76.956979137996555, 24.187513810773552 ], [ 76.957069581362276, 24.187903384468598 ], [ 76.957378708567489, 24.188701021616783 ], [ 76.957161620002481, 24.189544344266842 ], [ 76.957157137378701, 24.189724876570423 ], [ 76.957109335478052, 24.19165058351216 ], [ 76.958168035144112, 24.192320799026234 ], [ 76.958138109663523, 24.193166612970401 ], [ 76.958180096925375, 24.194441877222662 ], [ 76.958172799490129, 24.195707190978894 ], [ 76.958585285170756, 24.196694786979972 ], [ 76.959165434390485, 24.19726635254078 ], [ 76.960609477181507, 24.198212038412258 ], [ 76.961551148793603, 24.198211390947115 ], [ 76.961928115688522, 24.197975550683406 ], [ 76.962122188910627, 24.197100978470196 ], [ 76.962227684803594, 24.195306023030128 ], [ 76.962945088743027, 24.193743866321292 ], [ 76.963717346174249, 24.191099484018057 ], [ 76.964199269825883, 24.189761724703892 ], [ 76.964624095681103, 24.189662230939149 ], [ 76.965043032322043, 24.1894591378061 ], [ 76.965261149282085, 24.188935702514271 ], [ 76.965880354599989, 24.187924207786118 ], [ 76.966280319103618, 24.187654514157703 ], [ 76.967378327162621, 24.187651299960837 ], [ 76.967889387812718, 24.188244242623711 ], [ 76.967979260450363, 24.189540506927223 ], [ 76.968545772207563, 24.190467468193805 ], [ 76.969169297599436, 24.190687382642547 ], [ 76.96989222552584, 24.190619306438094 ], [ 76.970732334772379, 24.190244518064418 ], [ 76.972211489387007, 24.189080141826146 ], [ 76.972519553445395, 24.189352194501996 ], [ 76.972683086612292, 24.189524853230203 ], [ 76.972490372505433, 24.189833070583244 ], [ 76.972058667938612, 24.190522952007839 ], [ 76.97194276614529, 24.190708165237613 ], [ 76.972583929266435, 24.191138147300993 ], [ 76.972712653697258, 24.193196703791287 ], [ 76.972986666440704, 24.193652440206666 ], [ 76.973451617336096, 24.194214210658537 ], [ 76.976806521523983, 24.193593470697934 ], [ 76.977398454846707, 24.194848893174349 ], [ 76.978194750461725, 24.195903802311026 ], [ 76.9788244382665, 24.196446105995808 ], [ 76.979733849279626, 24.196768304454739 ], [ 76.980525454025226, 24.197004642257156 ], [ 76.982033633620631, 24.197282019529471 ], [ 76.982191331246455, 24.197495398574766 ], [ 76.982179246384447, 24.197780528095741 ], [ 76.981940765776898, 24.198130309854768 ], [ 76.978782797412393, 24.201103901003187 ], [ 76.978237369915803, 24.201707853159682 ], [ 76.977787265533678, 24.202206245818427 ], [ 76.977584362489338, 24.202779260064393 ], [ 76.977857838665173, 24.203888911534115 ], [ 76.978416352387811, 24.205569526769683 ], [ 76.978744741936538, 24.2068405156366 ], [ 76.979131685623869, 24.208338106352109 ], [ 76.979196332419647, 24.209756778747334 ], [ 76.979221627453683, 24.20997888569892 ], [ 76.978822902517763, 24.209844600759236 ], [ 76.977061166770142, 24.210464270146986 ], [ 76.975471011345903, 24.211665291264158 ], [ 76.974282954762543, 24.212310664709921 ], [ 76.973303041727334, 24.213403337114514 ], [ 76.971983133545862, 24.213741822889009 ], [ 76.968532867117403, 24.214562162625334 ], [ 76.966129678893736, 24.212806240613293 ], [ 76.967261762944844, 24.21239616226212 ], [ 76.966797303958089, 24.211510060995181 ], [ 76.966632833723111, 24.211008465174427 ], [ 76.965991012355389, 24.211022313632551 ], [ 76.965672115090669, 24.210312108972087 ], [ 76.965529309773089, 24.209451002236975 ], [ 76.965194690598466, 24.208758709925398 ], [ 76.964693845729329, 24.207645265233346 ], [ 76.963865816448774, 24.207161417853502 ], [ 76.962890357669295, 24.208007172805072 ], [ 76.96139740233555, 24.207239428820706 ], [ 76.960473937591985, 24.208318170551696 ], [ 76.960065757678251, 24.208799744265697 ], [ 76.959748108228638, 24.208604684641966 ], [ 76.95867199636298, 24.20802766073847 ], [ 76.958094179630422, 24.208328018195974 ], [ 76.957152014825965, 24.211114459742372 ], [ 76.956025156931233, 24.211970283068016 ], [ 76.95533822170249, 24.213509448233538 ], [ 76.953679611119838, 24.214154279109813 ], [ 76.953367039433417, 24.215274196648444 ], [ 76.952169273663216, 24.215791676403107 ], [ 76.95207164927416, 24.215828766307602 ], [ 76.950663685629038, 24.216363680146568 ], [ 76.948497149674139, 24.216865981147368 ], [ 76.94792195110675, 24.218068153521443 ], [ 76.94771556530786, 24.218660484979015 ], [ 76.946818822133238, 24.218991513115835 ], [ 76.946018067491565, 24.219138470779058 ], [ 76.945455704623541, 24.220314699553697 ], [ 76.945449156933236, 24.220328393893254 ], [ 76.944725644650418, 24.22246199583434 ], [ 76.944561364563, 24.223698532788699 ], [ 76.944975882273823, 24.224327103772787 ], [ 76.945622318190445, 24.224608058412297 ], [ 76.946966513869199, 24.225053451018244 ], [ 76.9475013086291, 24.225502735648796 ], [ 76.94844219632418, 24.226353357612961 ], [ 76.94916087493533, 24.227680557800298 ], [ 76.949843068515307, 24.228793170066226 ], [ 76.95049453274099, 24.228589233081138 ], [ 76.952891561756715, 24.22783882402144 ], [ 76.955544468946925, 24.227208645135683 ], [ 76.960307350700987, 24.225971409504428 ], [ 76.961058590761624, 24.22623269285355 ], [ 76.96185325782686, 24.226509075542751 ], [ 76.963429452809038, 24.228218785494295 ], [ 76.963788526764262, 24.228850711006501 ], [ 76.964744961152689, 24.230533870181514 ], [ 76.96523189819915, 24.231922722306706 ], [ 76.965454696172813, 24.23258533421253 ], [ 76.965571027864101, 24.232990081495153 ], [ 76.965754929329336, 24.233415355700622 ], [ 76.965306208433176, 24.233789763080495 ], [ 76.964259728956847, 24.234156367563756 ], [ 76.963347112776063, 24.234378948996891 ], [ 76.963039660262083, 24.235030849333214 ], [ 76.963168550315203, 24.236113520809887 ], [ 76.963783666835326, 24.237032543355681 ], [ 76.964356636499716, 24.237217022010483 ], [ 76.964802747929753, 24.237789528077659 ], [ 76.965466179954589, 24.239063689785741 ], [ 76.965377968200357, 24.239437213411751 ], [ 76.962303996121719, 24.242900894741027 ], [ 76.962387608090822, 24.243810395369536 ], [ 76.96306375811568, 24.245903474314758 ], [ 76.960606654143518, 24.249870140323541 ], [ 76.96058322611978, 24.250077591748187 ], [ 76.960504907805628, 24.250578906213697 ], [ 76.959901677132322, 24.251872032466522 ], [ 76.959258607597093, 24.252896330291843 ], [ 76.958493847552504, 24.253702474101676 ], [ 76.957507977377361, 24.254495890491835 ], [ 76.956449993465654, 24.255363842220277 ], [ 76.955384566894836, 24.255763391027727 ], [ 76.955155329141164, 24.255690939992714 ], [ 76.954381503836302, 24.255180055345637 ], [ 76.953408028340235, 24.254245757394713 ], [ 76.952190570846795, 24.252194474136921 ], [ 76.949715694955032, 24.251500791953408 ], [ 76.948436927577177, 24.251558702238093 ], [ 76.947979555165688, 24.25243238847241 ], [ 76.947337578382019, 24.253646615785474 ], [ 76.946704638679961, 24.254225902019805 ], [ 76.945577067480826, 24.254713801522882 ], [ 76.944507556054404, 24.255188320640666 ], [ 76.943213924327992, 24.255527402374007 ], [ 76.94225055818265, 24.255547183410805 ], [ 76.94112532908909, 24.255392294042512 ], [ 76.940599927264842, 24.255267182969899 ], [ 76.940292580781104, 24.255193996038354 ], [ 76.939940690434824, 24.255110201234888 ], [ 76.938762506847894, 24.254689188815906 ], [ 76.938432429367893, 24.254426900178405 ], [ 76.938171155662658, 24.254158891808292 ], [ 76.937947247874916, 24.25395520843924 ], [ 76.937423613929511, 24.252969143071208 ], [ 76.93688055096375, 24.252023332357446 ], [ 76.936501636462339, 24.251067747681208 ], [ 76.936418754275707, 24.25007621632442 ], [ 76.93641957651073, 24.24995080988181 ], [ 76.936658710943647, 24.24955384343729 ], [ 76.93623569900538, 24.248563750054853 ], [ 76.93550772909083, 24.247399868774334 ], [ 76.934248174186763, 24.24695783147234 ], [ 76.932982518258143, 24.246987558551332 ], [ 76.932349446837094, 24.2475048619761 ], [ 76.931065903535796, 24.247575077485358 ], [ 76.929974230473931, 24.247657303178489 ], [ 76.929006268348033, 24.247850425905703 ], [ 76.928355547045314, 24.247474982132317 ], [ 76.927957040946893, 24.246792933295279 ], [ 76.9276398864463, 24.24591942170532 ], [ 76.92680222864378, 24.24550167871573 ], [ 76.92556061371026, 24.245401660970757 ], [ 76.924862367315015, 24.244778766330068 ], [ 76.925043887455246, 24.24374509518864 ], [ 76.925755412433688, 24.242396732253294 ], [ 76.926718949893129, 24.241054578461679 ], [ 76.926426647595662, 24.240342635439841 ], [ 76.921600404775148, 24.237240768645748 ], [ 76.920943711165179, 24.23669018466569 ], [ 76.920423061656336, 24.236644349382015 ], [ 76.92004772243456, 24.236895991379967 ], [ 76.918642242991481, 24.236972416251163 ], [ 76.917551155705027, 24.237002914187137 ], [ 76.91727005267991, 24.238569495184372 ], [ 76.917810661995702, 24.239403351315662 ], [ 76.916866285675681, 24.239144595564138 ], [ 76.915449690999679, 24.239435445260067 ], [ 76.914944349332231, 24.239680328165694 ], [ 76.914267734834738, 24.242238006658308 ], [ 76.914074625066931, 24.2435295591781 ], [ 76.913607363134858, 24.243597896174872 ], [ 76.912968877078768, 24.244161386735438 ], [ 76.912536842561664, 24.2441362735685 ], [ 76.912464833150793, 24.244934306345588 ], [ 76.911549358855225, 24.245338048125397 ], [ 76.911580294094307, 24.246090204270676 ], [ 76.912170187913048, 24.246236730092487 ], [ 76.911893364659804, 24.246557060954391 ], [ 76.910916930027739, 24.247878832933285 ], [ 76.909378072871903, 24.247605939576783 ], [ 76.90839967377913, 24.247563276109783 ], [ 76.908362468239929, 24.247539159371797 ], [ 76.907219926508304, 24.246798562563797 ], [ 76.905948169166038, 24.24638885256994 ], [ 76.904549789990654, 24.246559566859194 ], [ 76.904069763130664, 24.246250820823683 ], [ 76.903200345742249, 24.24612349718042 ], [ 76.902064338269327, 24.245312754027658 ], [ 76.898639865279634, 24.247526823226039 ], [ 76.898172065715258, 24.250072273554345 ], [ 76.897273396862417, 24.252529724514346 ], [ 76.896055681784659, 24.255250244949231 ], [ 76.895817376562391, 24.255235618439638 ], [ 76.895907133239064, 24.254975292617502 ], [ 76.895883611008102, 24.254833046013637 ], [ 76.895856293535942, 24.254691370163926 ], [ 76.895825196558292, 24.254550351021244 ], [ 76.895790341752615, 24.25441007188839 ], [ 76.895751745828321, 24.254270619630624 ], [ 76.895709435419093, 24.254132074890194 ], [ 76.895663434139024, 24.253994523697887 ], [ 76.895613770601685, 24.253858045812123 ], [ 76.89556047336643, 24.253722725506332 ], [ 76.89552035696542, 24.253592711027348 ], [ 76.895500378340344, 24.25345884109457 ], [ 76.895500929948341, 24.253323725161884 ], [ 76.895521997150055, 24.253189995697262 ], [ 76.895563172585028, 24.253060259558186 ], [ 76.895623650901953, 24.252937044655212 ], [ 76.895702254941085, 24.252822752349932 ], [ 76.895797453040444, 24.252719610667622 ], [ 76.895907390139911, 24.252629626745208 ], [ 76.895951900888235, 24.252535701229121 ], [ 76.895983661696349, 24.25243752093078 ], [ 76.896002204240489, 24.252336532503591 ], [ 76.896007253692332, 24.252234229688852 ], [ 76.895998736030094, 24.252132118166521 ], [ 76.89597677810049, 24.252031710136997 ], [ 76.8959417022011, 24.251934482722742 ], [ 76.895894027137999, 24.251841871657785 ], [ 76.895834455742317, 24.251755244069319 ], [ 76.895644586997165, 24.251543938165426 ], [ 76.895165953164096, 24.25148864015426 ], [ 76.894832193542655, 24.251733970214566 ], [ 76.894801562939179, 24.253421818730121 ], [ 76.894325379228803, 24.253790919164654 ], [ 76.893662453345016, 24.255035841314903 ], [ 76.893118185952019, 24.255662598751861 ], [ 76.892366763375009, 24.255172131495762 ], [ 76.8912585202348, 24.254862476398838 ], [ 76.892153806478603, 24.252946811590224 ], [ 76.892213083292219, 24.251952400133828 ], [ 76.892202393726635, 24.251241057933026 ], [ 76.891156981751394, 24.251159334652932 ], [ 76.890194111133241, 24.250719420854438 ], [ 76.890472341009612, 24.250205403050039 ], [ 76.890627952063383, 24.249826975520243 ], [ 76.891335048339272, 24.248981235801377 ], [ 76.893738651698911, 24.247871078555814 ], [ 76.893494130291899, 24.247567100442335 ], [ 76.893461133106484, 24.247112571730522 ], [ 76.893450707799289, 24.246592558322146 ], [ 76.893571550023168, 24.245363028779813 ], [ 76.893968871599824, 24.244642466936995 ], [ 76.895048550003594, 24.24379740860071 ], [ 76.896139909827554, 24.243072722958509 ], [ 76.894125950303675, 24.243453665278523 ], [ 76.892633951134087, 24.243704265737648 ], [ 76.8916610893301, 24.243852708272723 ], [ 76.890625420064481, 24.244079269930129 ], [ 76.889196263684767, 24.244488742100252 ], [ 76.888755295583664, 24.244749315021078 ], [ 76.888204795627672, 24.244959882790695 ], [ 76.887365595860146, 24.245682075794011 ], [ 76.886191605329728, 24.247046851304798 ], [ 76.885963176688861, 24.247827296556189 ], [ 76.886034119224618, 24.248437982330202 ], [ 76.886789439653228, 24.250045209395761 ], [ 76.887067580078138, 24.25010932968776 ], [ 76.887370144513611, 24.250173666136359 ], [ 76.887301392741975, 24.250925668772727 ], [ 76.88740764423487, 24.251154325611047 ], [ 76.88790675767747, 24.252228415187751 ], [ 76.8851987689916, 24.253715969410127 ], [ 76.883837408568681, 24.253771734753538 ], [ 76.882944465550096, 24.25399630432991 ], [ 76.88124742642151, 24.254643933168857 ], [ 76.879630584150178, 24.255415691436028 ], [ 76.879753640315386, 24.257068718017951 ], [ 76.879749808811667, 24.257387396768479 ], [ 76.880043754502836, 24.260322564673871 ], [ 76.881346447542285, 24.262502661426975 ], [ 76.88436155075938, 24.262815103088116 ], [ 76.885043972580775, 24.262942052552095 ], [ 76.885624914461033, 24.263050120645861 ], [ 76.887394678116479, 24.264405004194639 ], [ 76.886784993655013, 24.265986503963955 ], [ 76.887483670402872, 24.267591313532606 ], [ 76.888116013970844, 24.267655661276955 ], [ 76.887925791107449, 24.26946452827983 ], [ 76.887575524190026, 24.269713874779921 ], [ 76.887514291231483, 24.269821635502776 ], [ 76.887469949845141, 24.269936139046031 ], [ 76.887443359010547, 24.270055173285748 ], [ 76.887435031986342, 24.270176438624564 ], [ 76.887445128902328, 24.270297590363231 ], [ 76.88747345617081, 24.270416287462783 ], [ 76.887519465952153, 24.270530236792297 ], [ 76.887582269421671, 24.270637236613116 ], [ 76.887660652051011, 24.270735216471373 ], [ 76.887858937055114, 24.270939461658624 ], [ 76.888070036583159, 24.271132612348261 ], [ 76.888293214889856, 24.271313995488196 ], [ 76.888527693413963, 24.271482974624703 ], [ 76.888772649642078, 24.271638962535789 ], [ 76.889027232003713, 24.271781411447154 ], [ 76.889290547910747, 24.271909824653633 ], [ 76.889561680504357, 24.272023756688398 ], [ 76.889839680872441, 24.272122805117231 ], [ 76.890030340828176, 24.27218777345799 ], [ 76.89021946870578, 24.272256396478092 ], [ 76.890406985062597, 24.272328645389301 ], [ 76.890592804577267, 24.272404488635189 ], [ 76.890776845911191, 24.27248389108712 ], [ 76.890959027714203, 24.272566818519888 ], [ 76.891139270616307, 24.272653235825196 ], [ 76.891317494326429, 24.272743102467082 ], [ 76.891493619526983, 24.272836378822863 ], [ 76.891607618592417, 24.272908900143001 ], [ 76.891710375754528, 24.272994382230685 ], [ 76.8918001517562, 24.273091373499316 ], [ 76.891875423380583, 24.273198232164304 ], [ 76.891934918655863, 24.273313148269413 ], [ 76.891977628300893, 24.273434175408902 ], [ 76.891988967870873, 24.273490464398272 ], [ 76.892002827033366, 24.273559261646266 ], [ 76.892010090830738, 24.273686289423647 ], [ 76.891999295593578, 24.273813105351071 ], [ 76.891943009645502, 24.273933506148683 ], [ 76.891925763764519, 24.273970400992873 ], [ 76.891852131730474, 24.274127656749293 ], [ 76.891778399469572, 24.274284874426233 ], [ 76.891704567013875, 24.27444205131447 ], [ 76.891630635315849, 24.274599190132797 ], [ 76.891556602437362, 24.274756288152211 ], [ 76.891482469341682, 24.274913347188487 ], [ 76.891408237024365, 24.275070366348324 ], [ 76.891333902529837, 24.275227345601945 ], [ 76.891276827484162, 24.275379556128097 ], [ 76.891221465137235, 24.275532297691203 ], [ 76.891167820624673, 24.27568555318561 ], [ 76.891115900056434, 24.275839306418419 ], [ 76.891065709521143, 24.275993543002667 ], [ 76.891017253201952, 24.276148243113546 ], [ 76.890970537176827, 24.276303393267074 ], [ 76.890925565596774, 24.276458976347364 ], [ 76.89088234458309, 24.276614975258301 ], [ 76.890816530204731, 24.276789796920141 ], [ 76.890770524837976, 24.27696986226913 ], [ 76.890744807178109, 24.277153291312818 ], [ 76.890739643535639, 24.277338169406779 ], [ 76.890755092541681, 24.277522565363579 ], [ 76.890790989122678, 24.277704552966597 ], [ 76.890846960994395, 24.27788223190754 ], [ 76.890922423505302, 24.278053746701097 ], [ 76.891016586301888, 24.27821730571787 ], [ 76.891096297374716, 24.278390152744514 ], [ 76.891189997684691, 24.278557000715427 ], [ 76.891297153812346, 24.278716897779272 ], [ 76.891417153986581, 24.278868934645768 ], [ 76.891549316917406, 24.279012247384511 ], [ 76.891692890788647, 24.279146019221958 ], [ 76.891847057111676, 24.279269487805841 ], [ 76.892010940500697, 24.279381951625989 ], [ 76.892183605717975, 24.279482769985641 ], [ 76.892347955934142, 24.279590427203317 ], [ 76.892517951374103, 24.279690448058915 ], [ 76.892693170366144, 24.279782582654782 ], [ 76.892873179153838, 24.279866602648404 ], [ 76.893057529925926, 24.279942301232634 ], [ 76.893245763825902, 24.280009488650634 ], [ 76.893437416787719, 24.280067998576342 ], [ 76.893632009706465, 24.280117686209831 ], [ 76.893829061266885, 24.280158426600018 ], [ 76.894044156146393, 24.280172527435191 ], [ 76.894259364116436, 24.280185081145209 ], [ 76.894474674354399, 24.280196085814651 ], [ 76.894690071079751, 24.280205542187769 ], [ 76.89490554344826, 24.280213450155429 ], [ 76.895121075722372, 24.280219806849995 ], [ 76.895336657036424, 24.280224613968379 ], [ 76.895552270646121, 24.280227870439397 ], [ 76.895767907688196, 24.280229575270724 ], [ 76.895863200155603, 24.280250790511939 ], [ 76.895956234406938, 24.280279208999531 ], [ 76.896046360548297, 24.280314635482256 ], [ 76.896132953946122, 24.280356821678463 ], [ 76.896215412174627, 24.280405474373609 ], [ 76.896293160915562, 24.280460256382039 ], [ 76.896365658905054, 24.280520784790109 ], [ 76.896432404711163, 24.280586640957996 ], [ 76.896492931872757, 24.2806573650521 ], [ 76.89672787250106, 24.281020630858052 ], [ 76.897128123351948, 24.281899681311089 ], [ 76.897329096838405, 24.28241540093725 ], [ 76.898080140553219, 24.281900822282541 ], [ 76.89842349866727, 24.28205441574687 ], [ 76.899186761008551, 24.28173010379578 ], [ 76.899779144491816, 24.28053472611462 ], [ 76.900667196362164, 24.279972334988916 ], [ 76.900773243055937, 24.278389750891073 ], [ 76.90310501516818, 24.275993152643242 ], [ 76.904355725421269, 24.275845989828053 ], [ 76.906033337757904, 24.276571875657112 ], [ 76.907307814810622, 24.276052493637277 ], [ 76.908548740414375, 24.275459509379598 ], [ 76.909821522498646, 24.275081966537265 ], [ 76.910892780082534, 24.274551672368332 ], [ 76.912026834576181, 24.273771981118511 ], [ 76.91294684649813, 24.272908369715655 ], [ 76.913828597649754, 24.271932066892159 ], [ 76.915781033653133, 24.270129898013057 ], [ 76.916560823714306, 24.269193146646643 ], [ 76.918082543627534, 24.26744037163467 ], [ 76.918300172477487, 24.266960715335713 ], [ 76.919006582554886, 24.267237430557351 ], [ 76.919810290399482, 24.266129216909526 ], [ 76.920135869516201, 24.265598700083579 ], [ 76.921012343964222, 24.264974468324446 ] ], [ [ 77.010842212163453, 24.239199597285317 ], [ 77.010083328098887, 24.239477170117389 ], [ 77.007041899429979, 24.240642724108685 ], [ 77.006544118427158, 24.240813460181315 ], [ 77.005944144423012, 24.240783987735362 ], [ 77.004655279425236, 24.240110490076106 ], [ 77.001608536782655, 24.23838920795723 ], [ 76.999991917903216, 24.236920877373024 ], [ 77.000023973174578, 24.233931945400339 ], [ 76.999000362665925, 24.233400117845832 ], [ 76.998111350863113, 24.232938212562289 ], [ 76.997446082520639, 24.232536652395076 ], [ 76.997063363088799, 24.231928347892381 ], [ 76.996886931787287, 24.231440547889864 ], [ 76.996886908656919, 24.230563728910095 ], [ 76.997548912889712, 24.229539388620601 ], [ 76.998000729989428, 24.228495819568462 ], [ 76.998682990780893, 24.227530390917831 ], [ 77.000023973623755, 24.226630745700351 ], [ 77.000001274110332, 24.226126071453379 ], [ 77.001012868294552, 24.226203693177283 ], [ 77.001194469505677, 24.226387273609305 ], [ 77.001407088958871, 24.226907644885792 ], [ 77.002365422424674, 24.228543273399907 ], [ 77.003361584573099, 24.230531493374336 ], [ 77.004387034500439, 24.230045611312647 ], [ 77.006403447004956, 24.228775322208012 ], [ 77.006346328605019, 24.228580202613067 ], [ 77.005926030724524, 24.227258521274877 ], [ 77.006067451598099, 24.227095352775372 ], [ 77.006347829111391, 24.226992866112276 ], [ 77.008147625758909, 24.226570918847813 ], [ 77.010869116730518, 24.226384325749542 ], [ 77.010908226668803, 24.227106494617512 ], [ 77.011179229425196, 24.228439357677701 ], [ 77.011333319002475, 24.229651732087191 ], [ 77.011564064459634, 24.230989087128005 ], [ 77.011646874400853, 24.231469034657884 ], [ 77.01180773967269, 24.231993939461262 ], [ 77.012113650266144, 24.232316631811493 ], [ 77.012798433716341, 24.232966136083832 ], [ 77.013251825017008, 24.233588244329457 ], [ 77.01341341650101, 24.234047727506969 ], [ 77.013457672375552, 24.234353464643473 ], [ 77.013466269394243, 24.235048111177083 ], [ 77.013359265081419, 24.236123045257049 ], [ 77.013280443153391, 24.236798404101989 ], [ 77.013013034489134, 24.237304817636108 ], [ 77.012481541158351, 24.237950616446682 ], [ 77.011847716833714, 24.238584503215364 ], [ 77.01104729047475, 24.239069753201775 ], [ 77.010842212163453, 24.239199597285317 ] ], [ [ 77.002850355224865, 24.226448522207896 ], [ 77.002177723176388, 24.225300611433763 ], [ 77.000951511980162, 24.222498981607426 ], [ 77.000129430855196, 24.220620633501394 ], [ 77.000596045577197, 24.217760188069043 ], [ 77.00080652135351, 24.216469881231699 ], [ 77.000000230191475, 24.21638885411711 ], [ 77.000018305926886, 24.215991132427117 ], [ 77.00000807316583, 24.21449992349358 ], [ 77.001325761290587, 24.214470261988815 ], [ 77.001310822800562, 24.21333843220566 ], [ 77.001511175483245, 24.210665182203993 ], [ 77.001453275976758, 24.208115413174916 ], [ 77.001678701508212, 24.207459811859177 ], [ 77.006247665304684, 24.205785508440179 ], [ 77.006456699604357, 24.20658324763027 ], [ 77.00662973425797, 24.208991438416135 ], [ 77.006706262531338, 24.209500134241566 ], [ 77.007404530635284, 24.209948733656354 ], [ 77.009272944184772, 24.211456283470412 ], [ 77.010255901719646, 24.212249369914034 ], [ 77.012145314342433, 24.213825747035866 ], [ 77.013041470678758, 24.214244071031445 ], [ 77.013771097567954, 24.214676626951945 ], [ 77.014064013873721, 24.214976363047434 ], [ 77.014323861911009, 24.21524225691757 ], [ 77.015322198526519, 24.217359133849211 ], [ 77.015546866984067, 24.2177338620608 ], [ 77.0163962123343, 24.218165575937885 ], [ 77.017257246569017, 24.218637369444455 ], [ 77.01769968879367, 24.219088627863581 ], [ 77.017951508038607, 24.219771047511156 ], [ 77.018329012035252, 24.220753471858949 ], [ 77.019477400877562, 24.223289104971393 ], [ 77.019390633172264, 24.223558950842445 ], [ 77.01851325761362, 24.223854451925408 ], [ 77.015938764820319, 24.224379089729464 ], [ 77.013840810076672, 24.224824468437753 ], [ 77.01263635553066, 24.224763835474928 ], [ 77.010005924163934, 24.224608837655339 ], [ 77.007274056204253, 24.224754055195813 ], [ 77.00623740776156, 24.224966669927813 ], [ 77.002850355224865, 24.226448522207896 ] ] ], [ [ [ 76.915382444133371, 24.301795231342219 ], [ 76.915890329811603, 24.301065551871382 ], [ 76.916943062662455, 24.300318098863375 ], [ 76.916977532201145, 24.299816560796547 ], [ 76.917212431085701, 24.299035191975783 ], [ 76.91751756302024, 24.297975439077561 ], [ 76.91648124514586, 24.298128834144514 ], [ 76.915691562239772, 24.297302895737051 ], [ 76.914383660833849, 24.297358861723673 ], [ 76.913036686430999, 24.297404873608073 ], [ 76.912152004847613, 24.298257308489735 ], [ 76.911291525438344, 24.299327129915696 ], [ 76.910463392913769, 24.299370591208579 ], [ 76.909201803021716, 24.299281147555686 ], [ 76.907792986999013, 24.299120755270287 ], [ 76.905890732039126, 24.298325810616269 ], [ 76.904727276133528, 24.297873834532634 ], [ 76.90328812761723, 24.297893949155501 ], [ 76.902195659449234, 24.297831421372713 ], [ 76.901079301787107, 24.297596376424199 ], [ 76.899998618023176, 24.297231375081253 ], [ 76.898275062156173, 24.296387061159137 ], [ 76.897773306844925, 24.296141261082635 ], [ 76.895543374997899, 24.295203898731138 ], [ 76.894399900918216, 24.294725364987311 ], [ 76.892087029451588, 24.293744858164846 ], [ 76.89058776457864, 24.293091562218709 ], [ 76.889789661192992, 24.293772494288557 ], [ 76.889284594651173, 24.294327189615149 ], [ 76.890536791926209, 24.296564789575495 ], [ 76.891701061184321, 24.296722885194917 ], [ 76.892102319566817, 24.296985269246186 ], [ 76.892947785611625, 24.297900685282649 ], [ 76.893931842296752, 24.299058369969067 ], [ 76.895482199815007, 24.299177249733194 ], [ 76.895481910900671, 24.300006587922034 ], [ 76.895374100980789, 24.301946017390495 ], [ 76.89639531763909, 24.302274883231895 ], [ 76.89699291958587, 24.301306958389162 ], [ 76.89826401410933, 24.299605902461639 ], [ 76.899603413991073, 24.299496385329785 ], [ 76.900910216225981, 24.299561208718504 ], [ 76.901342266813046, 24.299582638621136 ], [ 76.902716498720821, 24.301269026337362 ], [ 76.902715823036274, 24.301730409594125 ], [ 76.90271517203422, 24.302173264572303 ], [ 76.9025023153185, 24.303441151856376 ], [ 76.903241020291546, 24.3046574121819 ], [ 76.90286569951266, 24.306947752395519 ], [ 76.902502329821914, 24.308204830463172 ], [ 76.901884138323737, 24.309519085110725 ], [ 76.90295270822719, 24.310059100546937 ], [ 76.904147992724987, 24.309677654045394 ], [ 76.904747395923778, 24.309236911623827 ], [ 76.905237334349593, 24.308141683776142 ], [ 76.90629821840453, 24.306224371276777 ], [ 76.907716407919779, 24.304236974033433 ], [ 76.90819163698373, 24.303816481252348 ], [ 76.908898003565724, 24.303730818202922 ], [ 76.910403457255441, 24.303548235789805 ], [ 76.911166089199369, 24.303455738866909 ], [ 76.912348690550132, 24.303467166237485 ], [ 76.913102595536714, 24.303474448073082 ], [ 76.914266946655701, 24.305497522191125 ], [ 76.916570785174159, 24.303935699789978 ], [ 76.916185034420266, 24.303148199633007 ], [ 76.915382444133371, 24.301795231342219 ] ] ], [ [ [ 76.917439052523832, 24.404016457098759 ], [ 76.916119800233133, 24.403622452758789 ], [ 76.915108283383319, 24.402900596679409 ], [ 76.914864228507753, 24.402287402846735 ], [ 76.914889274176446, 24.401910837614825 ], [ 76.914895770642175, 24.401813163158103 ], [ 76.915019014470516, 24.400901101523658 ], [ 76.913490708017633, 24.400023833521246 ], [ 76.912918952688202, 24.399294936314288 ], [ 76.912673330562029, 24.39813775420221 ], [ 76.91253855096943, 24.397762035793757 ], [ 76.912487951044227, 24.396195511093161 ], [ 76.912804607459989, 24.395023835757264 ], [ 76.913052039144617, 24.394567558947276 ], [ 76.913193848742168, 24.393932118555508 ], [ 76.913865160714508, 24.39092391741584 ], [ 76.913790311110617, 24.38997773614485 ], [ 76.913911878856226, 24.388465422645805 ], [ 76.914650747822947, 24.387381279759616 ], [ 76.915090984170646, 24.386060607285156 ], [ 76.915396628053301, 24.385087988691449 ], [ 76.914833299639582, 24.383753656503206 ], [ 76.914527627364322, 24.383184386787949 ], [ 76.914285168722387, 24.382738672307696 ], [ 76.914146959130832, 24.382484600927679 ], [ 76.912541052217037, 24.380093466157419 ], [ 76.911677202671854, 24.378490268056794 ], [ 76.911548954343687, 24.377642708115925 ], [ 76.911395038144079, 24.376000823415996 ], [ 76.911242568434844, 24.375327467093342 ], [ 76.911106959044957, 24.374728576804227 ], [ 76.910634324418155, 24.373749449639217 ], [ 76.910006803541648, 24.372681200514663 ], [ 76.909939339527654, 24.371810515927766 ], [ 76.908788249518494, 24.371845305790806 ], [ 76.907692303203874, 24.371707849626016 ], [ 76.907279115646347, 24.371569277805303 ], [ 76.906201225173106, 24.371208844915373 ], [ 76.905258387151008, 24.371278537189774 ], [ 76.904073221317617, 24.371163771918813 ], [ 76.904042019753746, 24.369339506150389 ], [ 76.90424415210137, 24.369056792184995 ], [ 76.904915064248172, 24.368596843152904 ], [ 76.906053341478426, 24.36807827466858 ], [ 76.905962234154472, 24.36774517904103 ], [ 76.90534250315612, 24.36748449216979 ], [ 76.90492238448023, 24.367203479695743 ], [ 76.904577182319954, 24.366382162939775 ], [ 76.903342469531594, 24.366290748010009 ], [ 76.902003878872208, 24.366214104062138 ], [ 76.902008376342224, 24.366562154307061 ], [ 76.901541551118157, 24.367300953293796 ], [ 76.900707951362634, 24.368228519440724 ], [ 76.900436213271533, 24.368550078696455 ], [ 76.900348265273436, 24.369389429303858 ], [ 76.900482416212199, 24.370476522083894 ], [ 76.900637194018387, 24.371983616460422 ], [ 76.899929512520941, 24.372625088938211 ], [ 76.899710271595012, 24.372891807095154 ], [ 76.899553039953972, 24.373660420886331 ], [ 76.899549265256937, 24.373976750778962 ], [ 76.90029569368221, 24.374435046376639 ], [ 76.901575107258282, 24.375257334631485 ], [ 76.902647290957617, 24.375940332654526 ], [ 76.903150849828009, 24.376485362630028 ], [ 76.903638570927697, 24.377013246200434 ], [ 76.903919887040189, 24.377340331590922 ], [ 76.904509945495448, 24.377957769455644 ], [ 76.904912720661756, 24.378246519597081 ], [ 76.905711139277145, 24.378697399214801 ], [ 76.9062629923217, 24.378805721325499 ], [ 76.907187903452467, 24.378919264064368 ], [ 76.907363746047452, 24.379395568621568 ], [ 76.907412186956478, 24.380411136613596 ], [ 76.907424212105497, 24.380854171133738 ], [ 76.907786579255415, 24.381690954646011 ], [ 76.908562543642049, 24.382673672550116 ], [ 76.909365682440594, 24.383529699705559 ], [ 76.910095516750744, 24.384732878292038 ], [ 76.91026123638089, 24.385335625787167 ], [ 76.910218557971405, 24.386026024570011 ], [ 76.910040945326102, 24.387155273990402 ], [ 76.910061359596185, 24.388353889629951 ], [ 76.910274999003548, 24.389289299871841 ], [ 76.910821821894459, 24.38989878698283 ], [ 76.911076411901604, 24.390296779235562 ], [ 76.911090135797977, 24.390597464814476 ], [ 76.91088037734761, 24.391515690739734 ], [ 76.911614406763434, 24.393076324138061 ], [ 76.911056394867614, 24.393482056106336 ], [ 76.910619285356631, 24.393896897718157 ], [ 76.909930641651144, 24.395009304955725 ], [ 76.909116128877997, 24.397290835476856 ], [ 76.908853180612098, 24.398324321141143 ], [ 76.907718485455476, 24.398450986085521 ], [ 76.907589491285947, 24.399849628056479 ], [ 76.907489078646407, 24.401000204242258 ], [ 76.907609047232285, 24.401816046428436 ], [ 76.90763188407864, 24.401899058040147 ], [ 76.907965881554645, 24.403113042418028 ], [ 76.90833106743969, 24.404390059963585 ], [ 76.909308237183851, 24.407370725087855 ], [ 76.911539426865929, 24.407420972386834 ], [ 76.912234792902993, 24.409076272015099 ], [ 76.914349982912441, 24.408256518883757 ], [ 76.915368780206819, 24.407066196181553 ], [ 76.918247864668245, 24.407208329596912 ], [ 76.918268326151306, 24.406939620018456 ], [ 76.918246352594963, 24.405871658993505 ], [ 76.918126429309254, 24.404371266806361 ], [ 76.917439052523832, 24.404016457098759 ] ] ], [ [ [ 76.942289070316704, 24.418934506767375 ], [ 76.943260745501348, 24.419812809383391 ], [ 76.944204716048361, 24.420112865273783 ], [ 76.946693990348706, 24.419797003608881 ], [ 76.947768044718899, 24.419059463388638 ], [ 76.948522640797151, 24.418099940465378 ], [ 76.947534755347078, 24.417803633377115 ], [ 76.947220448035964, 24.416933605703552 ], [ 76.946766360737868, 24.41680004484423 ], [ 76.946411085668714, 24.416717393490245 ], [ 76.944571726512535, 24.41636375916427 ], [ 76.943135329986703, 24.416336894903711 ], [ 76.942863246613612, 24.41672706413474 ], [ 76.942429112477228, 24.417422207449679 ], [ 76.942009712020521, 24.418169549715003 ], [ 76.942289070316704, 24.418934506767375 ] ] ], [ [ [ 76.887840944281109, 24.414805007614433 ], [ 76.888343142253021, 24.412277823610221 ], [ 76.888468216027476, 24.411341019840862 ], [ 76.888544846392051, 24.410767051752082 ], [ 76.888679004638561, 24.40976218253282 ], [ 76.88879604645696, 24.40696113960686 ], [ 76.888677776350946, 24.403696864993677 ], [ 76.88722631966192, 24.403613342643055 ], [ 76.88415308488041, 24.403657427475846 ], [ 76.882823009192421, 24.403567836955464 ], [ 76.879432180047175, 24.403956335559734 ], [ 76.878422700903329, 24.40258437669905 ], [ 76.877238501400925, 24.403943171635721 ], [ 76.875517103578801, 24.403959275572475 ], [ 76.874584723497549, 24.403967739733108 ], [ 76.873131533509067, 24.404033738079217 ], [ 76.87176534282267, 24.40420835507118 ], [ 76.869416629844665, 24.404049759264133 ], [ 76.863545458566264, 24.403989797075866 ], [ 76.861108688101396, 24.403865652300325 ], [ 76.858664912717913, 24.403885416546991 ], [ 76.855787229738112, 24.403848333707952 ], [ 76.854321442347128, 24.405561784621721 ], [ 76.852955049074481, 24.407204451588157 ], [ 76.851507464487455, 24.409114448093504 ], [ 76.850750084587943, 24.410049366949021 ], [ 76.849917769587861, 24.410572492630251 ], [ 76.848733933979474, 24.411072014051587 ], [ 76.84801145587339, 24.412261059345795 ], [ 76.846995673866985, 24.414175844943955 ], [ 76.846391283690338, 24.415737896440856 ], [ 76.846133067806377, 24.416404994411202 ], [ 76.846241458733346, 24.416716803124313 ], [ 76.846284813122566, 24.416839434638938 ], [ 76.846369281351059, 24.417090429815953 ], [ 76.846449859533266, 24.417342494493631 ], [ 76.846526531497048, 24.417595578839126 ], [ 76.84659928405064, 24.417849631244149 ], [ 76.846668101032293, 24.41810460097231 ], [ 76.846732967254837, 24.418360438200224 ], [ 76.846793871509036, 24.418617090436115 ], [ 76.846874859074248, 24.418846085968372 ], [ 76.846963637265659, 24.419072648959848 ], [ 76.847060119138362, 24.419296555432091 ], [ 76.847164210797473, 24.419517584945702 ], [ 76.847275809403087, 24.419735522386336 ], [ 76.847394807159574, 24.419950154393462 ], [ 76.847521086384674, 24.420161269309315 ], [ 76.847654522434127, 24.420368659918754 ], [ 76.847794986671403, 24.420572122576875 ], [ 76.847979618988632, 24.42080244681917 ], [ 76.848142627499399, 24.421003442640178 ], [ 76.848165649404493, 24.421031828067129 ], [ 76.848353069181215, 24.421260255388074 ], [ 76.848541875386474, 24.421487726940406 ], [ 76.84873205927093, 24.421714232694573 ], [ 76.848923618955254, 24.421939765401138 ], [ 76.849116543639312, 24.422164321330939 ], [ 76.849310832474259, 24.422387889632887 ], [ 76.849506475668235, 24.422610464782004 ], [ 76.849628704456563, 24.422720230462236 ], [ 76.849744748391345, 24.422835485139323 ], [ 76.849854312182643, 24.422955939487888 ], [ 76.849957120461823, 24.423081288133147 ], [ 76.850052910833625, 24.423211213191049 ], [ 76.850141442740878, 24.423345385262699 ], [ 76.850222490527898, 24.423483466072337 ], [ 76.850295848405125, 24.423625105808533 ], [ 76.850361331424466, 24.423769944037829 ], [ 76.850429455082988, 24.423916535393932 ], [ 76.850486041789466, 24.424067185023656 ], [ 76.850530802035877, 24.424221132244014 ], [ 76.850563512587655, 24.424377600799655 ], [ 76.850584009558972, 24.424535800597241 ], [ 76.850592186363414, 24.424694934005799 ], [ 76.850588003566031, 24.424854196861851 ], [ 76.850571481869665, 24.425012787427352 ], [ 76.850542704133034, 24.425169902798771 ], [ 76.850496257169638, 24.425340002394218 ], [ 76.85044509849206, 24.425508963154279 ], [ 76.850389259961361, 24.425676679741194 ], [ 76.850328778459655, 24.425843039643947 ], [ 76.850263694725442, 24.426007937615989 ], [ 76.850194048545333, 24.426171265691309 ], [ 76.850160760218657, 24.4262438216272 ], [ 76.850119885601842, 24.42633291777075 ], [ 76.85004125450358, 24.426492790494542 ], [ 76.849958204857543, 24.42665077960989 ], [ 76.849835601728884, 24.426825289373184 ], [ 76.849707717397564, 24.42699659251679 ], [ 76.849574651154128, 24.427164555494318 ], [ 76.849436508197385, 24.427329045723486 ], [ 76.849293396608758, 24.427489936973576 ], [ 76.849145425502556, 24.427647099412155 ], [ 76.848992716660021, 24.427800415981377 ], [ 76.848835382102479, 24.427949761394601 ], [ 76.848673550474317, 24.428095022277759 ], [ 76.848498436037559, 24.428279038881652 ], [ 76.848320228233419, 24.428460547805525 ], [ 76.848138969008147, 24.428639507028119 ], [ 76.847954702303639, 24.428815872742476 ], [ 76.847767472029233, 24.428989603850727 ], [ 76.847577324101053, 24.429160656566641 ], [ 76.847384303394065, 24.429328991608674 ], [ 76.847188456790079, 24.429494567006916 ], [ 76.846989830140814, 24.429657344393473 ], [ 76.846187288046394, 24.430543810653191 ], [ 76.846708829149392, 24.430396088373765 ], [ 76.848156483228792, 24.429949254797531 ], [ 76.850489824229911, 24.429091478835623 ], [ 76.852266076292238, 24.429997770900098 ], [ 76.852526928634333, 24.430130862682478 ], [ 76.853227934830642, 24.430488523248208 ], [ 76.854165126224814, 24.432659101967324 ], [ 76.855262433753282, 24.432949129315549 ], [ 76.857725558627422, 24.433560998983879 ], [ 76.86040897448504, 24.434361794426778 ], [ 76.860309241452399, 24.435973243799864 ], [ 76.862410068457692, 24.436603514281856 ], [ 76.864039133106431, 24.437092228284957 ], [ 76.863923389673616, 24.438414139787291 ], [ 76.863833979238578, 24.439435278001344 ], [ 76.86365808882924, 24.440941748677727 ], [ 76.862818721942219, 24.440885108783288 ], [ 76.861674891304403, 24.440681275397168 ], [ 76.860678482797709, 24.440438160203538 ], [ 76.859553604128976, 24.440739589175728 ], [ 76.858397686505654, 24.44080771519398 ], [ 76.857081507014144, 24.440922623512822 ], [ 76.855973749530065, 24.441343364459939 ], [ 76.85504504722293, 24.441977680474157 ], [ 76.854282521023094, 24.442786123606535 ], [ 76.852815496913223, 24.444567595434201 ], [ 76.852339708896238, 24.44553905348188 ], [ 76.852168103181654, 24.446652653499406 ], [ 76.85250269872185, 24.447914991511361 ], [ 76.852914835792888, 24.449180828438116 ], [ 76.853186263906522, 24.450014480374239 ], [ 76.852069940561108, 24.450129626698327 ], [ 76.851705420440084, 24.450167225451722 ], [ 76.851887587513389, 24.450705191931362 ], [ 76.85190592461484, 24.450869965116755 ], [ 76.851920765670343, 24.451035035354938 ], [ 76.851932098656846, 24.451200336596109 ], [ 76.851939924285531, 24.451365810146854 ], [ 76.851944237449302, 24.451531389125257 ], [ 76.851945036886519, 24.451697014816993 ], [ 76.851942320415986, 24.45186262307941 ], [ 76.85193609273928, 24.452028151646886 ], [ 76.851926352628254, 24.45219353909539 ], [ 76.851910228718992, 24.452306108968319 ], [ 76.851893181750953, 24.452418566329694 ], [ 76.851875214792614, 24.45253090217992 ], [ 76.851856327886267, 24.452643112906632 ], [ 76.85183652506457, 24.452755191326343 ], [ 76.851815802490904, 24.45286712836814 ], [ 76.851794166104042, 24.452978922286636 ], [ 76.85177161402909, 24.453090564934246 ], [ 76.851748148337109, 24.453202048204012 ], [ 76.851736012426571, 24.453278155384112 ], [ 76.851729122261148, 24.453354809956458 ], [ 76.851727503289368, 24.453431709649365 ], [ 76.851731166174389, 24.453508551134409 ], [ 76.851740093969966, 24.453585029893759 ], [ 76.851754250964859, 24.453660843020938 ], [ 76.851773580653955, 24.453735693715323 ], [ 76.851798007766845, 24.453809286787688 ], [ 76.851827438278647, 24.453881327757298 ], [ 76.851873206381853, 24.453999783440356 ], [ 76.85192360936901, 24.454116654295582 ], [ 76.851978578134307, 24.454231785174603 ], [ 76.852038046441152, 24.454345028183141 ], [ 76.852101934219306, 24.454456237089499 ], [ 76.852170156465405, 24.454565265610796 ], [ 76.85224262910576, 24.454671971988848 ], [ 76.852319255185833, 24.454776218847485 ], [ 76.85239993477947, 24.454877869682619 ], [ 76.852455231245457, 24.454993366842604 ], [ 76.852500640692867, 24.455112420107628 ], [ 76.852535891638723, 24.455234322263625 ], [ 76.852560777926669, 24.455358348708625 ], [ 76.852575148807446, 24.455483761865683 ], [ 76.852578919735265, 24.455609815809712 ], [ 76.852572068366825, 24.455735760741671 ], [ 76.852554634495661, 24.455860848406235 ], [ 76.852526722003503, 24.455984333918554 ], [ 76.852506390993241, 24.456088363969648 ], [ 76.852482177420541, 24.456191696386036 ], [ 76.852454115346845, 24.456294208697319 ], [ 76.852422231884034, 24.45639578197331 ], [ 76.852386568963809, 24.456496295630743 ], [ 76.852347166500792, 24.456595632677644 ], [ 76.852304070328969, 24.45669367618315 ], [ 76.852257332168278, 24.4567903119862 ], [ 76.852207004736883, 24.456885425032993 ], [ 76.852143359211979, 24.457044976774601 ], [ 76.852503943332451, 24.456948070663572 ], [ 76.853677089754342, 24.456632778814427 ], [ 76.854567101808769, 24.456393929259825 ], [ 76.855964900077325, 24.456146340947516 ], [ 76.85724887592923, 24.455947615661238 ], [ 76.857267467277424, 24.455944737840756 ], [ 76.859023445317519, 24.455768107812702 ], [ 76.860489888502755, 24.455153029300941 ], [ 76.86188985469505, 24.454577477910377 ], [ 76.863464987990511, 24.453670958859501 ], [ 76.864673276104654, 24.45318056331709 ], [ 76.865925152638624, 24.452527481079915 ], [ 76.867048167819235, 24.451814956341092 ], [ 76.868144814787016, 24.451030818685147 ], [ 76.868818266985102, 24.451111460512923 ], [ 76.869854771922405, 24.450975704914878 ], [ 76.870449166838796, 24.452156669885799 ], [ 76.870677911119216, 24.452656583304655 ], [ 76.87106296881646, 24.453560683464552 ], [ 76.871451835348523, 24.454746102624568 ], [ 76.87147641597754, 24.45574131392598 ], [ 76.871311507504956, 24.457236878639687 ], [ 76.87106895673017, 24.458218067703029 ], [ 76.870833078419025, 24.459172248572262 ], [ 76.870414083495803, 24.460733010415499 ], [ 76.866086648216438, 24.462047429477586 ], [ 76.866221910694648, 24.462719408711894 ], [ 76.866303149077822, 24.463556878692948 ], [ 76.866804429622974, 24.465103269980386 ], [ 76.867395296342394, 24.467432088870293 ], [ 76.867468630577378, 24.469159090829727 ], [ 76.867086519612329, 24.47055825197323 ], [ 76.867105492576243, 24.47142491176761 ], [ 76.867782260975815, 24.472322894338539 ], [ 76.868931943341423, 24.473767978236694 ], [ 76.867707640121679, 24.473838228160592 ], [ 76.867087108725443, 24.474153986095054 ], [ 76.866787085062498, 24.474903148782733 ], [ 76.865047728342631, 24.473901081629901 ], [ 76.863810173790199, 24.473576698374291 ], [ 76.863542407064557, 24.473773435792705 ], [ 76.863568207328854, 24.474556763279516 ], [ 76.864270754901, 24.475488135196162 ], [ 76.865235583782933, 24.47620015958509 ], [ 76.866000417887449, 24.476883168850247 ], [ 76.866185043041597, 24.477242007625797 ], [ 76.865684318143522, 24.477668932147594 ], [ 76.864454364843951, 24.477812686506322 ], [ 76.862890138542255, 24.478352270320475 ], [ 76.863031883861282, 24.477388493538598 ], [ 76.863010953638607, 24.477349271842257 ], [ 76.862466985023346, 24.476329935328099 ], [ 76.861675598287007, 24.475705505645159 ], [ 76.859755240194687, 24.475912113714159 ], [ 76.859676776679279, 24.47725777959867 ], [ 76.859820218146496, 24.478388475380321 ], [ 76.860302252845784, 24.479380497058479 ], [ 76.859000095992315, 24.479261342172926 ], [ 76.857668557799698, 24.479213781611161 ], [ 76.856250788786838, 24.479353182402559 ], [ 76.854578819755375, 24.479678241047047 ], [ 76.855061091587771, 24.480664952087668 ], [ 76.858986568829209, 24.480713192801907 ], [ 76.859836841155598, 24.481525782776966 ], [ 76.860598847526205, 24.48269681846007 ], [ 76.859795661232056, 24.484203056761295 ], [ 76.861125939135462, 24.486053506003959 ], [ 76.862236901835757, 24.487197211932891 ], [ 76.863168867401299, 24.486940739191585 ], [ 76.863716228752921, 24.486732725136068 ], [ 76.865479302854425, 24.486062686114725 ], [ 76.866667370282087, 24.485689024228545 ], [ 76.868060719474556, 24.48525078146033 ], [ 76.869480353613909, 24.484731048364079 ], [ 76.869766408560849, 24.484626319751367 ], [ 76.870072053190071, 24.485917298630103 ], [ 76.870800128887325, 24.48590746695637 ], [ 76.872171309835053, 24.485878279649288 ], [ 76.87350574798424, 24.485849165895566 ], [ 76.873900657184606, 24.486026065856812 ], [ 76.874867552479046, 24.486730068073271 ], [ 76.875296587022035, 24.486803853338817 ], [ 76.875694923078896, 24.486845994842852 ], [ 76.877177750313322, 24.486852933620916 ], [ 76.877396294912288, 24.4876485824316 ], [ 76.876530650988897, 24.488530746849527 ], [ 76.875576223749121, 24.48910913648168 ], [ 76.87526569941592, 24.489299523138328 ], [ 76.874724622679267, 24.489648967165724 ], [ 76.874791301849342, 24.490132913528974 ], [ 76.874915569702878, 24.491034808111863 ], [ 76.874595804470388, 24.490916384581102 ], [ 76.873857443274787, 24.490458416154972 ], [ 76.872899559524811, 24.489945420570095 ], [ 76.871779498190406, 24.489912780651249 ], [ 76.871422789409252, 24.490029314622401 ], [ 76.870791754464832, 24.490679431655831 ], [ 76.870823741473927, 24.492099316147474 ], [ 76.870528155168955, 24.492811613467108 ], [ 76.869786601347897, 24.493690020053716 ], [ 76.869383255186847, 24.494364014798691 ], [ 76.869323126606474, 24.494605412335378 ], [ 76.86952632716455, 24.494862565426008 ], [ 76.870300323655698, 24.49516983168477 ], [ 76.871653898656533, 24.495357181951448 ], [ 76.872560183794022, 24.495743286983533 ], [ 76.873203879151504, 24.496017516489676 ], [ 76.873462414606081, 24.496391324960143 ], [ 76.873609166377832, 24.496743838885269 ], [ 76.873549301983758, 24.497207569351218 ], [ 76.872531464666466, 24.497653715125427 ], [ 76.871431988534951, 24.497296126966631 ], [ 76.871411551629961, 24.497289480529126 ], [ 76.871104930846997, 24.497401945898964 ], [ 76.870594528139236, 24.498115484719861 ], [ 76.869764561552131, 24.499199347049192 ], [ 76.869445950513949, 24.499281319404311 ], [ 76.868419334831103, 24.498158658314029 ], [ 76.868060825623189, 24.498041287125208 ], [ 76.867401691257612, 24.497825494374151 ], [ 76.867064893563111, 24.497676152054709 ], [ 76.864929806230506, 24.497091946994399 ], [ 76.863759284066958, 24.496817600938886 ], [ 76.863537449757089, 24.497031739469961 ], [ 76.863424092952272, 24.498038000020877 ], [ 76.863496138175194, 24.500054839859207 ], [ 76.863496709700314, 24.50008503157078 ], [ 76.862811150334039, 24.500109830145892 ], [ 76.862995383586608, 24.501186125948855 ], [ 76.863370422601719, 24.501864760043407 ], [ 76.863741319606106, 24.502348988301026 ], [ 76.864164799938862, 24.50298450058057 ], [ 76.863360595037051, 24.50375610102336 ], [ 76.861784981579632, 24.502743659024777 ], [ 76.859602379312875, 24.501936969792094 ], [ 76.859032195004914, 24.501807538930652 ], [ 76.858371940430644, 24.502557408705606 ], [ 76.856989929236377, 24.502477943584616 ], [ 76.856130954102653, 24.501721420572064 ], [ 76.855461629465879, 24.501613972959287 ], [ 76.854173409146767, 24.501774456727045 ], [ 76.853918020597831, 24.502260657426039 ], [ 76.853780614534998, 24.503124804363939 ], [ 76.853736618413379, 24.503476276904241 ], [ 76.852901450226412, 24.504790920576255 ], [ 76.851885847465354, 24.505210138096949 ], [ 76.851813139967817, 24.505684158166336 ], [ 76.851624287138463, 24.507316240837362 ], [ 76.851465564790999, 24.508551858532559 ], [ 76.851196119994725, 24.510010917683896 ], [ 76.85073990193905, 24.51132892002083 ], [ 76.85035465468215, 24.511982769686977 ], [ 76.850198954030134, 24.512291383485007 ], [ 76.850026999240399, 24.512460705183909 ], [ 76.849557382590461, 24.512547805440917 ], [ 76.84914327394614, 24.512397746161724 ], [ 76.848824337732736, 24.511501436042124 ], [ 76.848752708719189, 24.510748119520862 ], [ 76.848889143827819, 24.510304316465206 ], [ 76.848906628043565, 24.508903078945181 ], [ 76.848606526312494, 24.507565673615019 ], [ 76.848313464973501, 24.506378031974588 ], [ 76.847970168063199, 24.505265861519412 ], [ 76.84749483559105, 24.504082889364241 ], [ 76.847106124320476, 24.503219833744431 ], [ 76.846813287053052, 24.503146457805364 ], [ 76.845431713031999, 24.503298232159572 ], [ 76.845429063216713, 24.504073839772158 ], [ 76.845571555864169, 24.504997878528791 ], [ 76.845645883616811, 24.505767956669331 ], [ 76.845898431062366, 24.507396554954166 ], [ 76.84590062822727, 24.508143380835673 ], [ 76.845901108360593, 24.508306411737138 ], [ 76.845833339326802, 24.508684564277623 ], [ 76.844856277441934, 24.508988571742908 ], [ 76.842248868318677, 24.509729471784418 ], [ 76.841566219019953, 24.509504963269976 ], [ 76.841312629158651, 24.508965066105933 ], [ 76.841265953565483, 24.508793941112859 ], [ 76.841201279237779, 24.508627791143315 ], [ 76.841119226120199, 24.508468195821656 ], [ 76.841020570859882, 24.508316673187348 ], [ 76.840906252927979, 24.508174663504281 ], [ 76.840777360925159, 24.508043519185708 ], [ 76.840635120974568, 24.507924485709214 ], [ 76.840480882972429, 24.507818696056905 ], [ 76.840316116798505, 24.507727158033923 ], [ 76.840135728217689, 24.507638823342614 ], [ 76.839959431282523, 24.507543821277938 ], [ 76.839787524056007, 24.507442312105734 ], [ 76.839620291712265, 24.507334460473349 ], [ 76.839458014262391, 24.507220449036524 ], [ 76.839300961732704, 24.507100469378159 ], [ 76.8391493951966, 24.506974718406543 ], [ 76.839003569599925, 24.506843409221641 ], [ 76.838863728961755, 24.506706760227939 ], [ 76.838749656050808, 24.506622181398676 ], [ 76.838630318741465, 24.506543922312247 ], [ 76.838506131072805, 24.506472259113703 ], [ 76.838377530116304, 24.506407441097014 ], [ 76.838244963090546, 24.5063496950862 ], [ 76.838108897252525, 24.506299223732643 ], [ 76.837969807091341, 24.506256203575461 ], [ 76.837828179262871, 24.50622078509279 ], [ 76.837684510616455, 24.506193092681698 ], [ 76.837656001389078, 24.506179525411401 ], [ 76.83762898930803, 24.5061635977872 ], [ 76.837603706554674, 24.506145448604737 ], [ 76.837580373275671, 24.506125231886188 ], [ 76.837559187647116, 24.506103122194776 ], [ 76.83754033481226, 24.506079310213075 ], [ 76.83752397603773, 24.50605400172606 ], [ 76.837510251707812, 24.506027414943272 ], [ 76.837499281358362, 24.505999777790151 ], [ 76.837468513544096, 24.505987667008334 ], [ 76.837436405592527, 24.505978937791301 ], [ 76.837403403112262, 24.505973709492455 ], [ 76.837369956268361, 24.505972052746724 ], [ 76.837336530592751, 24.505973993196012 ], [ 76.837303581427705, 24.505979503094199 ], [ 76.837271564725242, 24.505988505935292 ], [ 76.837240921223568, 24.506000878997284 ], [ 76.837212072556369, 24.506016448786021 ], [ 76.837081401056338, 24.506042508785598 ], [ 76.83695325762632, 24.506077532041967 ], [ 76.836828373134537, 24.50612131850178 ], [ 76.836707464270305, 24.50617361829601 ], [ 76.836591221702335, 24.506234131615948 ], [ 76.836480311009751, 24.506302513237529 ], [ 76.836375367793451, 24.506378368858403 ], [ 76.836276991608557, 24.506461266773361 ], [ 76.836185746032413, 24.506550732456596 ], [ 76.836143237791205, 24.506635299013798 ], [ 76.836086523195959, 24.506712575197511 ], [ 76.836017059127045, 24.50678058043626 ], [ 76.835936624239622, 24.506837570524105 ], [ 76.835847280853443, 24.506882085989584 ], [ 76.835751319280646, 24.506912984025995 ], [ 76.835651197127575, 24.506929477592578 ], [ 76.835549482995091, 24.506931138438414 ], [ 76.835448782075687, 24.50691792702824 ], [ 76.835342155822872, 24.506891898328266 ], [ 76.835234209038617, 24.506870915689344 ], [ 76.835125227266801, 24.506855032673222 ], [ 76.835015498171458, 24.506844291124349 ], [ 76.834905312546084, 24.506838719374624 ], [ 76.834794958404117, 24.506838331278217 ], [ 76.834684726855045, 24.506843129885706 ], [ 76.834574912183726, 24.506853101123127 ], [ 76.834465799940361, 24.506868219085767 ], [ 76.83429639633124, 24.506874606906084 ], [ 76.834126872057283, 24.506877310500418 ], [ 76.833957326828596, 24.506876329108511 ], [ 76.833787855398398, 24.50687166372456 ], [ 76.833618552497086, 24.506863317149257 ], [ 76.833449513830615, 24.506851293097 ], [ 76.833280835070767, 24.506835597991444 ], [ 76.833112611832618, 24.506816242771542 ], [ 76.832944937768588, 24.506793237452854 ], [ 76.832645462860384, 24.506704553766173 ], [ 76.833871504807036, 24.50752220481057 ], [ 76.834938007146434, 24.5083774097283 ], [ 76.835734840092996, 24.509094830674364 ], [ 76.836481116740913, 24.509745393236916 ], [ 76.837050557347183, 24.509978533437387 ], [ 76.837868354955091, 24.510287870452402 ], [ 76.837966173438971, 24.510737497581562 ], [ 76.838103428147051, 24.511681261669775 ], [ 76.838142176881064, 24.512158503819702 ], [ 76.838934126338444, 24.514410369440043 ], [ 76.839521497633655, 24.515181978518097 ], [ 76.839941141012034, 24.515633116789203 ], [ 76.840083574980085, 24.515786239123123 ], [ 76.840566591475053, 24.516305500987421 ], [ 76.841515093574699, 24.516828528160108 ], [ 76.841882316555342, 24.517261513964709 ], [ 76.842077189957095, 24.517803589935024 ], [ 76.842027810401348, 24.518177733152825 ], [ 76.841229019366452, 24.518838808913568 ], [ 76.840702067429476, 24.519202455778274 ], [ 76.840159625742132, 24.519627007956078 ], [ 76.838978441715341, 24.519092124093145 ], [ 76.838537652601303, 24.518865642852138 ], [ 76.837607474873138, 24.518794409225254 ], [ 76.837071279733493, 24.518834699844842 ], [ 76.835670287580911, 24.518934874260104 ], [ 76.834431281930804, 24.51895248877922 ], [ 76.833320965361509, 24.519094400892765 ], [ 76.832916851474096, 24.519281427130842 ], [ 76.831718250401607, 24.519299590546929 ], [ 76.830252220585223, 24.519398942429738 ], [ 76.82786046708901, 24.519657543131952 ], [ 76.826128739971097, 24.519585741318878 ], [ 76.823931787845268, 24.519654327626242 ], [ 76.823740410670752, 24.519660300192196 ], [ 76.823113004917701, 24.519666898051486 ], [ 76.823101108190158, 24.519727313814261 ], [ 76.823080119616151, 24.519866947238757 ], [ 76.823074327815263, 24.519948415912374 ], [ 76.823058254383653, 24.520028721181649 ], [ 76.823032112353673, 24.5201067806967 ], [ 76.822996255564618, 24.520181539782577 ], [ 76.822951166546744, 24.520251992985493 ], [ 76.822897455478284, 24.520317188577767 ], [ 76.82283584415525, 24.520376247353656 ], [ 76.822767164868225, 24.520428373454827 ], [ 76.822692343498588, 24.520472864126656 ], [ 76.822529066272722, 24.520560253642845 ], [ 76.822362124505048, 24.520641642127629 ], [ 76.822191782364129, 24.520716904124747 ], [ 76.822018308910103, 24.520785917843018 ], [ 76.821841975972134, 24.520848576873952 ], [ 76.821685078843203, 24.520897864320034 ], [ 76.821895536314841, 24.521334569667186 ], [ 76.822096037059509, 24.521607229390234 ], [ 76.823035748282678, 24.522211868459092 ], [ 76.824012842712179, 24.522813520073882 ], [ 76.825060528597248, 24.523626481188835 ], [ 76.826174935887053, 24.524245110271021 ], [ 76.827108448873091, 24.524555452409711 ], [ 76.828860503965771, 24.524221229517291 ], [ 76.830216011947371, 24.523978140390557 ], [ 76.831589303238061, 24.523655473846901 ], [ 76.832875938202562, 24.523321935453222 ], [ 76.833774266019276, 24.523102803066315 ], [ 76.835510108468895, 24.523554560622294 ], [ 76.837988736272152, 24.524210790624007 ], [ 76.84058981409008, 24.524823801583779 ], [ 76.842054707421227, 24.525114640997543 ], [ 76.842963655772593, 24.525171062679391 ], [ 76.844625566294312, 24.524200720634909 ], [ 76.845728541657877, 24.523441350859944 ], [ 76.846948488200056, 24.52281970887443 ], [ 76.848246439350561, 24.522103900943872 ], [ 76.849410466016309, 24.521755848495832 ], [ 76.850386136529238, 24.520909746616876 ], [ 76.851186212516424, 24.519927310211187 ], [ 76.852685766700972, 24.520737448159966 ], [ 76.852078330104206, 24.521686485279346 ], [ 76.851435589372414, 24.522379070620456 ], [ 76.851110944437252, 24.522499754119078 ], [ 76.850606325886758, 24.523027280613011 ], [ 76.850377365460218, 24.523249379728373 ], [ 76.850469410775986, 24.524161839108871 ], [ 76.850720844583705, 24.525786413743866 ], [ 76.851108413046148, 24.52685572408345 ], [ 76.851192081299459, 24.527408036934688 ], [ 76.851121816247499, 24.527862168002034 ], [ 76.850374367485045, 24.528665944955439 ], [ 76.849472651115249, 24.529401979239317 ], [ 76.848575511947615, 24.530228013223041 ], [ 76.84787682511579, 24.531285529654859 ], [ 76.84757011183882, 24.532004968109774 ], [ 76.847124836550393, 24.533491079234864 ], [ 76.846750992265783, 24.534931405209036 ], [ 76.846348298611346, 24.536087435045232 ], [ 76.846039011860682, 24.537031524732992 ], [ 76.846273507334814, 24.537406123785086 ], [ 76.847196579626953, 24.538185321783846 ], [ 76.847907725192144, 24.5388930441197 ], [ 76.848139714464807, 24.539232347276243 ], [ 76.848796570077937, 24.539923407126981 ], [ 76.849537010937112, 24.539578722069997 ], [ 76.850555632681576, 24.539062510421655 ], [ 76.85130558314826, 24.538641578255103 ], [ 76.851313658482226, 24.538005099130608 ], [ 76.851346684524486, 24.535626715327744 ], [ 76.851677617872923, 24.534459187796372 ], [ 76.852111318464395, 24.533701141712335 ], [ 76.852167115498318, 24.532720687199983 ], [ 76.85213384526331, 24.531931268222163 ], [ 76.852012667011437, 24.531146029667536 ], [ 76.852047775775929, 24.530762629843682 ], [ 76.852484310886169, 24.530162243737859 ], [ 76.852720831899617, 24.529826696245458 ], [ 76.853066603020338, 24.529202489965815 ], [ 76.853246339834527, 24.528543992845481 ], [ 76.853178373610561, 24.527112347622026 ], [ 76.857064122702027, 24.52717930973947 ], [ 76.856780307492329, 24.525334013048887 ], [ 76.856801057579943, 24.524234948834643 ], [ 76.856804536525971, 24.524050682840784 ], [ 76.857361258754537, 24.522557208488632 ], [ 76.857875622180117, 24.521203729132971 ], [ 76.858726310189979, 24.519316662619307 ], [ 76.859279394075571, 24.519549558434921 ], [ 76.86069160466883, 24.520144209070203 ], [ 76.861646621567843, 24.520399189404202 ], [ 76.86213754968459, 24.520369847516928 ], [ 76.863441215824153, 24.520148298670531 ], [ 76.864500120599118, 24.519950455084579 ], [ 76.865890225617704, 24.520478237745401 ], [ 76.864937558723767, 24.521432624478251 ], [ 76.864220820990468, 24.522440737162952 ], [ 76.862922758712543, 24.524598780230825 ], [ 76.862587385297289, 24.525625489151732 ], [ 76.862507742332141, 24.526452372458397 ], [ 76.862714058780966, 24.526766148491486 ], [ 76.863657653419239, 24.526930186656568 ], [ 76.864984997810822, 24.527443859795312 ], [ 76.865832583121858, 24.528622391562735 ], [ 76.866102098785504, 24.529680325378372 ], [ 76.866014651385427, 24.530463242386134 ], [ 76.865985242523323, 24.530726528135638 ], [ 76.8661759291316, 24.531044735892902 ], [ 76.866929761775054, 24.532078858126411 ], [ 76.86747311227461, 24.532846530381704 ], [ 76.867066717999293, 24.533133490088012 ], [ 76.865503036928487, 24.533752982526195 ], [ 76.865185533004237, 24.53392805454202 ], [ 76.864417107371708, 24.534351755085478 ], [ 76.863621581773387, 24.53499562871454 ], [ 76.863561136363373, 24.535238837108508 ], [ 76.863344952370753, 24.536108658698886 ], [ 76.863188260311176, 24.537385683338879 ], [ 76.863653300492004, 24.537664483093049 ], [ 76.864778604475191, 24.538291423955791 ], [ 76.866083923562272, 24.539018636613644 ], [ 76.868406616826135, 24.540463890412777 ], [ 76.869412478149272, 24.541104302909247 ], [ 76.87019352969746, 24.541609548036895 ], [ 76.870577313947592, 24.541798882006276 ], [ 76.871124345422857, 24.542489325699464 ], [ 76.871303438312125, 24.542694851469896 ], [ 76.871750528003417, 24.542215582931906 ], [ 76.872638696011279, 24.541008311438553 ], [ 76.874119763496793, 24.539254080153722 ], [ 76.874545087350569, 24.539184428077458 ], [ 76.875815408637905, 24.539007540556174 ], [ 76.876725337407734, 24.538860700403369 ], [ 76.876473244325865, 24.538151404559873 ], [ 76.876056733287768, 24.536895343668938 ], [ 76.875469588754157, 24.535417744525581 ], [ 76.875084462435154, 24.534427363538981 ], [ 76.874803415471959, 24.533681947232466 ], [ 76.874600794283296, 24.5334595591792 ], [ 76.873940144418469, 24.533100232820374 ], [ 76.873416344818011, 24.532836209357111 ], [ 76.872325522948486, 24.532505331522035 ], [ 76.871748411743539, 24.532353734915564 ], [ 76.87157101938061, 24.532168007765616 ], [ 76.871577498952746, 24.531934273139608 ], [ 76.871648288229039, 24.531148618105316 ], [ 76.871801320562156, 24.530103171687447 ], [ 76.87188518774785, 24.529735746822876 ], [ 76.871985631420699, 24.529295689905648 ], [ 76.872123791138378, 24.528569799873747 ], [ 76.872566735419738, 24.527740634262262 ], [ 76.873098332228267, 24.527054514524909 ], [ 76.873961535606739, 24.526200257705952 ], [ 76.874820358843394, 24.525544045615707 ], [ 76.875331593420455, 24.525201669484286 ], [ 76.876268125162554, 24.524997797702497 ], [ 76.876981265060067, 24.524511116826265 ], [ 76.877608049320571, 24.523993061067081 ], [ 76.878032757670624, 24.523846489582183 ], [ 76.880505834532471, 24.523234436520205 ], [ 76.881549368622217, 24.522932119486647 ], [ 76.882535993077553, 24.522434420647272 ], [ 76.884323557515273, 24.521492284878153 ], [ 76.886024889153049, 24.522426609230671 ], [ 76.888617500628897, 24.523983638655729 ], [ 76.889580604152727, 24.524588211316246 ], [ 76.889862707997764, 24.52486238952855 ], [ 76.8904670101157, 24.526473105387964 ], [ 76.89079426814213, 24.527375610132282 ], [ 76.891090792746951, 24.528277802487377 ], [ 76.891387239732154, 24.529292289009106 ], [ 76.891847989035242, 24.530492577513318 ], [ 76.891891537036599, 24.530613429386914 ], [ 76.89226566709128, 24.53165167269324 ], [ 76.89241037606952, 24.532165461682442 ], [ 76.892922408115282, 24.53357367602387 ], [ 76.893308361946012, 24.534641635471168 ], [ 76.893492843052783, 24.535475820177652 ], [ 76.893998283713927, 24.53736273643473 ], [ 76.894375823555237, 24.538327991509082 ], [ 76.895174488069529, 24.539143951520483 ], [ 76.896358099686282, 24.540330867531097 ], [ 76.897595492924935, 24.541508084735028 ], [ 76.89847367362411, 24.542430182209667 ], [ 76.898811684218174, 24.542785091558617 ], [ 76.900342671841571, 24.544333092733986 ], [ 76.901435540287906, 24.545415479254299 ], [ 76.901920486609654, 24.545861680089967 ], [ 76.90360261660102, 24.545572690335703 ], [ 76.905365791640818, 24.545202147711873 ], [ 76.907961229057634, 24.544808681772569 ], [ 76.90896668631359, 24.544659219204458 ], [ 76.90883145506919, 24.544411934741994 ], [ 76.908092347391275, 24.542953959384292 ], [ 76.90709966334596, 24.542644918442583 ], [ 76.901601590921672, 24.542361705815857 ], [ 76.899985166024706, 24.542225837197392 ], [ 76.899668559050411, 24.541338631953167 ], [ 76.899607740864383, 24.540890362073402 ], [ 76.899821900930434, 24.540015144454799 ], [ 76.89946583224112, 24.538705280674073 ], [ 76.898720419786599, 24.537725332415494 ], [ 76.897631505379664, 24.536875109513058 ], [ 76.897388510912819, 24.536520384108908 ], [ 76.899045154952404, 24.530652087652996 ], [ 76.90019800839346, 24.531403479509915 ], [ 76.901346863862585, 24.532488925892086 ], [ 76.901302287349381, 24.532701715760446 ], [ 76.900737287060139, 24.53539865943128 ], [ 76.901751184427525, 24.535766814135673 ], [ 76.902737984344157, 24.536400502723019 ], [ 76.903219689690332, 24.53651272837649 ], [ 76.90360347164993, 24.536536597892049 ], [ 76.904765204645912, 24.536608849321162 ], [ 76.905972729336526, 24.53668789037059 ], [ 76.906549731515184, 24.536668569238039 ], [ 76.90645190015708, 24.535663500995639 ], [ 76.906330113096914, 24.534379526890191 ], [ 76.90635443733089, 24.533122295507038 ], [ 76.906525600744942, 24.531841752374611 ], [ 76.907552239086002, 24.531079670637631 ], [ 76.90755012539843, 24.530566951337324 ], [ 76.906919628220749, 24.529910268128592 ], [ 76.90643678387562, 24.529420413245145 ], [ 76.905094843010687, 24.528058966248338 ], [ 76.904718279116423, 24.527641852192883 ], [ 76.905158341474745, 24.526844274757078 ], [ 76.905582546855399, 24.526329770802821 ], [ 76.906674275379117, 24.525005628480702 ], [ 76.906240974206682, 24.52341821814894 ], [ 76.904245908468567, 24.52292288840583 ], [ 76.90138708478635, 24.522633735439168 ], [ 76.901231181160981, 24.521989910290475 ], [ 76.900987595170406, 24.520983975096176 ], [ 76.900823748006161, 24.520506987834718 ], [ 76.898429081750194, 24.520160384921706 ], [ 76.897993821697483, 24.518656039820232 ], [ 76.897152122653921, 24.518067140633679 ], [ 76.89555706798906, 24.517077654997163 ], [ 76.895396981417562, 24.516290695681548 ], [ 76.895480805620195, 24.515875559155507 ], [ 76.895954628920393, 24.51414168771619 ], [ 76.898487460926447, 24.514084524748544 ], [ 76.900944649569951, 24.514096489084189 ], [ 76.902833343561596, 24.514022447939045 ], [ 76.903430499688213, 24.513243092015788 ], [ 76.904489248670544, 24.511854686889798 ], [ 76.905061554086856, 24.511261077330985 ], [ 76.907154159429425, 24.513038721514583 ], [ 76.907328145299061, 24.512668456028212 ], [ 76.907770012308575, 24.511876319782168 ], [ 76.908130835260366, 24.511952262159838 ], [ 76.909365386871173, 24.511922329776421 ], [ 76.91061567810155, 24.512296487052744 ], [ 76.911797885893563, 24.51293016014159 ], [ 76.913039583875417, 24.514027560345163 ], [ 76.913280142790327, 24.513761285729419 ], [ 76.914275975566525, 24.511878774692129 ], [ 76.915283837569604, 24.509902023318642 ], [ 76.915861484641198, 24.508853745355477 ], [ 76.916215788406291, 24.508526595497461 ], [ 76.915993104078794, 24.507331790422757 ], [ 76.915821822059968, 24.506511728526412 ], [ 76.915337911674939, 24.506331245489161 ], [ 76.915045035246777, 24.506245663454415 ], [ 76.914683854830955, 24.506200736263903 ], [ 76.914334099442414, 24.506145586809424 ], [ 76.913825867783643, 24.506109526207251 ], [ 76.913104124957172, 24.50596800202748 ], [ 76.912196504202441, 24.506248296873562 ], [ 76.909601727997881, 24.50661593884189 ], [ 76.908183890367908, 24.507025449107584 ], [ 76.905790110017634, 24.507509277469104 ], [ 76.907983697630115, 24.504142978746064 ], [ 76.907630056897105, 24.500703590094989 ], [ 76.907517913334502, 24.500097038241726 ], [ 76.908602719804279, 24.50081987750556 ], [ 76.912430343908966, 24.502579463396625 ], [ 76.913439384270603, 24.502986759807662 ], [ 76.913629634900545, 24.502648158473686 ], [ 76.91376006812186, 24.502119797783287 ], [ 76.913994843629013, 24.50151680986707 ], [ 76.914290557499001, 24.50100900929057 ], [ 76.914299325661759, 24.500271355112126 ], [ 76.914261989875328, 24.500054315872127 ], [ 76.914168656992445, 24.498910111289181 ], [ 76.913987633518488, 24.498133537885447 ], [ 76.913031552950187, 24.498201482136466 ], [ 76.911776123578363, 24.498306321272704 ], [ 76.910553623322471, 24.497950993430539 ], [ 76.909993456520596, 24.498096049887003 ], [ 76.909048338152701, 24.49827910390902 ], [ 76.908980397671868, 24.497834859401525 ], [ 76.909173531557585, 24.49698999310769 ], [ 76.908527822691184, 24.496632038762975 ], [ 76.908615758861345, 24.496052438693482 ], [ 76.909715272497451, 24.495971356734557 ], [ 76.910279018633091, 24.495525047287053 ], [ 76.911105551339759, 24.494683780445751 ], [ 76.911786931497446, 24.494584976089406 ], [ 76.912831033429697, 24.49528176494519 ], [ 76.913699570888397, 24.495772917747814 ], [ 76.91528643379587, 24.494666497567945 ], [ 76.915796017769466, 24.493414276186527 ], [ 76.916207794395675, 24.492506687879562 ], [ 76.916088061686295, 24.491663293911529 ], [ 76.915952226062018, 24.490970757337827 ], [ 76.915925078526541, 24.490830579093604 ], [ 76.915910474276984, 24.490702714745201 ], [ 76.915901622625356, 24.49056753099028 ], [ 76.915900829782927, 24.49043210582186 ], [ 76.915908096853855, 24.490296842938999 ], [ 76.91592340424198, 24.490162144027451 ], [ 76.915946704765176, 24.490028406885127 ], [ 76.9159779314964, 24.489896030015647 ], [ 76.916016988979464, 24.489765404413113 ], [ 76.916175877091675, 24.489240537738425 ], [ 76.915422921952512, 24.488568536130007 ], [ 76.914196653804211, 24.486998849478066 ], [ 76.913232997582284, 24.485438983151177 ], [ 76.911780893184854, 24.485512976246252 ], [ 76.910109620480611, 24.4856766086696 ], [ 76.908684515336986, 24.485816123013429 ], [ 76.907189075356243, 24.485769321834628 ], [ 76.905642191563246, 24.485678033453119 ], [ 76.902995979001091, 24.484853769940845 ], [ 76.903074465172779, 24.48406347881766 ], [ 76.903534836576796, 24.481481038812039 ], [ 76.903971379598573, 24.479042475641712 ], [ 76.904453525551915, 24.477834383227052 ], [ 76.9049868418861, 24.476395495587393 ], [ 76.904176803379144, 24.475809300695943 ], [ 76.904977509717014, 24.474900889602878 ], [ 76.90653358261406, 24.473119067548161 ], [ 76.907451839864848, 24.472245601855786 ], [ 76.909185192075341, 24.470502332435444 ], [ 76.909843409744923, 24.469671662299422 ], [ 76.910625527711289, 24.468742670655416 ], [ 76.911124577006305, 24.468055647212196 ], [ 76.913037280131519, 24.467941256470137 ], [ 76.914258080247237, 24.467809902838837 ], [ 76.915487335781293, 24.467721610345553 ], [ 76.916744140017556, 24.467586672808594 ], [ 76.917674149761368, 24.466721251081843 ], [ 76.919194577510055, 24.465477482653711 ], [ 76.91952067806065, 24.465185671981477 ], [ 76.919271797701128, 24.464001571326463 ], [ 76.919014413521651, 24.462811031706241 ], [ 76.918772978704723, 24.461773896838345 ], [ 76.91840122092627, 24.461179834669888 ], [ 76.917101133731677, 24.460455244432826 ], [ 76.916404985599186, 24.459718338885409 ], [ 76.915641052178955, 24.458654664782344 ], [ 76.915699377636884, 24.458330969509529 ], [ 76.917881500628852, 24.458831314507982 ], [ 76.920943739418874, 24.45960078562231 ], [ 76.921939063089269, 24.45697394078854 ], [ 76.922850060029617, 24.455293898185626 ], [ 76.921721440725776, 24.453348823438674 ], [ 76.920534431268322, 24.453691311760593 ], [ 76.917978411409138, 24.454450657212803 ], [ 76.914283699507777, 24.455407811881809 ], [ 76.913138554987043, 24.454260684530542 ], [ 76.912086989743031, 24.45420104028732 ], [ 76.910699532919125, 24.454122333304902 ], [ 76.90908760805182, 24.453954315483244 ], [ 76.908705817246684, 24.453053094175548 ], [ 76.908144171626077, 24.449907433944958 ], [ 76.90745542869513, 24.447827988321116 ], [ 76.907078929984593, 24.446412195510909 ], [ 76.906998136880716, 24.445227558515342 ], [ 76.906867886297022, 24.443317737055345 ], [ 76.906707498157857, 24.441157958543592 ], [ 76.906751894292597, 24.439768367266534 ], [ 76.906403694759234, 24.438507225559821 ], [ 76.905497350506067, 24.436050621830645 ], [ 76.905256809153173, 24.435451478338571 ], [ 76.905029991176463, 24.434891569107084 ], [ 76.904201029562827, 24.432518830607428 ], [ 76.904014120357957, 24.431876264517676 ], [ 76.903143535530205, 24.429109973481982 ], [ 76.903118193553269, 24.42783847009164 ], [ 76.903537860190738, 24.426576756110087 ], [ 76.903886688210491, 24.425500382972174 ], [ 76.905809850660404, 24.42227429862989 ], [ 76.906511832838319, 24.421115309934937 ], [ 76.906739073316558, 24.418665625691109 ], [ 76.906611437859624, 24.417499244826534 ], [ 76.902796947846397, 24.41717168418176 ], [ 76.901786789994887, 24.417952610155051 ], [ 76.899211974106322, 24.420766280359945 ], [ 76.897930083799082, 24.422774715973439 ], [ 76.892669448567531, 24.422565914443144 ], [ 76.892513105245257, 24.423787335875939 ], [ 76.891390211805344, 24.423654528978162 ], [ 76.891625430655751, 24.422407452963782 ], [ 76.891026148365739, 24.422174630554071 ], [ 76.889537848803414, 24.422046997023259 ], [ 76.88777282330669, 24.424299893454851 ], [ 76.887269128610498, 24.422809824721408 ], [ 76.886317139873, 24.420453748837623 ], [ 76.887107181888183, 24.418408582536703 ], [ 76.887485599277838, 24.416628858451716 ], [ 76.887641698624421, 24.415995546576667 ], [ 76.887840944281109, 24.414805007614433 ] ] ], [ [ [ 76.846263936347384, 24.543571757327747 ], [ 76.84525787132479, 24.543230493249599 ], [ 76.845221523254708, 24.542873912845163 ], [ 76.844697361886915, 24.541593990892316 ], [ 76.844018477431689, 24.541238048757378 ], [ 76.843072759985787, 24.540742194206587 ], [ 76.841680519910966, 24.540484967350768 ], [ 76.840405197193888, 24.53997244557819 ], [ 76.83914986232125, 24.539230857557623 ], [ 76.83825000615235, 24.538797148598782 ], [ 76.838266125897078, 24.538524414703907 ], [ 76.836604127970844, 24.537251721110071 ], [ 76.835996520731513, 24.539030538456586 ], [ 76.835706193157989, 24.541401695733366 ], [ 76.835692592673055, 24.541512771801525 ], [ 76.835610070806467, 24.542908485328006 ], [ 76.835424840978447, 24.544104190177286 ], [ 76.838106074473885, 24.545667858573424 ], [ 76.840025191509071, 24.546041200397351 ], [ 76.841359570631269, 24.546300772342647 ], [ 76.846200054263562, 24.547142538119708 ], [ 76.849655765472789, 24.547123323199717 ], [ 76.850858017474991, 24.54688858756769 ], [ 76.851172322642938, 24.546852771151897 ], [ 76.851036631047705, 24.546344254736926 ], [ 76.851166802288915, 24.545825844540843 ], [ 76.849729516329219, 24.546116476598179 ], [ 76.848726145516792, 24.545916366502091 ], [ 76.847862241432622, 24.545424882420122 ], [ 76.847489855435825, 24.544539532719121 ], [ 76.846263936347384, 24.543571757327747 ] ] ], [ [ [ 77.00591492703937, 24.106132871675523 ], [ 77.007169146364816, 24.104761354500614 ], [ 77.008080769676042, 24.103525085108764 ], [ 77.00843529717352, 24.103043296379912 ], [ 77.007353993088813, 24.101590703342492 ], [ 77.00717669922507, 24.101378571626508 ], [ 77.007796346796354, 24.100377563472701 ], [ 77.006673394362508, 24.099955364769407 ], [ 77.005258944639436, 24.099610940025556 ], [ 77.004896739410768, 24.096161436757932 ], [ 77.00441043562347, 24.0958891059609 ], [ 77.003844748498381, 24.095609317606375 ], [ 77.003386201196918, 24.095568470031353 ], [ 77.00304798310664, 24.095473821921072 ], [ 77.001889314094669, 24.095351674246412 ], [ 77.001380984931799, 24.095301208053396 ], [ 76.999994160221334, 24.09515801097935 ], [ 76.999962805743266, 24.094414648834377 ], [ 76.999952125408882, 24.094161460748822 ], [ 76.998896520266896, 24.094199478259778 ], [ 76.997888444667396, 24.094235777364734 ], [ 76.994219941024184, 24.094157812658601 ], [ 76.991613826930433, 24.09408705907293 ], [ 76.990632943154537, 24.094387091013413 ], [ 76.990092798820584, 24.095141348366077 ], [ 76.990088005339928, 24.095574155472679 ], [ 76.990899209587127, 24.096194046545651 ], [ 76.990844399902386, 24.098110771843036 ], [ 76.990576357604013, 24.099207081881026 ], [ 76.98972366376654, 24.100056648634226 ], [ 76.989971889406661, 24.103159854384053 ], [ 76.99037749751578, 24.103602890264295 ], [ 76.991318749448496, 24.104453758040492 ], [ 76.992293182753812, 24.10521402380693 ], [ 76.993166092727762, 24.106241848697262 ], [ 76.993984463092403, 24.107205433451576 ], [ 76.995757961444909, 24.105235730632184 ], [ 76.999422104730073, 24.105645288036115 ], [ 77.000022841850864, 24.10571242627088 ], [ 77.002322952407098, 24.105889548461548 ], [ 77.004818154439917, 24.106049525646554 ], [ 77.00591492703937, 24.106132871675523 ] ] ], [ [ [ 76.983272126862417, 24.118948939685581 ], [ 76.983686264685502, 24.119531408646395 ], [ 76.984222631896998, 24.119969541850974 ], [ 76.985079411999507, 24.120833837684582 ], [ 76.986414552023035, 24.120720010938388 ], [ 76.987883215993364, 24.120014211272821 ], [ 76.988362542008261, 24.119708593779094 ], [ 76.988836544781407, 24.118754010544347 ], [ 76.987683046433787, 24.117810782679452 ], [ 76.985742164483554, 24.116699146703375 ], [ 76.984855240142579, 24.117205132158087 ], [ 76.984090418548107, 24.117537763800932 ], [ 76.98331876997122, 24.118377692013482 ], [ 76.983272126862417, 24.118948939685581 ] ] ], [ [ [ 76.997742233690417, 24.116442509033817 ], [ 76.99823511637608, 24.117681375937956 ], [ 76.99776795080507, 24.119105936305932 ], [ 76.997873877021348, 24.120955174913988 ], [ 76.997053298989627, 24.120731154748484 ], [ 76.995721713771317, 24.120414538191891 ], [ 76.995243392685936, 24.118920477195331 ], [ 76.994584385728203, 24.117029754970993 ], [ 76.99416787657745, 24.11682184431065 ], [ 76.992040882560147, 24.116693116099778 ], [ 76.990303369886036, 24.116874931410742 ], [ 76.99079424111585, 24.117999393815936 ], [ 76.992247915667505, 24.118315809765217 ], [ 76.993022485263225, 24.119196250349958 ], [ 76.993815030286569, 24.120428130627786 ], [ 76.993960458553275, 24.121921727389029 ], [ 76.994223743128416, 24.122623992158481 ], [ 76.995320841660046, 24.123861808685717 ], [ 76.998162709678397, 24.127801108054324 ], [ 76.999321262691453, 24.128146891809202 ], [ 77.000029583898112, 24.128349967715028 ], [ 77.001274443442526, 24.128782279249929 ], [ 77.002076373614855, 24.128386530203507 ], [ 77.004302428404841, 24.126942914424212 ], [ 77.004978009792381, 24.125945895500681 ], [ 77.004415057376548, 24.125121792017207 ], [ 77.003476377824711, 24.124006703640113 ], [ 77.003000843647527, 24.123484151281527 ], [ 77.002882690890459, 24.123070499790785 ], [ 77.002668352817793, 24.122704616022748 ], [ 77.00256129384357, 24.122521862463778 ], [ 77.002361354465947, 24.122107453288713 ], [ 77.002140862660866, 24.121702230244594 ], [ 77.000493188256314, 24.121836980786551 ], [ 76.999960605507752, 24.120921004136303 ], [ 76.999974075874803, 24.11990932598053 ], [ 77.000023003852519, 24.116318053338034 ], [ 76.997742233690417, 24.116442509033817 ] ] ], [ [ [ 76.979681582347041, 24.334796284056452 ], [ 76.98022721369037, 24.335729868653321 ], [ 76.982300385520659, 24.337561396225123 ], [ 76.983328742637738, 24.338361651203037 ], [ 76.984622165799308, 24.337542128919917 ], [ 76.985740482771405, 24.336839404166721 ], [ 76.98643167642966, 24.336173238294553 ], [ 76.986669175715008, 24.335008664763759 ], [ 76.98648813023506, 24.333517471721201 ], [ 76.986474890488836, 24.333257175689841 ], [ 76.98522016352841, 24.332933010405068 ], [ 76.983719432389464, 24.332679732402287 ], [ 76.982193163805789, 24.332503420616337 ], [ 76.981267862577127, 24.332406671456788 ], [ 76.980443782616177, 24.332609887976343 ], [ 76.980206534167934, 24.333262689063215 ], [ 76.979822608277942, 24.333395993596827 ], [ 76.979246967275316, 24.333735628918429 ], [ 76.979681582347041, 24.334796284056452 ] ] ], [ [ [ 76.982572874688302, 24.375854627590183 ], [ 76.984619843245994, 24.375785574484112 ], [ 76.984881362366366, 24.374937265964913 ], [ 76.984592496734052, 24.373588394163242 ], [ 76.984026950040771, 24.372849427607104 ], [ 76.983185972417246, 24.371861838333679 ], [ 76.98253003642894, 24.371384859153689 ], [ 76.981566033388376, 24.370580611087249 ], [ 76.980514273857779, 24.369855039770165 ], [ 76.978975506231407, 24.370508015611005 ], [ 76.977719201551253, 24.37173648183709 ], [ 76.976912840947264, 24.372972299758903 ], [ 76.976312013725831, 24.373857125207213 ], [ 76.974733940625114, 24.374067702135502 ], [ 76.973545862318645, 24.374636831455597 ], [ 76.972021787912439, 24.375570242814526 ], [ 76.970051212294294, 24.377542267406366 ], [ 76.969441216095987, 24.379114552468359 ], [ 76.970803483061843, 24.380041943639341 ], [ 76.971355263878749, 24.380519173536253 ], [ 76.97280649737742, 24.380501204832584 ], [ 76.973973018540121, 24.38030558681637 ], [ 76.975910994845762, 24.380579475317894 ], [ 76.976558931577301, 24.381674947750739 ], [ 76.977948403066108, 24.381713455632877 ], [ 76.977972400146385, 24.380355708550191 ], [ 76.977809239457656, 24.378868541083992 ], [ 76.977949965393535, 24.376440984598421 ], [ 76.979519217657852, 24.375970852748694 ], [ 76.981382407333513, 24.37586720998284 ], [ 76.982572874688302, 24.375854627590183 ] ] ], [ [ [ 76.958809303443246, 24.39156645290139 ], [ 76.958524857358213, 24.390963501997096 ], [ 76.957491105243548, 24.388772159011253 ], [ 76.957277563184789, 24.38786096181515 ], [ 76.958821472269861, 24.386537137094088 ], [ 76.959349462818594, 24.385441325064424 ], [ 76.95768458688535, 24.383655690166307 ], [ 76.957479031643601, 24.382683385499327 ], [ 76.957802743523828, 24.382273363347736 ], [ 76.958371455472872, 24.381553012469631 ], [ 76.960472187892194, 24.382361549863099 ], [ 76.962405194878158, 24.379048174174748 ], [ 76.962738768715951, 24.377329399575832 ], [ 76.961048238737064, 24.37585012408471 ], [ 76.959741443656085, 24.374689940427611 ], [ 76.95841818182339, 24.373686293726909 ], [ 76.957254363074753, 24.373032079529946 ], [ 76.956447700534468, 24.372540076250353 ], [ 76.955830323570922, 24.373086560594874 ], [ 76.955525426422994, 24.374203793189277 ], [ 76.95524131266815, 24.375533358864953 ], [ 76.955313404538501, 24.376393395380404 ], [ 76.955340983538292, 24.377849883120494 ], [ 76.954431461903809, 24.378523124355315 ], [ 76.953457953778312, 24.379431010654343 ], [ 76.951262013447561, 24.382251259645585 ], [ 76.950941979668727, 24.383397333349784 ], [ 76.950878674568131, 24.385023415736121 ], [ 76.952265336465004, 24.38563699987694 ], [ 76.953967316491628, 24.390770766594919 ], [ 76.952976087594948, 24.392574183348607 ], [ 76.95291814034438, 24.393478335296134 ], [ 76.954271422266814, 24.394109575553387 ], [ 76.955054875095072, 24.394520663691068 ], [ 76.955412040765253, 24.395481607909506 ], [ 76.95344551082772, 24.396767637594788 ], [ 76.952642405705333, 24.397123344516697 ], [ 76.952549927453774, 24.398633522302084 ], [ 76.951490011820255, 24.398597513151621 ], [ 76.950986334210825, 24.398335069716939 ], [ 76.950194276659758, 24.39850220132168 ], [ 76.950010161893232, 24.399006970057709 ], [ 76.949814156562212, 24.400484457386341 ], [ 76.950105870327278, 24.401225646626365 ], [ 76.951061015471467, 24.401398022229355 ], [ 76.952129527335813, 24.401600415636363 ], [ 76.952849201525552, 24.402663408504953 ], [ 76.954068299976683, 24.403910213566263 ], [ 76.955654512811563, 24.403072243147427 ], [ 76.957916548188066, 24.401662814674978 ], [ 76.957471109593826, 24.399548067082595 ], [ 76.956951525481927, 24.397390962025906 ], [ 76.95798659165348, 24.396271847061261 ], [ 76.958410299643901, 24.395723496380924 ], [ 76.958592147921919, 24.392945955561007 ], [ 76.958641319367146, 24.392633592128568 ], [ 76.958809303443246, 24.39156645290139 ] ] ], [ [ [ 76.968659328486453, 24.437142500289536 ], [ 76.968041261752504, 24.436248252525498 ], [ 76.967469861698007, 24.435424841108979 ], [ 76.967890346233347, 24.432310589166729 ], [ 76.967961935291157, 24.431152804150823 ], [ 76.968022897395684, 24.430166873555937 ], [ 76.967835836307401, 24.428990124662029 ], [ 76.968427637235109, 24.42734839239877 ], [ 76.968183088652765, 24.426228571948755 ], [ 76.967371771167606, 24.424239610262028 ], [ 76.965234149939775, 24.419851481324461 ], [ 76.964437399909144, 24.41824108848181 ], [ 76.963931412123301, 24.418512247895666 ], [ 76.963127623929338, 24.418440125904205 ], [ 76.960737442013723, 24.417927431695301 ], [ 76.961189286417152, 24.418918466200786 ], [ 76.961063012091969, 24.420264081499873 ], [ 76.960617304988858, 24.427164183195885 ], [ 76.959313724601316, 24.427948575374234 ], [ 76.958068584882227, 24.429184022353169 ], [ 76.956715537557642, 24.430366729897795 ], [ 76.958558284764464, 24.43268865013313 ], [ 76.960378595566851, 24.431698571153063 ], [ 76.961509489274093, 24.431158633831789 ], [ 76.962174627438571, 24.431075927185024 ], [ 76.962816043113378, 24.432397629922932 ], [ 76.963670876284738, 24.433631284527706 ], [ 76.964670420691562, 24.435019599837606 ], [ 76.965284116746616, 24.435979874950686 ], [ 76.967099846839645, 24.438744586089264 ], [ 76.965779797818385, 24.440720116173573 ], [ 76.964877427550348, 24.440864903696632 ], [ 76.964524071261366, 24.441746827985941 ], [ 76.964756866215808, 24.442429946726079 ], [ 76.965436942614502, 24.442392523147277 ], [ 76.966173607318453, 24.44253166574353 ], [ 76.967088437572528, 24.442028137663833 ], [ 76.969883270152465, 24.440965866129915 ], [ 76.970465630130136, 24.440749885641956 ], [ 76.97075670143677, 24.440329708108539 ], [ 76.971078582610986, 24.439782263985638 ], [ 76.968659328486453, 24.437142500289536 ] ] ], [ [ [ 77.013591820936995, 24.092638099963857 ], [ 77.013786357224092, 24.092463198660319 ], [ 77.015050402409827, 24.091323425823486 ], [ 77.016478968557323, 24.089695486759229 ], [ 77.016189331595911, 24.088953960683838 ], [ 77.015339145444059, 24.087326616134295 ], [ 77.014699420740484, 24.086573848147076 ], [ 77.014452272596856, 24.085878128658795 ], [ 77.014587520735247, 24.085122023249824 ], [ 77.014620077815934, 24.084940014336887 ], [ 77.014774935484013, 24.083876213816072 ], [ 77.014829163802844, 24.083489943734371 ], [ 77.015062102027287, 24.083098756559846 ], [ 77.016280930857846, 24.082736267941467 ], [ 77.017732928672672, 24.082618450645477 ], [ 77.021091542193304, 24.082293138863857 ], [ 77.021513328888631, 24.082416564381809 ], [ 77.022858531969007, 24.083582580432491 ], [ 77.025480338806688, 24.083278477587594 ], [ 77.024225394527889, 24.081678760891936 ], [ 77.022558739395066, 24.079637423379978 ], [ 77.022256555979979, 24.079175139722992 ], [ 77.020917672951782, 24.077126854531606 ], [ 77.019092996318918, 24.074831935200105 ], [ 77.018921320727472, 24.074608676187275 ], [ 77.018496753511755, 24.074056536992487 ], [ 77.017281726708418, 24.072503334121574 ], [ 77.015444825959605, 24.070149826238371 ], [ 77.013494483636407, 24.067644796846732 ], [ 77.0131784686141, 24.067206346649833 ], [ 77.011989251570782, 24.068007676762665 ], [ 77.010722781290582, 24.068831832887515 ], [ 77.008879704322879, 24.069145841635915 ], [ 77.005572688042605, 24.069692803344761 ], [ 77.002859164699714, 24.070244558457063 ], [ 77.002062130989231, 24.070378449336975 ], [ 77.002537166058318, 24.071524691915325 ], [ 77.002983058476261, 24.072921812883937 ], [ 77.003273704149905, 24.074501899688112 ], [ 77.003425392505562, 24.075363318765053 ], [ 77.003289512284809, 24.076246841887787 ], [ 77.003199368309353, 24.077009462863231 ], [ 77.004617832818056, 24.077535242554866 ], [ 77.006566143051387, 24.078365587152273 ], [ 77.007740011889794, 24.079004848936599 ], [ 77.007518119012303, 24.080347391346049 ], [ 77.007230023920755, 24.081138558376033 ], [ 77.00706461695475, 24.08142644770636 ], [ 77.006868021157757, 24.082048560642832 ], [ 77.006890096894253, 24.08211167404275 ], [ 77.006936304074173, 24.082243784112475 ], [ 77.007074757590956, 24.082779474665539 ], [ 77.007176550972176, 24.083246186648768 ], [ 77.007056852651388, 24.084021659728656 ], [ 77.006588531095616, 24.084977100094065 ], [ 77.006450853072252, 24.085737225034197 ], [ 77.006555464460646, 24.087013772636595 ], [ 77.006346768548056, 24.087367823638377 ], [ 77.005548685373356, 24.087400013213827 ], [ 77.004875190271889, 24.087444383232384 ], [ 77.004718028438504, 24.087627482247569 ], [ 77.004799416624934, 24.087801883822259 ], [ 77.005173894852263, 24.088180424129202 ], [ 77.005231898632587, 24.088830222744367 ], [ 77.005336158243225, 24.089998194570541 ], [ 77.006954410801526, 24.090207612883461 ], [ 77.009125201458389, 24.090702584051702 ], [ 77.009945080585666, 24.091210241323328 ], [ 77.010212038352009, 24.091819677465526 ], [ 77.010437218482551, 24.093461387370947 ], [ 77.010493014833131, 24.093868173775629 ], [ 77.01153940640657, 24.096590181528637 ], [ 77.011684161801654, 24.097282971370156 ], [ 77.012001064290899, 24.09739007189383 ], [ 77.012482361193008, 24.097700117660295 ], [ 77.01300630154077, 24.097991587827316 ], [ 77.013332966625001, 24.098173311798355 ], [ 77.013725367636653, 24.098301941070826 ], [ 77.014483347624036, 24.098484364442172 ], [ 77.015268989223529, 24.098665219676015 ], [ 77.015781797812451, 24.098864409362669 ], [ 77.016035635533214, 24.099200142830611 ], [ 77.016463144079211, 24.100060383294018 ], [ 77.016689039347781, 24.100514931033629 ], [ 77.017307523239708, 24.101829079042773 ], [ 77.017622559685677, 24.102498455045001 ], [ 77.018580214219668, 24.102882302794043 ], [ 77.019320071332075, 24.103337915799223 ], [ 77.020412842454945, 24.105373227282517 ], [ 77.022919651357313, 24.105188686576451 ], [ 77.023169456310896, 24.104440131029513 ], [ 77.02367900172996, 24.103465118044031 ], [ 77.023655473518588, 24.102853100245966 ], [ 77.022489407946452, 24.102534981822942 ], [ 77.022540981760088, 24.101868496545602 ], [ 77.022814509694228, 24.098333494871536 ], [ 77.021531280670487, 24.098229114899294 ], [ 77.021034827483362, 24.097983644951618 ], [ 77.018622029607386, 24.095114865268645 ], [ 77.017325902386105, 24.093380664036065 ], [ 77.014501665614091, 24.093513820364954 ], [ 77.013985374178233, 24.093484989479453 ], [ 77.013683841720706, 24.093032473359408 ], [ 77.013591820936995, 24.092638099963857 ] ] ], [ [ [ 77.09125031882634, 24.134728471299031 ], [ 77.092276389735389, 24.134656791424998 ], [ 77.09226071059318, 24.134261535821619 ], [ 77.092253913449341, 24.134090166538705 ], [ 77.09384337661902, 24.134070369940556 ], [ 77.093931252460337, 24.1333593024263 ], [ 77.09260080329787, 24.13311944803818 ], [ 77.092992911225565, 24.131245669273671 ], [ 77.092347800074052, 24.131307228403426 ], [ 77.092353052612467, 24.130819744932609 ], [ 77.092991806505097, 24.130664116314954 ], [ 77.092741245994461, 24.129392740041844 ], [ 77.091361177591779, 24.12952380092484 ], [ 77.090732639342932, 24.129583486852908 ], [ 77.089320275687015, 24.130189028817302 ], [ 77.088848728089772, 24.131696654482074 ], [ 77.089305286541915, 24.13426899041832 ], [ 77.087733570224529, 24.13687955349155 ], [ 77.088345157268549, 24.138515694520535 ], [ 77.086715840248203, 24.140177486911035 ], [ 77.086562561268352, 24.140834254625975 ], [ 77.087650567915105, 24.141152637508249 ], [ 77.087081424654428, 24.142318214575631 ], [ 77.08816496774773, 24.142361225831149 ], [ 77.088832998472938, 24.140795646917073 ], [ 77.088410664741971, 24.14055693497318 ], [ 77.089655186897801, 24.13860326021608 ], [ 77.090397250921541, 24.139086498796669 ], [ 77.090905176122632, 24.138962117812614 ], [ 77.090830384679151, 24.137692267206337 ], [ 77.091320978166308, 24.137703241752593 ], [ 77.09125031882634, 24.134728471299031 ] ] ], [ [ [ 77.097038483731794, 24.150376401438233 ], [ 77.097690964515991, 24.149805639206978 ], [ 77.098784602231618, 24.148891634719678 ], [ 77.100326070901829, 24.147449616750595 ], [ 77.100124866622764, 24.146422960315398 ], [ 77.098129126722625, 24.146964778478075 ], [ 77.097939872544032, 24.145521128665234 ], [ 77.097023093011074, 24.145730612419189 ], [ 77.096509666145451, 24.146246396191387 ], [ 77.095690574916517, 24.146014136379218 ], [ 77.094202209327705, 24.146453213126421 ], [ 77.091773148681909, 24.147007392972871 ], [ 77.091699399952901, 24.147589094011465 ], [ 77.090610865549536, 24.147892018336684 ], [ 77.09046629125362, 24.147129838420234 ], [ 77.089256518686753, 24.147825892318323 ], [ 77.090425607485869, 24.149298422598211 ], [ 77.090310950860484, 24.149740004628327 ], [ 77.090912572210797, 24.150532448946681 ], [ 77.090384970430335, 24.150776328951988 ], [ 77.090582280992621, 24.151352619970254 ], [ 77.089833052485943, 24.151734333041112 ], [ 77.089397907906914, 24.151225854183476 ], [ 77.088355875958399, 24.151217249897599 ], [ 77.087683320273925, 24.150761761539442 ], [ 77.086942114410206, 24.150914269986057 ], [ 77.087768965617244, 24.153267606067978 ], [ 77.085428929142694, 24.153173223355893 ], [ 77.08373884318398, 24.153088246918667 ], [ 77.083495678558464, 24.153809936496195 ], [ 77.083271046195193, 24.154344226959669 ], [ 77.08364298698153, 24.154530816117781 ], [ 77.083775127791611, 24.154597104896578 ], [ 77.084142307708348, 24.154983825779521 ], [ 77.084948481917181, 24.155082691870692 ], [ 77.084977526911487, 24.15569620481865 ], [ 77.084401349836966, 24.156144908182743 ], [ 77.085324003793076, 24.157538071167341 ], [ 77.084944893313363, 24.158818979024819 ], [ 77.084666826649865, 24.15997878237485 ], [ 77.086103804063185, 24.160347565706619 ], [ 77.087177438039745, 24.15885522705296 ], [ 77.088229910757335, 24.157355049933148 ], [ 77.089105763355718, 24.156197994577912 ], [ 77.089867921491944, 24.155472931121842 ], [ 77.091071377884418, 24.154574941353438 ], [ 77.093604690587256, 24.15387168497611 ], [ 77.094934800137722, 24.153267825101377 ], [ 77.09673381407049, 24.153749272145614 ], [ 77.097211803204758, 24.153388472883773 ], [ 77.096894887657143, 24.152119042894611 ], [ 77.096765253386778, 24.150615409924683 ], [ 77.097038483731794, 24.150376401438233 ] ] ], [ [ [ 77.082918713328823, 24.167408055542964 ], [ 77.081027914823295, 24.167205294728753 ], [ 77.080116071393221, 24.168214208599011 ], [ 77.078912074995429, 24.168292180544732 ], [ 77.078878490414056, 24.169165630104267 ], [ 77.078036296337956, 24.169215816948491 ], [ 77.077953347693793, 24.16833608744049 ], [ 77.077285298543245, 24.168752376705338 ], [ 77.076591715803247, 24.16900729770618 ], [ 77.076977005796707, 24.169805237964557 ], [ 77.077706311627338, 24.16973871275545 ], [ 77.077700636190642, 24.169853199411914 ], [ 77.077664346336803, 24.170585155937037 ], [ 77.077592033816728, 24.171260467130995 ], [ 77.081377501436208, 24.170982999035289 ], [ 77.08145011934792, 24.171762557530066 ], [ 77.08309851544071, 24.170895886272753 ], [ 77.084741603865737, 24.170080002070833 ], [ 77.084978876790686, 24.168623158540729 ], [ 77.085317816122284, 24.16742205762101 ], [ 77.082918713328823, 24.167408055542964 ] ] ], [ [ [ 77.079123598727932, 24.180074944606062 ], [ 77.080400701232705, 24.179637532402342 ], [ 77.080909188807894, 24.180419583435796 ], [ 77.082375836513776, 24.179748979958667 ], [ 77.083153180627676, 24.180249903182233 ], [ 77.083480499700173, 24.179710825973185 ], [ 77.08533468527672, 24.179503877587756 ], [ 77.085848815185102, 24.180233609290941 ], [ 77.08743003721996, 24.180006722524229 ], [ 77.086234988003184, 24.177860418617392 ], [ 77.084569317675744, 24.177210879591794 ], [ 77.083328552989386, 24.176124124922602 ], [ 77.082386278830867, 24.175201632436284 ], [ 77.082039027762278, 24.174313958404554 ], [ 77.080350927524378, 24.174442626070345 ], [ 77.080700782904458, 24.175996885894495 ], [ 77.080992730748449, 24.178018687845476 ], [ 77.078295401059989, 24.178202244357109 ], [ 77.075636840113461, 24.178314637595989 ], [ 77.075918091680492, 24.1806011969311 ], [ 77.076090088181559, 24.182312945571955 ], [ 77.077391757273929, 24.182129989518423 ], [ 77.077592406165692, 24.180621426976227 ], [ 77.078610774321191, 24.180485815984426 ], [ 77.078879783316196, 24.181285709057537 ], [ 77.079334434342883, 24.181723628428966 ], [ 77.079833430495626, 24.181329238545651 ], [ 77.079123598727932, 24.180074944606062 ] ] ], [ [ [ 77.058867606312191, 24.203647075808533 ], [ 77.056273892439222, 24.203022466768736 ], [ 77.051578352727745, 24.205978848510664 ], [ 77.051244765446, 24.206679832399633 ], [ 77.051110185473092, 24.207071785793108 ], [ 77.051363095203612, 24.207668016339309 ], [ 77.051250079207065, 24.208406206063227 ], [ 77.050947350218422, 24.208741593316361 ], [ 77.050390557872021, 24.209056426284793 ], [ 77.050103265372343, 24.209678157741759 ], [ 77.050054513011546, 24.210509266730199 ], [ 77.050688059632478, 24.210478398687695 ], [ 77.051163872401474, 24.210277063268332 ], [ 77.05129575440138, 24.210534105694979 ], [ 77.051223585987572, 24.211298845129686 ], [ 77.051704894704059, 24.211517899883262 ], [ 77.052481860301313, 24.211597964180783 ], [ 77.052872458168665, 24.210970949299444 ], [ 77.053255352064269, 24.211088948683795 ], [ 77.053469764170202, 24.21127109816824 ], [ 77.05333363682891, 24.211864638829386 ], [ 77.054432619054225, 24.212094353107634 ], [ 77.055537987678946, 24.212603612170167 ], [ 77.055493157823406, 24.213724468339716 ], [ 77.056110832278335, 24.214640260466119 ], [ 77.05671699384277, 24.214789017675159 ], [ 77.057415396645553, 24.214996470400852 ], [ 77.057848978377351, 24.215853122024459 ], [ 77.058007083629079, 24.216664500793868 ], [ 77.058965513897832, 24.217154159643052 ], [ 77.059585099282131, 24.217870868013669 ], [ 77.060562750609591, 24.218074074943658 ], [ 77.06185410651986, 24.217512488985655 ], [ 77.062090469981371, 24.216066927498538 ], [ 77.061873769290898, 24.215380999386976 ], [ 77.061497293354776, 24.214807376259881 ], [ 77.061498114915139, 24.214190023128101 ], [ 77.062283721448225, 24.212854372853954 ], [ 77.061604454759149, 24.212298983582112 ], [ 77.059962171712499, 24.211544799798748 ], [ 77.058237698442468, 24.20848647636905 ], [ 77.057984261213932, 24.208036996688449 ], [ 77.058712266466287, 24.206821625404558 ], [ 77.059157717366077, 24.20443528031349 ], [ 77.058867606312191, 24.203647075808533 ] ] ], [ [ [ 77.080253992471938, 24.254674381650286 ], [ 77.079382509375023, 24.256081241389765 ], [ 77.078115890956568, 24.259484821109393 ], [ 77.07725037619511, 24.260332055383078 ], [ 77.076647447145305, 24.260506703975494 ], [ 77.073772561123974, 24.259888061835461 ], [ 77.073382700480565, 24.261198796850135 ], [ 77.075406653634701, 24.262537279186894 ], [ 77.074914367217502, 24.263823505530251 ], [ 77.072465620010291, 24.264164256276366 ], [ 77.072167663150907, 24.265171590538102 ], [ 77.073578352999206, 24.26622027121784 ], [ 77.075539521216925, 24.26752931566114 ], [ 77.07954742621996, 24.264767782816993 ], [ 77.082115035395674, 24.263024735244031 ], [ 77.082863527993041, 24.262102158652255 ], [ 77.082843723801631, 24.261020370435858 ], [ 77.082597463276514, 24.258272324864514 ], [ 77.082443923114965, 24.256756070531996 ], [ 77.081910513490087, 24.255364247870997 ], [ 77.080860499326675, 24.254789221389466 ], [ 77.080253992471938, 24.254674381650286 ] ] ], [ [ [ 77.069406328013258, 24.292303934839474 ], [ 77.068967581096572, 24.290214373012187 ], [ 77.069310737737396, 24.290230162975373 ], [ 77.070381899240886, 24.290724019167147 ], [ 77.070473557907462, 24.289951554702789 ], [ 77.069554981138566, 24.286422889493153 ], [ 77.071253111531774, 24.286186246452644 ], [ 77.071670936281734, 24.285258484076834 ], [ 77.072086880033439, 24.284472799427935 ], [ 77.071414543505966, 24.282506344663219 ], [ 77.071140589126529, 24.281930628139257 ], [ 77.069923839319074, 24.282997226953547 ], [ 77.06733181418285, 24.283389876339964 ], [ 77.067812661334855, 24.284955664011218 ], [ 77.066789551129659, 24.285833131625751 ], [ 77.067108080274934, 24.286638651684896 ], [ 77.06737890250217, 24.28702866991793 ], [ 77.065038936301235, 24.289124733898475 ], [ 77.065624418393384, 24.29004644402962 ], [ 77.064970932484599, 24.291793530190098 ], [ 77.062365071523658, 24.292830106128452 ], [ 77.062188472525634, 24.294452228498539 ], [ 77.062499006810029, 24.296125263534147 ], [ 77.06288940498375, 24.298228536863796 ], [ 77.065086600288808, 24.299319263671794 ], [ 77.067358337868868, 24.300169607253437 ], [ 77.068754167269802, 24.299784521168068 ], [ 77.070360299516025, 24.299341397934391 ], [ 77.072948793212575, 24.299360351811561 ], [ 77.073977129764927, 24.299542548899936 ], [ 77.075375449785398, 24.300754696677313 ], [ 77.076630479026605, 24.299747639284075 ], [ 77.076777223908721, 24.298485264250704 ], [ 77.075464629949693, 24.296235204650536 ], [ 77.075554380949768, 24.294379886391081 ], [ 77.074701884926569, 24.293928654026626 ], [ 77.070147890974326, 24.2924224480386 ], [ 77.069406328013258, 24.292303934839474 ] ] ], [ [ [ 77.022036442703865, 24.34500920243179 ], [ 77.023552346009666, 24.345850412064603 ], [ 77.0257591130799, 24.34629555046585 ], [ 77.026295657274559, 24.346205460143498 ], [ 77.026756871392664, 24.345449545569689 ], [ 77.027677025920369, 24.341983630627901 ], [ 77.028928462540705, 24.340254583140823 ], [ 77.028338364959723, 24.33946326773669 ], [ 77.027160351647638, 24.338718272032207 ], [ 77.026504540170734, 24.338774309595724 ], [ 77.024831797350373, 24.339886139984337 ], [ 77.022398109936105, 24.341789726787745 ], [ 77.022036442703865, 24.34500920243179 ] ] ], [ [ [ 77.072572027336719, 24.460604644456655 ], [ 77.072770074481525, 24.458449901039007 ], [ 77.075695153709205, 24.458656765193695 ], [ 77.076339330810512, 24.456458075623928 ], [ 77.076428577431997, 24.456153456917718 ], [ 77.079778174746338, 24.456656971205412 ], [ 77.080351514134023, 24.454193223897761 ], [ 77.077102339412235, 24.453735856723384 ], [ 77.072096352306176, 24.453276693460129 ], [ 77.070664615814621, 24.453175525378644 ], [ 77.071687020538675, 24.452073949681832 ], [ 77.072836891158815, 24.452248984791655 ], [ 77.073522764445073, 24.448604029649697 ], [ 77.070816525665805, 24.448222185292835 ], [ 77.070884007112895, 24.447660194518232 ], [ 77.070141040914166, 24.447537253118142 ], [ 77.069790086720445, 24.447225058891693 ], [ 77.066103107394341, 24.447094651564178 ], [ 77.065321789866402, 24.450755275557466 ], [ 77.065111016540982, 24.453131640359661 ], [ 77.065939274972152, 24.453336704445174 ], [ 77.065848377398709, 24.4543589526548 ], [ 77.065710675044357, 24.455907563447543 ], [ 77.063177773927762, 24.455529889754896 ], [ 77.062642942553524, 24.455745050379516 ], [ 77.0620244074494, 24.455755219979473 ], [ 77.061931418599471, 24.456353862532168 ], [ 77.060916634759522, 24.456470449467918 ], [ 77.060251706263401, 24.456802264607031 ], [ 77.059377365181433, 24.456637309251946 ], [ 77.059703255915593, 24.457490668294326 ], [ 77.061838355600401, 24.457831888398776 ], [ 77.064902825309574, 24.458285154708996 ], [ 77.064323955768131, 24.460566830598967 ], [ 77.064090736192227, 24.461486058467248 ], [ 77.066828408911945, 24.463063132971453 ], [ 77.069061690111326, 24.462326580961978 ], [ 77.069336268607827, 24.463032594499577 ], [ 77.071362922556418, 24.464741962337705 ], [ 77.070313242460529, 24.467007399619817 ], [ 77.070993579295092, 24.467830321452709 ], [ 77.07201499850305, 24.467958130250963 ], [ 77.071954970943665, 24.469146234365386 ], [ 77.076395692682595, 24.469613651199616 ], [ 77.07812937158856, 24.468404499077163 ], [ 77.078152121342782, 24.467502531754441 ], [ 77.077620461547909, 24.467328693805158 ], [ 77.077620297374054, 24.466671695733556 ], [ 77.075274106311554, 24.466436227071682 ], [ 77.074857975544674, 24.467040257494638 ], [ 77.071918671612494, 24.466573118882216 ], [ 77.072448970114237, 24.461943454726438 ], [ 77.072572027336719, 24.460604644456655 ] ] ], [ [ [ 77.044034960878264, 24.520486942650304 ], [ 77.043623402370514, 24.519669871268061 ], [ 77.042106216672849, 24.519655299483603 ], [ 77.041245822519599, 24.518753694430814 ], [ 77.04015025618132, 24.518797329558012 ], [ 77.03965018688578, 24.51892683064364 ], [ 77.038304228186391, 24.516780719945537 ], [ 77.039196712149106, 24.516529678221776 ], [ 77.040124825188926, 24.515856347780254 ], [ 77.040607431193834, 24.514636293002248 ], [ 77.043393921500268, 24.513827312368196 ], [ 77.043602074228303, 24.512667313372535 ], [ 77.043519856942041, 24.511983248406505 ], [ 77.040505075201025, 24.511401652816133 ], [ 77.039355215195442, 24.510928196747962 ], [ 77.038768800275506, 24.510342269340221 ], [ 77.038836915167209, 24.509948382022689 ], [ 77.040175415607521, 24.508033351386942 ], [ 77.040740126328203, 24.506823090333175 ], [ 77.040446501956012, 24.505593726331814 ], [ 77.038656755435667, 24.502999839706348 ], [ 77.03887528446576, 24.502875489119845 ], [ 77.039985975160207, 24.502245902985575 ], [ 77.042314092731672, 24.5010481029658 ], [ 77.043648980300944, 24.500361340436761 ], [ 77.044129979812681, 24.500143389495101 ], [ 77.046485217452386, 24.500321851571538 ], [ 77.046908152197773, 24.500790541300486 ], [ 77.049264830927186, 24.503468769845551 ], [ 77.050114246078806, 24.502807958346253 ], [ 77.051214939087828, 24.501951645928251 ], [ 77.052253236170671, 24.500176713164549 ], [ 77.052271757469299, 24.500145051145299 ], [ 77.052689215571021, 24.500104155951917 ], [ 77.053311743516559, 24.499087268360551 ], [ 77.053607098529255, 24.498372855081495 ], [ 77.052284267653093, 24.497059182475084 ], [ 77.052064207182653, 24.49647570396948 ], [ 77.052483972983211, 24.496193754081823 ], [ 77.053783689026758, 24.495688592046587 ], [ 77.054173347859901, 24.494198302098617 ], [ 77.054545795479456, 24.492901574015619 ], [ 77.054948598941976, 24.491927610811878 ], [ 77.054985559284418, 24.489753088596753 ], [ 77.055290455477731, 24.488788198845477 ], [ 77.053179553244277, 24.488201203239971 ], [ 77.050255863222475, 24.48759213552221 ], [ 77.04938472285113, 24.487627454667827 ], [ 77.048633142496584, 24.488466176062737 ], [ 77.047021918910303, 24.490096821610361 ], [ 77.046890647788217, 24.490229672445206 ], [ 77.045941728786516, 24.489792883673875 ], [ 77.043862515276146, 24.487872828272582 ], [ 77.042447899073395, 24.488255775399207 ], [ 77.041168238864628, 24.488661789704874 ], [ 77.040444160560156, 24.489326307855777 ], [ 77.040121128796173, 24.489775840187757 ], [ 77.039661436995701, 24.49041553879275 ], [ 77.037335365830941, 24.492320283929995 ], [ 77.0354760990828, 24.493201669827933 ], [ 77.033742636476859, 24.49332502381975 ], [ 77.032528136533458, 24.493550059613327 ], [ 77.030876788937519, 24.494773249701712 ], [ 77.029973262334721, 24.495514526786053 ], [ 77.028995627662582, 24.496140739229361 ], [ 77.029307927089462, 24.496590213713827 ], [ 77.029646940394798, 24.497022109635505 ], [ 77.029984020767202, 24.4980861490025 ], [ 77.029995391002359, 24.499428065262457 ], [ 77.030041434425513, 24.500072851304004 ], [ 77.031018388870265, 24.500469355610438 ], [ 77.030734059030181, 24.502115147467812 ], [ 77.03035618505703, 24.503909365599299 ], [ 77.02955927667243, 24.506572374232952 ], [ 77.029460767149089, 24.507160537784465 ], [ 77.029712498899713, 24.509976736873302 ], [ 77.029726713743173, 24.510709809175317 ], [ 77.029224205065077, 24.51441244270432 ], [ 77.029276529514448, 24.515956750141413 ], [ 77.029337149318835, 24.516751010494566 ], [ 77.029536461980385, 24.517523176407927 ], [ 77.029974936814568, 24.518593010504791 ], [ 77.030375966398239, 24.518967801609893 ], [ 77.031364532610525, 24.519539164737481 ], [ 77.034887425661751, 24.520585009857303 ], [ 77.035496385128269, 24.520922463679472 ], [ 77.03513562119538, 24.524396900884966 ], [ 77.035667555578073, 24.5264278543807 ], [ 77.036913880141739, 24.527903444019913 ], [ 77.038516421666714, 24.526388482810333 ], [ 77.040459369475926, 24.525429940234353 ], [ 77.042189270890304, 24.524786110651501 ], [ 77.043019494651531, 24.524890903740207 ], [ 77.043489360567108, 24.52304509185473 ], [ 77.043885844736849, 24.521678078096965 ], [ 77.043938713403236, 24.521312115842971 ], [ 77.044034960878264, 24.520486942650304 ] ] ] ] } }
]
}
