{
"type": "FeatureCollection",
"name": "guna_range_maksudangarh",
"crs": { "type": "name", "properties": { "name": "urn:ogc:def:crs:OGC:1.3:CRS84" } },
"features": [
{ "type": "Feature", "properties": { "SID": "014", "DID": "067", "RID": "007", "BID": "003", "State": "Madhya_Pradesh", "Division": "Guna", "Range": "Maksudangarh", "Beat": "Banjla-_A", "Beat_Ar": 14.889011431 }, "geometry": { "type": "MultiPolygon", "coordinates": [ [ [ [ 77.231920706858148, 23.892474653304202 ], [ 77.230121321692607, 23.892609289310286 ], [ 77.227935875211884, 23.892867696243943 ], [ 77.226330379135064, 23.892964732785483 ], [ 77.224497498411679, 23.893089737181896 ], [ 77.22206312373838, 23.893461483732963 ], [ 77.219985040498415, 23.89366262539475 ], [ 77.217451145447399, 23.893707088918504 ], [ 77.216501345845103, 23.893786756405675 ], [ 77.213076167106522, 23.894074008767848 ], [ 77.211308630312232, 23.8941707531968 ], [ 77.210031633564569, 23.894182575598709 ], [ 77.208641696155283, 23.894083822843097 ], [ 77.207366091347566, 23.894012251769443 ], [ 77.205814646785086, 23.893797763429106 ], [ 77.204632077230002, 23.893515821699985 ], [ 77.204371211376881, 23.89345807554259 ], [ 77.203856246713386, 23.893350619965723 ], [ 77.203071945990871, 23.893178612051706 ], [ 77.201917194922785, 23.892976159738595 ], [ 77.200612741913744, 23.892451676571483 ], [ 77.199526728759835, 23.892025461647659 ], [ 77.198553301020041, 23.891837367083866 ], [ 77.197874897626093, 23.891770338307865 ], [ 77.196602024825296, 23.891914221764868 ], [ 77.195674213884047, 23.891933089778135 ], [ 77.194986720360603, 23.89184408512461 ], [ 77.193884431170602, 23.891690444357263 ], [ 77.193505706342691, 23.891836670142702 ], [ 77.194374959344501, 23.893366973613798 ], [ 77.195482749459927, 23.895068568921481 ], [ 77.195775974052694, 23.895518960505072 ], [ 77.196346311326323, 23.896659205073007 ], [ 77.196980313459051, 23.897451213820784 ], [ 77.199980868298283, 23.898330580546368 ], [ 77.20126951336195, 23.898457826048926 ], [ 77.201875670044132, 23.898477733398469 ], [ 77.202520875757443, 23.898498922132823 ], [ 77.203330137530486, 23.898548146658104 ], [ 77.203494783729568, 23.898167792821315 ], [ 77.203735328696922, 23.897017847391108 ], [ 77.204934257288571, 23.896352609086001 ], [ 77.205382902077531, 23.896430136715889 ], [ 77.206142007507239, 23.89696250190222 ], [ 77.207176476535324, 23.89754020065827 ], [ 77.208468698271886, 23.897340014259139 ], [ 77.2098149146792, 23.897654586150185 ], [ 77.209999508434791, 23.897633278066003 ], [ 77.212533101781773, 23.89734079661611 ], [ 77.216465414749919, 23.89711384932054 ], [ 77.219464481617734, 23.896789700888842 ], [ 77.220740700157378, 23.896920725007384 ], [ 77.222050745154036, 23.896976663118821 ], [ 77.223200830275758, 23.897025763309333 ], [ 77.224237853819545, 23.897349790282057 ], [ 77.224714475179297, 23.89761441183002 ], [ 77.22570130174843, 23.89834046061458 ], [ 77.22626445159473, 23.898532854354507 ], [ 77.226987219055005, 23.8987797752951 ], [ 77.229466285177139, 23.89962218912579 ], [ 77.230038830689253, 23.899767983566235 ], [ 77.23098184043279, 23.900008108260852 ], [ 77.232300527250317, 23.900182247886814 ], [ 77.233322117423654, 23.900267318889469 ], [ 77.233593744028681, 23.900289936818684 ], [ 77.235098907954068, 23.90008890776685 ], [ 77.234860754520753, 23.899597826149353 ], [ 77.234635923501159, 23.898117258224378 ], [ 77.234543444770139, 23.897035621269882 ], [ 77.234310220182081, 23.895612399757361 ], [ 77.233968194788659, 23.894478322320605 ], [ 77.233588589298577, 23.893311064104239 ], [ 77.233332567053466, 23.892309599233542 ], [ 77.231920706858148, 23.892474653304202 ] ] ], [ [ [ 77.250005418033936, 23.899444981988598 ], [ 77.250943647395289, 23.900423538221691 ], [ 77.251799940757806, 23.901029453697213 ], [ 77.254530563919275, 23.902165540010461 ], [ 77.254859312027108, 23.902054432281279 ], [ 77.25568580171165, 23.901479666105239 ], [ 77.256528901744204, 23.900613431269427 ], [ 77.256646629298629, 23.900492471798355 ], [ 77.257209200559615, 23.89921506052373 ], [ 77.256878022067738, 23.897381349448885 ], [ 77.254607832882854, 23.8957510192303 ], [ 77.252585292732434, 23.894540385724 ], [ 77.250736316439912, 23.894820442619604 ], [ 77.2503417879567, 23.895575218230146 ], [ 77.249932026630177, 23.895973374751524 ], [ 77.250005418033936, 23.899444981988598 ] ] ], [ [ [ 77.25803446265175, 23.933541864996954 ], [ 77.258043666679313, 23.933372419093434 ], [ 77.258242547929669, 23.932632294639074 ], [ 77.258774137204028, 23.932530354743086 ], [ 77.259713571935691, 23.932403233644163 ], [ 77.260570383000015, 23.932346076135435 ], [ 77.260977790673252, 23.932370331538316 ], [ 77.263049575753826, 23.932908569661734 ], [ 77.264041877071207, 23.933205244799005 ], [ 77.26430511200158, 23.933009452767873 ], [ 77.265170711361364, 23.93253565243327 ], [ 77.26604683820166, 23.932457148652851 ], [ 77.266481610635068, 23.932418189539298 ], [ 77.266835435824092, 23.932413774483351 ], [ 77.267859398133979, 23.932294299305099 ], [ 77.269183317624083, 23.932144178370315 ], [ 77.270504816497905, 23.93188048859577 ], [ 77.270387264518916, 23.930876988462185 ], [ 77.271550582828255, 23.930579598108114 ], [ 77.271894623968066, 23.929357905144656 ], [ 77.273151004202262, 23.929132568935401 ], [ 77.273431046937318, 23.928992070952109 ], [ 77.273652537089035, 23.92832075252225 ], [ 77.273416548565493, 23.928074235964491 ], [ 77.272594664440149, 23.928036873461572 ], [ 77.272511702950737, 23.926769675548176 ], [ 77.27257000850598, 23.925346272165502 ], [ 77.271738513660495, 23.924726779770914 ], [ 77.272133900372793, 23.924294769623195 ], [ 77.273375853653576, 23.924308103092688 ], [ 77.273749757685792, 23.923438195672965 ], [ 77.274127016682613, 23.922206784011546 ], [ 77.274164118546764, 23.920855742664703 ], [ 77.274201457266827, 23.920195677189227 ], [ 77.273420276931176, 23.920097188047549 ], [ 77.273241233166814, 23.921092163995297 ], [ 77.273048724851563, 23.921467242020547 ], [ 77.272072974429804, 23.922597443286659 ], [ 77.270929601272897, 23.922803244993545 ], [ 77.270583582154543, 23.923967188830229 ], [ 77.270136898773103, 23.925600538242115 ], [ 77.26985399826512, 23.926399401732844 ], [ 77.26968276764967, 23.926812737411524 ], [ 77.269807005753051, 23.927920358690979 ], [ 77.268954525500774, 23.928004949923903 ], [ 77.268578600572695, 23.927397282596843 ], [ 77.266968997476951, 23.927126863806766 ], [ 77.266125991145842, 23.9269822162019 ], [ 77.266078718203104, 23.926677819200751 ], [ 77.266234767333756, 23.925898717356695 ], [ 77.266359042947556, 23.92527824563561 ], [ 77.264905794403475, 23.924945050270665 ], [ 77.265262682753942, 23.924144595766954 ], [ 77.264932247363333, 23.924014131115683 ], [ 77.264932244585495, 23.923313127910678 ], [ 77.265308718281673, 23.923120902445401 ], [ 77.266342586032849, 23.922875001001952 ], [ 77.266693616144195, 23.922734212611601 ], [ 77.265981666433703, 23.921987950059357 ], [ 77.266279548869917, 23.920794906473084 ], [ 77.266394982318104, 23.920484479386328 ], [ 77.266764642691541, 23.919649694570392 ], [ 77.266373050479203, 23.91943451000671 ], [ 77.26526575429088, 23.91963273697657 ], [ 77.264847950352603, 23.92026063755506 ], [ 77.264164023697788, 23.921116859102963 ], [ 77.26321967907144, 23.921862765788127 ], [ 77.262983769798836, 23.921700370104109 ], [ 77.262691688104312, 23.920790361324382 ], [ 77.262745220194049, 23.920389198401214 ], [ 77.263021822632183, 23.919969968352984 ], [ 77.263315176821195, 23.919525343745843 ], [ 77.26412552062412, 23.918091195818175 ], [ 77.264814124968325, 23.916870900613308 ], [ 77.264864994556632, 23.916772699479548 ], [ 77.265323478876681, 23.915877763357223 ], [ 77.264308620529221, 23.915134711211529 ], [ 77.263102327830865, 23.91517461576235 ], [ 77.262231233324513, 23.915031131132338 ], [ 77.261292116772537, 23.913554012207378 ], [ 77.261931860607461, 23.91148082087707 ], [ 77.262891732463757, 23.911442987359507 ], [ 77.263289992953105, 23.912340328886781 ], [ 77.263761687451534, 23.912943836199499 ], [ 77.264138279910043, 23.913126817179908 ], [ 77.264749298104505, 23.91293837162339 ], [ 77.264713554579956, 23.911443479142299 ], [ 77.264493608302118, 23.910171768490329 ], [ 77.264164807213149, 23.909339293077583 ], [ 77.263695927664642, 23.909297172515938 ], [ 77.262229524052742, 23.909441348655996 ], [ 77.261346982571283, 23.911023964964844 ], [ 77.260933635250069, 23.912530719606902 ], [ 77.259951485176515, 23.912709923129295 ], [ 77.259875894525422, 23.913333469793269 ], [ 77.258743413037422, 23.913628037766472 ], [ 77.258733542897033, 23.913949672307691 ], [ 77.257826154204309, 23.914220834322141 ], [ 77.256263392219466, 23.914873970653474 ], [ 77.255342868430262, 23.916770818723855 ], [ 77.255304474908826, 23.916852021169792 ], [ 77.255614520085942, 23.917002293824901 ], [ 77.256424085143962, 23.917728337483073 ], [ 77.257722851289813, 23.91870804665491 ], [ 77.257861830501056, 23.91991343643442 ], [ 77.258045534197208, 23.920806619022464 ], [ 77.259259153173502, 23.922151607095877 ], [ 77.260069947718264, 23.922995654897619 ], [ 77.260353283815206, 23.924235476213841 ], [ 77.26029991031929, 23.925361694087968 ], [ 77.259915269007223, 23.925369836133481 ], [ 77.258927018140682, 23.925009202747798 ], [ 77.258670719696568, 23.924775489424473 ], [ 77.258131784610029, 23.924891002960671 ], [ 77.258112083945207, 23.925181536952429 ], [ 77.257156880670067, 23.925818545087658 ], [ 77.256668042025396, 23.925890120370379 ], [ 77.256186225160988, 23.925960665008621 ], [ 77.255793457640237, 23.925879136170931 ], [ 77.254741007038433, 23.925910462790341 ], [ 77.253604580857697, 23.926578997674838 ], [ 77.253251627352228, 23.926827726441779 ], [ 77.252499534443189, 23.927600656830318 ], [ 77.251678810802844, 23.928334521994394 ], [ 77.250390329686724, 23.928726689564801 ], [ 77.249912950248259, 23.9285127992753 ], [ 77.249224937039855, 23.92814324785915 ], [ 77.249014232501708, 23.928096946758846 ], [ 77.248980064046734, 23.92813866483408 ], [ 77.248952449990824, 23.928184298627251 ], [ 77.248931910069615, 23.928232984066764 ], [ 77.248918836773029, 23.928283801918344 ], [ 77.248913473646553, 23.928335786652411 ], [ 77.248915924840077, 23.928387957226978 ], [ 77.248926142268559, 23.928439324215866 ], [ 77.248943935201311, 23.928488916076105 ], [ 77.248968964243815, 23.92853579265088 ], [ 77.249066399408008, 23.928695164831296 ], [ 77.249156008888491, 23.928858368701974 ], [ 77.249237617689062, 23.929025083195036 ], [ 77.24931106173284, 23.929194974679206 ], [ 77.249376193668553, 23.929367706939253 ], [ 77.249432886866174, 23.929542933980681 ], [ 77.249481028441735, 23.929720310815323 ], [ 77.249520519346916, 23.929899483526189 ], [ 77.24955128413032, 23.930080096567909 ], [ 77.249592217535564, 23.930274926340616 ], [ 77.249623351961631, 23.930471280429103 ], [ 77.249644619353461, 23.930668744631756 ], [ 77.249655976276756, 23.930866898609331 ], [ 77.249657398940627, 23.931065323073092 ], [ 77.249648881249058, 23.931263597963738 ], [ 77.249630445609924, 23.931461302533052 ], [ 77.249602127197775, 23.931658017031435 ], [ 77.249563987702459, 23.931853323715295 ], [ 77.249527414953704, 23.932029012823385 ], [ 77.249476929207503, 23.932201764528266 ], [ 77.249412800169594, 23.932370648708485 ], [ 77.249335374000395, 23.932534757498377 ], [ 77.249245066413863, 23.932693207946162 ], [ 77.24914236460279, 23.932845146545183 ], [ 77.249027821279427, 23.93298975641531 ], [ 77.248902052710434, 23.933126257288695 ], [ 77.248765733707032, 23.933253916311429 ], [ 77.248642671644234, 23.933355609970626 ], [ 77.248522747522074, 23.933460424630621 ], [ 77.248406057376599, 23.933568280639655 ], [ 77.248292693387597, 23.93367909018729 ], [ 77.248182741799567, 23.933792769934438 ], [ 77.248076290888321, 23.933909229331466 ], [ 77.247973421069773, 23.934028377769028 ], [ 77.247874216707643, 23.934150122861279 ], [ 77.247778751382171, 23.934274369430586 ], [ 77.247741411659447, 23.934350456086094 ], [ 77.247713159179398, 23.934429782284521 ], [ 77.247694317620116, 23.934511435501147 ], [ 77.247685106755711, 23.934594474418365 ], [ 77.247685628584819, 23.934677941465583 ], [ 77.247695880956158, 23.93476087737459 ], [ 77.247715743769888, 23.93484232559101 ], [ 77.24774498866482, 23.93492134770317 ], [ 77.247783277928704, 23.934997035176231 ], [ 77.249990606528428, 23.934839400609203 ], [ 77.250285643609914, 23.934817815821457 ], [ 77.252052445352462, 23.936340489740292 ], [ 77.254460853008311, 23.935599529589798 ], [ 77.255445064227644, 23.93608852941469 ], [ 77.256096049887688, 23.935451640075176 ], [ 77.25614220579638, 23.935096740456967 ], [ 77.25803446265175, 23.933541864996954 ] ] ], [ [ [ 77.22986232037438, 23.939721188324626 ], [ 77.23054192669089, 23.939130680765125 ], [ 77.230867905877815, 23.93889948162364 ], [ 77.230832652811614, 23.938538011108729 ], [ 77.23054956485656, 23.938295027166944 ], [ 77.23017285099769, 23.938171717837125 ], [ 77.22878282504422, 23.938394691755519 ], [ 77.227464033575501, 23.938170667775694 ], [ 77.226724411149576, 23.938101198964524 ], [ 77.226417682017185, 23.937914683325605 ], [ 77.226188879963715, 23.937564606137801 ], [ 77.22667705956205, 23.936463548261059 ], [ 77.228334767227892, 23.934335783165508 ], [ 77.229597937946792, 23.933629715576469 ], [ 77.229990122090499, 23.933355359093515 ], [ 77.230012793470479, 23.933006564720436 ], [ 77.229447485386316, 23.932273455918374 ], [ 77.228889240881799, 23.931135917651886 ], [ 77.228704084711225, 23.930408976497137 ], [ 77.228795893176695, 23.930101567948839 ], [ 77.229783588148862, 23.929283536805123 ], [ 77.230722369275952, 23.928435600474206 ], [ 77.231251422340975, 23.927288163698709 ], [ 77.23164603415654, 23.926276820901609 ], [ 77.232458999294295, 23.925530042541521 ], [ 77.233920894494275, 23.92492488429701 ], [ 77.235192540006139, 23.924821708470375 ], [ 77.236497507797608, 23.925166743576039 ], [ 77.236991780907516, 23.925775657030112 ], [ 77.23717132358945, 23.926094555367936 ], [ 77.237248820444137, 23.927068612711967 ], [ 77.23734751914013, 23.928487346871428 ], [ 77.237437253366252, 23.929860443072329 ], [ 77.237703652983186, 23.930817941484733 ], [ 77.237881018100722, 23.931166739770902 ], [ 77.238382275376978, 23.931891100089768 ], [ 77.238826773799673, 23.932170879047025 ], [ 77.239239970307366, 23.93211087559709 ], [ 77.239741416741168, 23.931798864876598 ], [ 77.240176882476447, 23.930261041383037 ], [ 77.240209744965142, 23.929219362023591 ], [ 77.239857068055073, 23.928031242783216 ], [ 77.240082714927183, 23.927011724817437 ], [ 77.240322212955348, 23.92643961619445 ], [ 77.240503621526315, 23.926006267797629 ], [ 77.240376105910926, 23.925605446422338 ], [ 77.239884175761532, 23.924671319906963 ], [ 77.23941048415638, 23.923628009472292 ], [ 77.238087973174203, 23.923317016637512 ], [ 77.236742177986528, 23.922899847428702 ], [ 77.236166080496517, 23.922460322620964 ], [ 77.235796190893595, 23.922093656604968 ], [ 77.235767179981806, 23.921070583023976 ], [ 77.236774039493966, 23.920910396279737 ], [ 77.237773888207116, 23.92087553555087 ], [ 77.23837118557411, 23.920523287736568 ], [ 77.238445019546305, 23.919948311678919 ], [ 77.238234117188881, 23.919687819658325 ], [ 77.23715967552512, 23.919742548206401 ], [ 77.236790849922613, 23.919606893562754 ], [ 77.236344657146319, 23.918974037111575 ], [ 77.236411315615669, 23.918590640611146 ], [ 77.236823147679004, 23.917585209691719 ], [ 77.236809850313421, 23.916772611386655 ], [ 77.236810685126102, 23.916717371389183 ], [ 77.23698685223026, 23.916231539996915 ], [ 77.237937967500073, 23.915647984700463 ], [ 77.239108064953939, 23.914806260771584 ], [ 77.239690099655704, 23.914178555185188 ], [ 77.239888440966737, 23.912385865809405 ], [ 77.240322538243987, 23.911361691337458 ], [ 77.239870033417901, 23.910540220152171 ], [ 77.239628754900778, 23.910366019203693 ], [ 77.238796385811028, 23.910164349856665 ], [ 77.238040479791778, 23.910432943936385 ], [ 77.236931467802194, 23.910638069718662 ], [ 77.235525585697431, 23.910659590208688 ], [ 77.234221904955916, 23.911091990296924 ], [ 77.234379858205315, 23.911516230644612 ], [ 77.23408968204842, 23.912285717876607 ], [ 77.233271774971612, 23.912697774392299 ], [ 77.232971354596629, 23.912959933161993 ], [ 77.232389509407355, 23.914126995888054 ], [ 77.231733201368598, 23.915131020798079 ], [ 77.231238826250348, 23.91610856337547 ], [ 77.230343426644993, 23.916719621643441 ], [ 77.230160999045921, 23.916811399099664 ], [ 77.229954186221434, 23.916885627629533 ], [ 77.228720897172494, 23.916949428022441 ], [ 77.227192621255014, 23.917217247002231 ], [ 77.226350501988776, 23.91778366735636 ], [ 77.226207638205096, 23.918507327055334 ], [ 77.226300742672265, 23.918976063270975 ], [ 77.22645805383894, 23.919835679405786 ], [ 77.226737962028167, 23.920077667092759 ], [ 77.227320147352984, 23.920418695394208 ], [ 77.227527417746884, 23.920776160763268 ], [ 77.227879775931498, 23.92147923967838 ], [ 77.228154033185405, 23.921740370724201 ], [ 77.228630345358155, 23.922061596521715 ], [ 77.228799109882161, 23.922175412277387 ], [ 77.228989058255877, 23.922347924743132 ], [ 77.22915763667126, 23.923779367905162 ], [ 77.228972471915554, 23.924828639995287 ], [ 77.228254706831493, 23.925911292014501 ], [ 77.227462923619029, 23.926970527843743 ], [ 77.226510960649662, 23.927818469325754 ], [ 77.225749352561408, 23.928373825240101 ], [ 77.225455290279498, 23.928588249154178 ], [ 77.224701447092926, 23.929428280760668 ], [ 77.223021006631981, 23.931207366466623 ], [ 77.221428245498657, 23.931709829588073 ], [ 77.220573209682584, 23.932335030730481 ], [ 77.219481442251734, 23.932492319749549 ], [ 77.219099510005648, 23.932465941009532 ], [ 77.218356715427646, 23.932734029345863 ], [ 77.218293239050524, 23.933170373063554 ], [ 77.217880569285626, 23.933713200944361 ], [ 77.217511871139365, 23.934092556631803 ], [ 77.216674998440894, 23.934346707432585 ], [ 77.216454415052041, 23.934321583067014 ], [ 77.215987339389926, 23.934317932483513 ], [ 77.214760932733967, 23.934488666242359 ], [ 77.213778898300305, 23.935066028920893 ], [ 77.212877950264001, 23.935934220616922 ], [ 77.212028444474953, 23.93687144284327 ], [ 77.211432820485555, 23.9378132452233 ], [ 77.211543965400665, 23.938648788114794 ], [ 77.211931741539019, 23.938806161495933 ], [ 77.213183210619363, 23.939326042624224 ], [ 77.214183415853327, 23.940044480457324 ], [ 77.214822930739615, 23.941159431930839 ], [ 77.215471964830257, 23.942322098731655 ], [ 77.215843533203341, 23.943303906242843 ], [ 77.216161002453859, 23.943898115957747 ], [ 77.216413470247289, 23.94423858936694 ], [ 77.217345548788359, 23.944371443256827 ], [ 77.219398262667085, 23.944308746122285 ], [ 77.22171560500189, 23.943864637335906 ], [ 77.223208950379686, 23.944000410752022 ], [ 77.224482571621479, 23.943678948103074 ], [ 77.225605048722116, 23.942718167303287 ], [ 77.22622969578029, 23.942105238267317 ], [ 77.226589458173876, 23.942011078206093 ], [ 77.227416791621081, 23.942153214355915 ], [ 77.227636537639981, 23.942363355822842 ], [ 77.227648905798361, 23.942741552822461 ], [ 77.227671868355358, 23.943194571764408 ], [ 77.22793760671837, 23.943569883172277 ], [ 77.228987967635234, 23.944297317878608 ], [ 77.230126434776437, 23.945047778153306 ], [ 77.231469969380214, 23.945705665925054 ], [ 77.232400463890656, 23.946043560418293 ], [ 77.232831873876393, 23.945941559948952 ], [ 77.233506577400078, 23.945452448845963 ], [ 77.233985985066013, 23.94510490864349 ], [ 77.234349623003865, 23.944278118006775 ], [ 77.234213283751728, 23.943989902756208 ], [ 77.233963970733683, 23.943708794035871 ], [ 77.233021447627891, 23.943132176175183 ], [ 77.2317952875987, 23.942348969277852 ], [ 77.230758105402444, 23.941795147281056 ], [ 77.23003853130848, 23.941130186653886 ], [ 77.229771178316057, 23.940816910233384 ], [ 77.229528870919211, 23.940069215630476 ], [ 77.22986232037438, 23.939721188324626 ] ] ], [ [ [ 77.261914548999158, 23.969717593605004 ], [ 77.262213950964735, 23.9683689518954 ], [ 77.262524138607617, 23.965812280315937 ], [ 77.261398362965807, 23.96442743597887 ], [ 77.260808194048337, 23.963578682261904 ], [ 77.259301990998082, 23.963620102055977 ], [ 77.258238212291275, 23.964319185238065 ], [ 77.255572474424383, 23.966255123995548 ], [ 77.25400105694753, 23.968442182376048 ], [ 77.253597871825036, 23.969678259982192 ], [ 77.253609777181111, 23.9709131489203 ], [ 77.253417377730401, 23.9718120669706 ], [ 77.253198151883709, 23.973182402893947 ], [ 77.253519347007853, 23.973258715513992 ], [ 77.254953752887928, 23.973630081859881 ], [ 77.256983581079226, 23.972896113269421 ], [ 77.258302087747637, 23.972291802759862 ], [ 77.25954202885292, 23.972470018557466 ], [ 77.260096347847451, 23.972441822446424 ], [ 77.261742280599364, 23.970963422263008 ], [ 77.261914548999158, 23.969717593605004 ] ] ], [ [ [ 77.242314273303805, 23.972935900653145 ], [ 77.241628792535906, 23.974296879668376 ], [ 77.241557867639997, 23.975081771150005 ], [ 77.241868893251791, 23.97629211911466 ], [ 77.241024260689656, 23.977180677153232 ], [ 77.240773084088573, 23.977451043408177 ], [ 77.240529637280915, 23.978221532502005 ], [ 77.240639849624912, 23.978507209126764 ], [ 77.241499228222835, 23.979257316202602 ], [ 77.242453051005867, 23.979487336255705 ], [ 77.243004320069502, 23.979561837927704 ], [ 77.243738415799811, 23.979467575988924 ], [ 77.243957040896319, 23.97940744372054 ], [ 77.244958448054291, 23.978733012496672 ], [ 77.246048170393479, 23.977894045540801 ], [ 77.247041397568807, 23.977032518620373 ], [ 77.247296103995282, 23.976826114749002 ], [ 77.249674396023366, 23.975651662224088 ], [ 77.249992276876185, 23.975415189018673 ], [ 77.250150166235997, 23.975064024841625 ], [ 77.250296655293809, 23.974778864365096 ], [ 77.250483909469025, 23.974405928923201 ], [ 77.250509678856673, 23.974207936157921 ], [ 77.250385217212852, 23.973823728982616 ], [ 77.250123894214298, 23.973542809007117 ], [ 77.250034569945683, 23.97348547011962 ], [ 77.249932647068988, 23.973433990492492 ], [ 77.249606280646404, 23.972387533147678 ], [ 77.246954086556087, 23.972065790759046 ], [ 77.245788392583393, 23.971617767468395 ], [ 77.245305311373869, 23.971571797887758 ], [ 77.244265661421082, 23.971807550341502 ], [ 77.24342018763528, 23.972371892576625 ], [ 77.243062528897312, 23.972459006057029 ], [ 77.242314273303805, 23.972935900653145 ] ] ], [ [ [ 77.183607158771238, 24.011539935213197 ], [ 77.183614187151534, 24.010802792559673 ], [ 77.183354705584037, 24.008375095953451 ], [ 77.18354449967228, 24.006700184477769 ], [ 77.183849690721246, 24.005510380561944 ], [ 77.184436671275819, 24.004893077418039 ], [ 77.187493095567959, 24.004019346626581 ], [ 77.188152167447001, 24.003831289136713 ], [ 77.188576365305252, 24.004426433683179 ], [ 77.189477302766065, 24.00583471014626 ], [ 77.190181979358528, 24.005454495745038 ], [ 77.191172724193819, 24.005666257161078 ], [ 77.191830856593384, 24.005195682144187 ], [ 77.192304744377438, 24.004820058799371 ], [ 77.192755240387655, 24.004481156735597 ], [ 77.193275495210003, 24.004308775050553 ], [ 77.194009906465439, 24.004065696812116 ], [ 77.194154558439394, 24.00409316250656 ], [ 77.194749947899027, 24.004206207918831 ], [ 77.195533705541564, 24.004508395316101 ], [ 77.195533677127926, 24.004222255024327 ], [ 77.195533471449238, 24.002178025670514 ], [ 77.193993010824627, 24.001947766903079 ], [ 77.193204204083344, 24.001941473706307 ], [ 77.192516433538643, 24.001986205623929 ], [ 77.19137886482693, 24.001642964806567 ], [ 77.190711468385956, 24.002912978819523 ], [ 77.190206451641984, 24.003612971095972 ], [ 77.189173667938675, 24.003437341558314 ], [ 77.189448138233828, 24.001727118647803 ], [ 77.189838546407231, 24.000172447375927 ], [ 77.189838835179344, 24.000142094819701 ], [ 77.189770327336845, 23.998884204509636 ], [ 77.189833019589813, 23.998170290462888 ], [ 77.189870914127042, 23.997496985859524 ], [ 77.189774211013301, 23.996805040890273 ], [ 77.188652129267908, 23.994576722693868 ], [ 77.188318854434343, 23.994173357523607 ], [ 77.186216604847459, 23.991043200888271 ], [ 77.185574963023839, 23.989928871475279 ], [ 77.184856284178977, 23.988488128267882 ], [ 77.18474273598359, 23.987981923706837 ], [ 77.184352411151991, 23.986241801261286 ], [ 77.183479433670357, 23.984384977388217 ], [ 77.180492406326962, 23.984146564403915 ], [ 77.179823063334595, 23.985188984892904 ], [ 77.180423257138187, 23.985339330285882 ], [ 77.180595272116449, 23.985420147564763 ], [ 77.180759773558748, 23.985513239527894 ], [ 77.180915724029632, 23.985618022484065 ], [ 77.18106214286324, 23.985733834620962 ], [ 77.181198108016616, 23.985859947761153 ], [ 77.181322761967436, 23.985995567408768 ], [ 77.181435320492213, 23.986139840044888 ], [ 77.181535077538541, 23.986291857682581 ], [ 77.181621402216464, 23.986450664163897 ], [ 77.181688836830432, 23.9866162200811 ], [ 77.181753275456543, 23.98678277882118 ], [ 77.181814705736087, 23.986950295126412 ], [ 77.181873107454521, 23.987118722772653 ], [ 77.181928465312168, 23.987288015574986 ], [ 77.181980765957903, 23.987458129170545 ], [ 77.182029992168395, 23.987629012842508 ], [ 77.182076134515469, 23.987800623162524 ], [ 77.182119175758231, 23.987972911219693 ], [ 77.18254943218912, 23.99004202683021 ], [ 77.183005161296805, 23.992806615339308 ], [ 77.183221629778558, 23.994528458287075 ], [ 77.18323313068997, 23.994619942281123 ], [ 77.183789328492281, 23.997210200806954 ], [ 77.184681951408635, 23.999533448592633 ], [ 77.18486079178156, 23.99996927390421 ], [ 77.184859967736656, 24.000143410808214 ], [ 77.184861693315966, 24.00017686132017 ], [ 77.184858881230909, 24.000276644665401 ], [ 77.184864163196366, 24.000440403743593 ], [ 77.184865631755855, 24.000604228824482 ], [ 77.184863283676066, 24.000768044913652 ], [ 77.184857120622127, 24.000931778862228 ], [ 77.184847145276692, 24.00109535391644 ], [ 77.184833364237775, 24.001258695160068 ], [ 77.184815781154185, 24.001421727652808 ], [ 77.184794404581822, 24.001584377396977 ], [ 77.184769246034705, 24.001746569515017 ], [ 77.184757877060363, 24.001924520879189 ], [ 77.184734601075277, 24.002101491388693 ], [ 77.184699506046186, 24.002276807934741 ], [ 77.184652724096551, 24.002449806792956 ], [ 77.184594435465669, 24.00261983094601 ], [ 77.184524859609866, 24.002786235431472 ], [ 77.184444260118894, 24.002948387381789 ], [ 77.184352942698524, 24.00310567142774 ], [ 77.184251256145927, 24.003257490609514 ], [ 77.184163074594736, 24.003360911293623 ], [ 77.184047127662396, 24.003496894968826 ], [ 77.183840682274209, 24.003734617547021 ], [ 77.183631934922531, 24.003970637680787 ], [ 77.183420901514793, 24.004204936520829 ], [ 77.183207601882899, 24.004437496152789 ], [ 77.182992049960305, 24.004668298614678 ], [ 77.182774265596905, 24.004897324185951 ], [ 77.182554263710145, 24.005124554912566 ], [ 77.182332064125063, 24.005349973783311 ], [ 77.182166255789383, 24.005530321057488 ], [ 77.182005919499588, 24.005714798412725 ], [ 77.181851176568117, 24.005903264133348 ], [ 77.181702146369332, 24.006095573778509 ], [ 77.181558942363964, 24.006291584665917 ], [ 77.181421671210657, 24.006491145929488 ], [ 77.181290437612731, 24.006694105783701 ], [ 77.181165342351719, 24.006900311508083 ], [ 77.181046478406614, 24.007109603996298 ], [ 77.180831231975404, 24.007471895601658 ], [ 77.18061543435671, 24.007833911435515 ], [ 77.180399087531043, 24.008195649704906 ], [ 77.180182191469527, 24.008557113116915 ], [ 77.179964749161755, 24.008918297177097 ], [ 77.179746757646654, 24.009279202762414 ], [ 77.179528219862135, 24.009639830797386 ], [ 77.179309133873431, 24.010000177651015 ], [ 77.179089502618481, 24.010360244247828 ], [ 77.178803701742268, 24.010766335577674 ], [ 77.178536422382422, 24.011182934129742 ], [ 77.178288120801184, 24.01160932923781 ], [ 77.178059223001753, 24.012044789213537 ], [ 77.177850119724525, 24.012488570337666 ], [ 77.177661170404718, 24.012939914181484 ], [ 77.177492694330851, 24.013398046631483 ], [ 77.177460550578587, 24.013499051008512 ], [ 77.177344983338386, 24.013862187023406 ], [ 77.177218290078883, 24.014331540821104 ], [ 77.177112539172469, 24.014643521383931 ], [ 77.177011940190297, 24.014956934490026 ], [ 77.176916513496593, 24.015271710766886 ], [ 77.176826281448868, 24.015587778148095 ], [ 77.176741268406388, 24.015905060969867 ], [ 77.176661488836388, 24.016223489810635 ], [ 77.176586964124027, 24.016542991691519 ], [ 77.176517708781219, 24.016863492674158 ], [ 77.176453742227963, 24.017184919762744 ], [ 77.176444640364309, 24.01734599416854 ], [ 77.176438558031279, 24.017507189655195 ], [ 77.176435497691742, 24.017668455662719 ], [ 77.176435458798309, 24.017829747929149 ], [ 77.17643844283063, 24.017991015886253 ], [ 77.176444445325799, 24.018152213433613 ], [ 77.176453469704043, 24.018313292727996 ], [ 77.176465509570463, 24.018474204040064 ], [ 77.176480563403146, 24.018634902195796 ], [ 77.176575061021509, 24.018926865989428 ], [ 77.176678507330038, 24.019216260215188 ], [ 77.176790824984849, 24.019502850295755 ], [ 77.176911920847019, 24.019786407847192 ], [ 77.177041698807741, 24.020066706266679 ], [ 77.177180054863342, 24.020343521596065 ], [ 77.177326880073423, 24.02061663164233 ], [ 77.177482055627166, 24.020885817744677 ], [ 77.177645456750199, 24.021150867515527 ], [ 77.178331264838846, 24.021670100879284 ], [ 77.178612520828949, 24.021815597502886 ], [ 77.178843186175484, 24.021932059867506 ], [ 77.180443654249416, 24.022155767344728 ], [ 77.180717258255697, 24.022202353028767 ], [ 77.180995476221042, 24.022197622530133 ], [ 77.181267017144393, 24.022141771088826 ], [ 77.181520861364817, 24.022037060986495 ], [ 77.181746704845025, 24.021887744731828 ], [ 77.181935385776214, 24.021699881511321 ], [ 77.18198363222956, 24.021626505648157 ], [ 77.182079243866497, 24.021481095284265 ], [ 77.182172442903109, 24.021240263029618 ], [ 77.182211199282179, 24.020987161592689 ], [ 77.182353086543813, 24.020652510437827 ], [ 77.182506956229801, 24.0203223579602 ], [ 77.182672639615461, 24.019997065859926 ], [ 77.182849956235145, 24.019676990321479 ], [ 77.183038709958225, 24.019362481079103 ], [ 77.183238694863292, 24.019053884173758 ], [ 77.18344969232291, 24.018751538317421 ], [ 77.183671470038021, 24.01845577307876 ], [ 77.183903783952942, 24.01816691431819 ], [ 77.184044334915029, 24.01791106518349 ], [ 77.184182709910033, 24.017654216582994 ], [ 77.184318897968026, 24.017396385595969 ], [ 77.184452892095294, 24.017137584817426 ], [ 77.184584683280221, 24.016877832245456 ], [ 77.18471426449517, 24.016617144087562 ], [ 77.184841627755233, 24.016355533833888 ], [ 77.184966765032769, 24.016093019490174 ], [ 77.185089669309392, 24.015829616360691 ], [ 77.185130648537452, 24.015765375772091 ], [ 77.185165317554578, 24.015698074903465 ], [ 77.185193408892815, 24.015628231868913 ], [ 77.185214706947406, 24.015556391392455 ], [ 77.185229044189782, 24.015483109422348 ], [ 77.1852363109994, 24.015408953210251 ], [ 77.185236449806922, 24.015334496747741 ], [ 77.185229461027433, 24.015260317201051 ], [ 77.185215397203862, 24.015186990348003 ], [ 77.185051446076301, 24.014963677413977 ], [ 77.185179292130599, 24.014537652460671 ], [ 77.185183914365368, 24.014052321158445 ], [ 77.184865258397622, 24.014041273355176 ], [ 77.183762117199677, 24.014084315169342 ], [ 77.183618355531678, 24.013572611832394 ], [ 77.183607158771238, 24.011539935213197 ] ] ], [ [ [ 77.253730317417578, 24.064396894431351 ], [ 77.253439967989564, 24.065680556644622 ], [ 77.253846523349765, 24.06593369113363 ], [ 77.254669262546201, 24.066059281244026 ], [ 77.256330903813023, 24.066015929336992 ], [ 77.257528307863907, 24.065809058688373 ], [ 77.258358056368181, 24.065507636529269 ], [ 77.2590131464531, 24.064266930268126 ], [ 77.258443401057548, 24.063516295146314 ], [ 77.257474410424052, 24.062370594194132 ], [ 77.255975632559597, 24.062342183128195 ], [ 77.255176273525663, 24.062876327882876 ], [ 77.254912339756004, 24.063294853638233 ], [ 77.254246620383086, 24.063507029900251 ], [ 77.253730317417578, 24.064396894431351 ] ] ], [ [ [ 77.207488549355716, 24.151313938349531 ], [ 77.207484002008897, 24.15179709381616 ], [ 77.20715176318194, 24.151839200609086 ], [ 77.207027154127772, 24.152634585770915 ], [ 77.20951630484744, 24.152600610426536 ], [ 77.211735795130636, 24.152583024530671 ], [ 77.211914317788668, 24.154173418949362 ], [ 77.212115745072325, 24.155653419165006 ], [ 77.214976160470684, 24.155586495364521 ], [ 77.21505100627067, 24.15488913979177 ], [ 77.212937096760925, 24.152337440010328 ], [ 77.212998408683106, 24.150964781195466 ], [ 77.20930773084379, 24.150907786052599 ], [ 77.209285774518079, 24.151167104107092 ], [ 77.207488549355716, 24.151313938349531 ] ] ], [ [ [ 77.242722579294096, 24.181779390713402 ], [ 77.243197658097841, 24.18178306191157 ], [ 77.243362815504483, 24.181661312495208 ], [ 77.243542823463073, 24.181546511846562 ], [ 77.243992248082648, 24.181324430523276 ], [ 77.244305463915254, 24.181320005728512 ], [ 77.244635090430236, 24.181151678596347 ], [ 77.244929827459387, 24.180885379206568 ], [ 77.245253180948168, 24.180587147979505 ], [ 77.245687564369192, 24.180378616135684 ], [ 77.246031910927442, 24.180230901142473 ], [ 77.246241614325143, 24.18012999453498 ], [ 77.246234038133124, 24.179864801679919 ], [ 77.245840694893531, 24.179411526765097 ], [ 77.24576179272394, 24.179320603965191 ], [ 77.245815715225916, 24.179179155223224 ], [ 77.245923604157795, 24.179143255090079 ], [ 77.246024796350241, 24.179147897901245 ], [ 77.246224604547933, 24.178919687310053 ], [ 77.246297652384413, 24.17870904838858 ], [ 77.246343710509038, 24.178602557905993 ], [ 77.246645636883571, 24.178406355851738 ], [ 77.247029634916387, 24.178214243950702 ], [ 77.247424806210375, 24.178048743489295 ], [ 77.247634721810286, 24.17809780579422 ], [ 77.247921640430761, 24.178171308622883 ], [ 77.248179230998289, 24.178153612601587 ], [ 77.248309088371386, 24.178130840345872 ], [ 77.248359531511511, 24.178027516073215 ], [ 77.248365988279772, 24.177884336002215 ], [ 77.248439777912793, 24.177755492076873 ], [ 77.248353479392478, 24.177633801598077 ], [ 77.248219316974783, 24.17749731979788 ], [ 77.248099258132811, 24.177254384589734 ], [ 77.24823895829195, 24.176717763597697 ], [ 77.248283067117086, 24.176348233388463 ], [ 77.248360919318898, 24.176116409741912 ], [ 77.248440826510461, 24.17587846799346 ], [ 77.248395846505275, 24.175104925086256 ], [ 77.24844810942912, 24.174841661857343 ], [ 77.248666120624307, 24.174481418322461 ], [ 77.248772737850686, 24.1741907194593 ], [ 77.248907351529127, 24.173985271626318 ], [ 77.249320141778483, 24.17361273173092 ], [ 77.249975837161699, 24.172695227374398 ], [ 77.250024008621622, 24.172351523449201 ], [ 77.250159324169275, 24.171386039824533 ], [ 77.250944624517871, 24.170841530286737 ], [ 77.25144337696581, 24.170412544615754 ], [ 77.251869438129276, 24.167249859798318 ], [ 77.251915292354028, 24.166837566061989 ], [ 77.252467427629156, 24.166482858724773 ], [ 77.252850369282626, 24.165674055957119 ], [ 77.252917747260639, 24.164147735461636 ], [ 77.252947590524627, 24.163544586541231 ], [ 77.249960842465299, 24.163700698845336 ], [ 77.250005136235515, 24.164193820196665 ], [ 77.248995260012265, 24.164149725213637 ], [ 77.247708225617728, 24.164068225218802 ], [ 77.24642798815789, 24.163770122729083 ], [ 77.243666909262458, 24.162583285160647 ], [ 77.241743149508665, 24.162034006052799 ], [ 77.240029597204355, 24.161616890162666 ], [ 77.239190286588595, 24.161284982537548 ], [ 77.236694431648075, 24.159680355726621 ], [ 77.234532160067729, 24.160164988886912 ], [ 77.232726373938277, 24.160714185332196 ], [ 77.229931349335942, 24.16142214715348 ], [ 77.227872151429352, 24.161953148224804 ], [ 77.229273394563165, 24.163417872014993 ], [ 77.230126697131894, 24.164376469086314 ], [ 77.230733538553181, 24.165165019998508 ], [ 77.230910190594372, 24.165554062189187 ], [ 77.230849829136062, 24.166463010830672 ], [ 77.230449508838262, 24.167752591879172 ], [ 77.230236170796744, 24.168546026643288 ], [ 77.230169894449205, 24.169079713552307 ], [ 77.229969247033438, 24.171321728921789 ], [ 77.229926440583313, 24.17219226523682 ], [ 77.229897771391009, 24.172775264809406 ], [ 77.229961980891431, 24.17418663279577 ], [ 77.230148702947673, 24.175985510278132 ], [ 77.230202642181823, 24.177117922462752 ], [ 77.230288518462785, 24.179307436357742 ], [ 77.230385811174074, 24.1798554756556 ], [ 77.230641304646326, 24.180514202312825 ], [ 77.231498755937594, 24.181957685617714 ], [ 77.232276260450021, 24.182771217134722 ], [ 77.233676679185692, 24.18367441874112 ], [ 77.235309145449691, 24.184377517011637 ], [ 77.236892479057602, 24.185131525435132 ], [ 77.237162821622803, 24.185273667251224 ], [ 77.237077572989449, 24.186208958504164 ], [ 77.236688904353045, 24.187124852672682 ], [ 77.236305529681161, 24.187807560813159 ], [ 77.235926355508383, 24.188339963074846 ], [ 77.235667319565948, 24.188733742395414 ], [ 77.235633165911764, 24.188873461398376 ], [ 77.235641753837442, 24.189001669481598 ], [ 77.235909433394085, 24.189233237036404 ], [ 77.236380973662335, 24.189590703016393 ], [ 77.236850200214377, 24.190054822623935 ], [ 77.237149248003774, 24.19049868429159 ], [ 77.237356552655569, 24.19086646276563 ], [ 77.238155370972123, 24.191587869034858 ], [ 77.238273643773681, 24.191777422806116 ], [ 77.238510798837467, 24.191786900294968 ], [ 77.2385274456052, 24.191562456959588 ], [ 77.238235224995719, 24.191300869771823 ], [ 77.237920016021263, 24.191001674832908 ], [ 77.237599426162902, 24.19069908128343 ], [ 77.237255743824718, 24.190033867156107 ], [ 77.236964491201434, 24.189753765544424 ], [ 77.236498388973345, 24.189338712594402 ], [ 77.236433544933774, 24.189092169872055 ], [ 77.236771474883639, 24.188835076337941 ], [ 77.2369600234709, 24.188604164513816 ], [ 77.237140486794033, 24.18844153469048 ], [ 77.237098513864609, 24.188140493686355 ], [ 77.2369814738895, 24.187893548095214 ], [ 77.236845143273399, 24.187321769974442 ], [ 77.237220244966807, 24.186265333274605 ], [ 77.237708188228154, 24.185212058681493 ], [ 77.237793975288696, 24.184802654738011 ], [ 77.237754451031492, 24.184235089672029 ], [ 77.238179845125728, 24.183384071492586 ], [ 77.238519195859098, 24.183062088809212 ], [ 77.23889476256052, 24.18276427530057 ], [ 77.239388560063389, 24.182583558818209 ], [ 77.239793760193294, 24.18230647493148 ], [ 77.2400646235468, 24.182042021583676 ], [ 77.24021013693968, 24.181732684910539 ], [ 77.240400109597601, 24.181344586087619 ], [ 77.240648727933959, 24.18106629148318 ], [ 77.240962505587319, 24.181000366693866 ], [ 77.241313064283759, 24.180989401334291 ], [ 77.241780102186084, 24.181286883428253 ], [ 77.242031354409264, 24.181534859810888 ], [ 77.242335738773178, 24.181680729439751 ], [ 77.242722579294096, 24.181779390713402 ] ] ], [ [ [ 77.276535046890302, 24.207330976585961 ], [ 77.276511616771202, 24.207276424303007 ], [ 77.276484655671652, 24.207223261845904 ], [ 77.275898948671667, 24.206178957477725 ], [ 77.2758664424328, 24.206092314160028 ], [ 77.27583672273019, 24.206004832736049 ], [ 77.27580981546231, 24.205916590175374 ], [ 77.275785744590124, 24.205827659820034 ], [ 77.275764529094502, 24.20573812129733 ], [ 77.275746188012505, 24.20564804791206 ], [ 77.27573073833922, 24.205557521082753 ], [ 77.275718192186261, 24.205466617674922 ], [ 77.275708560688557, 24.205375413643605 ], [ 77.27560291215336, 24.204612532566319 ], [ 77.275594228062047, 24.204552524919769 ], [ 77.275589289244365, 24.204492161454262 ], [ 77.275588110689938, 24.204431638282376 ], [ 77.275590697533261, 24.204371152345857 ], [ 77.275597040154494, 24.204310898669117 ], [ 77.275607118078241, 24.204251074904654 ], [ 77.275620898052296, 24.204191875899426 ], [ 77.275638336993893, 24.204133494620024 ], [ 77.275659377082391, 24.204076120309448 ], [ 77.275802340451463, 24.203331056547629 ], [ 77.275810956955837, 24.203286151240949 ], [ 77.275833103600235, 24.20322944905163 ], [ 77.275852022022676, 24.203171771587247 ], [ 77.275867657679285, 24.203113272892477 ], [ 77.275879971757305, 24.203054109839147 ], [ 77.275888929350899, 24.202994442941158 ], [ 77.27589450838741, 24.202934429195281 ], [ 77.275896694623668, 24.202874231076201 ], [ 77.275895477755356, 24.202814011087597 ], [ 77.275890864249916, 24.202753928246082 ], [ 77.275878768687036, 24.202011739617618 ], [ 77.275876060649693, 24.201919795272556 ], [ 77.275875428729975, 24.201827819504121 ], [ 77.275876871593042, 24.201735851140928 ], [ 77.275880388872736, 24.201643930825245 ], [ 77.275885981211658, 24.201552096497071 ], [ 77.275893644313015, 24.201460387865886 ], [ 77.275903373880041, 24.201368844641067 ], [ 77.275915167601454, 24.201277504740286 ], [ 77.275929020179788, 24.201186409671692 ], [ 77.276139166973891, 24.200392348636363 ], [ 77.276349266720075, 24.199512044896132 ], [ 77.27635653717941, 24.199460543119475 ], [ 77.276360738828487, 24.199408754632948 ], [ 77.276361858489338, 24.199356832886771 ], [ 77.276359894791867, 24.199304932322693 ], [ 77.276354852273911, 24.199253207426459 ], [ 77.276346746320655, 24.199201810958343 ], [ 77.27633560216367, 24.199150895752165 ], [ 77.276321449005238, 24.19910061105838 ], [ 77.276304332746349, 24.199051110768366 ], [ 77.276184188307838, 24.198815085313925 ], [ 77.275851335830765, 24.198161187242913 ], [ 77.275256581337132, 24.196808640870593 ], [ 77.27493886028752, 24.195895678721758 ], [ 77.274907997012036, 24.195832864686075 ], [ 77.274874631846771, 24.195771134738351 ], [ 77.274838813253837, 24.195710575949953 ], [ 77.274800584844471, 24.195651267226804 ], [ 77.274760003998196, 24.195593289384366 ], [ 77.274717121217932, 24.195536721379987 ], [ 77.274671997853218, 24.195481640445966 ], [ 77.27462469430084, 24.195428120194332 ], [ 77.274575273902968, 24.195376235162477 ], [ 77.2742721308516, 24.194862176444072 ], [ 77.274259741331463, 24.194831251009042 ], [ 77.274152064747028, 24.194562493351899 ], [ 77.274139595656933, 24.194474642335251 ], [ 77.274121301380006, 24.194387653579511 ], [ 77.274097255846911, 24.194301850992556 ], [ 77.274067545819932, 24.194217554964883 ], [ 77.27403228274828, 24.194135077942498 ], [ 77.273991598789323, 24.194054728913255 ], [ 77.27394564488749, 24.193976807973037 ], [ 77.273894590790093, 24.193901604519727 ], [ 77.27383862995417, 24.19382939909633 ], [ 77.273239928035181, 24.192971794058224 ], [ 77.272818434174752, 24.192368022175536 ], [ 77.272169947387155, 24.191403279003652 ], [ 77.271227123319903, 24.19051595982496 ], [ 77.270202318692569, 24.189406472302835 ], [ 77.269302379484742, 24.188608378030995 ], [ 77.269236205733208, 24.188516818375298 ], [ 77.269160057156228, 24.188432031859811 ], [ 77.26907475172851, 24.1883549287585 ], [ 77.268981208586851, 24.188286337010233 ], [ 77.268880428395349, 24.188226995748824 ], [ 77.268773494475653, 24.188177539054436 ], [ 77.268661555052958, 24.188138499433443 ], [ 77.268545811555384, 24.18811029508581 ], [ 77.26842750974599, 24.188093230742126 ], [ 77.26827368837705, 24.188017208843895 ], [ 77.268118643974162, 24.187943310096689 ], [ 77.267962409861681, 24.187871551005809 ], [ 77.267805020380706, 24.187801944471516 ], [ 77.267646513745547, 24.18773451064925 ], [ 77.267486922351821, 24.187669259715079 ], [ 77.267326284413414, 24.187606211824519 ], [ 77.26716463429446, 24.187545377168814 ], [ 77.267002009272261, 24.187486770477371 ], [ 77.266337985813976, 24.187338751858913 ], [ 77.265835934261474, 24.187226835082807 ], [ 77.263789184650236, 24.18666455605084 ], [ 77.262788082027441, 24.186407453133651 ], [ 77.261670184543036, 24.186196787810051 ], [ 77.261774964319912, 24.190199989650193 ], [ 77.262114191622615, 24.191246261388901 ], [ 77.263329995155175, 24.192256997143318 ], [ 77.263966923045132, 24.193607298760096 ], [ 77.265082300445201, 24.19376981343968 ], [ 77.265176599201055, 24.194743243424405 ], [ 77.264299648157262, 24.194775135133209 ], [ 77.263711044197507, 24.194792694524864 ], [ 77.263067907265423, 24.194864868684576 ], [ 77.262597428185373, 24.196435137821279 ], [ 77.262132176124865, 24.197162077040282 ], [ 77.261550892212242, 24.197407404934989 ], [ 77.261005015999629, 24.19763778879603 ], [ 77.259577588595064, 24.197450861725141 ], [ 77.258736266334381, 24.19700967067007 ], [ 77.258127492191306, 24.196690424447063 ], [ 77.25764506443339, 24.196917877043571 ], [ 77.257281743522768, 24.196590442321877 ], [ 77.256196495297331, 24.193993889007608 ], [ 77.255240739060241, 24.191959503297678 ], [ 77.254724790403515, 24.192361542143356 ], [ 77.253357514960555, 24.193629656619791 ], [ 77.252780555778159, 24.194042770362319 ], [ 77.25248327736908, 24.194322619319241 ], [ 77.252435316126338, 24.194373314781288 ], [ 77.252393102313604, 24.194428143025618 ], [ 77.252357056434676, 24.194486557207401 ], [ 77.252327537268698, 24.194547976590705 ], [ 77.252304838883106, 24.194611790138516 ], [ 77.252289186670538, 24.194677359191569 ], [ 77.252280738185107, 24.194744033732977 ], [ 77.252279577275232, 24.194811147826929 ], [ 77.25228571492849, 24.194878034979748 ], [ 77.252296468548494, 24.194931719776442 ], [ 77.252309464153896, 24.194984987253033 ], [ 77.252324684770585, 24.195037755086013 ], [ 77.252342104489117, 24.195089949012708 ], [ 77.252361700411086, 24.195141488470608 ], [ 77.252383441703671, 24.19519229915926 ], [ 77.252407297550235, 24.195242304971675 ], [ 77.252433231193507, 24.195291433368297 ], [ 77.252461205900531, 24.195339609100095 ], [ 77.252978344344839, 24.196300888058168 ], [ 77.25300403296616, 24.196360676128631 ], [ 77.25302559919308, 24.196421819160811 ], [ 77.253042958528894, 24.196484078963561 ], [ 77.253056041294982, 24.196547212039295 ], [ 77.25306479852226, 24.196610971435234 ], [ 77.253069195050784, 24.196675107594142 ], [ 77.25306921442845, 24.196739371101149 ], [ 77.253064854988992, 24.196803510847602 ], [ 77.25305613575982, 24.196867274075977 ], [ 77.253118287353971, 24.197629750266888 ], [ 77.253134203584423, 24.197693931028493 ], [ 77.253155043391715, 24.197756914679914 ], [ 77.25318069938028, 24.197818383368261 ], [ 77.253211044362686, 24.19787802992785 ], [ 77.253245924540806, 24.197935549699171 ], [ 77.253285165265893, 24.197990656830779 ], [ 77.25332856819125, 24.198043072516022 ], [ 77.25337591613787, 24.198092531352547 ], [ 77.253426967137358, 24.198138786716243 ], [ 77.25393015419904, 24.198673067161657 ], [ 77.253945880584524, 24.19868169552274 ], [ 77.253986956313938, 24.198704235455889 ], [ 77.254041277526852, 24.198738926333846 ], [ 77.254092857414847, 24.198776973424813 ], [ 77.254141449453869, 24.198818197819072 ], [ 77.254186824046016, 24.198862399962064 ], [ 77.254228763498247, 24.198909370454718 ], [ 77.254267066010129, 24.198958884664414 ], [ 77.25430155155702, 24.199010705479399 ], [ 77.254332052995679, 24.199064586853858 ], [ 77.254380145702243, 24.199159492187373 ], [ 77.254421171814897, 24.199257149011508 ], [ 77.2544549443015, 24.199357114229116 ], [ 77.254481310656473, 24.199458937779795 ], [ 77.254500151965502, 24.199562157213222 ], [ 77.254511383833488, 24.199666304018837 ], [ 77.254514954366286, 24.199770909029496 ], [ 77.254510846189646, 24.199875497017867 ], [ 77.254499080322887, 24.19997959395133 ], [ 77.254495651411474, 24.200040646389542 ], [ 77.254488366930246, 24.200101413806138 ], [ 77.254477251387868, 24.200161690452607 ], [ 77.254462343037545, 24.200221275201262 ], [ 77.254443689987454, 24.200279966096112 ], [ 77.254421356059794, 24.200337565816799 ], [ 77.254395417861431, 24.200393878946823 ], [ 77.254365959811423, 24.200448717354838 ], [ 77.254333085005257, 24.200501896664619 ], [ 77.254272689856592, 24.200556284971256 ], [ 77.254211896298145, 24.200610297181548 ], [ 77.254150704371014, 24.200663928779257 ], [ 77.254089118990279, 24.200717180704675 ], [ 77.254027140180696, 24.200770050247787 ], [ 77.253964772914813, 24.200822532026766 ], [ 77.253902020154953, 24.200874625160584 ], [ 77.253838884879841, 24.200926326961767 ], [ 77.253775368074258, 24.200977637437422 ], [ 77.252344101864892, 24.201692548818624 ], [ 77.253195259399703, 24.202541107514712 ], [ 77.255761908541686, 24.203491490622696 ], [ 77.257078367069312, 24.20406883318163 ], [ 77.258591534338464, 24.203124290331221 ], [ 77.259723257501435, 24.203936358952845 ], [ 77.260598397241651, 24.205348572720833 ], [ 77.261525002928892, 24.20654431908623 ], [ 77.262002645686351, 24.207761358938193 ], [ 77.262503518938445, 24.210244791484875 ], [ 77.26290096575039, 24.210389085619202 ], [ 77.26398628613218, 24.211066782642909 ], [ 77.264750609095955, 24.213845454054873 ], [ 77.265287744397767, 24.216211809975349 ], [ 77.265463771232149, 24.217555053109777 ], [ 77.264626975652419, 24.218612932947341 ], [ 77.263152960876837, 24.218921863373435 ], [ 77.262090229438783, 24.219555132690314 ], [ 77.261096476546996, 24.219498349920414 ], [ 77.259876076980305, 24.219134373277203 ], [ 77.259693216127275, 24.218770536726375 ], [ 77.258599426566036, 24.21809916596078 ], [ 77.257617548486721, 24.21734951098081 ], [ 77.256941387335075, 24.217010514614376 ], [ 77.256255405284278, 24.216666589304619 ], [ 77.254797197966894, 24.216081738860179 ], [ 77.254137448509965, 24.215135540201601 ], [ 77.254132419169409, 24.21486020836468 ], [ 77.25395254194143, 24.214527066958286 ], [ 77.252937028596477, 24.213015603197174 ], [ 77.252144460776833, 24.211514840257649 ], [ 77.25090928667916, 24.210259245590159 ], [ 77.249956861506661, 24.209776812398083 ], [ 77.24840568132251, 24.209093266019835 ], [ 77.24789290995227, 24.208109298209912 ], [ 77.247162081399537, 24.20789183598405 ], [ 77.246373797420034, 24.207657015223191 ], [ 77.245900843254873, 24.207341921003945 ], [ 77.245603102665683, 24.20746421609855 ], [ 77.244489599816916, 24.207591562644467 ], [ 77.24390803707044, 24.207581266887107 ], [ 77.243117088331701, 24.207567261349684 ], [ 77.241826811274649, 24.207383076403787 ], [ 77.240515357050825, 24.207120860602927 ], [ 77.239663586356428, 24.20756039277676 ], [ 77.239215850283941, 24.207664012649804 ], [ 77.238838060055002, 24.207635896678394 ], [ 77.238090105633972, 24.207266130949584 ], [ 77.237306849430141, 24.20685743063731 ], [ 77.237013186539201, 24.206957443463264 ], [ 77.236412105881115, 24.207324710732301 ], [ 77.235754375510282, 24.207815492969598 ], [ 77.235061615319026, 24.208036412739869 ], [ 77.234532573944875, 24.208126667941492 ], [ 77.234167640908638, 24.208204218073053 ], [ 77.234089870806955, 24.208475770708361 ], [ 77.233938835594131, 24.208960340790433 ], [ 77.233733922706193, 24.209173282479671 ], [ 77.233440831487144, 24.209344472364098 ], [ 77.233012936078751, 24.209338194304429 ], [ 77.232479926456378, 24.209165987215393 ], [ 77.23205109766171, 24.208878350047108 ], [ 77.232024870253056, 24.209159611752352 ], [ 77.231808450108204, 24.209957785062404 ], [ 77.232360319618266, 24.210133745939572 ], [ 77.232310423697768, 24.210464990061102 ], [ 77.232074368021117, 24.21158169805059 ], [ 77.23182469492032, 24.212336659954065 ], [ 77.231710708405799, 24.21295795698698 ], [ 77.231580769743601, 24.213650870338313 ], [ 77.232170173882309, 24.214219263623708 ], [ 77.232634777096607, 24.214346589899385 ], [ 77.234038884944297, 24.214633533499068 ], [ 77.235501206204788, 24.215030906819752 ], [ 77.236327034484489, 24.215369908308531 ], [ 77.237082117242963, 24.215772550890193 ], [ 77.237737017489138, 24.216420242810297 ], [ 77.238267571252322, 24.217021035897702 ], [ 77.237971685457296, 24.217555835623219 ], [ 77.237137827028775, 24.218734077341406 ], [ 77.238343548443027, 24.219600785946149 ], [ 77.239128500132153, 24.22043967625002 ], [ 77.239969724903489, 24.221564804264776 ], [ 77.239203561549118, 24.222111289361923 ], [ 77.239529240486078, 24.222821779314625 ], [ 77.239955212978543, 24.223211757980557 ], [ 77.24109124980734, 24.223420781409395 ], [ 77.241965378703782, 24.223427528248891 ], [ 77.242132683207743, 24.22326309676302 ], [ 77.242279974919526, 24.222815400976415 ], [ 77.242484829005193, 24.222665069769413 ], [ 77.242954937599237, 24.222782565761385 ], [ 77.24348974768624, 24.222854832612452 ], [ 77.243803964137498, 24.223058278885475 ], [ 77.244007128107, 24.223206352857062 ], [ 77.244157706273313, 24.223870641114441 ], [ 77.244215521817594, 24.224460533133485 ], [ 77.244286487698176, 24.224832465363978 ], [ 77.244194500806302, 24.225550066573543 ], [ 77.243975344566209, 24.226473562713011 ], [ 77.243971996186971, 24.226839113953268 ], [ 77.244201273561728, 24.227452655816627 ], [ 77.245223075836577, 24.228553768684954 ], [ 77.24579635207013, 24.228951104742624 ], [ 77.246599236146267, 24.22877417069553 ], [ 77.24748830293305, 24.228506064168897 ], [ 77.248074114538667, 24.228455228495015 ], [ 77.249996963069279, 24.228746554261374 ], [ 77.249980411528156, 24.228408779248305 ], [ 77.251494694971782, 24.229362927883322 ], [ 77.251637128461553, 24.229617676037158 ], [ 77.251670388017544, 24.229687617479041 ], [ 77.251698041552629, 24.229759583477495 ], [ 77.251719942799866, 24.229833194467599 ], [ 77.251735975079086, 24.229908066594049 ], [ 77.251746058232058, 24.229983807248239 ], [ 77.251750136779961, 24.230060017687244 ], [ 77.251748189706277, 24.230136300334426 ], [ 77.251772346523992, 24.230717738581099 ], [ 77.251773541053112, 24.230736811946862 ], [ 77.251779070224046, 24.23076174785411 ], [ 77.251789167058874, 24.230785448791497 ], [ 77.251801489555348, 24.230804642540903 ], [ 77.251814478249557, 24.230819575488457 ], [ 77.252365787140235, 24.231304121211419 ], [ 77.253054647909707, 24.232027139279815 ], [ 77.25308037282359, 24.232042906514817 ], [ 77.253102541827118, 24.232062702012847 ], [ 77.253120415318904, 24.232085863482194 ], [ 77.253133398493475, 24.232111619545179 ], [ 77.253141058888772, 24.23213910974307 ], [ 77.253143138853915, 24.232167421663092 ], [ 77.253139570175193, 24.23219560730805 ], [ 77.253169598757637, 24.232855065094089 ], [ 77.25323309679689, 24.233766917412549 ], [ 77.2532337981513, 24.233776989138903 ], [ 77.25325322992866, 24.234134554600242 ], [ 77.253261294334351, 24.234167783312142 ], [ 77.253266522597855, 24.234201486211528 ], [ 77.253268887016645, 24.23423545986272 ], [ 77.253268369753826, 24.23426949909901 ], [ 77.25326497562547, 24.234303398926635 ], [ 77.253258725206521, 24.234336954472045 ], [ 77.253249655782753, 24.234369964602266 ], [ 77.253237822335876, 24.234402231932314 ], [ 77.253223294629777, 24.234433558286845 ], [ 77.252881206558328, 24.235077581906317 ], [ 77.252870295734397, 24.235103800179413 ], [ 77.252854344657194, 24.235127748058989 ], [ 77.252833893512118, 24.235148622197428 ], [ 77.252809627351439, 24.235165719708718 ], [ 77.252782364028903, 24.235178465173139 ], [ 77.252753021524526, 24.235186429355146 ], [ 77.252722584317112, 24.23518934430097 ], [ 77.252692079646891, 24.23518711399629 ], [ 77.252662532241388, 24.235179810406628 ], [ 77.252314264833643, 24.235170962134603 ], [ 77.251492430712631, 24.235150077573845 ], [ 77.249962737461829, 24.235118655387787 ], [ 77.249978627330464, 24.235387797725995 ], [ 77.248337209131989, 24.235549942633828 ], [ 77.248066561145677, 24.236220949086075 ], [ 77.247875861013554, 24.237083603737524 ], [ 77.247740119186602, 24.237373336389215 ], [ 77.247283608025768, 24.237473008232783 ], [ 77.246455443828282, 24.237349394169364 ], [ 77.246179548097544, 24.237290993079487 ], [ 77.245743452595903, 24.237145758517112 ], [ 77.245486351106507, 24.234932509263288 ], [ 77.244521435557886, 24.234800413797 ], [ 77.243299709957071, 24.234547501044599 ], [ 77.242789596750583, 24.234952288906712 ], [ 77.240189436417253, 24.237954077641181 ], [ 77.23941194933991, 24.237690313035269 ], [ 77.238240807332616, 24.237317232785472 ], [ 77.237450952139426, 24.236882523234463 ], [ 77.236990865772668, 24.236457295670817 ], [ 77.236567776901509, 24.23602534382281 ], [ 77.236367015063863, 24.235590673202655 ], [ 77.236582751150351, 24.234792322235364 ], [ 77.237370328720971, 24.231942383296424 ], [ 77.237609132201698, 24.230971422905519 ], [ 77.237591845379939, 24.230678316756102 ], [ 77.236787853892693, 24.230090716420598 ], [ 77.235954097794519, 24.229349566759776 ], [ 77.235465323219998, 24.228625178353987 ], [ 77.23534965638737, 24.228269061769179 ], [ 77.235167052997809, 24.228005267057604 ], [ 77.234997221098553, 24.227790009785213 ], [ 77.234222234660351, 24.227261860884415 ], [ 77.233969956291574, 24.227156399082396 ], [ 77.233735267989232, 24.227198054573918 ], [ 77.233541268856797, 24.227169373777244 ], [ 77.233442336597605, 24.227101409320781 ], [ 77.233403527688708, 24.227006122927286 ], [ 77.233541206859257, 24.226453806039604 ], [ 77.233508358427486, 24.226132829162868 ], [ 77.23325856118359, 24.226060904733593 ], [ 77.232963809880175, 24.226082376826778 ], [ 77.232631881962604, 24.226268365144385 ], [ 77.232008680340101, 24.226713632873032 ], [ 77.231682890017296, 24.226793256398953 ], [ 77.231631052063889, 24.226782766698374 ], [ 77.231333668705105, 24.226722591622405 ], [ 77.231114779877913, 24.22656490480362 ], [ 77.230601789363376, 24.226178736580234 ], [ 77.230159574123732, 24.225775134422562 ], [ 77.22991646916698, 24.225613638948477 ], [ 77.229778983024204, 24.225568797411253 ], [ 77.229678510278092, 24.225540928507289 ], [ 77.229601251193941, 24.225574333929703 ], [ 77.22920823691689, 24.225690617862409 ], [ 77.22832010022789, 24.225898225556207 ], [ 77.227986661474006, 24.225967840699415 ], [ 77.227745175905042, 24.225911809164057 ], [ 77.227256354993969, 24.225547638602418 ], [ 77.226817089469293, 24.225145339022092 ], [ 77.226639569529794, 24.225004902740778 ], [ 77.226405174776076, 24.224980235362782 ], [ 77.226382106906527, 24.224980799262077 ], [ 77.225739339357673, 24.224996500430091 ], [ 77.22496915540286, 24.225014389013392 ], [ 77.22456421134811, 24.224945184869391 ], [ 77.224207770750567, 24.224804574928847 ], [ 77.223646714479727, 24.224423948890607 ], [ 77.22325730573624, 24.225182995221093 ], [ 77.222524726399968, 24.226777048515213 ], [ 77.222206503811861, 24.226746568719328 ], [ 77.221352479950923, 24.226623933791888 ], [ 77.220567142758881, 24.226384222971031 ], [ 77.21990586903064, 24.226179141687719 ], [ 77.219030496441647, 24.226765325412604 ], [ 77.218693065516931, 24.226922576821494 ], [ 77.218358553192559, 24.226768032992997 ], [ 77.217747965307112, 24.226275513228824 ], [ 77.217602889111419, 24.225926573816405 ], [ 77.217544500538253, 24.225523593327832 ], [ 77.217914543266019, 24.224679004388765 ], [ 77.218009517511973, 24.22432521005366 ], [ 77.217871818812114, 24.22412024575765 ], [ 77.21711314153697, 24.223602569241695 ], [ 77.215404415231475, 24.22258517061276 ], [ 77.21389815530965, 24.222431591512724 ], [ 77.211895252833912, 24.222019125733485 ], [ 77.211453169277561, 24.221841367940311 ], [ 77.211154847738811, 24.221414530851408 ], [ 77.210706873980953, 24.220514824501407 ], [ 77.21035837129115, 24.218984662104564 ], [ 77.210195332097612, 24.218662108412236 ], [ 77.207815241140906, 24.217748272220842 ], [ 77.205199389880065, 24.216361897122294 ], [ 77.203522014877478, 24.21788518794061 ], [ 77.203008195401821, 24.218258531069356 ], [ 77.202493871159746, 24.218632237738603 ], [ 77.202000439183223, 24.218774843568113 ], [ 77.20022943849655, 24.218947261090026 ], [ 77.199901103185283, 24.219192628929537 ], [ 77.199680299672252, 24.219830774570784 ], [ 77.19971125805516, 24.220456635275276 ], [ 77.200002471424042, 24.220881672812791 ], [ 77.200687490372573, 24.221292948185365 ], [ 77.201111878599164, 24.221478986271265 ], [ 77.202094222797896, 24.221672817823617 ], [ 77.202960400803065, 24.221792448896483 ], [ 77.203400740967012, 24.222060856779276 ], [ 77.203828797724185, 24.222654609697354 ], [ 77.204256199079495, 24.222990547126152 ], [ 77.204623111518316, 24.223218914756512 ], [ 77.205127047617324, 24.223268014728582 ], [ 77.205798653705742, 24.223149362307232 ], [ 77.206182398490441, 24.22289878634405 ], [ 77.206489661183411, 24.222519848859015 ], [ 77.206738778263031, 24.222194931113304 ], [ 77.207000251466951, 24.221864475048186 ], [ 77.209401456133946, 24.222278065257374 ], [ 77.20957616947409, 24.222879769797633 ], [ 77.210060562231988, 24.224481794859081 ], [ 77.21056650837339, 24.225624310566989 ], [ 77.210938263547192, 24.225993606184634 ], [ 77.211420896019533, 24.226346870699423 ], [ 77.211782846917856, 24.226451187033003 ], [ 77.211880616207893, 24.226449663936236 ], [ 77.212502663622075, 24.226439972439575 ], [ 77.21313396595977, 24.226429583834417 ], [ 77.213496076578735, 24.226516989309289 ], [ 77.21378278898051, 24.226772880975023 ], [ 77.214073639195902, 24.227242981267963 ], [ 77.214791629734648, 24.228768984817481 ], [ 77.215118974587426, 24.2292844587434 ], [ 77.215438406574037, 24.229332069846006 ], [ 77.21578239188544, 24.229385510020197 ], [ 77.216059349433905, 24.229370785671243 ], [ 77.216396685420349, 24.228821101021907 ], [ 77.216604934797488, 24.228494306571779 ], [ 77.216858766558019, 24.228321585793367 ], [ 77.217160272713841, 24.22831268978225 ], [ 77.217657608035452, 24.228412422219161 ], [ 77.217932717317936, 24.228594946529373 ], [ 77.218481931278575, 24.229341801119826 ], [ 77.219434895640603, 24.230713253639301 ], [ 77.221018049602804, 24.232635340783464 ], [ 77.221268461835038, 24.232828937466255 ], [ 77.220244718404999, 24.233102702864944 ], [ 77.219502100855024, 24.233381590952771 ], [ 77.218965198602845, 24.233563360665315 ], [ 77.218380457189809, 24.233598212220592 ], [ 77.217401186100346, 24.233720130810262 ], [ 77.216768184315384, 24.233653143684844 ], [ 77.216878982684719, 24.234302176983725 ], [ 77.217059296340636, 24.234754491611824 ], [ 77.21750988931035, 24.235240437980053 ], [ 77.218275697316969, 24.235579003906071 ], [ 77.220404328333004, 24.236227002179412 ], [ 77.221118170884637, 24.236500641998845 ], [ 77.220806386437246, 24.236949084232446 ], [ 77.219815452497357, 24.2382291008647 ], [ 77.219677783929555, 24.239135440894856 ], [ 77.219708945008961, 24.239750029668567 ], [ 77.219913417453995, 24.240296710704371 ], [ 77.220472199473647, 24.241067621640013 ], [ 77.220654408850834, 24.24199009516731 ], [ 77.220804242520941, 24.243081440979264 ], [ 77.220851863722174, 24.243910331524109 ], [ 77.220818339774993, 24.244052123093351 ], [ 77.220678498645611, 24.244643591009577 ], [ 77.2202522690432, 24.245485665933924 ], [ 77.219914066348423, 24.246016434397603 ], [ 77.21841957812623, 24.24595958255119 ], [ 77.216173324815884, 24.24383591489768 ], [ 77.215023636150917, 24.242916605794221 ], [ 77.214067139095306, 24.241917085841795 ], [ 77.213296028678087, 24.240840560141208 ], [ 77.213032187508873, 24.240267771174931 ], [ 77.212928088530575, 24.239447431355288 ], [ 77.212960426408173, 24.238723740085916 ], [ 77.213474485016874, 24.237565510906968 ], [ 77.213382355238551, 24.236922722821905 ], [ 77.213120964178444, 24.236468019922835 ], [ 77.212886335990248, 24.236266938937764 ], [ 77.212781170448253, 24.236195936770976 ], [ 77.21270752394382, 24.236022629014347 ], [ 77.212719264582333, 24.235716125785686 ], [ 77.212755151003606, 24.235340108384921 ], [ 77.212681358534567, 24.235076308746638 ], [ 77.212502459798358, 24.234898785719562 ], [ 77.212250058540619, 24.234781005279505 ], [ 77.211790938382919, 24.234794800568586 ], [ 77.211394911494622, 24.23466914462319 ], [ 77.211174628821439, 24.23449073147993 ], [ 77.211017467137481, 24.234168859216052 ], [ 77.210987553944179, 24.23365774384791 ], [ 77.21112140080244, 24.233327939660317 ], [ 77.211423631095101, 24.233043204845959 ], [ 77.211497462241326, 24.232887561386374 ], [ 77.211464593289321, 24.232771627140565 ], [ 77.211228125906942, 24.232670589443796 ], [ 77.210826035360057, 24.232731381480932 ], [ 77.210719657184256, 24.232722391734633 ], [ 77.210429888748351, 24.232697903769512 ], [ 77.210158410773758, 24.232581619905513 ], [ 77.209777732751832, 24.232485153224669 ], [ 77.208939040899608, 24.23324474585403 ], [ 77.208366671992536, 24.233449116094885 ], [ 77.207332927908226, 24.23348494373414 ], [ 77.206336295755918, 24.233461865916102 ], [ 77.204657835201857, 24.233422983944614 ], [ 77.204388927337064, 24.233648591552136 ], [ 77.202919327005475, 24.235067813880818 ], [ 77.200142063059545, 24.237682741151602 ], [ 77.199907506392762, 24.238220399650803 ], [ 77.199645587346453, 24.239119967473773 ], [ 77.199607077225437, 24.239341792998822 ], [ 77.199159921637005, 24.241917453886938 ], [ 77.198963953352987, 24.242500291163228 ], [ 77.198163885170231, 24.243694264698785 ], [ 77.197224646820018, 24.244809402692347 ], [ 77.196556103937993, 24.245473456569819 ], [ 77.19459742541126, 24.247070124458137 ], [ 77.19380741557427, 24.247661869841451 ], [ 77.194991335083373, 24.247750647509829 ], [ 77.196605263840837, 24.247669539327529 ], [ 77.197360524819985, 24.247576251730436 ], [ 77.198219505390298, 24.247483791957343 ], [ 77.200287902072688, 24.247089799661143 ], [ 77.201989782417954, 24.246748532937737 ], [ 77.203287862416914, 24.246648439877525 ], [ 77.204554485048376, 24.24635765490698 ], [ 77.20570683400453, 24.246160782750618 ], [ 77.206349998334588, 24.246129842709873 ], [ 77.207251436072553, 24.246188091868767 ], [ 77.208485485379569, 24.246495351416645 ], [ 77.209161780303461, 24.246731924268246 ], [ 77.209886187212149, 24.247131855926856 ], [ 77.210956881053065, 24.247997153580755 ], [ 77.211588965451611, 24.249002970488164 ], [ 77.212020486049482, 24.249777520301802 ], [ 77.212196617996483, 24.249995008179166 ], [ 77.212304783189509, 24.250177075929429 ], [ 77.212710153588205, 24.251482716830779 ], [ 77.21436168334337, 24.256891122064975 ], [ 77.216341048425292, 24.259527120224693 ], [ 77.216720825351715, 24.261898050660388 ], [ 77.216742905963983, 24.262035888982169 ], [ 77.216382051506443, 24.266516939910009 ], [ 77.216287512665318, 24.267053666361967 ], [ 77.218732363446904, 24.268414707944075 ], [ 77.220201878005227, 24.268654021030649 ], [ 77.221472492609379, 24.26919399593567 ], [ 77.221750340299806, 24.268194112972893 ], [ 77.222081887054102, 24.266862286129417 ], [ 77.222276260809878, 24.266280791697387 ], [ 77.223590320350567, 24.266127132629741 ], [ 77.22382615497169, 24.266429603971755 ], [ 77.225150895441132, 24.267534597918186 ], [ 77.22593361808525, 24.26677551540082 ], [ 77.225535878687822, 24.264655973151733 ], [ 77.22690881060899, 24.264350138797976 ], [ 77.227420687907966, 24.264754540963501 ], [ 77.228046138271523, 24.265092347866677 ], [ 77.229328927450013, 24.26510707117583 ], [ 77.229135581524034, 24.262016146851387 ], [ 77.230755423064707, 24.261057681497846 ], [ 77.231969015614482, 24.263439261378657 ], [ 77.232985597996162, 24.263729473602464 ], [ 77.232879764965233, 24.265392217469856 ], [ 77.232648801497461, 24.266233747252027 ], [ 77.234256285914867, 24.26675917030353 ], [ 77.236176990714242, 24.266640248667745 ], [ 77.236705082151957, 24.266094906578083 ], [ 77.23911174431484, 24.265505321393412 ], [ 77.240047413255596, 24.26346265961956 ], [ 77.240726576519307, 24.262327756113073 ], [ 77.242545184340926, 24.263018309057255 ], [ 77.243147051488179, 24.263458560798664 ], [ 77.24530491205158, 24.265036941813655 ], [ 77.246109422255699, 24.263970923029376 ], [ 77.247968275359796, 24.262542686731134 ], [ 77.24877032838026, 24.259891211042408 ], [ 77.24909408042393, 24.259470215897736 ], [ 77.250051161150651, 24.258225642906126 ], [ 77.251178368996321, 24.258373888666412 ], [ 77.251582789932556, 24.258521124130024 ], [ 77.250750939556767, 24.259902395073784 ], [ 77.250417119960375, 24.260665701754512 ], [ 77.249960113131394, 24.261720550326171 ], [ 77.249536827903441, 24.26245022255419 ], [ 77.248944462298681, 24.263471341147415 ], [ 77.248485833342073, 24.264581054651472 ], [ 77.247659799402626, 24.265408833931073 ], [ 77.246741118955796, 24.266421744205154 ], [ 77.248514508757111, 24.266776173876618 ], [ 77.250648787015422, 24.267136488893723 ], [ 77.251188520961477, 24.267095438333094 ], [ 77.252475798044273, 24.267481539361384 ], [ 77.252514404756752, 24.26749040917225 ], [ 77.253305245659902, 24.268425249129919 ], [ 77.253663846829355, 24.268437081618583 ], [ 77.253804623280814, 24.268466858016875 ], [ 77.253946824280987, 24.268490267584752 ], [ 77.254090105505384, 24.268507251685588 ], [ 77.254234124418232, 24.26851777156827 ], [ 77.254378532448769, 24.268521801984999 ], [ 77.254522981879632, 24.268519332147321 ], [ 77.254667124845383, 24.268510367524772 ], [ 77.254810616271953, 24.268494931673825 ], [ 77.254953108031557, 24.268473058967441 ], [ 77.255070409097797, 24.268465032334671 ], [ 77.25518787999134, 24.268459457329303 ], [ 77.255305459612956, 24.268456336194017 ], [ 77.255423084868582, 24.268455673866281 ], [ 77.255540697663875, 24.268457467192789 ], [ 77.255658233952289, 24.268461717491121 ], [ 77.255775634662456, 24.268468420697804 ], [ 77.255892838736187, 24.268477574540825 ], [ 77.2560097841382, 24.268489175837498 ], [ 77.256098019892121, 24.268552024881163 ], [ 77.256191276761385, 24.268608453311668 ], [ 77.256288998123821, 24.268658129907767 ], [ 77.256390603414118, 24.268700755782238 ], [ 77.256495489971655, 24.268736077944208 ], [ 77.256603033057047, 24.268763887493137 ], [ 77.256712592757253, 24.268784018768805 ], [ 77.256823520849565, 24.268796353016214 ], [ 77.256935153930428, 24.268800815623933 ], [ 77.256983051574977, 24.268812591283062 ], [ 77.257032380156744, 24.268817273153122 ], [ 77.257081893447193, 24.2688147388258 ], [ 77.257130346451703, 24.268805055579012 ], [ 77.257176518201135, 24.268788466099043 ], [ 77.257219244272093, 24.268765387825447 ], [ 77.257257449388945, 24.26873640326383 ], [ 77.257290169278832, 24.268702240281407 ], [ 77.257316581302646, 24.268663762404863 ], [ 77.257358440177626, 24.268589549187165 ], [ 77.257394707124476, 24.268512901605778 ], [ 77.257425213428093, 24.268434172438798 ], [ 77.257449816860031, 24.268353727310839 ], [ 77.257468405700919, 24.268271935691477 ], [ 77.257480894750273, 24.268189176283776 ], [ 77.257487224398574, 24.268105830695305 ], [ 77.25748736556082, 24.268022282571629 ], [ 77.257481320637254, 24.267938920314048 ], [ 77.257477271059443, 24.267824907309425 ], [ 77.257486018784661, 24.267711117416212 ], [ 77.257507465193498, 24.267598752058721 ], [ 77.257541386649606, 24.267489000866405 ], [ 77.257587422851344, 24.267383022618287 ], [ 77.257645090666671, 24.267281940832437 ], [ 77.257671702337589, 24.267245085668353 ], [ 77.257713774487499, 24.267186821112812 ], [ 77.257792752822084, 24.267098672255941 ], [ 77.257881188648739, 24.267018423597769 ], [ 77.257979992627426, 24.266952235667407 ], [ 77.258084123914387, 24.266893304049397 ], [ 77.258192943761372, 24.266841990572143 ], [ 77.258305797151166, 24.266798604554872 ], [ 77.258421992026328, 24.266763411682163 ], [ 77.258540826947169, 24.266736626085571 ], [ 77.258661575344874, 24.266718408417933 ], [ 77.258783506160242, 24.266708871429543 ], [ 77.258905876035172, 24.266708071779977 ], [ 77.25933633809737, 24.266732582548972 ], [ 77.259604222521347, 24.26675607810915 ], [ 77.260181729919196, 24.266323567246125 ], [ 77.260756735790793, 24.266044099433245 ], [ 77.261572133615246, 24.265543368527858 ], [ 77.261883736716243, 24.265067058663369 ], [ 77.262249748442471, 24.264137657936821 ], [ 77.262625495641657, 24.263550067396906 ], [ 77.26274119479757, 24.26311309394347 ], [ 77.262349550502009, 24.262556229321273 ], [ 77.261642024688001, 24.261899542133314 ], [ 77.263234984203962, 24.260818646094286 ], [ 77.264164874359338, 24.260570147806927 ], [ 77.265370073956646, 24.261274744884517 ], [ 77.265597192285441, 24.261330242600753 ], [ 77.265822167300982, 24.261247729275361 ], [ 77.266376392640154, 24.260810653564061 ], [ 77.266824896799548, 24.2601174592691 ], [ 77.267227803940457, 24.259560199091286 ], [ 77.267646354047855, 24.257920900093737 ], [ 77.26778879506486, 24.257530760627684 ], [ 77.268037213700595, 24.256850346541626 ], [ 77.268980235864376, 24.256927797135603 ], [ 77.270085420698166, 24.257030285063337 ], [ 77.270431363638423, 24.257131715579405 ], [ 77.27024289021945, 24.257489111459527 ], [ 77.270184534195508, 24.257875851733328 ], [ 77.270200251940835, 24.258417395741688 ], [ 77.270269700115961, 24.258707629389818 ], [ 77.270737074909761, 24.258984480108619 ], [ 77.271842240991106, 24.260043341820857 ], [ 77.272072101489954, 24.260332928778055 ], [ 77.272897345064081, 24.260018206574355 ], [ 77.272996232360654, 24.259978580863411 ], [ 77.273096724198368, 24.259942509577407 ], [ 77.273198669375915, 24.259910045769615 ], [ 77.273301914738667, 24.259881240672861 ], [ 77.273406302295484, 24.259856135548258 ], [ 77.27351167604229, 24.259834769866071 ], [ 77.273617876107409, 24.259817174938789 ], [ 77.273724740689772, 24.25980337754881 ], [ 77.273832111000289, 24.259793398179138 ], [ 77.273923359307148, 24.259765717330154 ], [ 77.274014258438214, 24.259737087227659 ], [ 77.27410479751498, 24.259707512306527 ], [ 77.274194963712887, 24.259676994277438 ], [ 77.274284745144143, 24.259645540277496 ], [ 77.274374131947667, 24.25961315113641 ], [ 77.274463111242639, 24.259579834887109 ], [ 77.274551671205828, 24.259545591441398 ], [ 77.274639799949639, 24.259510427936466 ], [ 77.274802623680287, 24.259447007085985 ], [ 77.27496727658729, 24.259387685050285 ], [ 77.275133633146879, 24.259332508752376 ], [ 77.275301573811291, 24.259281517934923 ], [ 77.275470970159375, 24.259234753177651 ], [ 77.275641694828153, 24.259192246939783 ], [ 77.275813624395866, 24.259154031710796 ], [ 77.275986626615506, 24.259120135398234 ], [ 77.276160575175226, 24.259090583245129 ], [ 77.276243060892952, 24.259070897402051 ], [ 77.276326305831375, 24.259054120155351 ], [ 77.276410191548337, 24.259040276809259 ], [ 77.276494594708481, 24.259029389018838 ], [ 77.276579388108615, 24.259021470281336 ], [ 77.27666445243463, 24.259016533250229 ], [ 77.27674965954678, 24.259014585997051 ], [ 77.276834885285993, 24.259015632107307 ], [ 77.276920005557713, 24.259019667941484 ], [ 77.277010431764381, 24.25903478445192 ], [ 77.277098906396319, 24.259057631399752 ], [ 77.277184645107326, 24.259088005106836 ], [ 77.277266887771361, 24.259125637046402 ], [ 77.277344907356039, 24.259170193005701 ], [ 77.277418008880829, 24.259221279400652 ], [ 77.277485545186693, 24.259278442490537 ], [ 77.277546919826733, 24.259341175624741 ], [ 77.277601587050256, 24.259408921049005 ], [ 77.277646272312992, 24.259449921407537 ], [ 77.277688195592205, 24.259493303634706 ], [ 77.277727206554474, 24.259538912156373 ], [ 77.277763165774573, 24.259586583350853 ], [ 77.277795942773082, 24.259636144631397 ], [ 77.277816428495896, 24.259671782852312 ], [ 77.277825418931641, 24.259687418983681 ], [ 77.27785148949539, 24.259740221368148 ], [ 77.277874060593547, 24.25979436140722 ], [ 77.277893050216647, 24.259849644296029 ], [ 77.277939590732657, 24.259962431060121 ], [ 77.278166627253057, 24.260262376001084 ], [ 77.278255462289593, 24.260376736574909 ], [ 77.278341358724305, 24.260492969157344 ], [ 77.278424271815652, 24.260611008386419 ], [ 77.278504155820173, 24.260730790699068 ], [ 77.278580965995147, 24.260852250733059 ], [ 77.278654661529757, 24.260975324058823 ], [ 77.278725200683795, 24.261099939917052 ], [ 77.278792547595089, 24.261226031205346 ], [ 77.278856663429679, 24.261353532605167 ], [ 77.278958778678643, 24.261511911242167 ], [ 77.279065703251277, 24.261667599872347 ], [ 77.279177349557713, 24.261820478605916 ], [ 77.279293631031891, 24.26197042304408 ], [ 77.279414457085522, 24.262117317790334 ], [ 77.279539728254321, 24.262261048284614 ], [ 77.279669351976665, 24.262401499115168 ], [ 77.279803223835387, 24.262538558394628 ], [ 77.279941237369329, 24.262672122348903 ], [ 77.280009549975048, 24.262735269501654 ], [ 77.280083378062429, 24.262792966268421 ], [ 77.280162205053969, 24.262844805944312 ], [ 77.280245480440243, 24.262890430345038 ], [ 77.280279958414866, 24.262905895520376 ], [ 77.28033261990052, 24.262929516260098 ], [ 77.280423017957403, 24.262961792708435 ], [ 77.28051604016018, 24.262987033654863 ], [ 77.280611037822311, 24.263005062636104 ], [ 77.280707347020723, 24.263015754560222 ], [ 77.280869849370319, 24.263015525933287 ], [ 77.281032314080022, 24.263012215966061 ], [ 77.281194668236978, 24.263005824113833 ], [ 77.281356841827716, 24.262996356176501 ], [ 77.28151876882751, 24.262983812564638 ], [ 77.281680378213608, 24.262968201780755 ], [ 77.281841599972793, 24.262949529625644 ], [ 77.282002365068919, 24.262927802810779 ], [ 77.282162607381338, 24.262903032585793 ], [ 77.282269968663812, 24.262882548210261 ], [ 77.282376791189748, 24.262859822461028 ], [ 77.282483018712142, 24.262834864854966 ], [ 77.282588597883361, 24.262807691253347 ], [ 77.282693472432641, 24.262778313882809 ], [ 77.28279758900463, 24.262746749508 ], [ 77.282900890319681, 24.262713013058036 ], [ 77.283003324985145, 24.262677122215695 ], [ 77.283104839614239, 24.26263909735869 ], [ 77.283290242744442, 24.262551106453248 ], [ 77.284591785361371, 24.26206868647051 ], [ 77.284395827865211, 24.261803392085664 ], [ 77.283199304811248, 24.261944292319516 ], [ 77.282771873623901, 24.261284187752405 ], [ 77.282207595853009, 24.261437656502522 ], [ 77.281603102108591, 24.260793283395262 ], [ 77.280943861736645, 24.260880360982419 ], [ 77.280632593258616, 24.259919712501571 ], [ 77.280459304594856, 24.259662735109863 ], [ 77.280164160162514, 24.25877874330703 ], [ 77.279633299611959, 24.257755861936872 ], [ 77.280197428164811, 24.25762395473232 ], [ 77.28096539346565, 24.257477760328971 ], [ 77.281756454125798, 24.25759073305839 ], [ 77.282336797858349, 24.257563648385492 ], [ 77.282804083268132, 24.257559413795278 ], [ 77.283078468029302, 24.257553605579819 ], [ 77.283143538241873, 24.25795298844837 ], [ 77.28326789776068, 24.258108364326386 ], [ 77.283594947031062, 24.257964206489635 ], [ 77.283989105924789, 24.258090667942302 ], [ 77.284209898722196, 24.258327912091961 ], [ 77.284473901817094, 24.258493248770293 ], [ 77.284740426339141, 24.258790359454604 ], [ 77.285046543125461, 24.259238337701603 ], [ 77.285249578078918, 24.259336977149886 ], [ 77.285499005208379, 24.259407522548493 ], [ 77.285973529492281, 24.259456458868662 ], [ 77.28665105107595, 24.259493726855407 ], [ 77.287141973590238, 24.259751956825141 ], [ 77.287584101346781, 24.260058055078328 ], [ 77.287671725579827, 24.260118719292212 ], [ 77.28794551567394, 24.260301834085475 ], [ 77.288181958234375, 24.260298306694679 ], [ 77.288555845477902, 24.260227010017314 ], [ 77.288921138993388, 24.259931645870733 ], [ 77.289639148228275, 24.259349941396209 ], [ 77.289892127586043, 24.259191818985933 ], [ 77.290527434730137, 24.259252403302941 ], [ 77.290948024667586, 24.259394770541725 ], [ 77.291157430145546, 24.259351064397748 ], [ 77.291487136345296, 24.259226379880825 ], [ 77.291700533806548, 24.259145680290313 ], [ 77.292460121477617, 24.258844515325297 ], [ 77.293140609639451, 24.258802921247081 ], [ 77.293324635306064, 24.25894911520971 ], [ 77.293516587084014, 24.259203980133904 ], [ 77.29352524084257, 24.259495087073315 ], [ 77.292426640375012, 24.260037042033332 ], [ 77.292621784238747, 24.260218708233985 ], [ 77.292870780436857, 24.260369006683497 ], [ 77.293558084356519, 24.260819324327962 ], [ 77.293967182249887, 24.260765794155812 ], [ 77.294630098289872, 24.260999651969417 ], [ 77.294841008764479, 24.260791490222374 ], [ 77.295061022802969, 24.260602524673608 ], [ 77.295293601340802, 24.26051239276164 ], [ 77.295875910752784, 24.260177346798823 ], [ 77.296527336882178, 24.259968725158998 ], [ 77.297128083440185, 24.259634021357346 ], [ 77.297798311440019, 24.259966213510861 ], [ 77.298578634883938, 24.260387049025798 ], [ 77.29945159658044, 24.261048379120073 ], [ 77.300157080154833, 24.261693432598861 ], [ 77.300433279093312, 24.262068136098783 ], [ 77.300535511288359, 24.262253197592734 ], [ 77.300265893224463, 24.26258703561431 ], [ 77.301913325900969, 24.262765405633598 ], [ 77.302831696015573, 24.262864830277163 ], [ 77.302951975682475, 24.262802388813544 ], [ 77.303074922156512, 24.262744477486116 ], [ 77.303200333610647, 24.262691194165747 ], [ 77.303328003379903, 24.262642626753024 ], [ 77.303457720930638, 24.262598854991715 ], [ 77.303589270875221, 24.262559950461807 ], [ 77.303722435903865, 24.262525979310535 ], [ 77.303856996847401, 24.262496995026982 ], [ 77.303992730628224, 24.262473047459622 ], [ 77.304144280882085, 24.262448548899727 ], [ 77.304296484790385, 24.26242772748305 ], [ 77.304449235836017, 24.262410597783777 ], [ 77.304602426509078, 24.262397175272557 ], [ 77.304755950363585, 24.262387466395957 ], [ 77.304909699960476, 24.262381478496948 ], [ 77.305063568877586, 24.262379215313391 ], [ 77.305217450692524, 24.262380680583707 ], [ 77.305371235113114, 24.262385869889304 ], [ 77.305511185586809, 24.262331852674407 ], [ 77.305650717187405, 24.262276933556947 ], [ 77.305789823977861, 24.262221115204412 ], [ 77.305928497073666, 24.262164399359381 ], [ 77.306066732484695, 24.262106791413228 ], [ 77.306204521342181, 24.262048291302243 ], [ 77.306341857701469, 24.261988902597079 ], [ 77.306478733639764, 24.261928629757204 ], [ 77.306615144213396, 24.261867474554069 ], [ 77.306775694928504, 24.261799553213486 ], [ 77.306940695604453, 24.261741285334406 ], [ 77.307109457477424, 24.261692913362168 ], [ 77.307281278356044, 24.261654638098499 ], [ 77.307455436678424, 24.261626622271436 ], [ 77.307631205389683, 24.261608980701109 ], [ 77.307807849892356, 24.261601789317325 ], [ 77.307984632064446, 24.261605076156492 ], [ 77.308160813151247, 24.26161882860869 ], [ 77.308325121015557, 24.261624344513418 ], [ 77.308489506041994, 24.261627326349984 ], [ 77.30865392288834, 24.261627775593794 ], [ 77.308818324281233, 24.261625689190591 ], [ 77.3089826648784, 24.261621068616204 ], [ 77.309146897351624, 24.261613917138806 ], [ 77.309310974411858, 24.261604233510933 ], [ 77.309474851662955, 24.261592023732078 ], [ 77.309638481800221, 24.261577288361558 ], [ 77.309823315640529, 24.261569942889544 ], [ 77.310008034693965, 24.261560491838562 ], [ 77.310192613314086, 24.261548937731845 ], [ 77.310242644797313, 24.26154523180244 ], [ 77.310377020960033, 24.261535279444239 ], [ 77.310561227043991, 24.261519521269836 ], [ 77.310745206904798, 24.261501665739321 ], [ 77.310928929978203, 24.261481714437561 ], [ 77.311112369624936, 24.261459670784372 ], [ 77.311295494280131, 24.261435538164047 ], [ 77.311436137327675, 24.261399022249449 ], [ 77.311578334031779, 24.261367969370699 ], [ 77.311721829757957, 24.261342433673899 ], [ 77.311866370927902, 24.261322461184882 ], [ 77.312011702079388, 24.261308087981092 ], [ 77.312157564904552, 24.261299337475212 ], [ 77.31230369818708, 24.261296227640255 ], [ 77.312449846754362, 24.261298761139493 ], [ 77.312595748568867, 24.261306936974233 ], [ 77.312763937772274, 24.26132184633331 ], [ 77.312932912124651, 24.261321479502264 ], [ 77.313101023266512, 24.26130584167678 ], [ 77.313266632396818, 24.261275086258049 ], [ 77.313428128047534, 24.261229510465959 ], [ 77.31358393589889, 24.261169559925843 ], [ 77.313732536615902, 24.261095817055264 ], [ 77.313872483567451, 24.261009002998055 ], [ 77.314002411826934, 24.260909962333788 ], [ 77.314129872394133, 24.260824690528107 ], [ 77.314261005475856, 24.260744235047735 ], [ 77.314395593181203, 24.26066872978835 ], [ 77.314533416729446, 24.260598297801224 ], [ 77.314674246543973, 24.260533057543661 ], [ 77.31481529624152, 24.260474180177617 ], [ 77.314963990424502, 24.260418568126404 ], [ 77.315112428009741, 24.260369509695089 ], [ 77.31526291500559, 24.260326019002804 ], [ 77.315421662490209, 24.260267585357209 ], [ 77.315583228161486, 24.260216052735956 ], [ 77.315747255427539, 24.260171532356349 ], [ 77.315913381888677, 24.260134123652872 ], [ 77.316081241353942, 24.260103908873038 ], [ 77.316250462832286, 24.260080955779284 ], [ 77.31642067352675, 24.260065313155057 ], [ 77.316588421700402, 24.260057166482198 ], [ 77.316762560163937, 24.260056083923601 ], [ 77.316812209956865, 24.260053718858618 ], [ 77.316861687683698, 24.260049252527292 ], [ 77.316910886861592, 24.260042694095226 ], [ 77.316959702954648, 24.260034055451911 ], [ 77.31700803232674, 24.260023358428999 ], [ 77.317055768402042, 24.260010623030574 ], [ 77.317102812408166, 24.259995878349496 ], [ 77.317149062601985, 24.259979155263828 ], [ 77.317194420156994, 24.259960489188892 ], [ 77.317251847693029, 24.259937433051341 ], [ 77.317310761176302, 24.259917780158595 ], [ 77.317370922478219, 24.259901611884843 ], [ 77.317432084744254, 24.25988899328345 ], [ 77.317498743561018, 24.259879566650024 ], [ 77.31755641746922, 24.259874595711878 ], [ 77.317619082027278, 24.259872875407172 ], [ 77.317681738710704, 24.259874821224066 ], [ 77.317744132413097, 24.259880426803157 ], [ 77.317872673883727, 24.25988127155745 ], [ 77.318001093378626, 24.259886450818904 ], [ 77.318129217604124, 24.25989595430412 ], [ 77.318256875244458, 24.259909770841446 ], [ 77.318383893090939, 24.259927880213709 ], [ 77.31849066100034, 24.259946814231025 ], [ 77.318510097950067, 24.259950260397964 ], [ 77.318635319668672, 24.259976879458399 ], [ 77.318759390094442, 24.260007701861088 ], [ 77.318882139158461, 24.260042685736195 ], [ 77.318980937657855, 24.26008655151654 ], [ 77.319079012392805, 24.26013176053144 ], [ 77.31917634277049, 24.260178301794884 ], [ 77.319272907189813, 24.260226167023522 ], [ 77.319368684088204, 24.260275343418048 ], [ 77.31946365187197, 24.260325821791916 ], [ 77.319557789955738, 24.260377590256155 ], [ 77.319651076768807, 24.26043063691483 ], [ 77.319743492695196, 24.260484951692451 ], [ 77.319844392750355, 24.2605405912214 ], [ 77.319949208349939, 24.260589771029313 ], [ 77.320057449833357, 24.260632261769896 ], [ 77.320168607586709, 24.260667862857414 ], [ 77.320282160854916, 24.26069640885277 ], [ 77.320397579751287, 24.260717764962411 ], [ 77.320514321286282, 24.260731830622369 ], [ 77.320631840189122, 24.260738541383013 ], [ 77.320749583035948, 24.260737864350535 ], [ 77.320835554690831, 24.260738482949886 ], [ 77.320921288006787, 24.260744379157018 ], [ 77.321006397018692, 24.260755526708046 ], [ 77.321090499926015, 24.26077187317615 ], [ 77.321173221994016, 24.260793346315253 ], [ 77.321254190658664, 24.260819850411718 ], [ 77.321333038481839, 24.260851266305608 ], [ 77.321409416935552, 24.260887452392982 ], [ 77.321482980631686, 24.260928245415659 ], [ 77.32152482465132, 24.260953970838493 ], [ 77.321569141226178, 24.260975940363384 ], [ 77.321615533032599, 24.260993956932982 ], [ 77.321663577807882, 24.26100785943979 ], [ 77.321712846098492, 24.261017521047716 ], [ 77.321762889376558, 24.26102285633246 ], [ 77.321813260790066, 24.261023814204876 ], [ 77.32186350422603, 24.261020389574576 ], [ 77.321913165263169, 24.26101260988014 ], [ 77.321956941935539, 24.261008477503328 ], [ 77.322000949523485, 24.261008327307064 ], [ 77.322044758444889, 24.261012163425082 ], [ 77.322087939488711, 24.261019946639315 ], [ 77.322130071641936, 24.261031600758724 ], [ 77.32217074308231, 24.261047011723232 ], [ 77.322209555095327, 24.261066030341517 ], [ 77.322246129001371, 24.261088468727902 ], [ 77.322280108048417, 24.261114109348249 ], [ 77.32237461159481, 24.26116804649201 ], [ 77.322461439181808, 24.261231912646878 ], [ 77.322539358197616, 24.261304801147872 ], [ 77.322607258323814, 24.261385674339543 ], [ 77.322664175994234, 24.261473383621322 ], [ 77.322709300229164, 24.261566678521277 ], [ 77.322741991106994, 24.261664235731189 ], [ 77.322761781674259, 24.261764666345677 ], [ 77.322768392485244, 24.261866543966185 ], [ 77.322789835753085, 24.261942631790355 ], [ 77.322817753408103, 24.262016933528791 ], [ 77.322851970096409, 24.262088988173325 ], [ 77.322892272933814, 24.262158345283932 ], [ 77.322938412382868, 24.262224577640389 ], [ 77.322990100374739, 24.262287270390082 ], [ 77.32304701611956, 24.262346032832063 ], [ 77.323108805082768, 24.26240050292586 ], [ 77.323175082987049, 24.262450340094684 ], [ 77.323236180128688, 24.262485728058543 ], [ 77.323299922795499, 24.262516949454941 ], [ 77.32336597249386, 24.262543839265554 ], [ 77.32343397871405, 24.262566254967016 ], [ 77.323503584833404, 24.262584077476383 ], [ 77.323574419234845, 24.262597212893912 ], [ 77.323646107144128, 24.262605590781863 ], [ 77.323718271576865, 24.262609168687209 ], [ 77.323790528474618, 24.262607924881294 ], [ 77.323910855125021, 24.262614306497127 ], [ 77.324030871494131, 24.262624485674831 ], [ 77.324150435829651, 24.262638449655171 ], [ 77.324269402469426, 24.262656182038153 ], [ 77.324387631700446, 24.262677661950903 ], [ 77.32450498483324, 24.262702864012144 ], [ 77.324621319275806, 24.262731758296866 ], [ 77.324736500355669, 24.262764310421083 ], [ 77.324850388512544, 24.262800481450018 ], [ 77.324910190351943, 24.26282553373693 ], [ 77.324970485632974, 24.262849568893774 ], [ 77.325031255682632, 24.262872581366587 ], [ 77.325092477933637, 24.262894560153963 ], [ 77.325154132727775, 24.262915499694952 ], [ 77.325216199437023, 24.262935392614974 ], [ 77.325278654477913, 24.262954231518524 ], [ 77.325341479177226, 24.262972010851676 ], [ 77.325404649951395, 24.262988723218797 ], [ 77.325455042711596, 24.262995588085399 ], [ 77.325505790972585, 24.262999703345425 ], [ 77.325556715523803, 24.263001056873883 ], [ 77.32560763809353, 24.26299964197203 ], [ 77.325658381287184, 24.262995464592944 ], [ 77.325708764677685, 24.262988539700448 ], [ 77.325758611717049, 24.262978889512233 ], [ 77.325807746719164, 24.262966550704149 ], [ 77.325856000848077, 24.262951565420718 ], [ 77.326041371106925, 24.262903380828924 ], [ 77.326230622037798, 24.262870207513473 ], [ 77.32642230524381, 24.262852297917725 ], [ 77.326614964466899, 24.26284978701598 ], [ 77.326807126687825, 24.262862695862754 ], [ 77.326997327791815, 24.262890925453991 ], [ 77.327184118445999, 24.262934260382167 ], [ 77.327366071970644, 24.262992369795079 ], [ 77.327541801053727, 24.263064811128338 ], [ 77.327662659431425, 24.263147049573202 ], [ 77.327783015186554, 24.263229903039043 ], [ 77.327902864379055, 24.26331337149896 ], [ 77.328022208048537, 24.263397448638962 ], [ 77.328141037329161, 24.263482134396781 ], [ 77.32825935324513, 24.263567424264782 ], [ 77.328377146938152, 24.263653317277484 ], [ 77.328494418439405, 24.263739809823495 ], [ 77.328611162846698, 24.263826899159206 ], [ 77.328665774351947, 24.263886950968487 ], [ 77.328716675381074, 24.263949681387132 ], [ 77.328763710918778, 24.264014897824914 ], [ 77.328806735854371, 24.264082401439808 ], [ 77.32884561893772, 24.264151985359604 ], [ 77.328880241763528, 24.264223438287608 ], [ 77.328910494907475, 24.264296535442735 ], [ 77.328936290572244, 24.264371057617613 ], [ 77.328957545977943, 24.264446774801648 ], [ 77.329077167337971, 24.264696516396899 ], [ 77.329423721536372, 24.264119592283194 ], [ 77.330747562344939, 24.262512239963417 ], [ 77.331011942899565, 24.262148468159214 ], [ 77.331584327426498, 24.261094710794843 ], [ 77.332115088128077, 24.260148839479886 ], [ 77.332263984790202, 24.258275882005751 ], [ 77.332373279933492, 24.256768238128203 ], [ 77.332500094381743, 24.25531131141657 ], [ 77.333136368543435, 24.254282910783218 ], [ 77.332856797930091, 24.253738187620598 ], [ 77.332020989673751, 24.252973193676201 ], [ 77.33065678987272, 24.252231475798251 ], [ 77.329887313566971, 24.25174371968907 ], [ 77.329207613333494, 24.252431481146488 ], [ 77.32910040049471, 24.251581798849521 ], [ 77.328935418984386, 24.251063923764267 ], [ 77.328715110616969, 24.25056218017615 ], [ 77.328590550801692, 24.250132619154925 ], [ 77.328580398586709, 24.250042478980166 ], [ 77.328452383183389, 24.249249806580735 ], [ 77.328365892967582, 24.248458140126854 ], [ 77.327698676616706, 24.247873424145119 ], [ 77.326814708631204, 24.247259162610106 ], [ 77.326671341558765, 24.246468936806206 ], [ 77.326735395810886, 24.245454433116361 ], [ 77.327718085262291, 24.245217965214238 ], [ 77.328466896239874, 24.245000811271382 ], [ 77.328967331544263, 24.244891034769726 ], [ 77.329889478115362, 24.244823329570632 ], [ 77.330611045489107, 24.244923786305645 ], [ 77.33174059039915, 24.245302478146417 ], [ 77.332611968229827, 24.245456942080111 ], [ 77.334138193535594, 24.244556758433713 ], [ 77.33509302382933, 24.243726976254635 ], [ 77.335934181216047, 24.243056007084913 ], [ 77.33698760390908, 24.242311170623577 ], [ 77.338317296747562, 24.241385411966242 ], [ 77.339149455638591, 24.240627336163978 ], [ 77.339781470778902, 24.239600819478014 ], [ 77.339907929417052, 24.239350412574691 ], [ 77.340576783551612, 24.23802597118237 ], [ 77.341277896413985, 24.236480731466358 ], [ 77.341836331446899, 24.235535275863562 ], [ 77.342592153049779, 24.234260694156852 ], [ 77.342980578187976, 24.233314031959804 ], [ 77.344063841625214, 24.232528029581879 ], [ 77.345278570287917, 24.231959923670697 ], [ 77.345906829121631, 24.231370968102826 ], [ 77.346934885504666, 24.230406541189669 ], [ 77.347122015379227, 24.229324942674889 ], [ 77.347387732028466, 24.2279628893229 ], [ 77.34745239007114, 24.227631448632064 ], [ 77.346495442210582, 24.227839822585878 ], [ 77.345797577684039, 24.228042598453289 ], [ 77.345196968324913, 24.228231219921724 ], [ 77.344318870265781, 24.228262217907417 ], [ 77.343517448945846, 24.228263987883228 ], [ 77.342786454599789, 24.228555522067733 ], [ 77.342520213808498, 24.230100593193409 ], [ 77.341907637396162, 24.230748984371303 ], [ 77.341541822881652, 24.229967594367402 ], [ 77.34202472436489, 24.228451730942002 ], [ 77.341308735199462, 24.227920053546651 ], [ 77.340738326807269, 24.227404236627564 ], [ 77.341395599020615, 24.227216032135392 ], [ 77.342075594614244, 24.227213417005743 ], [ 77.341145610234705, 24.22613877116018 ], [ 77.341379798785596, 24.225101990850128 ], [ 77.341666756189866, 24.223831569080527 ], [ 77.342399912962705, 24.222393618513845 ], [ 77.343308756497393, 24.222125591003167 ], [ 77.344018600214028, 24.221455626094112 ], [ 77.343903267308789, 24.219700695196483 ], [ 77.343882749437455, 24.219388470069603 ], [ 77.343659086601562, 24.217835596740557 ], [ 77.344328930778005, 24.215941440905482 ], [ 77.344081332368887, 24.215115063726895 ], [ 77.344209394665398, 24.213933157029214 ], [ 77.34385297661656, 24.212928542888275 ], [ 77.343436702394868, 24.21295521561596 ], [ 77.34149849985198, 24.213653723900197 ], [ 77.340937358929637, 24.21385594735645 ], [ 77.33889335040908, 24.214228719957287 ], [ 77.334326216536169, 24.216206433542858 ], [ 77.333658794607388, 24.216398044151507 ], [ 77.331976698514737, 24.21688094307007 ], [ 77.331607056615169, 24.216950264276228 ], [ 77.331403673103694, 24.216858871652637 ], [ 77.331362317075616, 24.216642715228513 ], [ 77.331279696104687, 24.215349474336662 ], [ 77.331117324835517, 24.213696335691289 ], [ 77.330961497510685, 24.212146931241065 ], [ 77.330754217684017, 24.211398404621239 ], [ 77.330882777555971, 24.210918533668139 ], [ 77.331619222242011, 24.210059996358606 ], [ 77.332464217476371, 24.208982205526194 ], [ 77.334363020556566, 24.207331984775831 ], [ 77.335028674489422, 24.206753458561039 ], [ 77.33550490482618, 24.2063099025765 ], [ 77.337074798634958, 24.204847686262877 ], [ 77.337748100548168, 24.20408645547138 ], [ 77.33859088042017, 24.203261228587728 ], [ 77.339184978877682, 24.202551338589426 ], [ 77.340615418279, 24.200842061938729 ], [ 77.341410605078764, 24.199766502954496 ], [ 77.340852112146067, 24.199028436966525 ], [ 77.340599302967789, 24.198189519880362 ], [ 77.340751267842407, 24.197909143348564 ], [ 77.339910819936605, 24.197046273048105 ], [ 77.338463169505445, 24.197864038398119 ], [ 77.338090166308021, 24.197680730791983 ], [ 77.338271232800039, 24.196465517274326 ], [ 77.338245239951462, 24.196167728438454 ], [ 77.338175139944539, 24.195364579931123 ], [ 77.338206906405986, 24.193931506431653 ], [ 77.33843245696697, 24.192911755427268 ], [ 77.338384856945524, 24.192321236015534 ], [ 77.337969558679902, 24.19058464919889 ], [ 77.337921077303918, 24.190381919681776 ], [ 77.337300478169325, 24.18905507535305 ], [ 77.33665373168526, 24.187940420501235 ], [ 77.336379874764646, 24.187651355921524 ], [ 77.334821590139484, 24.187056375280324 ], [ 77.332978834078489, 24.186841917839502 ], [ 77.332386936009257, 24.186673428234137 ], [ 77.332023845586008, 24.186489571117768 ], [ 77.331557279545137, 24.185387277806193 ], [ 77.33124660174154, 24.184172750142633 ], [ 77.331043602805096, 24.18329256512294 ], [ 77.330766460334331, 24.181900698264329 ], [ 77.330437620221787, 24.181155356711603 ], [ 77.329933088326243, 24.180908856414167 ], [ 77.328862330689631, 24.180462942860999 ], [ 77.328741565202407, 24.180201396200498 ], [ 77.328732634893441, 24.179894852367919 ], [ 77.328873068468738, 24.179672087576808 ], [ 77.329254686507596, 24.179537421678113 ], [ 77.330018958675836, 24.179599234803351 ], [ 77.330484852006336, 24.17949687105072 ], [ 77.330922267487651, 24.179024615811709 ], [ 77.331617464485461, 24.177916952290172 ], [ 77.331956610038333, 24.177162984413279 ], [ 77.331969604238367, 24.176913612583888 ], [ 77.331176475420108, 24.176711659719153 ], [ 77.330314234709988, 24.176594070755932 ], [ 77.329032279946432, 24.176506918907812 ], [ 77.327379205908954, 24.176099375501114 ], [ 77.326384851316845, 24.175791358876399 ], [ 77.32471672566443, 24.175171088456246 ], [ 77.324297170148711, 24.173205092650608 ], [ 77.323938593425964, 24.172099178356799 ], [ 77.323509232513828, 24.171203586484527 ], [ 77.323212416601265, 24.170948462019638 ], [ 77.323063942557567, 24.170958076380195 ], [ 77.322915104814356, 24.170956876208074 ], [ 77.322766836634642, 24.170944872713736 ], [ 77.322620069772739, 24.170922138520726 ], [ 77.322475726505147, 24.170888818447239 ], [ 77.322334709877182, 24.170845118597033 ], [ 77.322197906578324, 24.170791315412142 ], [ 77.322066175220343, 24.170727744749691 ], [ 77.321940341360403, 24.170654808168266 ], [ 77.32112594845276, 24.170224256836484 ], [ 77.321019968320613, 24.170151544334512 ], [ 77.3209070280259, 24.17008826666968 ], [ 77.320788119143998, 24.17003497831459 ], [ 77.32066429007412, 24.169992150151089 ], [ 77.320536630374107, 24.169960159422555 ], [ 77.320406264885364, 24.16993928607948 ], [ 77.320274341890254, 24.16992971630723 ], [ 77.320142020400368, 24.169931532499739 ], [ 77.320010467158454, 24.169944718657412 ], [ 77.319921126757762, 24.169934381731171 ], [ 77.319831161437932, 24.169930816358843 ], [ 77.319741182341033, 24.169934048612401 ], [ 77.31965179709573, 24.169944054861684 ], [ 77.319563610748162, 24.169960768104115 ], [ 77.319477218894349, 24.169984075205125 ], [ 77.319393209641888, 24.170013817815754 ], [ 77.319312147828398, 24.170049795871712 ], [ 77.319234583904944, 24.170091764947774 ], [ 77.318700853974065, 24.170705070312756 ], [ 77.31864903429684, 24.170763173808371 ], [ 77.318588863681114, 24.17081405537435 ], [ 77.318521525234843, 24.170856711892803 ], [ 77.318448345357567, 24.17089030837807 ], [ 77.318370761229417, 24.170914180453163 ], [ 77.318290299920164, 24.170927859490607 ], [ 77.31820854486962, 24.170931077791007 ], [ 77.318127102399032, 24.170923770148566 ], [ 77.318047576043782, 24.170906081795508 ], [ 77.317635742628966, 24.170810209999768 ], [ 77.317569297352151, 24.170781633192298 ], [ 77.31750572289404, 24.170748003556678 ], [ 77.317445476933599, 24.170709565560159 ], [ 77.31738898541353, 24.170666590538932 ], [ 77.317336659175282, 24.170619388559697 ], [ 77.317288869448333, 24.170568296501287 ], [ 77.317245956686946, 24.170513680827341 ], [ 77.317208232585642, 24.17045593218144 ], [ 77.317175964335803, 24.170395464370412 ], [ 77.316916111769956, 24.169985440710754 ], [ 77.316864882024589, 24.16988683956512 ], [ 77.316805266085694, 24.16979228946569 ], [ 77.316737639831373, 24.169702390154711 ], [ 77.316662434527757, 24.169617711063172 ], [ 77.31658012404651, 24.16953878941235 ], [ 77.316491231794231, 24.169466125747917 ], [ 77.316396321891347, 24.169400179360554 ], [ 77.3162959932653, 24.169341368243547 ], [ 77.31619088459631, 24.16929006641924 ], [ 77.314296772028229, 24.16898440372368 ], [ 77.312813600633632, 24.168575037359012 ], [ 77.312691814364356, 24.168551713100193 ], [ 77.312568586652944, 24.168523259661185 ], [ 77.312446724527604, 24.168490223949878 ], [ 77.312326430334792, 24.168452660726039 ], [ 77.31220790438924, 24.168410631961255 ], [ 77.312091342989206, 24.168364208630798 ], [ 77.311976940424358, 24.168313466212176 ], [ 77.311864884999025, 24.168258489172359 ], [ 77.311755364954195, 24.168199369204178 ], [ 77.310792229529866, 24.167461506840457 ], [ 77.31008064469691, 24.166950622971513 ], [ 77.310045025738816, 24.166918002443289 ], [ 77.310004522141512, 24.166890596081842 ], [ 77.309960031439232, 24.166869011048774 ], [ 77.309912541859347, 24.166853726001449 ], [ 77.309863103867755, 24.166845080048031 ], [ 77.309812815473535, 24.166843264511932 ], [ 77.309762790751734, 24.166848319993999 ], [ 77.309714138210097, 24.166860133505516 ], [ 77.309667938094108, 24.16687844462647 ], [ 77.308440226414703, 24.167563909692863 ], [ 77.308369847420096, 24.167610325972799 ], [ 77.308295803640263, 24.167651665587297 ], [ 77.308218531333679, 24.167687686021416 ], [ 77.308138479277559, 24.167718177368339 ], [ 77.308056120596135, 24.167742960609168 ], [ 77.307971936009736, 24.167761889297644 ], [ 77.307886420678514, 24.167774855029471 ], [ 77.307800073451631, 24.167781778331843 ], [ 77.30771340266412, 24.167782621350938 ], [ 77.307612397488541, 24.16779728167711 ], [ 77.307510421698098, 24.16780429439601 ], [ 77.307408163885441, 24.167803611223352 ], [ 77.307306310198513, 24.167795238956362 ], [ 77.307205548347767, 24.167779231373874 ], [ 77.307106554730098, 24.167755698174698 ], [ 77.307009999404897, 24.167724798691363 ], [ 77.30691653037421, 24.167686738162317 ], [ 77.30682677745709, 24.167641774986276 ], [ 77.306738372398684, 24.167587242741682 ], [ 77.306643408789384, 24.167542956001014 ], [ 77.306543289764079, 24.167509568069132 ], [ 77.306439493665479, 24.167487572928412 ], [ 77.306333557380611, 24.1674772969888 ], [ 77.306227043942727, 24.167478888917049 ], [ 77.306121527689001, 24.167492328561124 ], [ 77.306018568769147, 24.167517415022793 ], [ 77.305919688427636, 24.167553779122521 ], [ 77.303697114961622, 24.168366351658872 ], [ 77.303604835654994, 24.168397457680644 ], [ 77.303509646584658, 24.168419997794675 ], [ 77.30341248498182, 24.168433747609022 ], [ 77.303314316829372, 24.168438573267302 ], [ 77.303216110335796, 24.168434424932943 ], [ 77.303118840778055, 24.168421345856693 ], [ 77.303023467921463, 24.168399464985828 ], [ 77.302930936018512, 24.168368996964084 ], [ 77.302842162948224, 24.16833024566499 ], [ 77.301868930063691, 24.167845282605473 ], [ 77.301116857945459, 24.167537982755114 ], [ 77.301251116694971, 24.166752758528272 ], [ 77.301303479189698, 24.166478629133934 ], [ 77.301595330255594, 24.164950713924465 ], [ 77.301642051272438, 24.163295295381527 ], [ 77.30252705264725, 24.162927873619736 ], [ 77.302696687520594, 24.162870406672088 ], [ 77.302863245646691, 24.162805812206731 ], [ 77.303026376346068, 24.162734225868057 ], [ 77.303185725832009, 24.162655801343675 ], [ 77.30334095693749, 24.162570705992373 ], [ 77.303491737295104, 24.162479121660901 ], [ 77.303637747220051, 24.162381243838027 ], [ 77.30377867182743, 24.162277282500309 ], [ 77.303914209923022, 24.162167458563928 ], [ 77.303999725774545, 24.162114952152159 ], [ 77.304081391757336, 24.162057518454183 ], [ 77.304158870134941, 24.161995392563991 ], [ 77.304231844633733, 24.161928832313649 ], [ 77.304300011630602, 24.161858112789243 ], [ 77.304363090027877, 24.161783522789772 ], [ 77.30442082019097, 24.161705373851696 ], [ 77.304472965081061, 24.161623983095556 ], [ 77.304519307137795, 24.161539692171079 ], [ 77.304549706592709, 24.159904882098683 ], [ 77.304874507576983, 24.158967948662848 ], [ 77.305689266806795, 24.158465604380464 ], [ 77.305949099938445, 24.158290483408628 ], [ 77.306201188501802, 24.158106079928544 ], [ 77.306445143108689, 24.157912681986243 ], [ 77.3066805801366, 24.157710594832821 ], [ 77.306907130673906, 24.157500131053439 ], [ 77.307124444379156, 24.157281619627504 ], [ 77.307332179668791, 24.15705540224408 ], [ 77.307530013568723, 24.156821832469934 ], [ 77.307717637784179, 24.156581274817466 ], [ 77.307852319775961, 24.15640303405489 ], [ 77.307986282766564, 24.15622433812112 ], [ 77.30811952477319, 24.156045188810157 ], [ 77.308252043789636, 24.155865590625488 ], [ 77.308383838840783, 24.155685542658631 ], [ 77.308514907920582, 24.155505049413222 ], [ 77.308645250022835, 24.155324113593466 ], [ 77.308774861196227, 24.155142736979052 ], [ 77.308903741418959, 24.154960922281489 ], [ 77.309077860747834, 24.154769754048385 ], [ 77.309250966372559, 24.154577815002654 ], [ 77.30942305631784, 24.154385106036614 ], [ 77.309594123640096, 24.154191633425992 ], [ 77.30976416534871, 24.15399740166869 ], [ 77.309933178453235, 24.1538024152627 ], [ 77.310101157986765, 24.153606679594812 ], [ 77.310268099990225, 24.153410197349459 ], [ 77.310434001465524, 24.153212973927754 ], [ 77.310554669597721, 24.153050139315685 ], [ 77.310682641815191, 24.152892067930317 ], [ 77.310817694242118, 24.152739036328327 ], [ 77.310959591256861, 24.152591313755494 ], [ 77.311108086554484, 24.152449153121736 ], [ 77.311262919077038, 24.152312806327043 ], [ 77.311423819044009, 24.152182509853706 ], [ 77.311590508889779, 24.152058490192324 ], [ 77.311762694404962, 24.151940963778063 ], [ 77.312181879936219, 24.151226852345943 ], [ 77.312486637112272, 24.150252037754306 ], [ 77.311564244063021, 24.148839554657261 ], [ 77.31151617161332, 24.148770090615528 ], [ 77.309534451724346, 24.145906434415362 ], [ 77.309238570972127, 24.14547886272684 ], [ 77.308105279441904, 24.142988914670983 ], [ 77.306412669009106, 24.13936098230678 ], [ 77.306228910881813, 24.138958733628915 ], [ 77.304999638332106, 24.136267764970302 ], [ 77.30379237355082, 24.132963676298921 ], [ 77.303601199259788, 24.132337531418383 ], [ 77.302767735646313, 24.129607653097377 ], [ 77.300468095188862, 24.129529735384622 ], [ 77.300393694788198, 24.129336320903903 ], [ 77.300506197798185, 24.12675552619536 ], [ 77.299431147177785, 24.126675554727505 ], [ 77.297247162539236, 24.126587002939353 ], [ 77.294797309644537, 24.126540441258982 ], [ 77.294098922981505, 24.126798414431747 ], [ 77.29329627961296, 24.127668451249814 ], [ 77.291619178287476, 24.129653875777009 ], [ 77.291705375635672, 24.128096731331912 ], [ 77.29200049354229, 24.126251178476174 ], [ 77.292201213309198, 24.124895210927328 ], [ 77.292286756553793, 24.124317316368494 ], [ 77.292121262910811, 24.12423262055087 ], [ 77.289300421732861, 24.124110091117473 ], [ 77.287497927750934, 24.123823539132125 ], [ 77.289294610853162, 24.121923003108858 ], [ 77.28950051824377, 24.121527452892348 ], [ 77.28946936725599, 24.121129843227525 ], [ 77.289566258674284, 24.119277482003824 ], [ 77.289609713719742, 24.118785530290772 ], [ 77.289615503587726, 24.118719986131754 ], [ 77.289799750663732, 24.116634078550767 ], [ 77.289953403646805, 24.114583081299628 ], [ 77.289990402474757, 24.114089195516897 ], [ 77.290029282808987, 24.111344641945458 ], [ 77.290058696259067, 24.110451558297612 ], [ 77.290118745708924, 24.108628117524663 ], [ 77.290039151260956, 24.107299587037783 ], [ 77.289991455102793, 24.106503437362303 ], [ 77.289943902321568, 24.105709724706159 ], [ 77.290006302351969, 24.103802566188214 ], [ 77.290332309849276, 24.103453340442965 ], [ 77.291821534822944, 24.102269565126477 ], [ 77.293401863157271, 24.100906421532208 ], [ 77.294688699584157, 24.099948013078613 ], [ 77.29573830084604, 24.099143064787466 ], [ 77.29799940206199, 24.09753477544464 ], [ 77.297651624652701, 24.096588043716181 ], [ 77.296041308323112, 24.093821536475176 ], [ 77.295437071012643, 24.092906244939265 ], [ 77.294980775255098, 24.092215042883453 ], [ 77.294640752945512, 24.091699968160345 ], [ 77.29472724168258, 24.091336625803457 ], [ 77.295079700266172, 24.09087502454096 ], [ 77.29728254267485, 24.087549359053778 ], [ 77.297225357317146, 24.085445930805129 ], [ 77.29733027195276, 24.084463764980335 ], [ 77.297371899472608, 24.084074064145788 ], [ 77.294477363173371, 24.084294546557988 ], [ 77.294518738590853, 24.083435990001174 ], [ 77.294621042209599, 24.082453201112575 ], [ 77.293366974035536, 24.082475361305704 ], [ 77.291230567822112, 24.082814740665057 ], [ 77.289745789200083, 24.083148851089774 ], [ 77.28788423602802, 24.082015275584247 ], [ 77.2880231631664, 24.08068851973864 ], [ 77.284900612426753, 24.080680355469013 ], [ 77.285121052488677, 24.078595958510991 ], [ 77.283194055479271, 24.077924358379789 ], [ 77.280382937027397, 24.077338381459207 ], [ 77.280498578778619, 24.076121287809361 ], [ 77.280381999011198, 24.075743513447666 ], [ 77.280215584471307, 24.075367451611275 ], [ 77.279359754099858, 24.074611550690562 ], [ 77.278109654592086, 24.073415093200584 ], [ 77.275876271186434, 24.071663378311939 ], [ 77.274056369993772, 24.070016775598969 ], [ 77.272415299633167, 24.069898405007489 ], [ 77.27025490777946, 24.069670849797618 ], [ 77.26823215501642, 24.069549666858915 ], [ 77.267051806540394, 24.069605795846257 ], [ 77.266271681207641, 24.069622985710787 ], [ 77.265673663618003, 24.069502150320407 ], [ 77.265070055125506, 24.069517665984304 ], [ 77.263823972320324, 24.069765344425285 ], [ 77.262238094325056, 24.068994860776499 ], [ 77.260565780256655, 24.068409916041585 ], [ 77.260273256016021, 24.069258281075324 ], [ 77.260134216815416, 24.069661514912859 ], [ 77.260290448949732, 24.070028550758508 ], [ 77.260760773592082, 24.071002015960332 ], [ 77.260910520739174, 24.071408402362582 ], [ 77.261838903425144, 24.072025055350188 ], [ 77.263048245826525, 24.072722239427783 ], [ 77.265406881948195, 24.073929106034129 ], [ 77.266346675860788, 24.074535088069059 ], [ 77.267584592249392, 24.075333281876883 ], [ 77.271555533867101, 24.077548797058022 ], [ 77.272209668829618, 24.077958998636742 ], [ 77.274017574871891, 24.079074748456613 ], [ 77.274470484662501, 24.079470038504819 ], [ 77.275115403328257, 24.080577085836257 ], [ 77.275155728347784, 24.080635135495729 ], [ 77.277095008411322, 24.083426740219359 ], [ 77.277310029127506, 24.083769803395132 ], [ 77.277240533499892, 24.084819693325432 ], [ 77.277234523975935, 24.086087074005523 ], [ 77.27705327277539, 24.087218814092306 ], [ 77.27688523578918, 24.087434594696404 ], [ 77.276831499695888, 24.08745976482275 ], [ 77.276778245061635, 24.087485783047949 ], [ 77.276725485754739, 24.087512638637122 ], [ 77.276673241498386, 24.087540326318265 ], [ 77.276621523185611, 24.087568838043943 ], [ 77.276570347628223, 24.087598164004444 ], [ 77.276519732606005, 24.087628296203629 ], [ 77.27646969000385, 24.087659225698395 ], [ 77.27642023663374, 24.08769094267894 ], [ 77.276341417291889, 24.087745501237052 ], [ 77.276258497589836, 24.087794670248535 ], [ 77.27617191368563, 24.087838193730622 ], [ 77.276082121183762, 24.08787584204039 ], [ 77.275989593135336, 24.087907415472959 ], [ 77.275894815078999, 24.087932748740631 ], [ 77.275798286040114, 24.087951709174128 ], [ 77.275700514603443, 24.087964195790128 ], [ 77.275602012969884, 24.087970143763126 ], [ 77.275515227236724, 24.087968871909961 ], [ 77.275428970134328, 24.087960013130047 ], [ 77.275344023162447, 24.087943645517559 ], [ 77.275261162244533, 24.087919921192388 ], [ 77.275181143066348, 24.087889055351518 ], [ 77.275104691221145, 24.08785132800196 ], [ 77.275032503201061, 24.087807083064526 ], [ 77.274965238574481, 24.087756722895772 ], [ 77.274903506212269, 24.087700708184794 ], [ 77.274855928565287, 24.087671813236113 ], [ 77.274805820644858, 24.087646780595541 ], [ 77.274753552700545, 24.087625796383325 ], [ 77.274699512953461, 24.087609017047335 ], [ 77.274644102709587, 24.087596565714019 ], [ 77.274587730432756, 24.087588534853374 ], [ 77.274530815696409, 24.087584984502531 ], [ 77.274473778377782, 24.087585940378318 ], [ 77.274417041601623, 24.087591394802612 ], [ 77.274340881638139, 24.087599144643452 ], [ 77.274264515759242, 24.087604928362413 ], [ 77.274188003044529, 24.08760874098132 ], [ 77.274111403549412, 24.087610578432646 ], [ 77.274034778281163, 24.087610440268982 ], [ 77.273962829949269, 24.087608457380689 ], [ 77.273881690462815, 24.087604241600946 ], [ 77.273805348903309, 24.087598184711041 ], [ 77.273729223527681, 24.087590162144682 ], [ 77.273605305709992, 24.087572951281008 ], [ 77.273483114134194, 24.087547365747632 ], [ 77.273363321524073, 24.087513546065555 ], [ 77.273246586427391, 24.087471677813554 ], [ 77.273133546344525, 24.087421989770281 ], [ 77.273024824598792, 24.087364755771869 ], [ 77.272921015618962, 24.08730029008527 ], [ 77.272822691849697, 24.087228944750091 ], [ 77.272730389946005, 24.087151113087966 ], [ 77.272685545022142, 24.087120242673151 ], [ 77.272638459221355, 24.08709232623136 ], [ 77.272589362539449, 24.087067500064069 ], [ 77.272538495921751, 24.087045886103073 ], [ 77.272486107351881, 24.087027589171552 ], [ 77.27243245377926, 24.08701270151451 ], [ 77.272377798256102, 24.087001292842213 ], [ 77.272322406897885, 24.086993420242713 ], [ 77.272266551874907, 24.086989123688173 ], [ 77.27222517421508, 24.086985953426591 ], [ 77.27218412325891, 24.08698022853039 ], [ 77.272138340580526, 24.08697055356712 ], [ 77.272103751228883, 24.086961218900974 ], [ 77.272064796353135, 24.086948022717909 ], [ 77.272026902608886, 24.086932441789617 ], [ 77.271990238584934, 24.086914547831675 ], [ 77.271954974756937, 24.08689442160637 ], [ 77.27192127264199, 24.086872155550935 ], [ 77.271779067476572, 24.086806144331643 ], [ 77.271635696089419, 24.086742292926356 ], [ 77.271491199650143, 24.086680617898324 ], [ 77.271345616376848, 24.08662113578881 ], [ 77.271198984487185, 24.086563863139212 ], [ 77.271051345166143, 24.086508814706736 ], [ 77.270902739574282, 24.086456007958304 ], [ 77.270753205976774, 24.086405454016596 ], [ 77.270602786525586, 24.086357169452949 ], [ 77.270485092551397, 24.086319687115317 ], [ 77.27036504863834, 24.086289125749328 ], [ 77.270243136725398, 24.086265610899648 ], [ 77.27011984494203, 24.086249235642153 ], [ 77.269995672487184, 24.086240065136934 ], [ 77.269871116832562, 24.086238137435249 ], [ 77.269746677698251, 24.086243458993785 ], [ 77.269622857012962, 24.086256009190105 ], [ 77.269500150084539, 24.086275737546842 ], [ 77.269375816440075, 24.086286887286391 ], [ 77.269251223287569, 24.086295246680322 ], [ 77.269126443475656, 24.086300811758825 ], [ 77.269001554772188, 24.08630357858922 ], [ 77.268876629042154, 24.086303543194727 ], [ 77.268751741037576, 24.086300708846448 ], [ 77.268626965534594, 24.086295076106136 ], [ 77.268502377293217, 24.086286647342227 ], [ 77.268378052016956, 24.086275429446484 ], [ 77.268107129874167, 24.086250470412534 ], [ 77.267135975271913, 24.087715327777463 ], [ 77.266990322670921, 24.089786705556467 ], [ 77.266976082205645, 24.090190914588248 ], [ 77.266932743037302, 24.091420961238203 ], [ 77.266757541276803, 24.091761787010451 ], [ 77.268032902645956, 24.092588949929983 ], [ 77.268670221735007, 24.093002289542518 ], [ 77.269617878600073, 24.093827748955899 ], [ 77.269628852427701, 24.095027553630249 ], [ 77.270010284716065, 24.095694963200561 ], [ 77.27021358971551, 24.095880694377666 ], [ 77.270261658473558, 24.095931010242698 ], [ 77.270314975810948, 24.095976653266231 ], [ 77.27037300565317, 24.096017162384765 ], [ 77.270435163207452, 24.096052133073442 ], [ 77.270500824857635, 24.096081211098252 ], [ 77.270569330019754, 24.096104105175201 ], [ 77.270639987077615, 24.096120583402477 ], [ 77.270712089036664, 24.096130483313082 ], [ 77.270784907717797, 24.096133700992951 ], [ 77.270874952226706, 24.096134137531699 ], [ 77.270964879093, 24.096129879913828 ], [ 77.271054398889675, 24.096120944034681 ], [ 77.271143221109725, 24.096107356621204 ], [ 77.271231059021176, 24.096089162494085 ], [ 77.271317630699329, 24.096066419155886 ], [ 77.271402656027334, 24.096039202188077 ], [ 77.271485861695595, 24.096007596256214 ], [ 77.271566978146254, 24.095971706828902 ], [ 77.27167729591369, 24.095923054764736 ], [ 77.271790958846438, 24.095881389828907 ], [ 77.271907438867501, 24.095846902255786 ], [ 77.272026201272013, 24.095819753328048 ], [ 77.272146696935792, 24.095800066286021 ], [ 77.272268371121783, 24.095787931812918 ], [ 77.272390660519719, 24.095783408916414 ], [ 77.27251300318089, 24.095786514163926 ], [ 77.272634833477653, 24.09579723519353 ], [ 77.272696214819575, 24.095820400172911 ], [ 77.27275670762991, 24.095845456181642 ], [ 77.27281624427259, 24.095872374714329 ], [ 77.272874756135693, 24.095901126355077 ], [ 77.272932175646986, 24.095931675373269 ], [ 77.27298843717773, 24.09596398876252 ], [ 77.273043476106878, 24.095998030814346 ], [ 77.27309723081278, 24.096033760423477 ], [ 77.273149638681787, 24.096071137380235 ], [ 77.273211648954984, 24.096141302333553 ], [ 77.27328225999797, 24.096204245178175 ], [ 77.27336048093909, 24.096259085059977 ], [ 77.273445216607769, 24.096305051443522 ], [ 77.273535276253639, 24.096341499533025 ], [ 77.273629398055675, 24.096367920392375 ], [ 77.273726261913581, 24.096383941041125 ], [ 77.273824509974148, 24.096389339963469 ], [ 77.273880753966537, 24.09638630377961 ], [ 77.273922763454749, 24.09638403639558 ], [ 77.275364701947609, 24.097876708367362 ], [ 77.277085407569842, 24.098272824634197 ], [ 77.277109428888096, 24.099202958181394 ], [ 77.278165416816961, 24.099405174954772 ], [ 77.278095694552078, 24.101505925184075 ], [ 77.276965295820631, 24.101485565139097 ], [ 77.274736098720979, 24.101445390300761 ], [ 77.274816488192457, 24.103209938050743 ], [ 77.273010786190611, 24.10305508168215 ], [ 77.273212562311102, 24.10403671128827 ], [ 77.270819348940648, 24.104116620373464 ], [ 77.269434691746042, 24.104059126154187 ], [ 77.269125866175841, 24.104218658314792 ], [ 77.269194393936729, 24.106282444945798 ], [ 77.26964992199504, 24.106258026323129 ], [ 77.271046684438261, 24.106338876511792 ], [ 77.270998828708215, 24.108601014167736 ], [ 77.270851498364181, 24.109178890907181 ], [ 77.271599339655211, 24.108866317850065 ], [ 77.272208321578333, 24.108818720351639 ], [ 77.27259088692449, 24.108649455590392 ], [ 77.27248946491784, 24.10993897551436 ], [ 77.272250626820892, 24.111182251666772 ], [ 77.275708796628706, 24.111329715760448 ], [ 77.275875682809115, 24.111787235602698 ], [ 77.276305805752685, 24.112966402189247 ], [ 77.276875981732061, 24.11429551297223 ], [ 77.276969173472082, 24.114512746578328 ], [ 77.277616615420854, 24.116021933200184 ], [ 77.276605326820359, 24.117587394258017 ], [ 77.275892416821762, 24.118668044252008 ], [ 77.275347835188029, 24.119566156066707 ], [ 77.274937768959603, 24.120356005862917 ], [ 77.27366382138139, 24.119838662680149 ], [ 77.273261998691794, 24.1196754818159 ], [ 77.272305943786321, 24.119310476515874 ], [ 77.271372911718132, 24.12215561698585 ], [ 77.270388935940716, 24.125657606270995 ], [ 77.270291984054467, 24.126500472810346 ], [ 77.270898942837761, 24.129417394350178 ], [ 77.271049325642792, 24.130463559488895 ], [ 77.270879937487805, 24.130831361473348 ], [ 77.268880602256701, 24.131996414827995 ], [ 77.268139899171175, 24.134784933650121 ], [ 77.267967352017521, 24.135482563964537 ], [ 77.267844083729713, 24.135692535754213 ], [ 77.266562327642902, 24.135236828508361 ], [ 77.266172618806706, 24.135233893121022 ], [ 77.264993682585285, 24.137619540870563 ], [ 77.264487611202568, 24.138408393467454 ], [ 77.262892429916207, 24.140182493332659 ], [ 77.261482375302023, 24.141935708635575 ], [ 77.262127560515353, 24.14365651362581 ], [ 77.262302666360185, 24.144416815186794 ], [ 77.262348626258756, 24.144616373812678 ], [ 77.262069274907361, 24.146304144469823 ], [ 77.262117604585498, 24.147122447944657 ], [ 77.261486024194554, 24.148016453421825 ], [ 77.261035694383835, 24.148288620168447 ], [ 77.260240031475334, 24.149210202055954 ], [ 77.259988782238366, 24.150051467629645 ], [ 77.258204643280791, 24.150668301446576 ], [ 77.255577735879342, 24.151308862259977 ], [ 77.254432142216814, 24.151591180891575 ], [ 77.254712413718721, 24.153175618413137 ], [ 77.254776020033773, 24.154547854200231 ], [ 77.25480287368039, 24.155127187301819 ], [ 77.25498327727766, 24.156658067991494 ], [ 77.25517233296614, 24.157977918266628 ], [ 77.256520321625658, 24.159076213403708 ], [ 77.257276462806203, 24.159668851820879 ], [ 77.256959823913235, 24.161327152889648 ], [ 77.25633596330141, 24.164070230658297 ], [ 77.256189127801534, 24.164715838274855 ], [ 77.254852972472605, 24.164706264600046 ], [ 77.255151462429581, 24.165841387749715 ], [ 77.256069582992595, 24.165907593162192 ], [ 77.257198777329407, 24.166752251207807 ], [ 77.258436075040166, 24.168559455384823 ], [ 77.259291843552404, 24.16850640769783 ], [ 77.259810689005391, 24.168474243133364 ], [ 77.261133692696973, 24.16807943557518 ], [ 77.261143386305548, 24.166746621024682 ], [ 77.261025269313549, 24.165126298928335 ], [ 77.262141352237663, 24.164550440251052 ], [ 77.262008949756861, 24.162068092031248 ], [ 77.262549667210024, 24.161679860496577 ], [ 77.262905890937319, 24.161070816698722 ], [ 77.26330682911113, 24.160627772942842 ], [ 77.263940128690564, 24.160172142534261 ], [ 77.264197311057359, 24.159987110088675 ], [ 77.264522665518058, 24.15979801991725 ], [ 77.264705760785844, 24.159691608570046 ], [ 77.26474793082447, 24.158603205478531 ], [ 77.264810811801567, 24.158016735793836 ], [ 77.264991772989148, 24.155748145820972 ], [ 77.265134433962558, 24.154640301533618 ], [ 77.267382315576924, 24.153110501062571 ], [ 77.267549896685267, 24.15152336487164 ], [ 77.267614949039867, 24.150435560407288 ], [ 77.268905340188056, 24.150174631048159 ], [ 77.269871706139227, 24.150243823775703 ], [ 77.271030603320611, 24.147677973866717 ], [ 77.2715137251638, 24.146865570596539 ], [ 77.272361102021108, 24.14455666715515 ], [ 77.272403449181297, 24.144518468112199 ], [ 77.272530151080304, 24.14440418539612 ], [ 77.272751557475502, 24.144200846448523 ], [ 77.273552033598662, 24.144129746562761 ], [ 77.275233983945569, 24.144194305499006 ], [ 77.275341246678607, 24.144364706774788 ], [ 77.275411363481894, 24.1444760947969 ], [ 77.275402687212136, 24.144950242539814 ], [ 77.27565830152453, 24.145443602727624 ], [ 77.275748384929017, 24.145584148103058 ], [ 77.275825000901492, 24.145731265844013 ], [ 77.275887588154689, 24.14588386879775 ], [ 77.275935683138343, 24.146040836216159 ], [ 77.275968930915724, 24.146201008417155 ], [ 77.275982479710592, 24.146322027268692 ], [ 77.275987088910085, 24.146363208489763 ], [ 77.275990022009495, 24.146526239547342 ], [ 77.275977707361875, 24.146688899215466 ], [ 77.275950237217629, 24.146849992298041 ], [ 77.275929273575557, 24.146912041243663 ], [ 77.275904216748813, 24.146972799579927 ], [ 77.275875159320634, 24.147032038575581 ], [ 77.275842211527461, 24.147089536857109 ], [ 77.275805496337654, 24.147145080371761 ], [ 77.275765151428075, 24.147198461499247 ], [ 77.275721326215432, 24.147249480836031 ], [ 77.275674185793363, 24.147297947224889 ], [ 77.275623905010619, 24.147343679517093 ], [ 77.275587814837323, 24.147399761456125 ], [ 77.27555933911384, 24.147459419314373 ], [ 77.275538892055081, 24.147521788186943 ], [ 77.275526771128355, 24.14758595984323 ], [ 77.275523150946782, 24.147651005261551 ], [ 77.27552808718923, 24.147715976465037 ], [ 77.27554150456379, 24.147779931721988 ], [ 77.275563210530237, 24.147841941970928 ], [ 77.275592887304981, 24.147901104309838 ], [ 77.275668203493566, 24.147978780013485 ], [ 77.275737677583109, 24.148060911910214 ], [ 77.275800998835919, 24.148147131875675 ], [ 77.275857881318771, 24.148237049389564 ], [ 77.275908070688573, 24.14833026332882 ], [ 77.275951340335752, 24.148426352905769 ], [ 77.275987497201911, 24.148524887647259 ], [ 77.27601637787518, 24.148625423752488 ], [ 77.276037851487075, 24.148727510437023 ], [ 77.2760482976867, 24.14876383252831 ], [ 77.276056806880916, 24.148800580015386 ], [ 77.276063354262774, 24.148837664196481 ], [ 77.276067927836834, 24.148874994658879 ], [ 77.276070514559109, 24.148912488207817 ], [ 77.276071108379824, 24.148950049958639 ], [ 77.276069709058532, 24.148987595908903 ], [ 77.276066319379794, 24.149025033949705 ], [ 77.276060947009483, 24.149062276524496 ], [ 77.276044600220899, 24.149074351595303 ], [ 77.276027167927879, 24.149085070927747 ], [ 77.276008780784267, 24.149094353303852 ], [ 77.275989582135352, 24.149102129342694 ], [ 77.275969717223049, 24.149108337806577 ], [ 77.275949338050893, 24.149112931960083 ], [ 77.275928599479144, 24.14911587592827 ], [ 77.275907659184625, 24.149117149212028 ], [ 77.275886678709156, 24.149116739470347 ], [ 77.275811247982503, 24.14910753073687 ], [ 77.275736623593119, 24.14909387054276 ], [ 77.275663117073393, 24.149075816315857 ], [ 77.275591033905201, 24.149053441697482 ], [ 77.275520677416665, 24.149026841087757 ], [ 77.275452340939964, 24.148996125974001 ], [ 77.275386308787461, 24.148961425840948 ], [ 77.275322856315839, 24.148922880945758 ], [ 77.275262250781893, 24.148880656775617 ], [ 77.275232689873604, 24.148852103983042 ], [ 77.27519829881615, 24.148828540641102 ], [ 77.27516006379912, 24.148810644321838 ], [ 77.275119087637393, 24.148798928178635 ], [ 77.275076542631282, 24.148793728852091 ], [ 77.275033651962332, 24.148795195492323 ], [ 77.274991646418485, 24.148803285822321 ], [ 77.274951732874271, 24.148817768612084 ], [ 77.274915056857381, 24.148838227011158 ], [ 77.274861564687797, 24.14887726732945 ], [ 77.274812444640148, 24.148920879084152 ], [ 77.274768158091376, 24.148968650244893 ], [ 77.274729121473243, 24.149020131412662 ], [ 77.274695700326504, 24.149074840291149 ], [ 77.274668211269244, 24.149132261701578 ], [ 77.274646911097562, 24.14919185562961 ], [ 77.274632000666074, 24.149253063577174 ], [ 77.274623618981963, 24.149315308518059 ], [ 77.274602836981046, 24.149451818341724 ], [ 77.27458643866396, 24.149588829744168 ], [ 77.274574443789319, 24.149726225454927 ], [ 77.274566857383903, 24.149863884479952 ], [ 77.274563689355901, 24.150001690377536 ], [ 77.27456494080333, 24.150139521220225 ], [ 77.274570611815861, 24.150277257782324 ], [ 77.274580696569416, 24.150414781696877 ], [ 77.274595188255674, 24.150551974589053 ], [ 77.274601078481993, 24.150673801449511 ], [ 77.274613581385779, 24.150795207214806 ], [ 77.274632662264295, 24.150915889944656 ], [ 77.274658276547427, 24.151035550333837 ], [ 77.274690358986376, 24.151153889824744 ], [ 77.274728830495334, 24.151270616078197 ], [ 77.274773596246845, 24.151385435732941 ], [ 77.274824542614397, 24.151498066125399 ], [ 77.274881544150574, 24.151608225406143 ], [ 77.275006532821479, 24.151703050658757 ], [ 77.275134098214124, 24.151794942424296 ], [ 77.275264158166749, 24.151883841371639 ], [ 77.275396628532121, 24.151969689961334 ], [ 77.275531426106468, 24.152052435177371 ], [ 77.275668460811133, 24.152132022146059 ], [ 77.275807650400921, 24.152208400568682 ], [ 77.275948900810278, 24.152281520961321 ], [ 77.27609212385471, 24.152351336594265 ], [ 77.27624357448947, 24.152433114575988 ], [ 77.276399323094481, 24.1525077898992 ], [ 77.276558973678817, 24.152575169912797 ], [ 77.27672212118128, 24.152635085383288 ], [ 77.276888348581778, 24.152687383247301 ], [ 77.277057237681078, 24.152731932111799 ], [ 77.277228358313522, 24.152768617657397 ], [ 77.277401276190119, 24.152797346310017 ], [ 77.277575550921981, 24.152818046129497 ], [ 77.27766062317113, 24.152813344891001 ], [ 77.277743760724931, 24.152796142878564 ], [ 77.277822795974529, 24.152766885468356 ], [ 77.27789566972362, 24.152726336787591 ], [ 77.277960479661942, 24.152675552978888 ], [ 77.278015536664128, 24.152615860941253 ], [ 77.278059405530925, 24.152548815277768 ], [ 77.278090940719764, 24.152476165140889 ], [ 77.278109321234197, 24.152399804814117 ], [ 77.278117724200328, 24.152293567876779 ], [ 77.278125473903842, 24.152187289030319 ], [ 77.278132570322271, 24.152080970984375 ], [ 77.278139014393489, 24.151974619165529 ], [ 77.278144804134556, 24.151868235365576 ], [ 77.278149939507045, 24.151761824100443 ], [ 77.278154422465164, 24.151655387191425 ], [ 77.278158251009913, 24.151548928236544 ], [ 77.278161426087181, 24.151442451759106 ], [ 77.27815589529871, 24.151363881635802 ], [ 77.278161410944051, 24.151285311735567 ], [ 77.278177882735122, 24.151208042038075 ], [ 77.278205036459624, 24.151133355793732 ], [ 77.278242423112985, 24.151062488881948 ], [ 77.2782894219648, 24.150996617189289 ], [ 77.278345254555774, 24.150936832327524 ], [ 77.278408996661881, 24.150884124562065 ], [ 77.278479588257454, 24.150839369338151 ], [ 77.278605964497331, 24.150784442435761 ], [ 77.278733937387628, 24.150732722969448 ], [ 77.278863411116745, 24.150684249060152 ], [ 77.278994285928405, 24.150639059702904 ], [ 77.279126466068007, 24.150597186696974 ], [ 77.279259849875629, 24.150558661797966 ], [ 77.279394336700065, 24.150523514059554 ], [ 77.279529824914206, 24.150491771625259 ], [ 77.279666213915533, 24.150463458130638 ], [ 77.279752278323755, 24.15042587815531 ], [ 77.279837515794114, 24.150386744730763 ], [ 77.279921894691284, 24.150346072977658 ], [ 77.280005380427141, 24.150303877994538 ], [ 77.280087940366414, 24.150260176701281 ], [ 77.280169542858118, 24.150214986024942 ], [ 77.280250156235567, 24.150168324699003 ], [ 77.28032974689549, 24.150120207829787 ], [ 77.280408286084423, 24.150070658688755 ], [ 77.280565743568872, 24.150003586337313 ], [ 77.280726724849984, 24.149943973659589 ], [ 77.280890812220136, 24.149891973795778 ], [ 77.281057577290824, 24.149847723550014 ], [ 77.281226583985102, 24.14981133889659 ], [ 77.281397393482536, 24.149782912307238 ], [ 77.281569562178234, 24.149762520865 ], [ 77.281742640794292, 24.149750215418909 ], [ 77.281916176283687, 24.149746027824129 ], [ 77.282178692279416, 24.149727710212144 ], [ 77.282441861366834, 24.149720929489288 ], [ 77.282705084023377, 24.149725700167263 ], [ 77.282967757012301, 24.149742011443699 ], [ 77.283229280287898, 24.149769825446974 ], [ 77.283489055010094, 24.149809079027971 ], [ 77.283746487480769, 24.149859683788954 ], [ 77.284000990167172, 24.149921521575148 ], [ 77.284251980637308, 24.149994453498742 ], [ 77.284336776668766, 24.150014726265695 ], [ 77.284419176430191, 24.150042081530458 ], [ 77.284498477184343, 24.150076287371665 ], [ 77.284574008198092, 24.15011705429961 ], [ 77.284645121907246, 24.150164032480731 ], [ 77.284711215467041, 24.150216823639365 ], [ 77.284771727814984, 24.150274979229195 ], [ 77.284826142591953, 24.150338004067343 ], [ 77.284873996960883, 24.150405360915908 ], [ 77.284932571322585, 24.15048385103557 ], [ 77.285000830410979, 24.150555454439871 ], [ 77.285077820389304, 24.150619165969299 ], [ 77.285162463351341, 24.150674096061394 ], [ 77.285253578904189, 24.150719479041257 ], [ 77.285349894948311, 24.15075467862129 ], [ 77.285450063268058, 24.150779206082628 ], [ 77.285552686148421, 24.150792715956651 ], [ 77.285656329045338, 24.150795020571312 ], [ 77.286130641142165, 24.152894308116224 ], [ 77.286352113989423, 24.154238685960383 ], [ 77.28479752609735, 24.155010790968639 ], [ 77.283111864324283, 24.156346958490278 ], [ 77.282360593163133, 24.157240259704327 ], [ 77.282005398857706, 24.15754899624508 ], [ 77.281538488833618, 24.157322815613682 ], [ 77.281484265818932, 24.157319049434555 ], [ 77.281430082299565, 24.157314824687873 ], [ 77.281375944182159, 24.157310141417724 ], [ 77.281321856373026, 24.157305001467055 ], [ 77.281267820849294, 24.157299403947533 ], [ 77.281213844509935, 24.157293348007158 ], [ 77.281159931244972, 24.157286839094589 ], [ 77.281106086024522, 24.157279871827324 ], [ 77.281052311762252, 24.157272450743342 ], [ 77.28098480185389, 24.157262614215909 ], [ 77.280916543531887, 24.157259266329838 ], [ 77.280848273790596, 24.157262442377426 ], [ 77.280780735152774, 24.157272109047568 ], [ 77.28071465502326, 24.157288161562523 ], [ 77.280650749618758, 24.157310424610394 ], [ 77.28058971209245, 24.157338659482395 ], [ 77.280532199777852, 24.157372559461614 ], [ 77.280478839039105, 24.157411757987855 ], [ 77.280422298121991, 24.157439331691467 ], [ 77.280365197943553, 24.157465914878017 ], [ 77.280307558255501, 24.157491500468232 ], [ 77.280249400802262, 24.157516078687905 ], [ 77.280190746327946, 24.157539641561986 ], [ 77.280131614600435, 24.157562180204792 ], [ 77.280072028356656, 24.15758368394647 ], [ 77.280012008308915, 24.157604148424685 ], [ 77.279951576185951, 24.157623565671763 ], [ 77.279845211909972, 24.157646968929559 ], [ 77.27973779831683, 24.157665913163321 ], [ 77.279629557277502, 24.157680356669676 ], [ 77.279520712512209, 24.157690271308113 ], [ 77.279411489654052, 24.157695635275477 ], [ 77.279302112271651, 24.157696437592858 ], [ 77.27919280974379, 24.157692678163933 ], [ 77.279083806471377, 24.157684363178614 ], [ 77.278975326759209, 24.157671509665562 ], [ 77.278915497770441, 24.1576567138504 ], [ 77.278870411276912, 24.157648468908377 ], [ 77.278854727560159, 24.157645601599064 ], [ 77.278793285384168, 24.157638225499529 ], [ 77.278731446580053, 24.157634618314436 ], [ 77.278669481723597, 24.157634794706585 ], [ 77.278607666440166, 24.157638754925333 ], [ 77.278546276515144, 24.157646481156902 ], [ 77.278485582956463, 24.157657939294175 ], [ 77.278425853987386, 24.157673076241707 ], [ 77.278330060138714, 24.157679354338939 ], [ 77.278234931176144, 24.157691471312567 ], [ 77.278140895746603, 24.157709377071669 ], [ 77.278048368989076, 24.157732990715463 ], [ 77.27795776132983, 24.15776220782524 ], [ 77.277869475561744, 24.157796896828962 ], [ 77.277783906796515, 24.15783690442079 ], [ 77.277701430652655, 24.157882055472427 ], [ 77.277622417108674, 24.157932145007642 ], [ 77.277441233251267, 24.158034587951324 ], [ 77.277261324990434, 24.15813890717666 ], [ 77.27708271705778, 24.158245088420859 ], [ 77.276905430231835, 24.158353119198324 ], [ 77.276729489236629, 24.158462986149786 ], [ 77.276554914875277, 24.158574674080139 ], [ 77.276381730896006, 24.158688168719689 ], [ 77.276209958094483, 24.158803455776795 ], [ 77.276156897336648, 24.158839922693915 ], [ 77.276039621195835, 24.158920521892391 ], [ 77.275928147624441, 24.158987644816825 ], [ 77.275811850054495, 24.159047482246052 ], [ 77.27569129515561, 24.159099743051215 ], [ 77.275567065021505, 24.159144173252585 ], [ 77.275439764035852, 24.159180558781141 ], [ 77.275310011037149, 24.159208720903877 ], [ 77.275178435316604, 24.159228523419841 ], [ 77.27504567564921, 24.159239870846651 ], [ 77.274912376371859, 24.159242706584607 ], [ 77.274809390683942, 24.159230649915543 ], [ 77.274706480605531, 24.159218063546852 ], [ 77.274603647106176, 24.159204949292388 ], [ 77.274500897085545, 24.159191306300798 ], [ 77.274398230536903, 24.15917713547541 ], [ 77.274295652383145, 24.159162436853368 ], [ 77.274193167539266, 24.159147211374819 ], [ 77.274090775014017, 24.159131459935896 ], [ 77.273988481707121, 24.159115181685195 ], [ 77.273966898378632, 24.159111757550246 ], [ 77.273945001982923, 24.159111323471382 ], [ 77.273923278738408, 24.159113888509882 ], [ 77.273902215442078, 24.159119396698991 ], [ 77.273882281783585, 24.159127723298504 ], [ 77.273863923382621, 24.159138682871802 ], [ 77.273847550945092, 24.159152031010699 ], [ 77.273833528411032, 24.159167468763112 ], [ 77.273822171889492, 24.159184651657029 ], [ 77.273807319614562, 24.159252622325905 ], [ 77.273797659043751, 24.159321377051437 ], [ 77.273793237462669, 24.159390581090459 ], [ 77.273794076564158, 24.159459899507493 ], [ 77.273800172456077, 24.159528996271664 ], [ 77.273811493676348, 24.15959753604826 ], [ 77.273827988059082, 24.159665186959863 ], [ 77.273849570922224, 24.159731620497869 ], [ 77.273876144730266, 24.15979651437954 ], [ 77.273902374192815, 24.159886944529568 ], [ 77.273919300215127, 24.159979223447166 ], [ 77.273926775370072, 24.160072547961434 ], [ 77.273924734995816, 24.160166106487431 ], [ 77.273913197164546, 24.160259082638856 ], [ 77.273892261586525, 24.160350667865259 ], [ 77.273862110595374, 24.160440061459099 ], [ 77.273823008996033, 24.16052648771657 ], [ 77.273775294254236, 24.160609192251414 ], [ 77.273736163727378, 24.160657155087812 ], [ 77.273689884766142, 24.160699420967894 ], [ 77.273637428065385, 24.16073509934726 ], [ 77.273579898920246, 24.160763440691444 ], [ 77.273518506589667, 24.160783849795386 ], [ 77.273454542543448, 24.160795896459856 ], [ 77.273389351809982, 24.16079932701901 ], [ 77.273324306349039, 24.160794069560435 ], [ 77.273260773534929, 24.160780235495487 ], [ 77.273200136665722, 24.160770962748668 ], [ 77.273139451120642, 24.160761961485537 ], [ 77.273078718868078, 24.160753231720754 ], [ 77.273017940900019, 24.160744772558449 ], [ 77.272957119160722, 24.160736586722834 ], [ 77.272896254650178, 24.160728672414926 ], [ 77.272835348352487, 24.160721029641966 ], [ 77.272774402227867, 24.160713659321843 ], [ 77.272713417252291, 24.1607065623651 ], [ 77.272686914645689, 24.160715501604781 ], [ 77.272663209298003, 24.160729577714648 ], [ 77.272643464058149, 24.160748100316116 ], [ 77.272628649829031, 24.160770156300114 ], [ 77.27261949485829, 24.160794666349833 ], [ 77.272616447970819, 24.160820423503573 ], [ 77.272619659237392, 24.160846163461304 ], [ 77.272628971584098, 24.160870622328666 ], [ 77.272643925158093, 24.160892598972382 ], [ 77.272668951504457, 24.160950368498927 ], [ 77.27269479272293, 24.16100783522765 ], [ 77.272721442996826, 24.161064989178918 ], [ 77.272748897477683, 24.161121822187027 ], [ 77.272777152325375, 24.161178323383982 ], [ 77.272806203667784, 24.161234485514409 ], [ 77.272836045712154, 24.161290295889334 ], [ 77.272866674594255, 24.161345746350207 ], [ 77.272898082512384, 24.161400828709084 ], [ 77.272911939108468, 24.161425505891398 ], [ 77.272923129811261, 24.161451294832165 ], [ 77.272931551415795, 24.161477956305358 ], [ 77.272937123453858, 24.161505240416499 ], [ 77.27293979405988, 24.161532891162626 ], [ 77.272939537970359, 24.161560650030545 ], [ 77.272936358508531, 24.161588254205046 ], [ 77.272930284526879, 24.16161544828805 ], [ 77.272921372456523, 24.161641975281533 ], [ 77.27289130440451, 24.161674748455685 ], [ 77.27285661646944, 24.161703423348857 ], [ 77.272817966171047, 24.161727456627496 ], [ 77.272776085062631, 24.161746393126887 ], [ 77.272731766846007, 24.161759873891508 ], [ 77.272685849580242, 24.161767644170705 ], [ 77.272639204836736, 24.161769555144026 ], [ 77.272592717947134, 24.161765570999211 ], [ 77.272547266338506, 24.161755769672659 ], [ 77.272502848313493, 24.161740121346153 ], [ 77.272457908656094, 24.161725786907354 ], [ 77.272412490572734, 24.161712778421897 ], [ 77.272366643135655, 24.161701112515562 ], [ 77.27232041154403, 24.161690798559341 ], [ 77.272273842933458, 24.161681849551609 ], [ 77.272226986456559, 24.161674273086692 ], [ 77.272179889305164, 24.161668075840915 ], [ 77.272132600623763, 24.161663266311841 ], [ 77.272103411934225, 24.161665171705366 ], [ 77.272074792768208, 24.161670773771881 ], [ 77.272047298304287, 24.161679966483327 ], [ 77.272021458796019, 24.161692568656878 ], [ 77.271997775505923, 24.161708338376112 ], [ 77.271976705956078, 24.161726971073762 ], [ 77.271958657957839, 24.161748106712547 ], [ 77.271943980712095, 24.161771334234597 ], [ 77.271932958782273, 24.161796205064412 ], [ 77.27191518390498, 24.161850530134362 ], [ 77.271899995179254, 24.161905511386543 ], [ 77.271887421096423, 24.161961045164276 ], [ 77.271877487186757, 24.162017028691512 ], [ 77.271870210169681, 24.162073353706813 ], [ 77.271865602795089, 24.162129915531544 ], [ 77.271863675860232, 24.162186607666015 ], [ 77.271864432295516, 24.162243322648013 ], [ 77.271867871069844, 24.162299955695076 ], [ 77.271868422912291, 24.162375423811348 ], [ 77.271860855968839, 24.162450573575782 ], [ 77.271845246654181, 24.162524672137369 ], [ 77.271821745131405, 24.162596996229713 ], [ 77.271790580162303, 24.162666840336584 ], [ 77.271752058066895, 24.162733523007152 ], [ 77.271706552832157, 24.162796392200956 ], [ 77.271654509952896, 24.162854836155994 ], [ 77.271596435604295, 24.162908283307758 ], [ 77.27157437539482, 24.162949662673068 ], [ 77.271558145986774, 24.162993254461814 ], [ 77.271548003570487, 24.163038370531599 ], [ 77.271544110078693, 24.163084294934745 ], [ 77.271546527078627, 24.163130306453457 ], [ 77.271555214819116, 24.163175674979311 ], [ 77.271570036918462, 24.163219687742469 ], [ 77.27159075745115, 24.163261644773446 ], [ 77.271617052518224, 24.163300886087207 ], [ 77.271652725155391, 24.163359809622175 ], [ 77.271690719343908, 24.163417496892272 ], [ 77.271730983566059, 24.163473874347563 ], [ 77.271773464383429, 24.163528863004238 ], [ 77.271818106299818, 24.163582393798514 ], [ 77.271864846976399, 24.16363439219581 ], [ 77.271913626962728, 24.16368479090908 ], [ 77.271964379925365, 24.163733521696397 ], [ 77.272017038522023, 24.16378051901788 ], [ 77.272040801602074, 24.163834361846575 ], [ 77.272058193136459, 24.163890215321345 ], [ 77.272069015945704, 24.163947448413168 ], [ 77.272073148808033, 24.16400541259755 ], [ 77.27207054342631, 24.164063450864194 ], [ 77.272061230246081, 24.164120907696013 ], [ 77.272045313534377, 24.164177129032115 ], [ 77.272022975140402, 24.164231482167509 ], [ 77.271994466685598, 24.164283348468548 ], [ 77.271944720566765, 24.164326825149065 ], [ 77.271890192391041, 24.164365171705292 ], [ 77.271831507263954, 24.16439794933822 ], [ 77.27176933700467, 24.16442478011631 ], [ 77.271704397103832, 24.164445356888944 ], [ 77.27163743096493, 24.164459444071021 ], [ 77.271569206934601, 24.164466879427611 ], [ 77.271500506448987, 24.164467578501288 ], [ 77.271432119135497, 24.164461531865484 ], [ 77.271388988992626, 24.164445331056484 ], [ 77.271345939191193, 24.164428953805849 ], [ 77.271302966770108, 24.164412400994561 ], [ 77.271260075667016, 24.16439567265229 ], [ 77.271217266850357, 24.164378770592858 ], [ 77.271174540328374, 24.164361693913143 ], [ 77.271131897085539, 24.164344442620635 ], [ 77.271089337113878, 24.164327017618564 ], [ 77.271046863358762, 24.164309419832378 ], [ 77.271024414515182, 24.164306591212917 ], [ 77.271001818507429, 24.164308119568297 ], [ 77.270980065303178, 24.164313938269316 ], [ 77.270960114094095, 24.164323788971465 ], [ 77.270942837993232, 24.164337241070459 ], [ 77.270929001305916, 24.164353701467004 ], [ 77.270919207050895, 24.164372448494845 ], [ 77.27091388986014, 24.164392655351527 ], [ 77.270913281105749, 24.164413436803983 ], [ 77.270911585519357, 24.16445396553236 ], [ 77.270913343416339, 24.164494492201733 ], [ 77.270918544211156, 24.1645347692474 ], [ 77.270927157622367, 24.164574549860063 ], [ 77.270939128710268, 24.164613592464256 ], [ 77.270954386760565, 24.164651658075421 ], [ 77.270972837368745, 24.164688514756779 ], [ 77.27099436736205, 24.164723937656344 ], [ 77.271018845767657, 24.164757710820265 ], [ 77.271031775264888, 24.16480795253521 ], [ 77.271043215535968, 24.16485849738762 ], [ 77.271053160010823, 24.164909309199253 ], [ 77.271061599190318, 24.164960349060141 ], [ 77.271068529449352, 24.165011581717327 ], [ 77.271073942297292, 24.16506296555854 ], [ 77.271077837054136, 24.165114466256089 ], [ 77.271080209150711, 24.16516604403364 ], [ 77.271081056938641, 24.165217662749615 ], [ 77.271064954441897, 24.165280297300161 ], [ 77.27104118388695, 24.165340843793562 ], [ 77.271010054541421, 24.165398512416576 ], [ 77.27097197275188, 24.165452556536174 ], [ 77.270927432124182, 24.165502269916445 ], [ 77.270877012337991, 24.165547009290798 ], [ 77.270821368366995, 24.165586188861656 ], [ 77.270761225347215, 24.165619303746826 ], [ 77.270697362915001, 24.165645919925979 ], [ 77.270665056102814, 24.165663861911838 ], [ 77.270635715374823, 24.165685674837654 ], [ 77.270609886809041, 24.165710950935757 ], [ 77.270588051086648, 24.165739219624133 ], [ 77.270570616536176, 24.165769954680339 ], [ 77.270557908232945, 24.165802582288158 ], [ 77.27055016197933, 24.16583649363767 ], [ 77.270547525184156, 24.165871056673552 ], [ 77.270550043960299, 24.165905627740045 ], [ 77.270554278699223, 24.165950340515728 ], [ 77.270563676032211, 24.165994385758818 ], [ 77.270578127200707, 24.166037264971788 ], [ 77.270597468230577, 24.166078489177462 ], [ 77.270621479818772, 24.166117591563076 ], [ 77.270649891279007, 24.166154126607037 ], [ 77.270682378459696, 24.166187682708522 ], [ 77.270718570699259, 24.166217875014095 ], [ 77.270758060492724, 24.166244365361315 ], [ 77.271028802308763, 24.166362489494968 ], [ 77.271692475971008, 24.166303895659528 ], [ 77.271988141464846, 24.166721827276437 ], [ 77.273441192778591, 24.166872177996151 ], [ 77.274215511861655, 24.166261903875906 ], [ 77.275622995562074, 24.165727967168792 ], [ 77.276827354774596, 24.164952621925497 ], [ 77.27727661272877, 24.16502907340589 ], [ 77.27849358414106, 24.165372864294863 ], [ 77.278386534410274, 24.166344174244895 ], [ 77.278353257908364, 24.166736400552157 ], [ 77.278198537045952, 24.167869894338512 ], [ 77.277538891085428, 24.16859679620007 ], [ 77.276845416556782, 24.169006669252823 ], [ 77.276409347949183, 24.169264401576818 ], [ 77.275402145594953, 24.170017155307722 ], [ 77.274642015756029, 24.171145088854022 ], [ 77.274602797550287, 24.171431386325597 ], [ 77.274914595616579, 24.171366723098558 ], [ 77.275155763521809, 24.17135290625928 ], [ 77.275381746842626, 24.171403696332817 ], [ 77.27565745188906, 24.171613317146765 ], [ 77.275945589561644, 24.171859462262265 ], [ 77.276273175329194, 24.171984662210505 ], [ 77.27673435856704, 24.171959189805772 ], [ 77.276969527973918, 24.172072538020604 ], [ 77.277245421983608, 24.172206657372481 ], [ 77.277566298706006, 24.172179858568821 ], [ 77.277701984775547, 24.172111824613498 ], [ 77.277901930743823, 24.172279062412422 ], [ 77.277972633894535, 24.172542941615955 ], [ 77.278082226228918, 24.172843957533125 ], [ 77.278384889719987, 24.173139215049456 ], [ 77.278611196789711, 24.173433031437874 ], [ 77.279260452213705, 24.174545113162221 ], [ 77.279350033337479, 24.174966908852014 ], [ 77.278925490241349, 24.175891538812159 ], [ 77.27876959929479, 24.176258316208656 ], [ 77.279142678700708, 24.177388527035927 ], [ 77.279752844887668, 24.178071303535781 ], [ 77.280807458244851, 24.178833418004977 ], [ 77.281359870983522, 24.178848463387258 ], [ 77.282231110210546, 24.179009311483313 ], [ 77.283354912299856, 24.179141557266274 ], [ 77.284112329972572, 24.178965329975998 ], [ 77.285102035381257, 24.178454868049258 ], [ 77.286429801438658, 24.177558920956841 ], [ 77.287181180763469, 24.176887802265536 ], [ 77.28814577222812, 24.175639163222012 ], [ 77.288451880966377, 24.175525804827434 ], [ 77.28849786882985, 24.175510926532173 ], [ 77.288545089179323, 24.175499761496184 ], [ 77.288593185867597, 24.175492392890725 ], [ 77.288641799071883, 24.175488874053528 ], [ 77.288690560307629, 24.175489235677944 ], [ 77.288739104369313, 24.175493471449489 ], [ 77.288787066257669, 24.175501551571813 ], [ 77.288834083235798, 24.17551341284581 ], [ 77.288879803586227, 24.175528970477014 ], [ 77.289469074750414, 24.175664907041941 ], [ 77.290234597010993, 24.175775118802477 ], [ 77.290292151249645, 24.175783232287152 ], [ 77.290350198294689, 24.175787471813535 ], [ 77.290408427242809, 24.175787812503625 ], [ 77.290466525976285, 24.17578425566473 ], [ 77.290524189126046, 24.17577681891262 ], [ 77.29058110621061, 24.175765541503356 ], [ 77.290636975418863, 24.175750484435049 ], [ 77.290691498719539, 24.175731726798844 ], [ 77.290744382806068, 24.17570937030192 ], [ 77.290787657271096, 24.175691777834544 ], [ 77.290829113249217, 24.175670820934631 ], [ 77.290868443154082, 24.175646658108072 ], [ 77.290905348078127, 24.175619468699349 ], [ 77.290939556466114, 24.17558945664231 ], [ 77.29097081037996, 24.175556844939376 ], [ 77.290998877280927, 24.17552187936144 ], [ 77.291023546162819, 24.175484820290006 ], [ 77.291044634435508, 24.175445943671313 ], [ 77.291325173051348, 24.175046690908449 ], [ 77.291721549100629, 24.174229090955869 ], [ 77.291742079828367, 24.17420525074391 ], [ 77.291766059672398, 24.174184296512113 ], [ 77.291790497263491, 24.174168290853466 ], [ 77.291822405330734, 24.174152640171577 ], [ 77.291853650139331, 24.174142569279731 ], [ 77.291886128791404, 24.174136628934576 ], [ 77.29191919540169, 24.174134935404574 ], [ 77.291952191007098, 24.174137524474453 ], [ 77.291984464295538, 24.174144345275725 ], [ 77.292895598701875, 24.174283453243195 ], [ 77.292964387482954, 24.174292186827145 ], [ 77.293033767214069, 24.174294935395505 ], [ 77.293103121772589, 24.174291675439587 ], [ 77.293171832639942, 24.174282432208582 ], [ 77.293239288651748, 24.174267290620563 ], [ 77.293304889038666, 24.17424638534883 ], [ 77.293368049317877, 24.174219902672181 ], [ 77.293428209200783, 24.174188076919805 ], [ 77.293484832585293, 24.174151191374307 ], [ 77.294169766022833, 24.173687282412555 ], [ 77.294329517760403, 24.173579665618046 ], [ 77.295022520287034, 24.173112819586329 ], [ 77.295069095346065, 24.173091629970958 ], [ 77.295112998031641, 24.173066086970316 ], [ 77.295153745444935, 24.17303647065043 ], [ 77.295190893680328, 24.173003105623017 ], [ 77.295224032934684, 24.172966357396319 ], [ 77.29525279834435, 24.172926631551377 ], [ 77.295276876002418, 24.172884361141055 ], [ 77.295296001918828, 24.172840013004635 ], [ 77.295309964131192, 24.172794071525342 ], [ 77.295614824080374, 24.17224273628679 ], [ 77.295637828140286, 24.172187076504745 ], [ 77.29566009107667, 24.172131163784105 ], [ 77.295681609866037, 24.17207500623206 ], [ 77.295702378539346, 24.172018611030978 ], [ 77.29572239798722, 24.171961989026514 ], [ 77.295741661264174, 24.171905146490612 ], [ 77.295760168292205, 24.171848092455324 ], [ 77.295777915063397, 24.171790835020616 ], [ 77.295794899523031, 24.171733384107153 ], [ 77.295804556170893, 24.171685860068187 ], [ 77.29581877147298, 24.171639309800494 ], [ 77.295837434901799, 24.171594101009873 ], [ 77.295860397631515, 24.171550590281505 ], [ 77.295887480429599, 24.17150912133155 ], [ 77.29591846779752, 24.171470019544703 ], [ 77.295953113830052, 24.171433597436959 ], [ 77.295991148256448, 24.171400139344907 ], [ 77.296032268485618, 24.171369910399758 ], [ 77.296093172020463, 24.171348643281341 ], [ 77.296156007990064, 24.171332806128902 ], [ 77.296220205096887, 24.171322544679697 ], [ 77.296285177742533, 24.171317951276187 ], [ 77.296350330918116, 24.171319068514588 ], [ 77.296415070072058, 24.171325886607985 ], [ 77.296478804070887, 24.171338342504797 ], [ 77.296540952058365, 24.171356323551841 ], [ 77.296600945447992, 24.171379664799527 ], [ 77.296653371233077, 24.171387849271117 ], [ 77.296706209241094, 24.171393359565808 ], [ 77.296759299113717, 24.171396181860182 ], [ 77.296812478515733, 24.171396303219716 ], [ 77.296865583009122, 24.171393726049789 ], [ 77.296918451046096, 24.171388460002905 ], [ 77.296970920078721, 24.171380516531091 ], [ 77.297022831355179, 24.171369923372563 ], [ 77.297074024123404, 24.171356711864036 ], [ 77.29715985636426, 24.171347746927765 ], [ 77.297243503018066, 24.171327939731967 ], [ 77.297323344140125, 24.17129767490913 ], [ 77.297397834828402, 24.171257538163836 ], [ 77.297465533876306, 24.171208304740443 ], [ 77.297525130448648, 24.171150928779067 ], [ 77.297575470859059, 24.171086520930537 ], [ 77.297615581409332, 24.171016325942055 ], [ 77.29764468627414, 24.170941703819818 ], [ 77.299140241137835, 24.171340990143637 ], [ 77.300764652256348, 24.171938362252444 ], [ 77.302048173464897, 24.17457208711993 ], [ 77.302058837562925, 24.174964370484705 ], [ 77.302066785151496, 24.175256688317763 ], [ 77.302267921552527, 24.17566464127394 ], [ 77.30211879504283, 24.177115108393952 ], [ 77.30202418256161, 24.177374035324917 ], [ 77.300719514468511, 24.177291121326419 ], [ 77.300139775843945, 24.17940145494455 ], [ 77.299863910565904, 24.181011541725866 ], [ 77.299432071117209, 24.182356136903632 ], [ 77.299159285436261, 24.183135252940243 ], [ 77.298733705749285, 24.183759659367535 ], [ 77.298022807626154, 24.183198226994172 ], [ 77.297681177629244, 24.18311727842174 ], [ 77.296941286974018, 24.184095921515315 ], [ 77.294496014922288, 24.1839441202583 ], [ 77.293096012425067, 24.183891021764531 ], [ 77.292301372529423, 24.184897761580928 ], [ 77.291960832585318, 24.185579823157081 ], [ 77.290367628604088, 24.18479781992788 ], [ 77.289676637875473, 24.184986762167512 ], [ 77.289275745076296, 24.185096380089732 ], [ 77.286876997875837, 24.185944382240667 ], [ 77.286477958056807, 24.186198138465468 ], [ 77.286287216499019, 24.186653106549329 ], [ 77.286126611130911, 24.186954137211675 ], [ 77.286078525473073, 24.187035263669028 ], [ 77.286025660111022, 24.18711384819019 ], [ 77.285968173703679, 24.187189651687881 ], [ 77.285906238575905, 24.187262448724297 ], [ 77.285840044728474, 24.187332019412292 ], [ 77.285769788976012, 24.187398152947498 ], [ 77.285695681823157, 24.187460649465972 ], [ 77.285617948417098, 24.187519323664166 ], [ 77.285536822719948, 24.187573995723724 ], [ 77.285005347374295, 24.187907769315856 ], [ 77.284912030767487, 24.187967752730493 ], [ 77.284814648680936, 24.188022025482329 ], [ 77.284713614739573, 24.188070356699136 ], [ 77.28460935810871, 24.188112540012245 ], [ 77.284502326423492, 24.188148396288039 ], [ 77.284392971035999, 24.18817777171213 ], [ 77.284281761743657, 24.188200542414933 ], [ 77.284169169098547, 24.188216610727395 ], [ 77.284055674212823, 24.188225909770271 ], [ 77.283889009428918, 24.188250630035615 ], [ 77.283722977697025, 24.188278695868725 ], [ 77.283557655896999, 24.188310097004017 ], [ 77.2833931249111, 24.188344815980233 ], [ 77.283229463628757, 24.188382838031284 ], [ 77.283066750002916, 24.188424142964973 ], [ 77.282905062979495, 24.18846870969379 ], [ 77.282744481480819, 24.188516519839911 ], [ 77.282585080547022, 24.188567548674321 ], [ 77.281650347447695, 24.188991203534144 ], [ 77.281598174556521, 24.189015178705166 ], [ 77.281550267930299, 24.189045738558121 ], [ 77.281507608839661, 24.189082262660843 ], [ 77.281471072390502, 24.189123999726377 ], [ 77.281441407592453, 24.189170094560446 ], [ 77.281419221477691, 24.189219602394811 ], [ 77.281404968094009, 24.189271508675692 ], [ 77.281317028631875, 24.189590799938813 ], [ 77.281273982019655, 24.190248857323418 ], [ 77.281259412255253, 24.190625306724378 ], [ 77.281249044314535, 24.19065461061766 ], [ 77.281238515311301, 24.190683866342187 ], [ 77.281227826238165, 24.190713073002065 ], [ 77.281216975133788, 24.190742229679437 ], [ 77.281205963975239, 24.190771335485771 ], [ 77.28119479080128, 24.190800389503174 ], [ 77.281183458565565, 24.190829391753631 ], [ 77.281171967276009, 24.190858341333939 ], [ 77.281160316948529, 24.190887236437689 ], [ 77.281146053199308, 24.190906026615604 ], [ 77.281133592904084, 24.190925867135682 ], [ 77.281123027941689, 24.190946612359852 ], [ 77.281114438423955, 24.190968111142972 ], [ 77.281107883858382, 24.190990204057325 ], [ 77.281103415875819, 24.191012731616336 ], [ 77.281101063525497, 24.191035526939327 ], [ 77.281100846995471, 24.191058423079575 ], [ 77.281103944134202, 24.191085179019119 ], [ 77.281112013450894, 24.191096963955825 ], [ 77.28112613365235, 24.191101393822297 ], [ 77.281142187118917, 24.191097886065162 ], [ 77.281152612756244, 24.191088095064604 ], [ 77.281282293616698, 24.190983661627094 ], [ 77.281315959124129, 24.190939621691115 ], [ 77.281355318408927, 24.190899751916934 ], [ 77.281399767351786, 24.190864667415294 ], [ 77.281448615815179, 24.190834912204359 ], [ 77.28150111237845, 24.190810945846263 ], [ 77.281556442423806, 24.190793137110216 ], [ 77.281613754736327, 24.190781762364637 ], [ 77.281672162559701, 24.190776997456037 ], [ 77.28173076234286, 24.190778913332661 ], [ 77.282453473188767, 24.190709245944294 ], [ 77.282514652499685, 24.190701728422532 ], [ 77.282576365972602, 24.190700614229339 ], [ 77.282637819866522, 24.190705916426143 ], [ 77.282698224096876, 24.190717568618666 ], [ 77.282756800151517, 24.190735420499582 ], [ 77.282812797796339, 24.190759241585642 ], [ 77.282865494050483, 24.19078872572608 ], [ 77.282914211869027, 24.190823493950994 ], [ 77.282958324049332, 24.190863098113063 ], [ 77.28363588545966, 24.191209895271566 ], [ 77.283876251213485, 24.191292521065787 ], [ 77.283937813184011, 24.19130937224179 ], [ 77.284000407161898, 24.191322648855472 ], [ 77.284063785470096, 24.191332298483932 ], [ 77.284127699303028, 24.191338284954448 ], [ 77.284191895828712, 24.191340582000254 ], [ 77.284256124024722, 24.191339181433097 ], [ 77.284320128794576, 24.19133409038967 ], [ 77.284383660861693, 24.191325325986039 ], [ 77.284446467812515, 24.191312926089438 ], [ 77.285189078844695, 24.191158095311369 ], [ 77.285340711210992, 24.191126480702 ], [ 77.285366801592275, 24.191116682844644 ], [ 77.285394725453557, 24.191113130877131 ], [ 77.285422736988764, 24.19111604848635 ], [ 77.285449084147032, 24.19112525105437 ], [ 77.285472115793326, 24.191140164518039 ], [ 77.285490391727492, 24.191159855088831 ], [ 77.28550276880263, 24.191183089504374 ], [ 77.285508471115406, 24.191208415033319 ], [ 77.285507143387065, 24.191234247484079 ], [ 77.285519082483219, 24.191460965459722 ], [ 77.285523910348786, 24.191493667496921 ], [ 77.285524657155193, 24.191526661697345 ], [ 77.285521316813458, 24.191559521691371 ], [ 77.285513928542343, 24.191591819638852 ], [ 77.28550259054137, 24.191623138975924 ], [ 77.285487448167714, 24.191653075230285 ], [ 77.285468697843115, 24.191681239663591 ], [ 77.285446582043193, 24.19170726916937 ], [ 77.285421387328356, 24.19173082625899 ], [ 77.285183560798544, 24.192092835557744 ], [ 77.284994069309093, 24.192517011349562 ], [ 77.284975589573236, 24.192548294766258 ], [ 77.28496110028739, 24.19258129956199 ], [ 77.284950790330811, 24.192615599912962 ], [ 77.284944792612066, 24.192650752418221 ], [ 77.284943184989658, 24.192686303332199 ], [ 77.284945988278807, 24.192721791259423 ], [ 77.28495316715609, 24.192756756193699 ], [ 77.284964627117589, 24.192790749430934 ], [ 77.284980221426778, 24.192823327298239 ], [ 77.28500501115424, 24.192862318633427 ], [ 77.285035407955164, 24.192897815457233 ], [ 77.285070835848472, 24.192929142390096 ], [ 77.285110619640477, 24.192955708219291 ], [ 77.285154005601683, 24.192977006052836 ], [ 77.285200171145746, 24.192992632359406 ], [ 77.285248238582554, 24.193002290683509 ], [ 77.285297297708894, 24.193005798136298 ], [ 77.286360243008062, 24.193120810396522 ], [ 77.286912988758317, 24.193210024898953 ], [ 77.28698641218385, 24.193221439559341 ], [ 77.287057105013943, 24.193242924828041 ], [ 77.287123433152559, 24.193273981756526 ], [ 77.287183867784947, 24.19331389630722 ], [ 77.287237015828296, 24.19336174770708 ], [ 77.287281648285855, 24.193416431237942 ], [ 77.287316735462454, 24.193476684690022 ], [ 77.287683897103477, 24.194014642027593 ], [ 77.287698639257016, 24.194046801450384 ], [ 77.287710757111995, 24.194079869047521 ], [ 77.287720179355247, 24.194113668161386 ], [ 77.287726858399736, 24.194148011471377 ], [ 77.287730757465226, 24.194182714446384 ], [ 77.287731853611845, 24.194217586335125 ], [ 77.287730141622774, 24.194252436517434 ], [ 77.287725631034732, 24.194287076288813 ], [ 77.28771834615381, 24.194321317053866 ], [ 77.287712745158615, 24.194379370398575 ], [ 77.287712357072209, 24.194437650233205 ], [ 77.287717181430352, 24.194495762746335 ], [ 77.287727191160016, 24.194553316638707 ], [ 77.287742314864033, 24.194609922088421 ], [ 77.287762451518375, 24.194665198989359 ], [ 77.287787464604207, 24.194718772391262 ], [ 77.287817185950686, 24.194770283367177 ], [ 77.287851416759082, 24.194819384504939 ], [ 77.2881814899593, 24.195433515359976 ], [ 77.288216397641065, 24.195455308667807 ], [ 77.288253334800743, 24.195474080337689 ], [ 77.288291989706735, 24.1954896708977 ], [ 77.288332038548901, 24.195501950593535 ], [ 77.288373145486347, 24.195510813969193 ], [ 77.288414963536908, 24.195516190712471 ], [ 77.28845714257335, 24.195518032165701 ], [ 77.288499328227786, 24.19551632396298 ], [ 77.288541165878001, 24.195511080640291 ], [ 77.288607306216676, 24.195520008243413 ], [ 77.288674159134828, 24.195520021697721 ], [ 77.288740303706177, 24.195511120419994 ], [ 77.288804336036407, 24.195493494536983 ], [ 77.288864893944023, 24.195467517842179 ], [ 77.288920691479191, 24.195433741728415 ], [ 77.288970544620611, 24.19539288453867 ], [ 77.289013393089007, 24.195345814565574 ], [ 77.289048326114582, 24.195293531273819 ], [ 77.289412883014393, 24.194816171605499 ], [ 77.289605400517402, 24.194585467233626 ], [ 77.289836477137399, 24.194308552131531 ], [ 77.289873963687612, 24.194260428817692 ], [ 77.289916663193239, 24.194216109604159 ], [ 77.289964118560007, 24.194176065302852 ], [ 77.290015823813917, 24.194140726622578 ], [ 77.290071227197856, 24.194110467933545 ], [ 77.290129738985001, 24.194085614551629 ], [ 77.290190731589647, 24.194066430093603 ], [ 77.290253558250896, 24.194053119325783 ], [ 77.290317546179494, 24.194045823596792 ], [ 77.291273508966484, 24.193847121265236 ], [ 77.291354175487072, 24.193844408415661 ], [ 77.291434871530384, 24.193846185700806 ], [ 77.291515301789971, 24.193852442811394 ], [ 77.291595172038924, 24.193863158608167 ], [ 77.291674187215946, 24.193878294784724 ], [ 77.291752057356788, 24.193897793201916 ], [ 77.291828497522701, 24.193921584016216 ], [ 77.29190322391733, 24.19394957932834 ], [ 77.291975965670332, 24.193981676883375 ], [ 77.292549466673677, 24.194114516694732 ], [ 77.29260029427185, 24.194121365070476 ], [ 77.292648556972637, 24.194137513143975 ], [ 77.292692253846255, 24.194162293124013 ], [ 77.292729575212547, 24.194194674629735 ], [ 77.292758975026828, 24.194233319417322 ], [ 77.29277923155459, 24.194276624278437 ], [ 77.292789510731694, 24.194322794668107 ], [ 77.292989419182618, 24.194966624970885 ], [ 77.29299400667216, 24.194997658583468 ], [ 77.292993329512598, 24.195028971312865 ], [ 77.292987403131377, 24.195059813591058 ], [ 77.292976365908586, 24.195089451207881 ], [ 77.292960487951689, 24.1951171753112 ], [ 77.292940142335951, 24.195142325679218 ], [ 77.292915815840601, 24.195164301638343 ], [ 77.292888092059783, 24.195182579100404 ], [ 77.292857628668955, 24.195196720330703 ], [ 77.29279469037202, 24.195248903681371 ], [ 77.292737792814847, 24.195306627716931 ], [ 77.292687514216198, 24.195369307802487 ], [ 77.292644362332382, 24.195436310009026 ], [ 77.292608777395273, 24.195506952941134 ], [ 77.292581120177246, 24.195580521197218 ], [ 77.292561668036797, 24.195656267146351 ], [ 77.292550620706564, 24.1957334245194 ], [ 77.292548091423242, 24.195811209246433 ], [ 77.292532554344803, 24.195859332566258 ], [ 77.292523166922365, 24.195908779321734 ], [ 77.292520054116252, 24.195958887464631 ], [ 77.292523258201555, 24.196008991626623 ], [ 77.292532735813822, 24.196058423096794 ], [ 77.292548359806815, 24.196106522481237 ], [ 77.292569923095698, 24.196152650569854 ], [ 77.292597138616969, 24.196196192852273 ], [ 77.292629642210784, 24.196236567668723 ], [ 77.292717985148911, 24.196288878671965 ], [ 77.292801490152158, 24.196347498236456 ], [ 77.292879620903975, 24.196412050283904 ], [ 77.292951878817163, 24.196482122885449 ], [ 77.293017801072736, 24.196557267343849 ], [ 77.293076964518804, 24.196637002737855 ], [ 77.293128997446999, 24.196720820525204 ], [ 77.293173558923044, 24.196808183486461 ], [ 77.29321036727832, 24.196898533161033 ], [ 77.293240743670268, 24.196940886504255 ], [ 77.293263390500726, 24.196987129070934 ], [ 77.293277734108713, 24.197036087854595 ], [ 77.293283408271378, 24.197086515505504 ], [ 77.293280269619018, 24.197137129283053 ], [ 77.293268397367314, 24.197186641763487 ], [ 77.293248094026524, 24.197233792458377 ], [ 77.293219874278378, 24.197277381152389 ], [ 77.293184458768479, 24.197316302180703 ], [ 77.293132407013516, 24.197363145610222 ], [ 77.293075341388302, 24.197404783764107 ], [ 77.293013874358564, 24.197440770441265 ], [ 77.292948670080264, 24.197470716725974 ], [ 77.292880433489259, 24.197494299939976 ], [ 77.292809898469059, 24.197511265361808 ], [ 77.292737825833726, 24.197521431631866 ], [ 77.292664991543035, 24.197524687052063 ], [ 77.292592181699504, 24.197520998581894 ], [ 77.292522042575527, 24.197529306615856 ], [ 77.292451634195089, 24.197535416877535 ], [ 77.292381041344612, 24.197539318250218 ], [ 77.29231034380814, 24.197541008612802 ], [ 77.292239624315727, 24.197540486769277 ], [ 77.292168965581553, 24.197537753330113 ], [ 77.292098449327298, 24.197532809801903 ], [ 77.292028157234867, 24.197525662207088 ], [ 77.291958172923756, 24.197516320195721 ], [ 77.291942220119765, 24.19749762751335 ], [ 77.291921207793877, 24.197483769507617 ], [ 77.291896809114547, 24.197475852338972 ], [ 77.29187097124931, 24.197474504575812 ], [ 77.29184575129409, 24.197479834435114 ], [ 77.291823162764729, 24.197491417811026 ], [ 77.29180500298358, 24.197508331322879 ], [ 77.291792720487649, 24.197529225400743 ], [ 77.291787293903056, 24.19755243719786 ], [ 77.291765758702212, 24.197584928186103 ], [ 77.291750103008184, 24.197620136138269 ], [ 77.291740718652264, 24.197657173363805 ], [ 77.29173784525058, 24.197695104983243 ], [ 77.291741553210699, 24.197732977705776 ], [ 77.291751748527361, 24.197769834316233 ], [ 77.291768175466274, 24.197804744404756 ], [ 77.291790419287636, 24.197836830580968 ], [ 77.291817919903792, 24.197865283026335 ], [ 77.291917409785427, 24.197899052186077 ], [ 77.29201485868424, 24.197937503918784 ], [ 77.292110003593294, 24.197980536932224 ], [ 77.292202590500906, 24.198028034646043 ], [ 77.29229236745077, 24.198079870560065 ], [ 77.292379095404371, 24.198135904721362 ], [ 77.292462541324781, 24.198195986382775 ], [ 77.292542480145997, 24.19825995401764 ], [ 77.292618697726638, 24.198327635341027 ], [ 77.292694850455561, 24.198430576457355 ], [ 77.292774415896375, 24.198531322569817 ], [ 77.292857318073629, 24.198629779176915 ], [ 77.292943478041238, 24.198725853561697 ], [ 77.293032814867047, 24.198819454798922 ], [ 77.293125244640393, 24.198910494650985 ], [ 77.293220679487362, 24.198998887560887 ], [ 77.293319030540545, 24.199084548867418 ], [ 77.293420203968864, 24.199167398389033 ], [ 77.293479952783613, 24.199201949338679 ], [ 77.293541615287324, 24.199233540033848 ], [ 77.293605021882342, 24.199262083415196 ], [ 77.293669991106924, 24.199287497755542 ], [ 77.293736339434531, 24.199309712151511 ], [ 77.293803881305493, 24.199328662910784 ], [ 77.293872424179995, 24.199344296225451 ], [ 77.293941775422979, 24.199356569126078 ], [ 77.294011740358442, 24.199365446757408 ], [ 77.294065039007393, 24.199371713164879 ], [ 77.294116255022317, 24.199386631610903 ], [ 77.294163731412127, 24.199409718404091 ], [ 77.294205934589385, 24.19944022882726 ], [ 77.294241501475611, 24.199477175548019 ], [ 77.294269282493588, 24.199519366870636 ], [ 77.294288378708302, 24.199565438621804 ], [ 77.294500816976068, 24.200076398317623 ], [ 77.294523232605798, 24.200130938791098 ], [ 77.294551501298002, 24.200183141451955 ], [ 77.294585342105279, 24.200232478547974 ], [ 77.294624410814478, 24.200278449860622 ], [ 77.294668311691495, 24.200320590921041 ], [ 77.294716604334312, 24.200358477576678 ], [ 77.294768798733543, 24.200391727761779 ], [ 77.29482436805786, 24.200420003397781 ], [ 77.29488275152076, 24.200443020350722 ], [ 77.294913328791537, 24.200446369750683 ], [ 77.294943945215877, 24.200449408721408 ], [ 77.294974595885961, 24.200452135420413 ], [ 77.29500527881649, 24.200454551639435 ], [ 77.295035989107575, 24.200456654632706 ], [ 77.295066721811907, 24.200458447073462 ], [ 77.295097474006852, 24.200459925327195 ], [ 77.295128242714469, 24.20046109208176 ], [ 77.295159024003723, 24.200461946404943 ], [ 77.295265636419742, 24.202858635942011 ], [ 77.295175614056589, 24.204133607273995 ], [ 77.294897273084615, 24.204313987921434 ], [ 77.293846765349912, 24.204510924518569 ], [ 77.292490328423867, 24.204372749189012 ], [ 77.291294973163573, 24.20392342414787 ], [ 77.289992539123574, 24.203504444144667 ], [ 77.289877628266893, 24.204424638747238 ], [ 77.289713848424825, 24.205953995779154 ], [ 77.289319811665152, 24.206638507822873 ], [ 77.288543250338492, 24.207030408857129 ], [ 77.287653544925533, 24.20720950121763 ], [ 77.286830366876458, 24.208155524990545 ], [ 77.286402232654183, 24.208055510132652 ], [ 77.285997690551241, 24.207973493506771 ], [ 77.285651028219164, 24.208172406598152 ], [ 77.285287783947709, 24.208296132060855 ], [ 77.284904289540407, 24.210297297609507 ], [ 77.284710951628355, 24.211833316332953 ], [ 77.284253018293938, 24.214490197461565 ], [ 77.284265644295019, 24.215499382584234 ], [ 77.284175367357491, 24.216861112978044 ], [ 77.283814490883671, 24.218011496650774 ], [ 77.283627965011732, 24.218885934861405 ], [ 77.2833906166953, 24.219253371331696 ], [ 77.283977286821681, 24.219787012502039 ], [ 77.286043394504659, 24.219038623484487 ], [ 77.28667629692724, 24.220433272593809 ], [ 77.286918543460501, 24.220709081998944 ], [ 77.28657021330892, 24.221905395757609 ], [ 77.286312151188028, 24.22280522973379 ], [ 77.286162038896748, 24.223146908548564 ], [ 77.287326788842094, 24.22363382798326 ], [ 77.288786332122385, 24.222895517241408 ], [ 77.290045179216378, 24.223968425886024 ], [ 77.290986764868975, 24.224647326372761 ], [ 77.291504936423706, 24.224391168179785 ], [ 77.292634492024632, 24.223676643396836 ], [ 77.293544611288667, 24.222848244454095 ], [ 77.294295536420904, 24.221811789989601 ], [ 77.295347720842173, 24.220858688060805 ], [ 77.296151967758291, 24.220276867800393 ], [ 77.296597732251456, 24.220142881957287 ], [ 77.297688044668448, 24.221705700973548 ], [ 77.299988143550209, 24.223365747814825 ], [ 77.30071179903922, 24.224430848448602 ], [ 77.301919781506456, 24.225729169621946 ], [ 77.302895923891469, 24.225858732212519 ], [ 77.304240735449909, 24.225712485575606 ], [ 77.305269085991767, 24.225545111854885 ], [ 77.307899877474014, 24.224051347794909 ], [ 77.308280363661652, 24.223263345132619 ], [ 77.308727373185008, 24.222968169325338 ], [ 77.310393397369324, 24.222287879062019 ], [ 77.311214794975797, 24.221983550522395 ], [ 77.311754670665678, 24.221516137624558 ], [ 77.312058075334747, 24.221391141389635 ], [ 77.312439671228049, 24.221382126555245 ], [ 77.313089825807481, 24.22154787823245 ], [ 77.313688542868789, 24.221713255480743 ], [ 77.31418486014492, 24.221822899331247 ], [ 77.314800383469816, 24.221867752850311 ], [ 77.315148094031997, 24.221811351766721 ], [ 77.315405116369448, 24.223345213901165 ], [ 77.315438588904911, 24.223861579119131 ], [ 77.312846588191192, 24.224004313547088 ], [ 77.313032026451978, 24.225112345938815 ], [ 77.314433975066805, 24.225618697957959 ], [ 77.314714928292574, 24.225816928158281 ], [ 77.314221627431621, 24.226405873145914 ], [ 77.313536501265105, 24.226393063024172 ], [ 77.312530022736354, 24.226634288173969 ], [ 77.31199302223429, 24.226826588818085 ], [ 77.311309984876644, 24.227771640271914 ], [ 77.31071484098635, 24.228387054222857 ], [ 77.310307776427592, 24.228527875333675 ], [ 77.309878330493376, 24.229122490799316 ], [ 77.309826031544318, 24.229538572907597 ], [ 77.309532765035712, 24.229660386953721 ], [ 77.308974444949811, 24.229770358083268 ], [ 77.308456793504945, 24.231232446833054 ], [ 77.306618619985983, 24.231035611684863 ], [ 77.30522353543796, 24.230780839947105 ], [ 77.305059974329438, 24.231403814016307 ], [ 77.305239637973045, 24.231728355545894 ], [ 77.305790628730833, 24.232214849338671 ], [ 77.306626792617507, 24.233993142252459 ], [ 77.305216582079069, 24.233876964551072 ], [ 77.304470056465988, 24.232985415908541 ], [ 77.303730400248142, 24.23200474818481 ], [ 77.301484300098494, 24.230458116201934 ], [ 77.300823199296303, 24.229722857763125 ], [ 77.300861114666617, 24.229299762674085 ], [ 77.29943133879739, 24.229088745647047 ], [ 77.299149172945306, 24.229063154442681 ], [ 77.298988854134194, 24.230273293961254 ], [ 77.298936361166753, 24.230587350200572 ], [ 77.29876475787384, 24.231613996827864 ], [ 77.298816005667092, 24.232792054876271 ], [ 77.298136411161138, 24.233100275467407 ], [ 77.297854830978963, 24.233045365358475 ], [ 77.297792489714283, 24.232858599274966 ], [ 77.29769332702682, 24.232292250273037 ], [ 77.297395547957422, 24.231834308549796 ], [ 77.297193289158812, 24.231506410993124 ], [ 77.297165956652307, 24.231169279904321 ], [ 77.297200183383538, 24.230716656917028 ], [ 77.296990909953237, 24.23035609016808 ], [ 77.295003557370777, 24.230321877151056 ], [ 77.294697274932176, 24.228883260140638 ], [ 77.294338310422873, 24.228872780354919 ], [ 77.29359415599049, 24.228918205253382 ], [ 77.292504553788447, 24.229047642019928 ], [ 77.291566474352308, 24.229271774198107 ], [ 77.290692849020289, 24.229457213356024 ], [ 77.290485303550298, 24.23155925048302 ], [ 77.289220753626381, 24.233453191106676 ], [ 77.289499140184731, 24.23384540129307 ], [ 77.289412545375868, 24.235162668182571 ], [ 77.288742609504951, 24.235931080713868 ], [ 77.28576764843028, 24.236983316634856 ], [ 77.284993811909615, 24.237917551800891 ], [ 77.284411544528567, 24.239000025275541 ], [ 77.2838494505, 24.240083823158159 ], [ 77.283590101483895, 24.240812059251539 ], [ 77.283510547731694, 24.241141446075957 ], [ 77.282484503327538, 24.243490718903665 ], [ 77.280527306633701, 24.243820138849063 ], [ 77.279641866501862, 24.244863151501136 ], [ 77.279286105564495, 24.245225575869998 ], [ 77.278414831526604, 24.245815830871798 ], [ 77.277745362349805, 24.246119737303701 ], [ 77.276186929261399, 24.246416979634418 ], [ 77.275689635309917, 24.246485348058293 ], [ 77.275558315133608, 24.24632803635744 ], [ 77.275112596234834, 24.245706336638211 ], [ 77.275441201014729, 24.244654883218516 ], [ 77.275911876095876, 24.243991239965439 ], [ 77.276113627876157, 24.243395808623362 ], [ 77.275661375247168, 24.242972664643816 ], [ 77.274146619154024, 24.243053474066659 ], [ 77.272935980301568, 24.243057905683528 ], [ 77.271927702198838, 24.240969132370822 ], [ 77.273335503281217, 24.240370198056411 ], [ 77.274984338121968, 24.240078718126583 ], [ 77.276412451938214, 24.239883329368112 ], [ 77.277076691191667, 24.239467341975782 ], [ 77.278014725885569, 24.238111801505504 ], [ 77.279671910906501, 24.235665402836691 ], [ 77.280453874329709, 24.234478568219995 ], [ 77.281263333099886, 24.233584017762517 ], [ 77.281164344971685, 24.231828808087759 ], [ 77.281092645050478, 24.230569983384576 ], [ 77.280615393973449, 24.229237883257387 ], [ 77.279706426085596, 24.228335489673793 ], [ 77.278643457303332, 24.227281468063634 ], [ 77.278519891145905, 24.225696423576981 ], [ 77.278241462101263, 24.224168994601545 ], [ 77.277978836693734, 24.223216949622575 ], [ 77.277113742997074, 24.222095322130553 ], [ 77.27624938421738, 24.220983530726777 ], [ 77.27532017055492, 24.220122206759452 ], [ 77.27594799085324, 24.219213995274607 ], [ 77.275730095644619, 24.217990055220746 ], [ 77.275307314367865, 24.217288004329994 ], [ 77.275277676631063, 24.21514069688747 ], [ 77.274828342357523, 24.214566387559408 ], [ 77.274320671588782, 24.213917507253893 ], [ 77.273668329784499, 24.213083702746417 ], [ 77.272670436382967, 24.211974481500544 ], [ 77.272701628663796, 24.21193112706646 ], [ 77.272738684611681, 24.211891845047191 ], [ 77.272780979824987, 24.211857300038421 ], [ 77.272827799064643, 24.21182807285739 ], [ 77.272878353027082, 24.211804657055765 ], [ 77.272931789273088, 24.211787448163854 ], [ 77.272987207087027, 24.211776733866625 ], [ 77.273043672191434, 24.211772700437169 ], [ 77.273100229749417, 24.2117754102538 ], [ 77.273203855460878, 24.211756963124952 ], [ 77.273308151911507, 24.211742035407564 ], [ 77.273412978120987, 24.211730645010064 ], [ 77.273518190138788, 24.211722811625251 ], [ 77.273623646104937, 24.211718541413962 ], [ 77.273729203158652, 24.21171784233599 ], [ 77.273834715557385, 24.211720714201142 ], [ 77.273940040536985, 24.21172715413223 ], [ 77.274045035381562, 24.21173715383334 ], [ 77.274106591422225, 24.211716726731282 ], [ 77.274166881762412, 24.211693339273264 ], [ 77.274225739347258, 24.211667060659234 ], [ 77.274282996129472, 24.211637960985069 ], [ 77.274338495774685, 24.21160612217659 ], [ 77.274392079898888, 24.211571635176902 ], [ 77.274443598949247, 24.211534594608047 ], [ 77.27449290721583, 24.211495105960125 ], [ 77.274539868788452, 24.2114532802158 ], [ 77.274605857012489, 24.211413217509808 ], [ 77.274673187091665, 24.21137507876881 ], [ 77.274741790766313, 24.211338898705215 ], [ 77.27481159878424, 24.211304712927166 ], [ 77.274882543863001, 24.21127255705775 ], [ 77.274954556799173, 24.211242461286357 ], [ 77.275027564442539, 24.21121445667621 ], [ 77.275101495652862, 24.211188569789503 ], [ 77.275176278305324, 24.211164827181364 ], [ 77.276050807437684, 24.211086795341981 ], [ 77.276092000612294, 24.211084207175563 ], [ 77.276132376653493, 24.211076279332573 ], [ 77.276171114766697, 24.21106317186101 ], [ 77.27620743063008, 24.211045151663324 ], [ 77.276240588291998, 24.211022583553227 ], [ 77.276269913021466, 24.210995924932224 ], [ 77.276294812084473, 24.210965715106408 ], [ 77.276314780708645, 24.210932569008357 ], [ 77.276329415069895, 24.210897156519625 ], [ 77.276363879985283, 24.21052089322303 ], [ 77.276429829482893, 24.210025162900244 ], [ 77.276446213407354, 24.210000959874847 ], [ 77.276455829804959, 24.209973872768412 ], [ 77.276458128067716, 24.20994546275065 ], [ 77.27645296951934, 24.209917369945021 ], [ 77.276440652892589, 24.209891216974064 ], [ 77.276506909735659, 24.209656909488416 ], [ 77.276625502500465, 24.209174016778558 ], [ 77.276651107421259, 24.209119874866818 ], [ 77.276672571734707, 24.209064238735021 ], [ 77.276689791631412, 24.209007375866246 ], [ 77.276702686912003, 24.208949556629573 ], [ 77.276711197007941, 24.20889105876649 ], [ 77.2767152780755, 24.208832161949889 ], [ 77.276714911874109, 24.208773146043701 ], [ 77.276710100802546, 24.208714295582304 ], [ 77.276700866994275, 24.208655890731023 ], [ 77.27659474570207, 24.207734746320238 ], [ 77.276597657886782, 24.207676174040735 ], [ 77.276596726916594, 24.207617548610266 ], [ 77.27659195781753, 24.207559080518166 ], [ 77.276583367432352, 24.207500980341919 ], [ 77.27657098639763, 24.207443457858833 ], [ 77.276554860128741, 24.207386722053208 ], [ 77.276535046890302, 24.207330976585961 ] ], [ [ 77.319445732615051, 24.247490735280596 ], [ 77.319840729098175, 24.248590245843761 ], [ 77.320487462976871, 24.249278163747711 ], [ 77.322219800106737, 24.249295131372033 ], [ 77.322281212918369, 24.250000305261299 ], [ 77.322290745657668, 24.250116958316209 ], [ 77.320842078870172, 24.250097888055961 ], [ 77.320397436974318, 24.250601965682364 ], [ 77.318527405033763, 24.251963098930471 ], [ 77.317918236087252, 24.252683706182381 ], [ 77.317789223826594, 24.252751900216662 ], [ 77.317558499644889, 24.252608583487014 ], [ 77.316643090788006, 24.251833125292663 ], [ 77.315834055276625, 24.250756833481134 ], [ 77.315668519129119, 24.250103132856513 ], [ 77.315278581971, 24.24998232960445 ], [ 77.314357335106038, 24.249533199664782 ], [ 77.314246664814405, 24.248640991997849 ], [ 77.314207635821873, 24.247604636743521 ], [ 77.314190125894626, 24.247139684634064 ], [ 77.315100154996159, 24.246268329987487 ], [ 77.314801042839591, 24.245696025773359 ], [ 77.31520027482749, 24.244443652142177 ], [ 77.31554036369684, 24.244355748247273 ], [ 77.316669964111455, 24.244488770412072 ], [ 77.316578751538302, 24.245390257954902 ], [ 77.316530962996964, 24.24572906350264 ], [ 77.318188053315197, 24.246111019150828 ], [ 77.319445732615051, 24.247490735280596 ] ], [ [ 77.331042531426277, 24.243107713740194 ], [ 77.327811847282575, 24.243093317079477 ], [ 77.327923458842932, 24.241974815535791 ], [ 77.328892298561513, 24.24169969457089 ], [ 77.330371663586604, 24.239774097240804 ], [ 77.332100255082395, 24.239291244985555 ], [ 77.332544676113855, 24.240297094131783 ], [ 77.331740941106048, 24.240984619489772 ], [ 77.331143577438041, 24.24161702143638 ], [ 77.331042531426277, 24.243107713740194 ] ], [ [ 77.301548036522405, 24.249508705286939 ], [ 77.303294822284983, 24.248456665145337 ], [ 77.304178634796713, 24.24843190684933 ], [ 77.304292289114002, 24.247831765809799 ], [ 77.305113857663855, 24.247500033936259 ], [ 77.305466752683913, 24.248767746058263 ], [ 77.304999299217357, 24.248903398235225 ], [ 77.305037450043656, 24.249966898134659 ], [ 77.305034262032393, 24.250075037179531 ], [ 77.30228105957525, 24.250102153751012 ], [ 77.301773688859271, 24.250629130528381 ], [ 77.301157063014728, 24.250845111199776 ], [ 77.300665006954858, 24.251017457909452 ], [ 77.300176543913167, 24.251233521101383 ], [ 77.298819926590213, 24.251855322220539 ], [ 77.298613550534654, 24.251956010931185 ], [ 77.297844262517302, 24.252331334422308 ], [ 77.29727197705779, 24.252407660301916 ], [ 77.296274163653933, 24.252415554529819 ], [ 77.295810008783832, 24.252381724518706 ], [ 77.295474860180775, 24.252351322442959 ], [ 77.295157428697408, 24.252237433320854 ], [ 77.294847213100923, 24.251913307084287 ], [ 77.294607248988214, 24.251598237527809 ], [ 77.294468468538312, 24.251421912352644 ], [ 77.294983641874197, 24.250114862500141 ], [ 77.296305195287701, 24.250121367332536 ], [ 77.297502051893844, 24.248004715486747 ], [ 77.298633166438634, 24.248577326887993 ], [ 77.299930531030853, 24.250109998167641 ], [ 77.301548036522405, 24.249508705286939 ] ] ], [ [ [ 77.150365523553901, 24.240345450375607 ], [ 77.149592115794931, 24.239561776718876 ], [ 77.147465048526669, 24.240091189270078 ], [ 77.146093616930045, 24.240510581242802 ], [ 77.145369466947486, 24.24064938173176 ], [ 77.14479594821421, 24.240782538333871 ], [ 77.143983032900707, 24.240761946143419 ], [ 77.142823638311413, 24.240000419232967 ], [ 77.142090459113007, 24.239502126715976 ], [ 77.141090440914965, 24.240080010445329 ], [ 77.141250832133636, 24.240804866011196 ], [ 77.141260689809272, 24.241275118860599 ], [ 77.142195709783508, 24.241333372895149 ], [ 77.142461276709341, 24.241448072401653 ], [ 77.142857918330691, 24.241579382016813 ], [ 77.143241397835453, 24.24175712107969 ], [ 77.14362072136791, 24.24192706872147 ], [ 77.144084623673066, 24.242628667355941 ], [ 77.144562125478473, 24.242717986631472 ], [ 77.14569430164336, 24.24191304231752 ], [ 77.148523053056081, 24.242068736897323 ], [ 77.15165430159422, 24.242065412100484 ], [ 77.151072880625321, 24.241066599208366 ], [ 77.150365523553901, 24.240345450375607 ] ] ], [ [ [ 77.296254503875346, 23.897213474666906 ], [ 77.297173763972111, 23.898137805343904 ], [ 77.29800598332065, 23.89844758254026 ], [ 77.298382795173907, 23.898450322695343 ], [ 77.299344096014508, 23.898248075647764 ], [ 77.299887333961777, 23.898206400649293 ], [ 77.300131726980851, 23.898184782181087 ], [ 77.300127396318757, 23.898078170776671 ], [ 77.300119470412028, 23.897971735603562 ], [ 77.300107957249836, 23.89786557698201 ], [ 77.300092869709843, 23.897759797977194 ], [ 77.300074220685218, 23.897654499847835 ], [ 77.300052028963094, 23.897549783895013 ], [ 77.300026315295128, 23.89744575143391 ], [ 77.299997103395413, 23.897342501994572 ], [ 77.299964424836674, 23.897240135163614 ], [ 77.299894800210993, 23.897103116354742 ], [ 77.29980786395457, 23.896974731689813 ], [ 77.299704859772149, 23.896856820189456 ], [ 77.299587265435235, 23.896751075339196 ], [ 77.299456766551955, 23.896659010577459 ], [ 77.299315235048127, 23.896581948301925 ], [ 77.299164700920429, 23.896520991665536 ], [ 77.29900732087286, 23.896477016221155 ], [ 77.298845351959258, 23.896450650763285 ], [ 77.298703450270551, 23.896399574919343 ], [ 77.298563677129934, 23.896343755112191 ], [ 77.298426221491852, 23.896283268595894 ], [ 77.298291266392184, 23.896218195291841 ], [ 77.298158992838566, 23.896148622333339 ], [ 77.298029578828135, 23.896074644058345 ], [ 77.297903196431449, 23.895996358375097 ], [ 77.2977800166653, 23.895913871314001 ], [ 77.297660204619831, 23.895827292475687 ], [ 77.297505843577866, 23.89572354762635 ], [ 77.297348096866074, 23.895624200380208 ], [ 77.297187114973767, 23.895529343051642 ], [ 77.297023046447364, 23.895439065231727 ], [ 77.296856047729335, 23.895353452052969 ], [ 77.296686274317167, 23.89527258412522 ], [ 77.296513885690828, 23.895196535764839 ], [ 77.296339044291358, 23.895125379503824 ], [ 77.296161914562234, 23.895059183372975 ], [ 77.2961152184333, 23.895044965442267 ], [ 77.296067678602569, 23.895033349078755 ], [ 77.296019465637713, 23.895024377074488 ], [ 77.295970755111398, 23.895018081418872 ], [ 77.295921721683769, 23.895014485965593 ], [ 77.295872542096362, 23.895013601034695 ], [ 77.295823393137326, 23.895015431527217 ], [ 77.295774450705949, 23.895019971498634 ], [ 77.295725894739775, 23.89502720238854 ], [ 77.29565002526644, 23.895040313188698 ], [ 77.295573734188437, 23.895051160908213 ], [ 77.295497101165466, 23.895059736191289 ], [ 77.295420206847382, 23.895066028786157 ], [ 77.295343131852988, 23.895070032054221 ], [ 77.295265955787556, 23.8950717429625 ], [ 77.295188761211335, 23.895071157596679 ], [ 77.295111626692673, 23.895068279239386 ], [ 77.295034633778272, 23.895063107582246 ], [ 77.294907531810253, 23.895074488630733 ], [ 77.294781035485755, 23.895090594454576 ], [ 77.294655352307828, 23.895111398567323 ], [ 77.294530689857851, 23.895136865450858 ], [ 77.294407250844841, 23.895166955036057 ], [ 77.294285239046474, 23.895201617326187 ], [ 77.294164854374145, 23.895240795070851 ], [ 77.294114995882921, 23.895259143263839 ], [ 77.294046293855118, 23.895284423773049 ], [ 77.293929754572289, 23.895332432613866 ], [ 77.293877558525267, 23.895350819668227 ], [ 77.293822989747767, 23.895361947908935 ], [ 77.293767234115549, 23.895365578495941 ], [ 77.293711504644008, 23.895361629054115 ], [ 77.293657010917286, 23.895350186998556 ], [ 77.293604941459719, 23.895331503083444 ], [ 77.293556425524741, 23.89530597937997 ], [ 77.293512520276593, 23.895274174602331 ], [ 77.293474179573366, 23.89523677858778 ], [ 77.293028268897714, 23.894533585608421 ], [ 77.292699135468908, 23.89407650552123 ], [ 77.292333221037339, 23.894021369847682 ], [ 77.292211288895103, 23.893815000300137 ], [ 77.291863415157621, 23.893216836096464 ], [ 77.291724643266363, 23.892978219346737 ], [ 77.290428128750619, 23.891553957535802 ], [ 77.289948992102438, 23.891336696043261 ], [ 77.288851331771824, 23.891052478046333 ], [ 77.288716451306456, 23.89100186112314 ], [ 77.287902828151047, 23.890696524729389 ], [ 77.286781396810895, 23.890029185334271 ], [ 77.283814257515488, 23.888683060895545 ], [ 77.282055368314929, 23.887736674711309 ], [ 77.279749170371758, 23.886737806473853 ], [ 77.278671120053872, 23.886531394485282 ], [ 77.277504412554052, 23.886577491427406 ], [ 77.275547451282918, 23.886838472479241 ], [ 77.273562091875959, 23.886708905386637 ], [ 77.273131426803531, 23.886720105004098 ], [ 77.271094834809801, 23.886773049343326 ], [ 77.271131398037824, 23.887206153466355 ], [ 77.271082650846154, 23.888896873069971 ], [ 77.270950524192571, 23.890144920056084 ], [ 77.270882194359018, 23.890995370355046 ], [ 77.270966353352961, 23.891373179803214 ], [ 77.271521762402344, 23.892496496641815 ], [ 77.272628514202452, 23.892357430262265 ], [ 77.273483143266645, 23.892363783576567 ], [ 77.276385119874703, 23.891449330056147 ], [ 77.277356053466292, 23.891261220385907 ], [ 77.279067145985394, 23.891406310142674 ], [ 77.280008897541947, 23.8916712980954 ], [ 77.280817004046341, 23.893084380071262 ], [ 77.281155059580897, 23.89327415013415 ], [ 77.282006826879837, 23.893720338534042 ], [ 77.283449211256169, 23.894475894632482 ], [ 77.285641881452605, 23.895797287421576 ], [ 77.288688323759573, 23.897779235942366 ], [ 77.28899601109579, 23.897979403491281 ], [ 77.290140679577988, 23.899036162939659 ], [ 77.29144866831146, 23.899144797752218 ], [ 77.291860983442731, 23.898747524040676 ], [ 77.291918013690477, 23.898353810791093 ], [ 77.292538663862786, 23.89808651799947 ], [ 77.29286718991402, 23.898076601813699 ], [ 77.293238643271579, 23.898528871050903 ], [ 77.29360243742758, 23.898315987232849 ], [ 77.294702367843456, 23.897651716508967 ], [ 77.296254503875346, 23.897213474666906 ] ] ], [ [ [ 77.270292229087616, 23.915449239916075 ], [ 77.26886648341312, 23.915522287746256 ], [ 77.268191432536057, 23.914617880653324 ], [ 77.268195715644154, 23.914082904244847 ], [ 77.267601704912281, 23.913670613097963 ], [ 77.268177203593623, 23.912993066143038 ], [ 77.268862336066135, 23.914043956615689 ], [ 77.271923977279897, 23.912496963140224 ], [ 77.272257604515474, 23.912923573822511 ], [ 77.272910977297272, 23.912530409826612 ], [ 77.272725205732343, 23.9122517136902 ], [ 77.272431217989052, 23.910920774626931 ], [ 77.272043093986909, 23.910172892249637 ], [ 77.27122310456059, 23.910384349699005 ], [ 77.270976708283811, 23.909841900050409 ], [ 77.271690855231029, 23.909425277099942 ], [ 77.27265892361757, 23.90951159688839 ], [ 77.273059040789121, 23.90971235920313 ], [ 77.273565466715596, 23.910065547352449 ], [ 77.274948603452899, 23.909769400117074 ], [ 77.274266098219897, 23.908552898962419 ], [ 77.273445266930224, 23.907589487764323 ], [ 77.273059895922145, 23.907137171066346 ], [ 77.272673699047502, 23.906306388003777 ], [ 77.272484446357709, 23.905316349034216 ], [ 77.273687897644393, 23.902675018245446 ], [ 77.273613166112753, 23.90007339542905 ], [ 77.272890214416577, 23.899114004533416 ], [ 77.272305934844425, 23.895257707751028 ], [ 77.271244612963727, 23.894613379268296 ], [ 77.270851078612594, 23.894338754030802 ], [ 77.268454416527504, 23.894810082233619 ], [ 77.268176738994256, 23.896233939941041 ], [ 77.268127288009495, 23.897484742114841 ], [ 77.268112226013372, 23.897865705703783 ], [ 77.269996990523282, 23.899205697612157 ], [ 77.269418085250351, 23.900510849081492 ], [ 77.26736341756839, 23.90325170645243 ], [ 77.266822857574326, 23.904915229425271 ], [ 77.267936587486446, 23.905895968754685 ], [ 77.269150399766673, 23.907749658965013 ], [ 77.269670239527045, 23.908412692320685 ], [ 77.269137073388777, 23.908454398181195 ], [ 77.268659754183531, 23.90860746546517 ], [ 77.269367916190618, 23.908860749867159 ], [ 77.269936603145013, 23.909748327479921 ], [ 77.268583086186169, 23.911109503028779 ], [ 77.266586079733401, 23.913467854394426 ], [ 77.266441943390362, 23.913656916180035 ], [ 77.265956192636921, 23.914294060551157 ], [ 77.266445795588893, 23.915692065257968 ], [ 77.266535197917307, 23.916395527652927 ], [ 77.268657620545653, 23.916671357793089 ], [ 77.271008367167354, 23.916832944800511 ], [ 77.272446120851555, 23.916689857809491 ], [ 77.272619330456052, 23.915765636201566 ], [ 77.272573418088427, 23.915147019656182 ], [ 77.272612494150835, 23.914587821437408 ], [ 77.271751629915471, 23.914743507481383 ], [ 77.271298396127278, 23.915147983856581 ], [ 77.270292229087616, 23.915449239916075 ] ] ], [ [ [ 77.30717656980309, 23.935400656011144 ], [ 77.307340184839987, 23.934407853160451 ], [ 77.30742772861538, 23.933511585301357 ], [ 77.307581304090348, 23.932509851042415 ], [ 77.307591197076007, 23.931911046894072 ], [ 77.306574151943096, 23.930878114011417 ], [ 77.305284788450379, 23.929772647781721 ], [ 77.304976641869814, 23.929646630920583 ], [ 77.303604811964732, 23.929662785913141 ], [ 77.302006560959157, 23.929697347750345 ], [ 77.300627005713409, 23.929798160550657 ], [ 77.299745660274837, 23.929874729319302 ], [ 77.29890091480479, 23.929937808892326 ], [ 77.298376941518939, 23.928889421586184 ], [ 77.297886852262536, 23.927960004991796 ], [ 77.297526258999142, 23.927237461218763 ], [ 77.297056125431922, 23.926317843352233 ], [ 77.296849790014917, 23.925771785736284 ], [ 77.298277854288415, 23.926093904844834 ], [ 77.299415180487557, 23.926388629493779 ], [ 77.300418643998299, 23.926537034949185 ], [ 77.301501247518061, 23.926732939986874 ], [ 77.302410139054132, 23.926919281519726 ], [ 77.303528347526594, 23.927063639296591 ], [ 77.304602084947291, 23.927173794794385 ], [ 77.3056181386346, 23.927221257483207 ], [ 77.306607626364183, 23.927257557748625 ], [ 77.307523295612853, 23.927198064231124 ], [ 77.309672411664067, 23.927194673865021 ], [ 77.309456767211344, 23.926045980406837 ], [ 77.309368577676707, 23.925535390592788 ], [ 77.309293247363783, 23.924722696182673 ], [ 77.309256991910118, 23.92409472814737 ], [ 77.30909981000805, 23.923234227354545 ], [ 77.309101179109987, 23.923073696316973 ], [ 77.308914525032492, 23.922052441079103 ], [ 77.308655796419231, 23.92099742584103 ], [ 77.308387298707842, 23.919928362586024 ], [ 77.308229483757742, 23.919143403512049 ], [ 77.308093374705891, 23.918524947050276 ], [ 77.308020367882307, 23.918193212971484 ], [ 77.307892916459622, 23.917465135241638 ], [ 77.307770987971452, 23.916809620407655 ], [ 77.307757810984299, 23.91660089541562 ], [ 77.308537770968556, 23.916275788351278 ], [ 77.310046784035649, 23.91583833105949 ], [ 77.311044743320835, 23.91558984333227 ], [ 77.313006702493468, 23.915128605768444 ], [ 77.314892640455867, 23.914680471545996 ], [ 77.31633868421936, 23.914341442903041 ], [ 77.316931800469376, 23.914163451861842 ], [ 77.317986707605016, 23.913959355389711 ], [ 77.318949566594966, 23.913742500481661 ], [ 77.320557219076562, 23.913370561922711 ], [ 77.320703870087669, 23.912745153692448 ], [ 77.320826219178926, 23.911971222779609 ], [ 77.321108210958513, 23.911103494858029 ], [ 77.321388204093211, 23.910242540946218 ], [ 77.321742140823929, 23.909386025874181 ], [ 77.322053631751658, 23.908680818635165 ], [ 77.322563277910788, 23.908047407096973 ], [ 77.322788817161097, 23.907692027013084 ], [ 77.322594589013448, 23.907342675899471 ], [ 77.322108735920949, 23.906561784027748 ], [ 77.321987980442429, 23.906367698799254 ], [ 77.321180492089212, 23.904952720446961 ], [ 77.320493075173104, 23.903856324526522 ], [ 77.320006291680684, 23.903040547261991 ], [ 77.319366312876809, 23.901950217044124 ], [ 77.318901327311863, 23.901104419211819 ], [ 77.318669165727727, 23.900676300364697 ], [ 77.318503886982342, 23.900180967745914 ], [ 77.318396004980201, 23.899868813295154 ], [ 77.318346433822967, 23.899631537119454 ], [ 77.317590650868993, 23.899505141545379 ], [ 77.317452517529702, 23.899494371065575 ], [ 77.317314395127042, 23.899483472276259 ], [ 77.317176285626175, 23.899472445191467 ], [ 77.317038188052777, 23.89946128890103 ], [ 77.316900103381982, 23.899450004315238 ], [ 77.316762030639438, 23.899438590523907 ], [ 77.316623970800322, 23.899427048437349 ], [ 77.316485923880279, 23.899415376249131 ], [ 77.316347888874461, 23.899403576661896 ], [ 77.316208680271728, 23.899396721179254 ], [ 77.316069481642131, 23.899403776890175 ], [ 77.315931934352221, 23.899424657987268 ], [ 77.315797659488553, 23.899459121355136 ], [ 77.315668236308738, 23.89950675918918 ], [ 77.315545191330514, 23.899567011563342 ], [ 77.315429970803748, 23.899639168941921 ], [ 77.315323934741514, 23.899722381168278 ], [ 77.31522833031211, 23.899815667209769 ], [ 77.315168078429537, 23.899897795385883 ], [ 77.315101584007124, 23.899975746369151 ], [ 77.31502918841197, 23.900049117932163 ], [ 77.314951262263904, 23.900117534251898 ], [ 77.314868208397996, 23.900180644124596 ], [ 77.314780452025204, 23.900238122701914 ], [ 77.314688442666466, 23.900289675118323 ], [ 77.314592654145017, 23.900335037394317 ], [ 77.314493577709186, 23.900373976387218 ], [ 77.313840202097154, 23.900586758177568 ], [ 77.313564488631073, 23.900851028291786 ], [ 77.313358698898782, 23.901052050443869 ], [ 77.312642327955871, 23.902035029887926 ], [ 77.312236094199562, 23.903112323137847 ], [ 77.312072323811208, 23.904355867124639 ], [ 77.31197648852384, 23.905666060348214 ], [ 77.311823485525935, 23.906036079410622 ], [ 77.310128334318364, 23.905163245610989 ], [ 77.308918846309581, 23.9047228852004 ], [ 77.308659623130751, 23.90455940239038 ], [ 77.308249631560386, 23.903710549947903 ], [ 77.307632874285275, 23.902688524262761 ], [ 77.308292496632262, 23.900860012105014 ], [ 77.306417972651687, 23.899172788911113 ], [ 77.305996353252027, 23.898907880460524 ], [ 77.305710532835576, 23.898674041479875 ], [ 77.305662053537745, 23.898650921744263 ], [ 77.305610190477751, 23.898635190663114 ], [ 77.305556265532658, 23.898627248896961 ], [ 77.30550165236923, 23.898627299666472 ], [ 77.305447745063148, 23.898635342203381 ], [ 77.305395916848141, 23.898651170549101 ], [ 77.305347489601729, 23.898674380560436 ], [ 77.305303696407876, 23.898704382284166 ], [ 77.305265654956401, 23.898740408797568 ], [ 77.30522732659999, 23.898817694462718 ], [ 77.305186084394791, 23.898893702614664 ], [ 77.305141978259243, 23.898968339672084 ], [ 77.305095064006352, 23.89904151209603 ], [ 77.305045397364736, 23.899113136282892 ], [ 77.304993039060236, 23.899183118729052 ], [ 77.304938054630767, 23.899251377708186 ], [ 77.304880506698467, 23.899317827859839 ], [ 77.304820470610508, 23.899382389335027 ], [ 77.304738102326297, 23.899450536083549 ], [ 77.304648681470013, 23.89951070111109 ], [ 77.30455311716581, 23.899562268628713 ], [ 77.304452387481305, 23.899604718190584 ], [ 77.304347514952568, 23.899637614581732 ], [ 77.304239569421981, 23.899660620484521 ], [ 77.304129652249458, 23.899673504494505 ], [ 77.304018880647405, 23.899676134684224 ], [ 77.303908385675683, 23.899668483105199 ], [ 77.302554435102735, 23.89967728851332 ], [ 77.30248472651094, 23.90130694058282 ], [ 77.302484600238472, 23.901354343073702 ], [ 77.302482276621731, 23.901401697127572 ], [ 77.302477758350818, 23.90144891785669 ], [ 77.302471055990509, 23.901495918623841 ], [ 77.30246217813314, 23.901542613680625 ], [ 77.302451144177425, 23.901588917356872 ], [ 77.302437973483578, 23.901634748498402 ], [ 77.302422689380066, 23.901680021463278 ], [ 77.302405320084461, 23.901724653354862 ], [ 77.302365973571185, 23.901831928288892 ], [ 77.302343999308334, 23.90194190429694 ], [ 77.302339028025884, 23.90205640421258 ], [ 77.302351982502145, 23.902168986308915 ], [ 77.302382322654267, 23.902278707273041 ], [ 77.302429420436539, 23.902383308896987 ], [ 77.302492310875977, 23.902480639822031 ], [ 77.302569698573691, 23.902568698943814 ], [ 77.302659992736451, 23.902645674508509 ], [ 77.303255440082992, 23.903003508789663 ], [ 77.303669532572641, 23.903143621191877 ], [ 77.304217995566006, 23.904313723495171 ], [ 77.305714077515205, 23.905409533586901 ], [ 77.305936826852744, 23.906844126798291 ], [ 77.305663869694556, 23.908084913483851 ], [ 77.305345776993704, 23.908829352805576 ], [ 77.302200886329899, 23.908485126022878 ], [ 77.300143052908197, 23.909078736118904 ], [ 77.297460159506556, 23.908396642651315 ], [ 77.296236165103664, 23.907678881009584 ], [ 77.295842943466909, 23.907696077575466 ], [ 77.295137899273385, 23.908419844348611 ], [ 77.293983921871771, 23.910834047495232 ], [ 77.293999529291355, 23.911130403810265 ], [ 77.294346824222714, 23.912027547611626 ], [ 77.294561809716569, 23.912369473690024 ], [ 77.295031106771745, 23.913547464764143 ], [ 77.295712280629942, 23.914717382559367 ], [ 77.296177718989327, 23.914911962263989 ], [ 77.297905612843977, 23.915634306139403 ], [ 77.298266705823465, 23.915883858838793 ], [ 77.299335957174236, 23.916789012530469 ], [ 77.299351635352537, 23.916809548379437 ], [ 77.300062704821755, 23.917756096776301 ], [ 77.301329004119196, 23.918058253977257 ], [ 77.302110065080853, 23.918532896848415 ], [ 77.301990448303201, 23.91994173730027 ], [ 77.301959345507782, 23.920887948885603 ], [ 77.300355346892971, 23.921184604731931 ], [ 77.297792766681567, 23.921249892348829 ], [ 77.295830865824371, 23.921383843746487 ], [ 77.294816629851837, 23.921408557676148 ], [ 77.294432797489634, 23.922011282594347 ], [ 77.294246709448771, 23.922504484954345 ], [ 77.292552855782802, 23.922461150363176 ], [ 77.292264578249373, 23.923448163554681 ], [ 77.291589383292106, 23.923656143437572 ], [ 77.290415966481163, 23.923486976884274 ], [ 77.289130433887848, 23.9238968145767 ], [ 77.287773261721966, 23.924753937084546 ], [ 77.287057547931269, 23.924965006941314 ], [ 77.286859126748297, 23.925023522081194 ], [ 77.286495492235588, 23.925020848274883 ], [ 77.285085205085238, 23.924747133015689 ], [ 77.284210486366774, 23.924547544789586 ], [ 77.283889652395828, 23.924448837671449 ], [ 77.281137579915523, 23.924642585396249 ], [ 77.280313728154695, 23.92528520269396 ], [ 77.279677782292097, 23.925981553108365 ], [ 77.279210800516353, 23.926492882343339 ], [ 77.278695478136754, 23.927369100755843 ], [ 77.278902189903761, 23.928947412133684 ], [ 77.278296315569136, 23.929370806124851 ], [ 77.278871701928665, 23.930611205222867 ], [ 77.279171433004379, 23.932068334399592 ], [ 77.279269366377903, 23.933267779054248 ], [ 77.279172781983746, 23.934136981432591 ], [ 77.278992830662901, 23.934412809011796 ], [ 77.278368316544743, 23.935060117161868 ], [ 77.27774934064233, 23.937336999658779 ], [ 77.27798211662126, 23.937626857909393 ], [ 77.27846819400159, 23.937492942945649 ], [ 77.279022345365959, 23.936914234718341 ], [ 77.279653050605077, 23.93736419918163 ], [ 77.280040199095524, 23.937302258207453 ], [ 77.281217578034628, 23.937212736838529 ], [ 77.281298143847565, 23.938629281555034 ], [ 77.282798868645074, 23.938821743228146 ], [ 77.286341705103126, 23.937817674625848 ], [ 77.287646952011286, 23.93900682815503 ], [ 77.287594713544337, 23.940145101131701 ], [ 77.28861475835437, 23.940423696107889 ], [ 77.290906331910662, 23.93891766893217 ], [ 77.291046857172446, 23.938488905277101 ], [ 77.291900201801042, 23.938401669458344 ], [ 77.292495416699722, 23.93834082019638 ], [ 77.292958922268525, 23.9402345374668 ], [ 77.290215316680289, 23.940978748035828 ], [ 77.290339691677474, 23.941359545588561 ], [ 77.289177802443746, 23.942338328123082 ], [ 77.28829070270595, 23.942820539674361 ], [ 77.287918790909671, 23.943173986092617 ], [ 77.287265535276049, 23.9437948021389 ], [ 77.287751686154863, 23.944749118763646 ], [ 77.288321945659376, 23.945544969196437 ], [ 77.287610899765411, 23.945916038034866 ], [ 77.287345794216691, 23.94605438554143 ], [ 77.287024342114861, 23.945802627391156 ], [ 77.286820714060909, 23.944855162840671 ], [ 77.286471738896651, 23.944658036116337 ], [ 77.2856938328366, 23.945054847314033 ], [ 77.285478751615059, 23.945422257574673 ], [ 77.285042742843643, 23.945989307178873 ], [ 77.281287723773062, 23.947767822745053 ], [ 77.280684635565947, 23.950140583916607 ], [ 77.280126725364894, 23.952181146701946 ], [ 77.279772813982447, 23.952212706749378 ], [ 77.276942163419221, 23.952123988440157 ], [ 77.275426233243664, 23.952891362181802 ], [ 77.274094245246147, 23.951744444844724 ], [ 77.272749527138814, 23.953144673380717 ], [ 77.272631340472913, 23.954819404675362 ], [ 77.272679144459119, 23.956075049639502 ], [ 77.271871782669848, 23.956434841075353 ], [ 77.270960336638879, 23.957154326195976 ], [ 77.269994555755929, 23.959819442478253 ], [ 77.269085353125291, 23.962099689551053 ], [ 77.269838071164997, 23.962486805640651 ], [ 77.272361560965578, 23.963784573552044 ], [ 77.275175290850271, 23.963443715011174 ], [ 77.275555672750713, 23.962378443395988 ], [ 77.278129655200615, 23.961597657825561 ], [ 77.27968426688949, 23.961126059719088 ], [ 77.281448409175098, 23.960590876815608 ], [ 77.282066773074718, 23.960902416208288 ], [ 77.282669734904715, 23.961120472622753 ], [ 77.284320490619606, 23.962152577750857 ], [ 77.28629702923925, 23.963400617528787 ], [ 77.287318114365235, 23.963527413240961 ], [ 77.290083173268201, 23.963363067555171 ], [ 77.290476972604807, 23.963230766996691 ], [ 77.291158981632165, 23.963821592851488 ], [ 77.291612603747666, 23.964573991118549 ], [ 77.292378610815476, 23.965844497750002 ], [ 77.292307085911403, 23.966168429916557 ], [ 77.291458461615917, 23.966675933281746 ], [ 77.291424074683206, 23.966669412570944 ], [ 77.291390250891411, 23.966660751650707 ], [ 77.291357148133969, 23.966649992325621 ], [ 77.291324921292713, 23.966637183604536 ], [ 77.29129372024866, 23.966622384395407 ], [ 77.291263689866128, 23.966605665311832 ], [ 77.291234971030647, 23.96658710235792 ], [ 77.291207695679446, 23.966566783214589 ], [ 77.291181991763153, 23.966544801856227 ], [ 77.290971253532248, 23.966353313243978 ], [ 77.290945672872851, 23.966332088777563 ], [ 77.290916817539909, 23.966314767646228 ], [ 77.290885386693418, 23.966301769571256 ], [ 77.290852143298963, 23.966293410867785 ], [ 77.290817890640923, 23.966289892530515 ], [ 77.290783457571465, 23.966291301028804 ], [ 77.290749682847931, 23.966297600965682 ], [ 77.290717376753534, 23.966308640216052 ], [ 77.290687327962388, 23.966324151783382 ], [ 77.290639155757859, 23.966340095817188 ], [ 77.290590235752063, 23.966353976730943 ], [ 77.290540669435401, 23.966365766364582 ], [ 77.290490562237821, 23.966375435683599 ], [ 77.29044002242037, 23.966382969223375 ], [ 77.290389157308269, 23.966388346093137 ], [ 77.290338076082719, 23.966391558061183 ], [ 77.290286888908014, 23.966392596903393 ], [ 77.290235704910387, 23.966391460710831 ], [ 77.290178356754936, 23.966396442174904 ], [ 77.290120754681823, 23.966396144931004 ], [ 77.290063471735621, 23.966390571378966 ], [ 77.290007078523814, 23.966379778096918 ], [ 77.289982720474285, 23.966372725506158 ], [ 77.289952138341306, 23.966363871289268 ], [ 77.289899197301992, 23.966343011230443 ], [ 77.289848782443372, 23.966317404121444 ], [ 77.289801397755568, 23.966287306576849 ], [ 77.289757515413683, 23.966253016527958 ], [ 77.289303032454853, 23.965845205280626 ], [ 77.289281959072923, 23.965823516863182 ], [ 77.289255898239148, 23.965807027079201 ], [ 77.289226331913568, 23.965796676262975 ], [ 77.289194938784789, 23.965793049408322 ], [ 77.289163503043781, 23.965796354724478 ], [ 77.289133811355697, 23.965806403007509 ], [ 77.289107553433155, 23.965822624975125 ], [ 77.289086218607139, 23.965844096700636 ], [ 77.289071021585116, 23.965869599585471 ], [ 77.288855519607736, 23.966124824487835 ], [ 77.288826272329118, 23.966148740952338 ], [ 77.28879393484516, 23.966169021678109 ], [ 77.288759037897279, 23.966185333649157 ], [ 77.288722157881111, 23.966197406510044 ], [ 77.288683898084997, 23.966205042363971 ], [ 77.288644892597674, 23.96620811851146 ], [ 77.288605775901573, 23.966206580000417 ], [ 77.288567196507017, 23.966200454179134 ], [ 77.288529787536035, 23.966189842350115 ], [ 77.288213227415653, 23.966004538112763 ], [ 77.28818908190874, 23.965988223012864 ], [ 77.288162463921779, 23.965975564174343 ], [ 77.288134024387304, 23.965966874392507 ], [ 77.288104458380261, 23.965962363816153 ], [ 77.288074487395193, 23.965962143431206 ], [ 77.288044846616103, 23.965966219546559 ], [ 77.288016260376452, 23.965974490001589 ], [ 77.287989424372995, 23.965986754873818 ], [ 77.287964997834848, 23.9660027128084 ], [ 77.287889126497888, 23.966076053790935 ], [ 77.287672769102485, 23.966273798300868 ], [ 77.287642649405072, 23.966294364261611 ], [ 77.287608487299025, 23.966311718308493 ], [ 77.287572108227394, 23.966324719507355 ], [ 77.287534163940919, 23.966333135998799 ], [ 77.287495334993068, 23.966336814718918 ], [ 77.287456320808403, 23.966335693069126 ], [ 77.287417818153216, 23.966329787918337 ], [ 77.287380522023795, 23.966319206448627 ], [ 77.287345099162991, 23.966304139637742 ], [ 77.286849874209935, 23.966106705913884 ], [ 77.286821709259087, 23.96608964112016 ], [ 77.286790442071592, 23.966077996501291 ], [ 77.286757292433734, 23.966072228146885 ], [ 77.286723556837558, 23.966072562382017 ], [ 77.286690551568853, 23.96607898450921 ], [ 77.286659564491927, 23.966091244776582 ], [ 77.286631804860477, 23.966108865234027 ], [ 77.286608357963885, 23.96613115565766 ], [ 77.286590137634292, 23.966157249330017 ], [ 77.286520800099879, 23.966275787843998 ], [ 77.286508348853602, 23.966293741395042 ], [ 77.286494132362563, 23.966310552876767 ], [ 77.286478276736489, 23.966326075986746 ], [ 77.286460917819639, 23.966340175333301 ], [ 77.286442207040864, 23.966352731898013 ], [ 77.286422306577961, 23.96636363396787 ], [ 77.286401389278851, 23.966372786166964 ], [ 77.286379635697173, 23.966380111241424 ], [ 77.286357235114451, 23.966385545550491 ], [ 77.286250995606821, 23.966401400155906 ], [ 77.286000171392629, 23.966437883985652 ], [ 77.285969969926555, 23.966447170960265 ], [ 77.28594155751388, 23.966460390334142 ], [ 77.28591553620187, 23.966477261115244 ], [ 77.285892457590705, 23.966497426066635 ], [ 77.285872810983818, 23.96652045794195 ], [ 77.285857015445998, 23.966545868459221 ], [ 77.285845402032677, 23.966573117202639 ], [ 77.285838219545155, 23.966601627922849 ], [ 77.285835620714877, 23.966630794758423 ], [ 77.285847712789348, 23.966755968448275 ], [ 77.285852511630551, 23.966779615801901 ], [ 77.285854470710674, 23.966803603533922 ], [ 77.285853570910803, 23.96682764426858 ], [ 77.285849818666989, 23.966851450817849 ], [ 77.285843260690143, 23.966874739000264 ], [ 77.285833976087204, 23.966897229389222 ], [ 77.285822074324514, 23.966918655427275 ], [ 77.285807698231679, 23.966938757125348 ], [ 77.285791019920396, 23.966957298194934 ], [ 77.28577157401341, 23.966977708479021 ], [ 77.285748951656231, 23.966995138096394 ], [ 77.285723690198907, 23.967009173701413 ], [ 77.285696385240442, 23.967019485477522 ], [ 77.285667682750073, 23.967025828885593 ], [ 77.285638262286696, 23.9670280526698 ], [ 77.285608817270059, 23.967026106841498 ], [ 77.285580045206572, 23.967020036284552 ], [ 77.285552626034132, 23.967009984208644 ], [ 77.285331493248009, 23.966917568116685 ], [ 77.285269922055434, 23.966893379399281 ], [ 77.285205671493216, 23.966876043772789 ], [ 77.28513964277505, 23.966865802724335 ], [ 77.285072760579013, 23.966862799460667 ], [ 77.285005959319562, 23.966867075193978 ], [ 77.284940177219298, 23.966878572711469 ], [ 77.284876332791555, 23.966897128072283 ], [ 77.284815318825451, 23.966922484112278 ], [ 77.284757991645833, 23.966954282235193 ], [ 77.284465344865183, 23.967182097744626 ], [ 77.284445881560927, 23.967197496466227 ], [ 77.284425295187532, 23.967211606084348 ], [ 77.284403685608993, 23.967224359591238 ], [ 77.284381157587944, 23.967235691821713 ], [ 77.284357822664987, 23.967245549403131 ], [ 77.284333796280734, 23.967253882604478 ], [ 77.28430919279829, 23.967260652526132 ], [ 77.28428413441253, 23.967265823939233 ], [ 77.284258744206412, 23.967269372460606 ], [ 77.28421653719046, 23.967272635207742 ], [ 77.284174183901911, 23.967273064256684 ], [ 77.284131909488366, 23.967270654042764 ], [ 77.284089938915855, 23.967265419775156 ], [ 77.284048494106941, 23.967257387479805 ], [ 77.284007796826032, 23.967246601246838 ], [ 77.283968063804537, 23.967233118678372 ], [ 77.283929506748692, 23.967217009984989 ], [ 77.283892328383928, 23.96719836066665 ], [ 77.283523902376842, 23.966963272301044 ], [ 77.283471054894491, 23.96692866500927 ], [ 77.283416179953377, 23.966896829270205 ], [ 77.283359452603662, 23.966867867538738 ], [ 77.28330104997913, 23.966841868736548 ], [ 77.283241155181457, 23.966818913700358 ], [ 77.283179954315742, 23.966799076966392 ], [ 77.283117644424792, 23.966782418699879 ], [ 77.283054414751064, 23.966768991782693 ], [ 77.282990467408993, 23.966758838353009 ], [ 77.282247266368159, 23.966655025695161 ], [ 77.282095029663651, 23.968165213856796 ], [ 77.281990296103942, 23.970081592001662 ], [ 77.281926016437154, 23.971257697149134 ], [ 77.281968199749613, 23.972073084600542 ], [ 77.282026468518183, 23.973298788242246 ], [ 77.283250649293748, 23.975220585794403 ], [ 77.283020662746026, 23.976477317738542 ], [ 77.283941157018532, 23.977002886507574 ], [ 77.284212475161866, 23.97727771445528 ], [ 77.284330493718883, 23.977459545183684 ], [ 77.284403449970782, 23.977637942403586 ], [ 77.28440658459661, 23.977671485282428 ], [ 77.284412969600851, 23.977704636652156 ], [ 77.284422552252877, 23.977737131469858 ], [ 77.284435255216181, 23.977768708124056 ], [ 77.28445097843499, 23.977799117480856 ], [ 77.284469595281593, 23.977828113823115 ], [ 77.284490956385199, 23.977855466621172 ], [ 77.284514891629684, 23.977880956934452 ], [ 77.284541209146667, 23.977904380113799 ], [ 77.284567025643994, 23.977923492878126 ], [ 77.284594057291514, 23.977941130558857 ], [ 77.284622204402012, 23.977957226482218 ], [ 77.28465136524332, 23.977971722991967 ], [ 77.284681428229689, 23.977984565069018 ], [ 77.284712285643892, 23.977995704948832 ], [ 77.284743822808835, 23.978005103848279 ], [ 77.284775922082645, 23.97801272476871 ], [ 77.284808466727242, 23.978018539750895 ], [ 77.284834141640971, 23.978021800227101 ], [ 77.284860004356631, 23.978023368483676 ], [ 77.284885921252197, 23.978023236308641 ], [ 77.284911763549616, 23.978021403655337 ], [ 77.284937397453248, 23.978017882182431 ], [ 77.284962693067854, 23.978012687190212 ], [ 77.284987518413971, 23.978005847512811 ], [ 77.285011751310336, 23.9779973956696 ], [ 77.285035265525508, 23.977987377698838 ], [ 77.285049672241684, 23.977975523074686 ], [ 77.285064257229251, 23.977963854027717 ], [ 77.28507901655631, 23.977952370528943 ], [ 77.285093949176783, 23.977941079796587 ], [ 77.285109051166785, 23.977929980898473 ], [ 77.285124319569405, 23.977919074715899 ], [ 77.285139751396414, 23.977908365743076 ], [ 77.285155344673981, 23.977897854868701 ], [ 77.285171094479395, 23.977887542959639 ], [ 77.285203934654078, 23.977860987419017 ], [ 77.285237531537788, 23.977835244056923 ], [ 77.285271861397561, 23.977810328956583 ], [ 77.285306900460967, 23.977786262716947 ], [ 77.285342622054003, 23.977763060496216 ], [ 77.285379003426812, 23.977740738384778 ], [ 77.285416016898921, 23.977719314243156 ], [ 77.285453637786205, 23.97769880053438 ], [ 77.285491839399171, 23.977679214223162 ], [ 77.285530656867508, 23.977666551367765 ], [ 77.285570122931205, 23.97765571243751 ], [ 77.285610136101567, 23.977646724684586 ], [ 77.285650592939859, 23.977639613540426 ], [ 77.285691392067918, 23.977634393612817 ], [ 77.285732424220342, 23.9776310821611 ], [ 77.285773587122861, 23.977629683850839 ], [ 77.285814774545756, 23.977630206028266 ], [ 77.285855880361751, 23.977632644298197 ], [ 77.285902104458145, 23.977635800430438 ], [ 77.285948445526785, 23.977636705598588 ], [ 77.285994774819997, 23.977635356143839 ], [ 77.286040960586021, 23.977631754708291 ], [ 77.286086874910396, 23.977625914801425 ], [ 77.286132388887879, 23.977617850828807 ], [ 77.286177374533182, 23.977607584429002 ], [ 77.286221704765296, 23.977595146280152 ], [ 77.28626525739449, 23.977580569805887 ], [ 77.286462777996064, 23.977543607776294 ], [ 77.286493008544142, 23.977540410748176 ], [ 77.286522978170368, 23.977535571482463 ], [ 77.286552585446714, 23.977529110007044 ], [ 77.28658172400668, 23.97752104902321 ], [ 77.286610291384179, 23.977511414874087 ], [ 77.286638186009526, 23.977500243845295 ], [ 77.286665312203084, 23.977487573169139 ], [ 77.286691572240542, 23.977473449095509 ], [ 77.286716877236643, 23.977457918842557 ], [ 77.28691177376021, 23.977325274141865 ], [ 77.286938875121749, 23.97731149855225 ], [ 77.28696782990535, 23.977301394784707 ], [ 77.286998052379928, 23.977295170790271 ], [ 77.287028930016689, 23.977292951223646 ], [ 77.28705983918455, 23.977294781172031 ], [ 77.287090151071382, 23.977300623488738 ], [ 77.287119255267058, 23.977310359870152 ], [ 77.287146559731639, 23.977323794468518 ], [ 77.287171513411295, 23.97734065315495 ], [ 77.287226041478561, 23.977368569508666 ], [ 77.287282581866606, 23.977392874090523 ], [ 77.287340849560039, 23.977413446473886 ], [ 77.28740055548495, 23.97743018065475 ], [ 77.287461399549258, 23.977442994032948 ], [ 77.287523076564653, 23.977451824746225 ], [ 77.287566933481841, 23.977455210446099 ], [ 77.28758527924245, 23.97745662627247 ], [ 77.287647695182173, 23.977457374633889 ], [ 77.287710014743027, 23.977454067551633 ], [ 77.287874608328664, 23.977447321841346 ], [ 77.287905090772185, 23.977443866249107 ], [ 77.287935745368941, 23.977445585758922 ], [ 77.287965541398549, 23.977452425818811 ], [ 77.287993475247575, 23.977464154135848 ], [ 77.288018607644034, 23.977480374498825 ], [ 77.288040089087971, 23.977500541417012 ], [ 77.28805719705484, 23.977523977555609 ], [ 77.288069356488023, 23.977549891047914 ], [ 77.288076156194961, 23.977577411745916 ], [ 77.288077499803535, 23.977606317643996 ], [ 77.28808375845955, 23.977634672581782 ], [ 77.288094779031638, 23.977661774506903 ], [ 77.28811029014831, 23.977686953013855 ], [ 77.288129905979886, 23.9777095865341 ], [ 77.288153141887122, 23.977729111483352 ], [ 77.288179422064474, 23.977745047609719 ], [ 77.288208098193039, 23.977757000840334 ], [ 77.288238459183773, 23.977764673289329 ], [ 77.288652189457494, 23.977890987401107 ], [ 77.288686652223618, 23.977907069413416 ], [ 77.288723080350337, 23.977918944055464 ], [ 77.288760867034583, 23.977926416277938 ], [ 77.288799387181484, 23.977929359545143 ], [ 77.28883799828526, 23.977927727583506 ], [ 77.288876061150646, 23.977921545501527 ], [ 77.288912941788283, 23.977910917933098 ], [ 77.288948030178219, 23.97789601923942 ], [ 77.288980739239889, 23.977877098921073 ], [ 77.289009323947099, 23.977865464643983 ], [ 77.289036062303339, 23.977850579526311 ], [ 77.289060520644114, 23.977832686066932 ], [ 77.289082299261537, 23.977812078499941 ], [ 77.289101044341464, 23.977789086623968 ], [ 77.289116449787898, 23.977764092073663 ], [ 77.289128264386974, 23.977737495855447 ], [ 77.289136297570707, 23.977709733744941 ], [ 77.289280330795634, 23.977416164955493 ], [ 77.289291464013886, 23.977392626651579 ], [ 77.289304895386323, 23.977370124104937 ], [ 77.289320509237143, 23.977348846148384 ], [ 77.28933817918039, 23.977328969793852 ], [ 77.289357756300802, 23.977310662855071 ], [ 77.289379073124849, 23.977294079460606 ], [ 77.289401953466381, 23.97727935831977 ], [ 77.289426202581012, 23.97726662445676 ], [ 77.289451619024646, 23.9772559820717 ], [ 77.289474403822524, 23.977253029627949 ], [ 77.289497351476328, 23.977251470292909 ], [ 77.289520360678324, 23.977251310548329 ], [ 77.28954333016793, 23.977252551456761 ], [ 77.289566160713406, 23.977255186869833 ], [ 77.289588751156302, 23.977259206108606 ], [ 77.289611002366954, 23.977264591283124 ], [ 77.289632815254919, 23.977271319987778 ], [ 77.289654096706101, 23.977279360827822 ], [ 77.289677342770517, 23.977295816366375 ], [ 77.289700225334428, 23.977312699180818 ], [ 77.289722731682133, 23.977330001951856 ], [ 77.289744854012866, 23.977347717396324 ], [ 77.289766583534941, 23.97736583912706 ], [ 77.289787911464501, 23.977384359853573 ], [ 77.289808830016412, 23.977403270486427 ], [ 77.289829328425157, 23.977422565527121 ], [ 77.289849399880652, 23.977442236796485 ], [ 77.290189919867487, 23.977792890643023 ], [ 77.290235216974168, 23.977830207897966 ], [ 77.290282067931969, 23.977865870042727 ], [ 77.290330402469024, 23.97789981875178 ], [ 77.290380146310781, 23.97793200379941 ], [ 77.290431222233536, 23.977962374938159 ], [ 77.290483553956875, 23.977990886444335 ], [ 77.290537059294522, 23.978017493453571 ], [ 77.290591656012822, 23.978042156521301 ], [ 77.290647262853057, 23.978064837113035 ], [ 77.290694039806112, 23.978080877185736 ], [ 77.290740408237596, 23.978097887955283 ], [ 77.290786344619718, 23.978115862023365 ], [ 77.290831825456223, 23.978134788379016 ], [ 77.290876828225706, 23.978154656921429 ], [ 77.290921328425256, 23.978175459342093 ], [ 77.29096530256615, 23.978197183726682 ], [ 77.291008730092955, 23.978219819989143 ], [ 77.291051587524734, 23.978243355312056 ], [ 77.291081050699461, 23.978263880261171 ], [ 77.291107306209909, 23.978287801395634 ], [ 77.291129893709837, 23.978314698939215 ], [ 77.291148416201793, 23.978344102998204 ], [ 77.291162550818484, 23.978375497253325 ], [ 77.291172046762995, 23.978408329783445 ], [ 77.291176741878132, 23.978442029445798 ], [ 77.291176550874724, 23.978476003079688 ], [ 77.291171479903852, 23.978509655485109 ], [ 77.291163530393874, 23.978541859629821 ], [ 77.291158485429051, 23.978574554774838 ], [ 77.291156378381743, 23.978607520771003 ], [ 77.291157223979269, 23.978640533719336 ], [ 77.291161016290729, 23.978673371375667 ], [ 77.291167729709969, 23.978705813157724 ], [ 77.29117731799596, 23.978737637428498 ], [ 77.291189717127651, 23.9787686323562 ], [ 77.29120484243326, 23.978798586860584 ], [ 77.291277798975514, 23.978913075797248 ], [ 77.291286254423341, 23.978929786618192 ], [ 77.291297779321553, 23.978944868804085 ], [ 77.291312012043434, 23.978957854525362 ], [ 77.291328507873445, 23.978968334957568 ], [ 77.291346755490252, 23.978975986597323 ], [ 77.291366181905175, 23.978980568588216 ], [ 77.291386182801531, 23.978981938299253 ], [ 77.291406133323747, 23.978980054113553 ], [ 77.291425412668161, 23.97897497380243 ], [ 77.291443398653996, 23.978960576862924 ], [ 77.291463996039155, 23.978949523955698 ], [ 77.29148647888961, 23.978942206284636 ], [ 77.29151005658926, 23.978938879091391 ], [ 77.291533893499277, 23.978939661799441 ], [ 77.291557151335724, 23.978944525679818 ], [ 77.291579009749015, 23.978953301227449 ], [ 77.291598695820767, 23.978965677474793 ], [ 77.291615515393431, 23.978981216672913 ], [ 77.291862183060218, 23.979211298703575 ], [ 77.291890528356518, 23.979233126835524 ], [ 77.29192236650546, 23.979250417325005 ], [ 77.29195684723804, 23.979262709599158 ], [ 77.291993045414941, 23.979269674411842 ], [ 77.292029996312522, 23.979271125845241 ], [ 77.292066708378371, 23.979267024112975 ], [ 77.292102204478439, 23.979257480378887 ], [ 77.292135532788407, 23.979242747804317 ], [ 77.292165802166281, 23.979223223613797 ], [ 77.292194279600736, 23.979205719510198 ], [ 77.292349013695784, 23.979110611724966 ], [ 77.292384343574824, 23.979093482974509 ], [ 77.292422267289894, 23.979081950824387 ], [ 77.29246174305068, 23.979076328294493 ], [ 77.29250168719625, 23.979076769125918 ], [ 77.292541003723173, 23.979083263481261 ], [ 77.292578613821064, 23.979095632741302 ], [ 77.292613485298787, 23.979113536946851 ], [ 77.292644661979182, 23.979136485852759 ], [ 77.292671288194882, 23.979163848139574 ], [ 77.292710864148944, 23.97920456959875 ], [ 77.293001666976053, 23.979503792222005 ], [ 77.293131806293857, 23.979647541893812 ], [ 77.293293240492545, 23.979867888150714 ], [ 77.293084918520307, 23.980523633398256 ], [ 77.292905702395402, 23.981087760224057 ], [ 77.290282645015012, 23.980734008021571 ], [ 77.289301960512333, 23.982189164013924 ], [ 77.288942209642599, 23.982722955136676 ], [ 77.286357321429804, 23.9829568440211 ], [ 77.286564995379152, 23.981989052920589 ], [ 77.285327016061871, 23.981166063940854 ], [ 77.284586785079469, 23.981249707233992 ], [ 77.283404150658839, 23.979796139591741 ], [ 77.282966962272269, 23.981861896374799 ], [ 77.282184794126891, 23.981316588337918 ], [ 77.282080445308821, 23.980564759151378 ], [ 77.281842993522844, 23.980380112175652 ], [ 77.281335566083783, 23.980312346910853 ], [ 77.280750619731961, 23.979997102805502 ], [ 77.280470200255849, 23.980168771375482 ], [ 77.279846948678866, 23.980813415621729 ], [ 77.279243552971636, 23.981442120106362 ], [ 77.278621655123274, 23.981931311137512 ], [ 77.27794756278719, 23.982263732947136 ], [ 77.277669180158085, 23.982401013571181 ], [ 77.276213347246724, 23.982308878245352 ], [ 77.27571217102107, 23.982661787579016 ], [ 77.275545467348223, 23.983492697577667 ], [ 77.274913109400288, 23.983882223222103 ], [ 77.27180038020812, 23.984061302741519 ], [ 77.271741439933507, 23.98509419195101 ], [ 77.271665278327049, 23.985763013990926 ], [ 77.271345719590272, 23.985852074101672 ], [ 77.270230741158159, 23.98577058752274 ], [ 77.270672335038455, 23.986509270173229 ], [ 77.271323291512431, 23.987245692649466 ], [ 77.269171351364065, 23.990506452431791 ], [ 77.267618316669754, 23.992894649119815 ], [ 77.267462610498754, 23.993235245325579 ], [ 77.267062156982348, 23.994111199126447 ], [ 77.266489843356752, 23.995205448513023 ], [ 77.264406257163472, 23.995044817133596 ], [ 77.264267637335195, 23.997766717453295 ], [ 77.264274717497017, 24.000100128754969 ], [ 77.264993376819021, 24.002029789954285 ], [ 77.267059677415574, 24.00230016798232 ], [ 77.269950092708896, 24.002407516677426 ], [ 77.269967475064561, 24.000121820485685 ], [ 77.269995211945556, 23.999621238256463 ], [ 77.269901817354977, 23.99892362321317 ], [ 77.269845053774844, 23.998306256586321 ], [ 77.271210929331758, 23.997306690049516 ], [ 77.272477576265885, 23.996379715778836 ], [ 77.274860049257697, 23.996191634082034 ], [ 77.276051901886333, 23.997948511518711 ], [ 77.278337900052776, 23.997385348297414 ], [ 77.279380761020278, 23.997690134552844 ], [ 77.27956071558684, 24.000090136205912 ], [ 77.279228879738099, 24.000110225227605 ], [ 77.280165004324843, 24.000889204333401 ], [ 77.280843267914179, 24.001330050010147 ], [ 77.28187096668502, 24.001991836939929 ], [ 77.283192677143845, 24.002705450268088 ], [ 77.284492889485051, 24.002533014252499 ], [ 77.286205907992695, 24.002550019253604 ], [ 77.287123773141687, 24.002308280503904 ], [ 77.288662267850611, 24.002430013740359 ], [ 77.290305170793872, 24.002246544680432 ], [ 77.290659980108757, 24.00303750964131 ], [ 77.291504636722408, 24.002956048024554 ], [ 77.291957470951417, 24.002883906014535 ], [ 77.292374738882927, 24.002962432604939 ], [ 77.292427745026586, 24.003170349923963 ], [ 77.291901541554992, 24.003834876948275 ], [ 77.292254507174718, 24.005177792481419 ], [ 77.292557167045771, 24.00504165927623 ], [ 77.293953680280907, 24.003774300642394 ], [ 77.294558336898419, 24.003577486669347 ], [ 77.295322304644756, 24.004080790920781 ], [ 77.296576405261874, 24.004844613006533 ], [ 77.297903351682749, 24.005645414884388 ], [ 77.300032245531881, 24.00712215193931 ], [ 77.299565403555121, 24.007940226891975 ], [ 77.300725047900144, 24.008653000568469 ], [ 77.302565527917992, 24.008733028823542 ], [ 77.302703055024068, 24.008424568154581 ], [ 77.301423606905075, 24.007410876597405 ], [ 77.302412303872117, 24.006500936161736 ], [ 77.303256779031074, 24.007421118875808 ], [ 77.304501462305566, 24.007358787095818 ], [ 77.304581226755559, 24.008341949547741 ], [ 77.305215604787222, 24.008500423953215 ], [ 77.306058053720719, 24.006800849405959 ], [ 77.307195180828273, 24.007083682780774 ], [ 77.307986292046749, 24.00772353180275 ], [ 77.307966935126146, 24.008043625562525 ], [ 77.307284857824257, 24.008790984371615 ], [ 77.306807087534139, 24.008875402334954 ], [ 77.305973499910934, 24.009806351590374 ], [ 77.304931566221441, 24.01053584305879 ], [ 77.305920552057373, 24.010860606921909 ], [ 77.307501194149225, 24.009780103044069 ], [ 77.308293060026728, 24.008685686661131 ], [ 77.309128707275349, 24.010096010008276 ], [ 77.309578930749552, 24.010640101258325 ], [ 77.3091769361438, 24.011208823776137 ], [ 77.309099771278412, 24.011332942448458 ], [ 77.307697492701536, 24.011658653167608 ], [ 77.307565033888906, 24.01189301688526 ], [ 77.307462092695062, 24.013083084765203 ], [ 77.306124573443938, 24.014189346276236 ], [ 77.30249518431215, 24.014306007100849 ], [ 77.300607963447362, 24.014282323473555 ], [ 77.299527368159531, 24.01529887038361 ], [ 77.298822424825758, 24.016179377740478 ], [ 77.298781920022535, 24.016746284973674 ], [ 77.299033448521982, 24.018219053371837 ], [ 77.297432066306925, 24.018403746084783 ], [ 77.297468622845159, 24.017712002041652 ], [ 77.296487336595916, 24.016891250155847 ], [ 77.295307985344877, 24.017761665957327 ], [ 77.293023080641305, 24.016518984826899 ], [ 77.291825603366902, 24.015741896838577 ], [ 77.291521565702709, 24.015552634942864 ], [ 77.288470555955556, 24.015548763963544 ], [ 77.287747312237684, 24.015524734868443 ], [ 77.286841080461429, 24.015452595693116 ], [ 77.286413452283782, 24.014053746777666 ], [ 77.286437262727745, 24.013661160362574 ], [ 77.285212333734108, 24.013913963706742 ], [ 77.283579524881702, 24.013844679825564 ], [ 77.283282742194558, 24.013992109358213 ], [ 77.282468041858465, 24.015017033285829 ], [ 77.28245853938347, 24.015551606904982 ], [ 77.282447929343135, 24.016148412462965 ], [ 77.282165949320685, 24.016832029149203 ], [ 77.281614682457118, 24.016949515894741 ], [ 77.279309351325423, 24.016970056985219 ], [ 77.278674448019643, 24.016170469497563 ], [ 77.274067172363914, 24.017127754451842 ], [ 77.274547858467727, 24.019098929835582 ], [ 77.274755767279188, 24.019961221382999 ], [ 77.275059079648216, 24.021219178136981 ], [ 77.274843716533837, 24.022511224890597 ], [ 77.274738408525934, 24.02406538611314 ], [ 77.274545640994702, 24.026236794724909 ], [ 77.272411702720746, 24.025556918475367 ], [ 77.271631027859527, 24.025250286459364 ], [ 77.270843748478441, 24.024964504072546 ], [ 77.270701793938073, 24.026118412219699 ], [ 77.271792348753024, 24.026440129041795 ], [ 77.273218195020021, 24.027485534331216 ], [ 77.275709937403221, 24.028165390364858 ], [ 77.276883566252209, 24.028111415209985 ], [ 77.277022130258956, 24.02918901018948 ], [ 77.277511597994135, 24.03072347934307 ], [ 77.278794356688422, 24.031213810539118 ], [ 77.280080651481953, 24.031638806688818 ], [ 77.280725469311861, 24.032402447723317 ], [ 77.280939588791327, 24.032656020709545 ], [ 77.282607728830541, 24.035072184530151 ], [ 77.282135501237576, 24.035796328934833 ], [ 77.281484779045158, 24.035400400164463 ], [ 77.281134637239447, 24.035616763951793 ], [ 77.280704764119463, 24.036031969582407 ], [ 77.281367829703768, 24.036693416642159 ], [ 77.280966527728637, 24.037240720374303 ], [ 77.280469751619478, 24.036809547006996 ], [ 77.279139943727387, 24.036379091039247 ], [ 77.278591056152905, 24.035692265624281 ], [ 77.278132964903023, 24.03511904622065 ], [ 77.276561765320523, 24.034876542073395 ], [ 77.275333970385759, 24.033463140200627 ], [ 77.274446703617272, 24.033061422587654 ], [ 77.274142084467741, 24.033036313726832 ], [ 77.273347652367619, 24.031955327560745 ], [ 77.271656617288045, 24.030099396007589 ], [ 77.270709137021058, 24.030026550450355 ], [ 77.268675573367474, 24.027935301753455 ], [ 77.267823789320474, 24.027391537696136 ], [ 77.266406341128814, 24.026390261029999 ], [ 77.265228440671464, 24.026706829055502 ], [ 77.264019386802289, 24.027106489401611 ], [ 77.264288842206909, 24.028923293283331 ], [ 77.264452578920498, 24.02927546770756 ], [ 77.265358939910882, 24.029877649727954 ], [ 77.266516488374066, 24.03028833476899 ], [ 77.267490614991701, 24.03217643178866 ], [ 77.268894114565313, 24.033012413665283 ], [ 77.266905297908693, 24.034221412299168 ], [ 77.267620930816349, 24.037073828680544 ], [ 77.268865879218836, 24.037899071265347 ], [ 77.268920130911098, 24.03879094678901 ], [ 77.268419858254035, 24.039074949756046 ], [ 77.266756833262136, 24.039048207201326 ], [ 77.265822951581171, 24.038011601059321 ], [ 77.26534611876103, 24.037775071320951 ], [ 77.264406905830015, 24.037309174213892 ], [ 77.261328694332065, 24.0378937260882 ], [ 77.260599312214353, 24.038329026896303 ], [ 77.260450801357166, 24.039456257758044 ], [ 77.259236475279451, 24.039890137271204 ], [ 77.257816145402543, 24.040373602990154 ], [ 77.257468581892297, 24.039414438184583 ], [ 77.257113895225103, 24.040216836601822 ], [ 77.255641542214349, 24.042475654749353 ], [ 77.255729131292199, 24.043703004932055 ], [ 77.25703562253932, 24.044742680409279 ], [ 77.257211158648758, 24.045940532283247 ], [ 77.257851839215107, 24.047840760519112 ], [ 77.258565462955005, 24.049046166923031 ], [ 77.259264295502362, 24.049645497116551 ], [ 77.259320895672374, 24.048968969944795 ], [ 77.259509054340597, 24.04617847321483 ], [ 77.259821098451923, 24.043326545049567 ], [ 77.261018903185231, 24.043910838930902 ], [ 77.261739490771106, 24.044175398208672 ], [ 77.262655430347991, 24.044260216646212 ], [ 77.26301188415809, 24.044190349216084 ], [ 77.263455136998118, 24.043887925863586 ], [ 77.264075019666961, 24.043559717419999 ], [ 77.264644075156241, 24.043025172076732 ], [ 77.265344325789286, 24.042367379969303 ], [ 77.266048739608735, 24.04182480168117 ], [ 77.267082003465191, 24.041540856151361 ], [ 77.268185044725001, 24.041267019332039 ], [ 77.269064530860973, 24.040810546903987 ], [ 77.27074924419577, 24.039353002264633 ], [ 77.271652587769154, 24.038677971252241 ], [ 77.272873132974738, 24.037997856011295 ], [ 77.273233935328662, 24.038086628824033 ], [ 77.273613168992725, 24.038179936279764 ], [ 77.275575726614122, 24.038709178973207 ], [ 77.276533291291997, 24.038967395644754 ], [ 77.278657154593859, 24.039522958546002 ], [ 77.280528584928817, 24.039914628879998 ], [ 77.28224411854346, 24.040476295029041 ], [ 77.283553918547753, 24.040949357779727 ], [ 77.284650760251182, 24.041680983845239 ], [ 77.285402110516586, 24.041549968703936 ], [ 77.287314335271375, 24.041216509893172 ], [ 77.289637213301276, 24.040887771614504 ], [ 77.29334332666015, 24.040379669951665 ], [ 77.294305072666802, 24.040279490543988 ], [ 77.295025156729452, 24.039167838248577 ], [ 77.29570413455356, 24.037907302965248 ], [ 77.295548208484277, 24.037630626210035 ], [ 77.294832821801876, 24.036972567424414 ], [ 77.292352981270412, 24.034983403644802 ], [ 77.291809536753178, 24.033563188409648 ], [ 77.290902357307587, 24.030869408887529 ], [ 77.2907969309816, 24.030328436848205 ], [ 77.29053142952317, 24.030288147560821 ], [ 77.288628226774549, 24.030771524133115 ], [ 77.284918471662024, 24.031820155417286 ], [ 77.284692069193554, 24.031867857449601 ], [ 77.284515299590183, 24.031777676756299 ], [ 77.282718132251375, 24.028881704859042 ], [ 77.28218703735979, 24.028102581825856 ], [ 77.280743375391694, 24.025984653918592 ], [ 77.279876444439054, 24.024214883656615 ], [ 77.279241315256087, 24.022400373167923 ], [ 77.278569366893834, 24.020964883834694 ], [ 77.277814679026463, 24.019352596537182 ], [ 77.277619687648297, 24.019135916755644 ], [ 77.277700505448294, 24.018990529226304 ], [ 77.277876673380263, 24.018855585536208 ], [ 77.281805150536982, 24.018710869538811 ], [ 77.284123129719347, 24.01862031394381 ], [ 77.285660217916956, 24.018904931886095 ], [ 77.28665880099004, 24.019089827800506 ], [ 77.288620886647706, 24.019588411060475 ], [ 77.291697182875154, 24.020247633041201 ], [ 77.291902482054809, 24.020291623744622 ], [ 77.29463457991757, 24.02084535581168 ], [ 77.296311315678807, 24.02132933787755 ], [ 77.297390720287055, 24.020971756179986 ], [ 77.299023939311155, 24.020204846889076 ], [ 77.300591962322713, 24.019393105806195 ], [ 77.302550384351321, 24.0183331577724 ], [ 77.305663642366994, 24.017355984569036 ], [ 77.306535943056687, 24.017055026001856 ], [ 77.307019608296429, 24.01705817605605 ], [ 77.307596746670228, 24.01689372491089 ], [ 77.308061405639535, 24.016073080950093 ], [ 77.308457651827553, 24.015070916659273 ], [ 77.308855988260433, 24.01348460784688 ], [ 77.309117305288353, 24.012422892346631 ], [ 77.309511359521039, 24.011431448164291 ], [ 77.31022231799021, 24.010111599932117 ], [ 77.31121782906132, 24.008423466315847 ], [ 77.312123725229654, 24.007362381879695 ], [ 77.311993186510875, 24.005746028032359 ], [ 77.311732728321601, 24.004847519955202 ], [ 77.311185621865178, 24.004337417758013 ], [ 77.309297244445659, 24.003035998162073 ], [ 77.309037544125729, 24.002819596004397 ], [ 77.30856004209258, 24.002693559884133 ], [ 77.30613358954929, 24.002934272332705 ], [ 77.303848425116755, 24.003621160787713 ], [ 77.302774020682691, 24.003944097073653 ], [ 77.301472286525993, 24.0042800372808 ], [ 77.301287559722468, 24.004327708408702 ], [ 77.301004451049337, 24.000094595104482 ], [ 77.301091706812628, 23.998865632991201 ], [ 77.301015084151061, 23.998405387415001 ], [ 77.298785498552917, 23.99836773429595 ], [ 77.29600064707482, 23.998311136354094 ], [ 77.293623187077372, 23.998096221822262 ], [ 77.292730357019494, 23.99790956098737 ], [ 77.291838681918691, 23.997474172004146 ], [ 77.291348950939579, 23.997114531552523 ], [ 77.291249908500276, 23.996958819969386 ], [ 77.291587876977459, 23.996927789536613 ], [ 77.292624484726076, 23.996847427127431 ], [ 77.29459214959833, 23.996818052082173 ], [ 77.29739957482731, 23.996736058937888 ], [ 77.299158978887448, 23.996775125101475 ], [ 77.301029640936562, 23.996805244464042 ], [ 77.302178560777193, 23.996771335466558 ], [ 77.305162050444181, 23.996690454275509 ], [ 77.305028967309354, 23.994536978125346 ], [ 77.30477200108524, 23.992486790235063 ], [ 77.301719099234958, 23.992477575386985 ], [ 77.300253465553396, 23.992460117302635 ], [ 77.301156175808416, 23.990434543683886 ], [ 77.301475826854869, 23.989502560389202 ], [ 77.302182127342178, 23.987970573868751 ], [ 77.303252726024809, 23.98836083714421 ], [ 77.304965122407154, 23.988799745958456 ], [ 77.305585587622986, 23.988987405467647 ], [ 77.306678449296612, 23.989054840727675 ], [ 77.308287514844906, 23.989104319667142 ], [ 77.309981095001675, 23.988936612568132 ], [ 77.313393477828996, 23.988570513132952 ], [ 77.312336433188591, 23.986486813226325 ], [ 77.311474876950712, 23.984635350965505 ], [ 77.310985886366808, 23.983057669543474 ], [ 77.313846318102961, 23.981896203185396 ], [ 77.31396223585682, 23.98069150940648 ], [ 77.311902654359258, 23.980390543374245 ], [ 77.309731361949261, 23.980125472250666 ], [ 77.307799973895385, 23.979656035486311 ], [ 77.307006539452857, 23.979386658251578 ], [ 77.307840526574481, 23.97911256884813 ], [ 77.309554892034384, 23.978734979675227 ], [ 77.310549337466739, 23.978444733834888 ], [ 77.310398291355966, 23.977803562872179 ], [ 77.310221372292091, 23.976824826135257 ], [ 77.307840192443336, 23.976992001710322 ], [ 77.304898300348682, 23.976949727775267 ], [ 77.303331873417577, 23.97683704524426 ], [ 77.303091956119161, 23.976819783439129 ], [ 77.301948430278017, 23.976692769780534 ], [ 77.302031242241213, 23.976530694743772 ], [ 77.302564472211813, 23.976341114243759 ], [ 77.30366395759728, 23.976019343455278 ], [ 77.304101596282621, 23.975807080519886 ], [ 77.30443568574853, 23.975456319739326 ], [ 77.305052649908987, 23.974447900422426 ], [ 77.304509406535928, 23.974131800496338 ], [ 77.303647769027876, 23.973662133516537 ], [ 77.302804621051578, 23.973122171749328 ], [ 77.302250957934774, 23.972915478683635 ], [ 77.301355737735619, 23.972825321057513 ], [ 77.299907326113342, 23.972863913877514 ], [ 77.298249643962777, 23.973040923012409 ], [ 77.297293176282835, 23.973316501855852 ], [ 77.296463861522881, 23.973694242649216 ], [ 77.295097220900473, 23.974615837387788 ], [ 77.293806902812804, 23.975452294064397 ], [ 77.293582749938636, 23.975482275590647 ], [ 77.293842246424475, 23.974851730324211 ], [ 77.294567358402219, 23.973915459809398 ], [ 77.296053973222385, 23.972209755212003 ], [ 77.296845601505609, 23.971493748859057 ], [ 77.297689533207574, 23.970925961929257 ], [ 77.298533623021925, 23.970431498593051 ], [ 77.299277232088272, 23.970049252070936 ], [ 77.300145552474888, 23.969561395210448 ], [ 77.300756639864943, 23.969283902428042 ], [ 77.301998342827403, 23.969645348011298 ], [ 77.302901494939931, 23.970020502567642 ], [ 77.30384175010083, 23.970364642063824 ], [ 77.304335839866368, 23.97052479598316 ], [ 77.305483540418422, 23.970511610454775 ], [ 77.306553851924591, 23.970419014643674 ], [ 77.307538000421658, 23.97035415094053 ], [ 77.308435966139783, 23.970286772528784 ], [ 77.307592666429485, 23.969550632511961 ], [ 77.306602308958986, 23.968844595011213 ], [ 77.305925166314537, 23.96827444406124 ], [ 77.305371767200981, 23.967855657579477 ], [ 77.305960637868154, 23.967746281453501 ], [ 77.307181499276041, 23.967550562778175 ], [ 77.307034262251079, 23.966598100362393 ], [ 77.306944892023921, 23.966194037646552 ], [ 77.306512327555723, 23.966190909402421 ], [ 77.305496828710915, 23.966183560669908 ], [ 77.304238152295653, 23.966236248346448 ], [ 77.303346363194606, 23.96558772471624 ], [ 77.301880031254399, 23.964653986046951 ], [ 77.300847012673344, 23.963879419749532 ], [ 77.300083395128809, 23.963331986435353 ], [ 77.298710922996435, 23.962387924103822 ], [ 77.298145908573005, 23.961876480236498 ], [ 77.299042381278696, 23.961257998451462 ], [ 77.300074737593889, 23.960668907992456 ], [ 77.301107856120908, 23.960111469618386 ], [ 77.301936523579272, 23.959661992847135 ], [ 77.302906243210174, 23.959157657378412 ], [ 77.303870954211916, 23.95859987397596 ], [ 77.305954123815752, 23.957431062204293 ], [ 77.304339231319886, 23.95740232468394 ], [ 77.303348537402613, 23.957469008472913 ], [ 77.301761832680725, 23.95755450373699 ], [ 77.300367942966858, 23.957584361917515 ], [ 77.299203093017923, 23.957604329296529 ], [ 77.297344226318415, 23.957673854750514 ], [ 77.296920691696812, 23.95655710874691 ], [ 77.29638354326957, 23.954933145023865 ], [ 77.297698594946553, 23.954597048640412 ], [ 77.299487390818811, 23.954085427613528 ], [ 77.301327038829115, 23.953643167363897 ], [ 77.302752106691074, 23.95324416690433 ], [ 77.303647306701635, 23.95300884694052 ], [ 77.304555639301284, 23.952792561761253 ], [ 77.305654197924497, 23.952559069386322 ], [ 77.30667102451433, 23.952398137839538 ], [ 77.307601052109149, 23.952158453989 ], [ 77.309061576162108, 23.951898057605739 ], [ 77.308769854067307, 23.950646381594296 ], [ 77.308452651151569, 23.949552683172858 ], [ 77.307983084223835, 23.947661457312805 ], [ 77.307629851118179, 23.946027324669299 ], [ 77.307360634381681, 23.945014895550539 ], [ 77.307188077364458, 23.943847175360574 ], [ 77.307092544168043, 23.943215038936469 ], [ 77.308475830223671, 23.943016474331749 ], [ 77.308360129384312, 23.942532783274583 ], [ 77.308196389041967, 23.941761120401338 ], [ 77.307901972724096, 23.940736237335404 ], [ 77.307695367875212, 23.939813642701935 ], [ 77.307204235278277, 23.937453803974961 ], [ 77.307091914983019, 23.936532290396176 ], [ 77.307148268484127, 23.935786227203842 ], [ 77.30717656980309, 23.935400656011144 ] ] ], [ [ [ 77.286740153416062, 24.203246130569067 ], [ 77.288017380566501, 24.203773534731997 ], [ 77.288894350284778, 24.203678255147423 ], [ 77.289284571989668, 24.202171588169254 ], [ 77.288694933301883, 24.201229395572106 ], [ 77.287668914539083, 24.200629105306213 ], [ 77.286590667165754, 24.200465037335203 ], [ 77.285794915817533, 24.20084357978148 ], [ 77.285705859139341, 24.20169190666812 ], [ 77.28577314432404, 24.202560833249066 ], [ 77.286740153416062, 24.203246130569067 ] ] ] ] } }
]
}
