{
"type": "FeatureCollection",
"name": "guna_range_north_guna",
"crs": { "type": "name", "properties": { "name": "urn:ogc:def:crs:OGC:1.3:CRS84" } },
"features": [
{ "type": "Feature", "properties": { "SID": "014", "DID": "067", "RID": "009", "BID": "005", "State": "Madhya_Pradesh", "Division": "Guna", "Range": "North_Guna", "Beat": "Agara", "Beat_Ar": 15.815929602000001 }, "geometry": { "type": "MultiPolygon", "coordinates": [ [ [ [ 77.319246749685121, 24.818163188741718 ], [ 77.31921129143258, 24.816918170120015 ], [ 77.319986177977171, 24.815599855669305 ], [ 77.320443108814246, 24.815080022036973 ], [ 77.320717406127429, 24.815126794087465 ], [ 77.321382348159531, 24.81524017424843 ], [ 77.323232973432667, 24.815081798363675 ], [ 77.325714066935333, 24.814270444238478 ], [ 77.327263751243819, 24.812603211523975 ], [ 77.327771294215921, 24.812057153438914 ], [ 77.329478512733246, 24.812295674011747 ], [ 77.330871145692797, 24.81100481730563 ], [ 77.331788781750703, 24.810412330560556 ], [ 77.332711340464996, 24.809739573812742 ], [ 77.333594904068988, 24.80849968312959 ], [ 77.332626407320504, 24.807605186622048 ], [ 77.332001524378512, 24.806724502574021 ], [ 77.330441197927541, 24.806948748861448 ], [ 77.329112697152098, 24.806653140974039 ], [ 77.327827895501613, 24.807240958395528 ], [ 77.326560706327797, 24.807107190917378 ], [ 77.325157572125519, 24.806931073027773 ], [ 77.324116478330026, 24.806274656185064 ], [ 77.323343368977902, 24.805583960566022 ], [ 77.322651816759844, 24.804038076445664 ], [ 77.322401163266449, 24.804009104046884 ], [ 77.322354594234156, 24.804529822819219 ], [ 77.322387365848925, 24.805608789277624 ], [ 77.322067049907261, 24.808125205899643 ], [ 77.320773445965898, 24.808342986347558 ], [ 77.319294603191906, 24.80890613815783 ], [ 77.318665391430656, 24.80895476787499 ], [ 77.317763465562905, 24.808738849728503 ], [ 77.316493019391942, 24.807978960346009 ], [ 77.315447614775692, 24.807245178643068 ], [ 77.314611256491119, 24.80674670886382 ], [ 77.313672068480315, 24.805016349973286 ], [ 77.313407876809492, 24.804529599285694 ], [ 77.311452387829718, 24.800941156249181 ], [ 77.310791668437474, 24.799932919522607 ], [ 77.310505954251894, 24.79945801972185 ], [ 77.309874086484172, 24.798332965780297 ], [ 77.309670908084783, 24.796921233130423 ], [ 77.309890553364937, 24.794578479600595 ], [ 77.310872808237789, 24.794019840079098 ], [ 77.313208124688018, 24.792601442159174 ], [ 77.314081655983998, 24.792182161178872 ], [ 77.315310216595378, 24.791386932909333 ], [ 77.316544978077857, 24.790776293678061 ], [ 77.317362332727413, 24.790009765425584 ], [ 77.317640555746394, 24.787469916949135 ], [ 77.317748089100135, 24.786595552318435 ], [ 77.317169561710074, 24.785546511343068 ], [ 77.31683877299831, 24.784197931348327 ], [ 77.317110563052225, 24.783650833487922 ], [ 77.317293656551996, 24.783282274933025 ], [ 77.31743027155899, 24.782824619590279 ], [ 77.317527949697876, 24.782497404564722 ], [ 77.318325986351525, 24.779870392819365 ], [ 77.321599762729861, 24.780142810066266 ], [ 77.322409425254492, 24.780233781596703 ], [ 77.323110077646973, 24.780487511145093 ], [ 77.323456681549317, 24.781039603113413 ], [ 77.324180001187358, 24.782340396931541 ], [ 77.324715640145641, 24.783303656145769 ], [ 77.325408289321388, 24.784725222759242 ], [ 77.326406826440689, 24.787074960218138 ], [ 77.326928924513211, 24.787971127939368 ], [ 77.327437306260933, 24.788104964265806 ], [ 77.32809702211928, 24.787451389136191 ], [ 77.329482255674932, 24.78753582043392 ], [ 77.330649821312349, 24.787314659937053 ], [ 77.331268639206229, 24.785187448586687 ], [ 77.331768528279866, 24.784611866342125 ], [ 77.332847334109289, 24.783792928296425 ], [ 77.333313357187876, 24.78338897143567 ], [ 77.335997503666263, 24.784143421266958 ], [ 77.336691057737866, 24.784206512207192 ], [ 77.337148280484939, 24.783789969807692 ], [ 77.338467555977232, 24.782469739133195 ], [ 77.338556615298401, 24.782380614239916 ], [ 77.339042590955884, 24.781511898859868 ], [ 77.339463991276304, 24.781381336117263 ], [ 77.34103408244458, 24.781159585002982 ], [ 77.341694750594371, 24.78073334698248 ], [ 77.342094590077181, 24.780194992682265 ], [ 77.341874953242964, 24.777586945328522 ], [ 77.342109792281491, 24.776959112605642 ], [ 77.342927266395535, 24.776004450899528 ], [ 77.343422075246195, 24.775479422125478 ], [ 77.345117518182931, 24.773900930155616 ], [ 77.344954005379634, 24.773147988145592 ], [ 77.344490991321891, 24.771015861163818 ], [ 77.343675029191047, 24.767662939577381 ], [ 77.343508966509418, 24.766753861042069 ], [ 77.343121013364822, 24.764630057020653 ], [ 77.342414921994262, 24.763956990814023 ], [ 77.340779999749998, 24.763274085323626 ], [ 77.339808720981281, 24.762589585530456 ], [ 77.338362149855541, 24.760604830111937 ], [ 77.337667732549548, 24.759685617439377 ], [ 77.336770057775624, 24.758497325081624 ], [ 77.333850547634412, 24.756748449167173 ], [ 77.332396256591991, 24.755839876102268 ], [ 77.32852387812278, 24.756263831371289 ], [ 77.327268895781899, 24.756643369079999 ], [ 77.328581399023619, 24.757388143604363 ], [ 77.331630558148234, 24.758435448268294 ], [ 77.33206947916922, 24.758829970951144 ], [ 77.332425629146414, 24.759143769194303 ], [ 77.332549926066193, 24.75975206760338 ], [ 77.332555542891825, 24.760137053554544 ], [ 77.33200533979192, 24.760652275436925 ], [ 77.331351255284773, 24.761304820580342 ], [ 77.33059100676256, 24.761817933265281 ], [ 77.329295824135471, 24.761106124943606 ], [ 77.328383226547956, 24.760588906956738 ], [ 77.327577936213856, 24.761073548530952 ], [ 77.326858389897453, 24.7621159755839 ], [ 77.328442328769356, 24.762505047058923 ], [ 77.328553105189201, 24.763168743495786 ], [ 77.32876152630304, 24.764417448406075 ], [ 77.329265446739711, 24.7651041888005 ], [ 77.330318324748276, 24.765867227290826 ], [ 77.332171446445969, 24.76716616810991 ], [ 77.333949797002845, 24.767413079370201 ], [ 77.334525769984467, 24.767466161581474 ], [ 77.335047984674262, 24.767535157446691 ], [ 77.335480718803566, 24.767342753067826 ], [ 77.338439026523474, 24.767078135842915 ], [ 77.338857910060256, 24.767211598123215 ], [ 77.338877155696466, 24.7677051117413 ], [ 77.338928123754826, 24.769012079606821 ], [ 77.338744643167729, 24.769561086437001 ], [ 77.338257098679748, 24.770090653075055 ], [ 77.338045044576916, 24.770342418252707 ], [ 77.33738512191141, 24.771125919167478 ], [ 77.336803269282143, 24.772232883244207 ], [ 77.336354738180816, 24.773417973619893 ], [ 77.335826126640058, 24.774565417112868 ], [ 77.335171774390602, 24.775765909289166 ], [ 77.33513762415528, 24.775828561356839 ], [ 77.332048225238466, 24.775079101483918 ], [ 77.331069153273418, 24.774898363405832 ], [ 77.329816335378879, 24.774667082300638 ], [ 77.328232976794439, 24.774604170066453 ], [ 77.327959714703923, 24.774624163961924 ], [ 77.326631192334176, 24.77304482179477 ], [ 77.326335694659889, 24.772852169128612 ], [ 77.324716923483507, 24.773125799118159 ], [ 77.324255462475705, 24.772252235669118 ], [ 77.323942399712521, 24.771659590412483 ], [ 77.323150352616253, 24.770251387965779 ], [ 77.32466859959554, 24.767613014722912 ], [ 77.324321008311458, 24.766868809213435 ], [ 77.32389665715462, 24.764862764016438 ], [ 77.321099674702353, 24.76475414962481 ], [ 77.318222257586271, 24.76467387418101 ], [ 77.316393195199836, 24.765130654933355 ], [ 77.315565463256647, 24.7659983039966 ], [ 77.314806339377782, 24.767321204068768 ], [ 77.31482778011592, 24.767621766790285 ], [ 77.315050126835359, 24.767909155294635 ], [ 77.315124463651173, 24.768593109557383 ], [ 77.315074338800883, 24.768812551507441 ], [ 77.314870975495836, 24.769104133929574 ], [ 77.31456973638025, 24.769492449548057 ], [ 77.314367515550146, 24.770148105233233 ], [ 77.314321049637371, 24.770298761321744 ], [ 77.313915478389077, 24.770750048550408 ], [ 77.313650644657713, 24.770726116821823 ], [ 77.313219254562711, 24.770318241521451 ], [ 77.312425711855326, 24.768258350952195 ], [ 77.31182495178588, 24.767981706993151 ], [ 77.311254164644652, 24.768043437289652 ], [ 77.310543089593878, 24.768390248587963 ], [ 77.30957424861144, 24.768772058185057 ], [ 77.309317059920247, 24.768792138048905 ], [ 77.308866854669304, 24.767856530399914 ], [ 77.308603521877345, 24.76766408069394 ], [ 77.307878016307683, 24.767783187657187 ], [ 77.30724129094213, 24.768034916924048 ], [ 77.307042468021351, 24.767813634595225 ], [ 77.306670848562646, 24.767091299927397 ], [ 77.305960112424586, 24.766535054166852 ], [ 77.304974315629181, 24.766197401324785 ], [ 77.303975434144306, 24.766366007527697 ], [ 77.303190978972097, 24.76684492640598 ], [ 77.302729948555651, 24.767207845284887 ], [ 77.301656347049345, 24.765945288877557 ], [ 77.299154331312423, 24.768063080577043 ], [ 77.2997667860419, 24.769712545339548 ], [ 77.299811564566596, 24.77009388082703 ], [ 77.298829718021921, 24.770175009435494 ], [ 77.29657279707267, 24.770884600647772 ], [ 77.294623113217995, 24.771274250837973 ], [ 77.293289940000975, 24.771896574884394 ], [ 77.291185523896928, 24.77348073740534 ], [ 77.290917451763036, 24.773815761375886 ], [ 77.291168133776324, 24.774515908004084 ], [ 77.291599114933149, 24.775737798520765 ], [ 77.292495342703816, 24.777998209229409 ], [ 77.293267979032734, 24.779713809548298 ], [ 77.294030095520782, 24.779059055188071 ], [ 77.295185011698948, 24.778356996451905 ], [ 77.298295066030761, 24.777646177712207 ], [ 77.298454001806817, 24.776482365930669 ], [ 77.29891829662192, 24.775264924880663 ], [ 77.299745723979569, 24.774508567459058 ], [ 77.299835818034978, 24.774426209644652 ], [ 77.301862082913118, 24.772627238505049 ], [ 77.302008786301315, 24.772039502301141 ], [ 77.302055951744265, 24.771180292768864 ], [ 77.303031514877347, 24.771241064300948 ], [ 77.303450722003163, 24.771267176703365 ], [ 77.304610088990856, 24.771594909360331 ], [ 77.304860991903269, 24.77193133250406 ], [ 77.304862699630831, 24.7730614859775 ], [ 77.305170596007429, 24.775312002008643 ], [ 77.305192099548762, 24.775582080184225 ], [ 77.30539945767292, 24.778186379671371 ], [ 77.305514963515961, 24.778521796832134 ], [ 77.306107875330113, 24.779176817170814 ], [ 77.305435144025466, 24.780497764554163 ], [ 77.303814616033208, 24.782428568378787 ], [ 77.303891358853051, 24.782681345100251 ], [ 77.306250937578014, 24.782152951918224 ], [ 77.306810558695034, 24.782734776796847 ], [ 77.308551583926516, 24.78508229681378 ], [ 77.30861560884918, 24.785173291487304 ], [ 77.310077196807754, 24.787250484743947 ], [ 77.310567349597093, 24.787831349183907 ], [ 77.311274526156609, 24.788669387603651 ], [ 77.311278513806755, 24.789237228616201 ], [ 77.310988479091989, 24.791428955972155 ], [ 77.310353682708367, 24.791794576341697 ], [ 77.30890641808449, 24.792088594413379 ], [ 77.307366696343237, 24.792530187404555 ], [ 77.306910471153458, 24.792090661264002 ], [ 77.306603217135262, 24.791065373041359 ], [ 77.305584791657608, 24.788849948724575 ], [ 77.302727708618264, 24.786240976555341 ], [ 77.300926566566687, 24.784935420547669 ], [ 77.299946523092359, 24.784225016971082 ], [ 77.29843000213873, 24.783067081984647 ], [ 77.298032786321969, 24.783097032816499 ], [ 77.297831865977443, 24.784356678063634 ], [ 77.297870049496183, 24.786153890330766 ], [ 77.297967002586816, 24.78742382562778 ], [ 77.297930492029167, 24.788470864933299 ], [ 77.298210932103956, 24.790426316587908 ], [ 77.297945472541585, 24.790852247750191 ], [ 77.297470812704546, 24.791188545737469 ], [ 77.296481696562694, 24.791889328440462 ], [ 77.296144646462778, 24.792248886862286 ], [ 77.29588072581366, 24.792502013423885 ], [ 77.295697634782002, 24.793752948437916 ], [ 77.295524611649256, 24.795936917784072 ], [ 77.295629623862595, 24.797769044625735 ], [ 77.295633932721501, 24.797844203732911 ], [ 77.295466744933478, 24.800381365182986 ], [ 77.294709324296164, 24.800326313446963 ], [ 77.293476072912384, 24.800734448549765 ], [ 77.293125048081919, 24.800844271030812 ], [ 77.291189077556268, 24.800653085901516 ], [ 77.289125814833852, 24.800449302913705 ], [ 77.285139536186378, 24.800171965759485 ], [ 77.284032048560704, 24.799975813049031 ], [ 77.283981562639767, 24.799966871624093 ], [ 77.28331202167746, 24.799852174246084 ], [ 77.282258049149334, 24.80011658881514 ], [ 77.280185555659202, 24.801729729344004 ], [ 77.279109219744569, 24.80266216446422 ], [ 77.277968535502367, 24.803650320375795 ], [ 77.277086170156025, 24.803911119828999 ], [ 77.275770495040319, 24.803780775415667 ], [ 77.273559285849771, 24.803468717604975 ], [ 77.273021763478965, 24.803392854674851 ], [ 77.271468393699223, 24.803406859360052 ], [ 77.270972585418662, 24.802578454364056 ], [ 77.270156866211977, 24.800667586801573 ], [ 77.269787057281761, 24.798770996711372 ], [ 77.269774760153794, 24.79871429349754 ], [ 77.269766725279226, 24.798679006090392 ], [ 77.26975520149665, 24.798633423048685 ], [ 77.269600429090715, 24.797910404897006 ], [ 77.269634275088833, 24.795308504965899 ], [ 77.266951368307318, 24.795016105760656 ], [ 77.267098147025408, 24.794643686019739 ], [ 77.267531751561165, 24.792053969026906 ], [ 77.266516892453126, 24.791085073298959 ], [ 77.266479148473266, 24.790493793471345 ], [ 77.266815732025663, 24.789180045463624 ], [ 77.265428087598693, 24.787288516896467 ], [ 77.263999326455206, 24.785870168546285 ], [ 77.261278698018486, 24.78716345464283 ], [ 77.260280521397888, 24.786741870499281 ], [ 77.253358020430412, 24.785610012602628 ], [ 77.25099949036283, 24.785470032886948 ], [ 77.250695375159921, 24.785460292764952 ], [ 77.24997959703984, 24.785485213254375 ], [ 77.24959641399758, 24.787112922038567 ], [ 77.248936349845323, 24.786900395416318 ], [ 77.246994411902122, 24.786825390711222 ], [ 77.244776256669127, 24.787131917467946 ], [ 77.242464163605945, 24.787656641565999 ], [ 77.241353606389751, 24.788034534751151 ], [ 77.240915849876302, 24.788360462587722 ], [ 77.239773125987924, 24.7882721903079 ], [ 77.238515710543879, 24.78780613958541 ], [ 77.238272064432081, 24.787715831939572 ], [ 77.237979264682181, 24.786714958940784 ], [ 77.237761941006511, 24.785651957775475 ], [ 77.237311921230059, 24.784375550823604 ], [ 77.237201304236365, 24.783343887072967 ], [ 77.237325469168312, 24.782942307135972 ], [ 77.237337591668293, 24.782933833535232 ], [ 77.238767802319543, 24.781934092062478 ], [ 77.240496357571743, 24.781523564281382 ], [ 77.243866413607549, 24.781816415921735 ], [ 77.244166709764187, 24.780570877580473 ], [ 77.244368558560964, 24.779466560334004 ], [ 77.244215663089051, 24.778675681628968 ], [ 77.242881455828069, 24.778195277733627 ], [ 77.242838569905629, 24.778125086197285 ], [ 77.241700429432115, 24.77626227293624 ], [ 77.241169365997038, 24.775259733504772 ], [ 77.241915053061945, 24.774994422989625 ], [ 77.242750362743465, 24.774249768801067 ], [ 77.242815070008774, 24.773765659048323 ], [ 77.245726918153409, 24.773754006974869 ], [ 77.24691924659875, 24.77381734834627 ], [ 77.249891192908095, 24.773677381482958 ], [ 77.250002730927463, 24.773672128064153 ], [ 77.250750512813909, 24.773322954448155 ], [ 77.25111398135158, 24.773257130684456 ], [ 77.255019337823271, 24.77268757915413 ], [ 77.257804434872639, 24.772143624435611 ], [ 77.258753501621641, 24.771958249485895 ], [ 77.26269574626572, 24.771726404680301 ], [ 77.264227160796906, 24.771844827706317 ], [ 77.264279736083836, 24.773184023107323 ], [ 77.266849319272396, 24.773799106094291 ], [ 77.268488523369484, 24.774259553749093 ], [ 77.268124812725191, 24.772783801947675 ], [ 77.267631665701813, 24.771663264887753 ], [ 77.267209640834025, 24.770455006452845 ], [ 77.268015836611909, 24.768646281223145 ], [ 77.269222417143155, 24.766178851382197 ], [ 77.270229633304979, 24.763498719458838 ], [ 77.269766740772312, 24.762543368044842 ], [ 77.269485136021189, 24.761672453035661 ], [ 77.267830473038927, 24.761003522577571 ], [ 77.264738624918536, 24.76016352739817 ], [ 77.266598659725403, 24.756597987330423 ], [ 77.267710336629449, 24.754857129007018 ], [ 77.268578444474201, 24.753497649846118 ], [ 77.269735812253629, 24.751830405976364 ], [ 77.270443461617404, 24.75066067772358 ], [ 77.272190021289902, 24.750053366373972 ], [ 77.27222271212554, 24.750002634320442 ], [ 77.272700264121369, 24.748369524607494 ], [ 77.269200086571828, 24.746219227880363 ], [ 77.265363578250586, 24.743871785589317 ], [ 77.268229702468531, 24.738716840664761 ], [ 77.266804166079496, 24.737789657557308 ], [ 77.26615265136256, 24.73736589696135 ], [ 77.265496497439059, 24.733077435720951 ], [ 77.264427437955803, 24.731174985298857 ], [ 77.264463377711849, 24.730845100179803 ], [ 77.264208463961964, 24.730408014897041 ], [ 77.264082432402688, 24.730191917085367 ], [ 77.262205427690702, 24.731304591038082 ], [ 77.261943907971784, 24.731427716611634 ], [ 77.261681766126173, 24.731549730545002 ], [ 77.261419006131121, 24.731670631059323 ], [ 77.261155631964115, 24.731790416375926 ], [ 77.260891652580028, 24.731909081141854 ], [ 77.26062707192294, 24.732026627190823 ], [ 77.260361895998244, 24.732143047340877 ], [ 77.260096128766889, 24.732258341619577 ], [ 77.259829782133835, 24.732372506503285 ], [ 77.256520692209975, 24.733714775369272 ], [ 77.25572157332978, 24.734038905957295 ], [ 77.255647367685782, 24.734075059244145 ], [ 77.255577306852132, 24.734117557691309 ], [ 77.255512043184964, 24.734166008062871 ], [ 77.255452179116858, 24.734219962547595 ], [ 77.255398267140322, 24.734278920564424 ], [ 77.255350809732462, 24.734342336890201 ], [ 77.255310243491593, 24.734409626052329 ], [ 77.255276943092596, 24.73448016235902 ], [ 77.254497779098116, 24.735974249879995 ], [ 77.254370745610643, 24.736289138220439 ], [ 77.254342500373696, 24.736350424460358 ], [ 77.254321464947054, 24.736414081398767 ], [ 77.25430786937406, 24.736479405454357 ], [ 77.254301868732711, 24.736545672593667 ], [ 77.254303528201802, 24.736612149053919 ], [ 77.25431282794554, 24.736678097702196 ], [ 77.254329666967706, 24.736742788903779 ], [ 77.254353856146977, 24.736805504983597 ], [ 77.254385130001637, 24.736865551155848 ], [ 77.254720805603526, 24.737638340884082 ], [ 77.254766824792029, 24.737761255588879 ], [ 77.254803038523406, 24.737886875109737 ], [ 77.254829256986511, 24.738014551318589 ], [ 77.254845344922714, 24.73814361844525 ], [ 77.254851219505966, 24.738273408414393 ], [ 77.254846849371987, 24.738403249031666 ], [ 77.254832256604729, 24.738532463096007 ], [ 77.254811503578011, 24.738639778341316 ], [ 77.25480751856422, 24.738660384670766 ], [ 77.254772762054714, 24.738786348200517 ], [ 77.254751582183943, 24.738838280128011 ], [ 77.254729025295219, 24.738889724508727 ], [ 77.254705103513629, 24.738940653437847 ], [ 77.254679832953329, 24.738991035429127 ], [ 77.254653226745219, 24.739040840779332 ], [ 77.254625299009163, 24.739090039792803 ], [ 77.254596070787045, 24.739138602827705 ], [ 77.254565556182158, 24.73918650199462 ], [ 77.254533774242077, 24.739233709442377 ], [ 77.254222959422208, 24.739721276440395 ], [ 77.254196508851322, 24.739763453004151 ], [ 77.254180486038436, 24.739795583300609 ], [ 77.254174449787001, 24.739807685797363 ], [ 77.254156973668827, 24.739853594270112 ], [ 77.25414422952538, 24.739900785802011 ], [ 77.254136327971466, 24.739948851217637 ], [ 77.254133337118148, 24.73999737920505 ], [ 77.254135280644945, 24.740045950882017 ], [ 77.254142145618459, 24.740094149791389 ], [ 77.254153869645052, 24.740141560898145 ], [ 77.254447022458749, 24.741944091693604 ], [ 77.254475156921629, 24.742125155013007 ], [ 77.254499435156333, 24.742306683355586 ], [ 77.254519846914931, 24.742488607099926 ], [ 77.25453638587129, 24.74267086026736 ], [ 77.254549045749584, 24.742853371460342 ], [ 77.254557821229184, 24.743036072901017 ], [ 77.254562708983968, 24.743218895020679 ], [ 77.254563707648799, 24.743401770071404 ], [ 77.254560815875251, 24.743584628499118 ], [ 77.254570525371378, 24.743644851525602 ], [ 77.254571851417495, 24.743705713108465 ], [ 77.254564771382775, 24.743766242175298 ], [ 77.254552304825609, 24.743814284833913 ], [ 77.254549402992595, 24.743825475965838 ], [ 77.25452598545651, 24.743882468917381 ], [ 77.254494894100873, 24.743936314454494 ], [ 77.254478975762893, 24.743957047685473 ], [ 77.254456623457799, 24.743986155695808 ], [ 77.254411784181301, 24.74403119807501 ], [ 77.254361092035381, 24.744070723706319 ], [ 77.254272127579412, 24.744142493330781 ], [ 77.254178902386485, 24.744209601156083 ], [ 77.25408170819874, 24.744271835388783 ], [ 77.253980851442705, 24.744329000606708 ], [ 77.253876644329182, 24.744380917690062 ], [ 77.253769419686463, 24.74442742393656 ], [ 77.253659509196211, 24.744468373795851 ], [ 77.253547261210002, 24.744503637201507 ], [ 77.253433025857049, 24.744533105777702 ], [ 77.253283080220825, 24.744575160761833 ], [ 77.253132649686449, 24.744615750516104 ], [ 77.252981752143214, 24.744654866146419 ], [ 77.252830404407433, 24.744692507782233 ], [ 77.252678625340579, 24.744728668343445 ], [ 77.252526429823362, 24.744763343428769 ], [ 77.252373838661569, 24.744796529586139 ], [ 77.252220867708076, 24.744828224228115 ], [ 77.252067532841153, 24.744858422058229 ], [ 77.251932387548948, 24.744883478517838 ], [ 77.251795881138079, 24.744901345061965 ], [ 77.251658472057571, 24.74491196473987 ], [ 77.251520618605383, 24.744915296857975 ], [ 77.251382786679628, 24.74491133420058 ], [ 77.251245436067904, 24.744900088472185 ], [ 77.251109029279988, 24.744881597591984 ], [ 77.250974024633223, 24.744855924736505 ], [ 77.250840873319319, 24.744823154704324 ], [ 77.250603095858224, 24.7447774356894 ], [ 77.250552269591353, 24.744770016352586 ], [ 77.250059185126702, 24.744698038235136 ], [ 77.249949105437807, 24.744689480070843 ], [ 77.249839386427865, 24.74467767145622 ], [ 77.249730142716487, 24.744662624122746 ], [ 77.249621491864346, 24.744644352534543 ], [ 77.249513544442223, 24.744622878326894 ], [ 77.249406415965097, 24.744598223173774 ], [ 77.249300218938771, 24.744570413242013 ], [ 77.249195061896273, 24.744539476473967 ], [ 77.249091057283536, 24.744505445358648 ], [ 77.249028122784324, 24.744478705640542 ], [ 77.248962345662278, 24.744458460941026 ], [ 77.248894524679784, 24.744444956817105 ], [ 77.248825489987425, 24.744438360496851 ], [ 77.248756078486579, 24.74443875165597 ], [ 77.248687136779921, 24.744446124247297 ], [ 77.24861950433548, 24.744460389078991 ], [ 77.248554004604316, 24.744481371938921 ], [ 77.248491435081235, 24.744508818936129 ], [ 77.248434799049349, 24.744594599298633 ], [ 77.248375162477927, 24.744684920808798 ], [ 77.248285039839828, 24.744893407789998 ], [ 77.248182711611591, 24.745033911830891 ], [ 77.24812225688926, 24.745116920293604 ], [ 77.248056860317078, 24.745167547189819 ], [ 77.247985342402515, 24.74521072042182 ], [ 77.247908713671933, 24.74524582829542 ], [ 77.247828059729201, 24.745272374404585 ], [ 77.247744523437802, 24.745289979299425 ], [ 77.247659288936788, 24.745298397521875 ], [ 77.247573561937557, 24.745297509323631 ], [ 77.247488559799535, 24.745287324201811 ], [ 77.247405483763771, 24.745267988810312 ], [ 77.247260576949543, 24.745240204158257 ], [ 77.247113813323722, 24.745222309812643 ], [ 77.246965999932698, 24.745214403285072 ], [ 77.24681795222277, 24.745216529772481 ], [ 77.246670485191757, 24.745228676669669 ], [ 77.246524409417404, 24.745250775344019 ], [ 77.246380532968601, 24.745282708376113 ], [ 77.246239642727062, 24.745324297672429 ], [ 77.246102518156661, 24.74537531270132 ], [ 77.245814421673828, 24.745497966174476 ], [ 77.245534085780363, 24.745634800593525 ], [ 77.245262348916341, 24.745785408906613 ], [ 77.245000022234493, 24.745949342308503 ], [ 77.244747888612565, 24.746126110231998 ], [ 77.244506696652607, 24.746315187525294 ], [ 77.24427716964945, 24.746516007296538 ], [ 77.244059990638974, 24.746727973439985 ], [ 77.243855808433239, 24.74695044984469 ], [ 77.24376538147385, 24.74700269874392 ], [ 77.243682661204829, 24.747064687045075 ], [ 77.243608896602453, 24.747135478028618 ], [ 77.24354520439411, 24.747214001176921 ], [ 77.243492546143543, 24.747299070056712 ], [ 77.243451718217088, 24.747389397593629 ], [ 77.24343899993309, 24.747431626286609 ], [ 77.243423339711967, 24.747483617652367 ], [ 77.243407838415024, 24.747580305698417 ], [ 77.243405447621967, 24.747678001351812 ], [ 77.243313113278759, 24.748369190612703 ], [ 77.243244618419155, 24.749147089741584 ], [ 77.245236072402164, 24.749982200546985 ], [ 77.245357074205415, 24.750032941121763 ], [ 77.245480926230087, 24.750664904509428 ], [ 77.246747382027806, 24.751289244916503 ], [ 77.246584759586725, 24.753387876126311 ], [ 77.246255143566884, 24.754242376835716 ], [ 77.246329573783555, 24.755331675940447 ], [ 77.244322720770725, 24.755225173349334 ], [ 77.242826368900054, 24.755043585913157 ], [ 77.242151043647752, 24.75575638259906 ], [ 77.24086186592605, 24.756706936187062 ], [ 77.239582772207896, 24.756982035089752 ], [ 77.239254957476803, 24.757066141193523 ], [ 77.238980468006801, 24.757207937542368 ], [ 77.238722626327274, 24.757351370730085 ], [ 77.237998042430618, 24.757589284123505 ], [ 77.237924916497221, 24.757598608246827 ], [ 77.237852618898742, 24.757612282123318 ], [ 77.237781454810161, 24.757630247644062 ], [ 77.23771173156392, 24.757652427751509 ], [ 77.237643747754092, 24.75767872815975 ], [ 77.237577793261991, 24.757709034645643 ], [ 77.237514155139209, 24.757743218513564 ], [ 77.237453101817835, 24.757781132858796 ], [ 77.23739489890896, 24.757822615401022 ], [ 77.236287509590937, 24.758586772959273 ], [ 77.236250466409956, 24.758617565840517 ], [ 77.236216377547919, 24.758651084229403 ], [ 77.23618548557782, 24.758687092509877 ], [ 77.236158005543615, 24.758725337688972 ], [ 77.23613412890748, 24.758765550331177 ], [ 77.236114027472013, 24.758807448201683 ], [ 77.23609784052266, 24.758850736165176 ], [ 77.236085682688611, 24.758895111666551 ], [ 77.236077638059939, 24.758940259265657 ], [ 77.236038981961499, 24.759172962079344 ], [ 77.236039156830998, 24.759214734339025 ], [ 77.236037662336315, 24.759256484410233 ], [ 77.236034497018565, 24.759298157189022 ], [ 77.23602966734785, 24.759339695827506 ], [ 77.236023178779831, 24.759381046179175 ], [ 77.236015041732315, 24.759422152330437 ], [ 77.236005264627948, 24.759462960157975 ], [ 77.235993862829758, 24.759503413787055 ], [ 77.235980848708024, 24.759543460028617 ], [ 77.235654245809997, 24.760002123547881 ], [ 77.235619730765436, 24.760046345309974 ], [ 77.235579420695956, 24.760086270226399 ], [ 77.235533951582383, 24.760121271099436 ], [ 77.235484038835466, 24.760150793610102 ], [ 77.235430468198274, 24.760174377019503 ], [ 77.235374085932392, 24.76019164596341 ], [ 77.23531577687973, 24.760202329245583 ], [ 77.235256463473021, 24.760206259830294 ], [ 77.235197076064409, 24.760203374608484 ], [ 77.235129575613101, 24.760214868608301 ], [ 77.235062600111462, 24.760228688726709 ], [ 77.234996247648084, 24.760244816771852 ], [ 77.23493060944827, 24.760263228175699 ], [ 77.234865785647287, 24.760283897537732 ], [ 77.234801863557507, 24.760306795743645 ], [ 77.234738938463465, 24.760331887420151 ], [ 77.234677099681662, 24.760359140759654 ], [ 77.234616435642366, 24.760388513109778 ], [ 77.234292693607287, 24.760601886797989 ], [ 77.233706008452984, 24.761018042162778 ], [ 77.233622940768953, 24.761057443700334 ], [ 77.233537811673614, 24.761092990506146 ], [ 77.233450836664247, 24.761124592157447 ], [ 77.233362236064252, 24.761152170914272 ], [ 77.233272231135487, 24.761175654463397 ], [ 77.233181047948577, 24.761194984980623 ], [ 77.233088919412324, 24.761210113727735 ], [ 77.232996074368444, 24.76122100367607 ], [ 77.232902747516235, 24.761227625972026 ], [ 77.232471534851413, 24.761271887860758 ], [ 77.232105238493503, 24.761307596922371 ], [ 77.232158813445665, 24.762008468182934 ], [ 77.232357610175782, 24.76474654108544 ], [ 77.232640453899521, 24.768536735725888 ], [ 77.232679597477215, 24.769097197453604 ], [ 77.232880944575811, 24.771980122896409 ], [ 77.231503368531079, 24.773242571809224 ], [ 77.231506409384721, 24.773523858958455 ], [ 77.231309416142551, 24.773720819584192 ], [ 77.2309564615407, 24.773745407748422 ], [ 77.229393832331667, 24.773808668293295 ], [ 77.229249386524458, 24.773814514199064 ], [ 77.228554991337049, 24.774920573387117 ], [ 77.227269991857753, 24.774473383939295 ], [ 77.227186158034428, 24.774444207334881 ], [ 77.226448785845207, 24.775430954349314 ], [ 77.225017088207025, 24.774935272480352 ], [ 77.224217325427659, 24.775380712419597 ], [ 77.222365615157756, 24.776422515866912 ], [ 77.222935344942073, 24.780014526879203 ], [ 77.223985342409676, 24.780351771877147 ], [ 77.224184066607435, 24.781400566314062 ], [ 77.223940734938168, 24.781949090828878 ], [ 77.223815471967313, 24.782231458447512 ], [ 77.223633883732134, 24.78335813187433 ], [ 77.223246386240845, 24.785181170677991 ], [ 77.222444179026994, 24.787228164964461 ], [ 77.222028293553933, 24.787486480018394 ], [ 77.221439111627518, 24.787759967509302 ], [ 77.221392690705954, 24.787781514398485 ], [ 77.220703348539487, 24.788109061601968 ], [ 77.219378937342285, 24.787245712296187 ], [ 77.219101896784878, 24.787065113516707 ], [ 77.217588541590416, 24.787391581093296 ], [ 77.215765593776155, 24.787801398043584 ], [ 77.21565618668474, 24.787833951057216 ], [ 77.214707935282178, 24.788116101891465 ], [ 77.214614969267245, 24.789007984373985 ], [ 77.210175919913922, 24.788903443529545 ], [ 77.208225419287132, 24.787938414925911 ], [ 77.206172493579743, 24.786925811889748 ], [ 77.205209261807752, 24.787545138773769 ], [ 77.205186503237243, 24.787558758223767 ], [ 77.203604798672529, 24.788505316574199 ], [ 77.201078633651505, 24.787636366660113 ], [ 77.20204281237028, 24.785560667801342 ], [ 77.202166073627467, 24.785292151768822 ], [ 77.202993195741286, 24.783490274550687 ], [ 77.203203355170885, 24.7826369607026 ], [ 77.202540701882256, 24.781463422852227 ], [ 77.199828961044489, 24.780285539201156 ], [ 77.196630527415863, 24.780098777216061 ], [ 77.195727120815747, 24.780116004823203 ], [ 77.19590333862223, 24.782773473330813 ], [ 77.196636238150305, 24.785138090702144 ], [ 77.196253608791977, 24.785663718182452 ], [ 77.195937295997695, 24.786300553775984 ], [ 77.195388582806245, 24.787799529504493 ], [ 77.195940230714882, 24.788099657965631 ], [ 77.196169593193559, 24.788406369678864 ], [ 77.19629798339237, 24.78857805627953 ], [ 77.197745635295917, 24.790513860688566 ], [ 77.197944346071864, 24.790569405586876 ], [ 77.200507622748532, 24.791285888222088 ], [ 77.201703031845511, 24.791640596460208 ], [ 77.201615392158388, 24.793150037506024 ], [ 77.201515508353069, 24.794615298132907 ], [ 77.202565176795957, 24.794623818965189 ], [ 77.202628313529942, 24.794624330294376 ], [ 77.203722290297748, 24.794913624802597 ], [ 77.205220338235506, 24.797454879046946 ], [ 77.206366752198363, 24.797923929391175 ], [ 77.207365958625033, 24.798273174376742 ], [ 77.209585004097931, 24.798976416982313 ], [ 77.210028953651261, 24.798901260838239 ], [ 77.213257260186055, 24.798354704531793 ], [ 77.215559174172654, 24.799948994604733 ], [ 77.219676390811728, 24.802376366593439 ], [ 77.220726320258379, 24.803281912110773 ], [ 77.221144289601213, 24.805495205351139 ], [ 77.221209056939458, 24.806427121669753 ], [ 77.221210065469975, 24.806441637859891 ], [ 77.219976843700167, 24.811188024715459 ], [ 77.216638073694185, 24.813421654151977 ], [ 77.215282865023937, 24.813852564055171 ], [ 77.214602511585838, 24.814539460509895 ], [ 77.214264207077179, 24.814539911923998 ], [ 77.214228995391892, 24.814538036583198 ], [ 77.214193767197756, 24.814539614720726 ], [ 77.214158925351015, 24.814544633319091 ], [ 77.214124874168178, 24.814553030603161 ], [ 77.214092005425769, 24.814564711281026 ], [ 77.214060699393585, 24.814579542036679 ], [ 77.214031314957751, 24.814597349643968 ], [ 77.214004190531924, 24.814617929102457 ], [ 77.213979640099524, 24.814641043605498 ], [ 77.213794119734516, 24.81482927032291 ], [ 77.213473285360593, 24.815212723490578 ], [ 77.213463279696256, 24.815225388144579 ], [ 77.213451079041789, 24.815236334520151 ], [ 77.213437033754033, 24.815245248432507 ], [ 77.213421543078255, 24.815251876600556 ], [ 77.213405053142907, 24.815256029340926 ], [ 77.213388030174698, 24.81525758757698 ], [ 77.213370963423202, 24.815256507378454 ], [ 77.213354339435256, 24.81525281975448 ], [ 77.213338634147789, 24.815246629686662 ], [ 77.213317509938676, 24.815248461080763 ], [ 77.21329731665098, 24.81525441287507 ], [ 77.213279007931632, 24.815264203737655 ], [ 77.213263447154645, 24.815277370982304 ], [ 77.213251368597184, 24.815293294640394 ], [ 77.213243343545514, 24.815311223379219 ], [ 77.21323974728567, 24.815330311265097 ], [ 77.213240751792952, 24.815349657442514 ], [ 77.213246309499098, 24.815368347548166 ], [ 77.213236429462228, 24.81539852965167 ], [ 77.213221148519949, 24.81542677349962 ], [ 77.213200896910209, 24.815452280561743 ], [ 77.21317624760951, 24.815474329320015 ], [ 77.21314789932066, 24.81549229500143 ], [ 77.213116652507793, 24.815505671963965 ], [ 77.213083392505681, 24.815514080785878 ], [ 77.213049873825426, 24.815517205939429 ], [ 77.213014620719406, 24.81551518817831 ], [ 77.212287909867044, 24.815596966769412 ], [ 77.212252195490706, 24.815601719585988 ], [ 77.212216150456825, 24.81560004025884 ], [ 77.21218115155024, 24.81559199496839 ], [ 77.212148536649082, 24.815577887109026 ], [ 77.212119550278061, 24.815558259560532 ], [ 77.212095303381062, 24.815533859140618 ], [ 77.212076718068886, 24.815505619903156 ], [ 77.212064508240914, 24.815474620533806 ], [ 77.212059138386721, 24.815442046988956 ], [ 77.212053879931872, 24.815401636869904 ], [ 77.21204363540248, 24.815362031929972 ], [ 77.212028535432282, 24.815323742592934 ], [ 77.212008776114985, 24.815287263552882 ], [ 77.211984613163409, 24.815253063792596 ], [ 77.211956355981343, 24.815221585632777 ], [ 77.211924370727743, 24.815193234822484 ], [ 77.21188906945018, 24.815168378645179 ], [ 77.211850908202237, 24.815147335969268 ], [ 77.211808707656488, 24.815136636043459 ], [ 77.211765830409774, 24.815128481128561 ], [ 77.211722460173135, 24.81512290612028 ], [ 77.211678783721737, 24.815119936004706 ], [ 77.211634986963674, 24.815119583117227 ], [ 77.211591259869422, 24.815121848988348 ], [ 77.211547787567113, 24.815126724272162 ], [ 77.211504759273751, 24.81513418610874 ], [ 77.211462359320379, 24.815144205277015 ], [ 77.210649596273981, 24.815502977921096 ], [ 77.210114856642434, 24.815774635137334 ], [ 77.210094457826841, 24.815790137367177 ], [ 77.210072278298711, 24.815803448654563 ], [ 77.210048600689191, 24.815814403294699 ], [ 77.210023726201911, 24.815822859214389 ], [ 77.209997966566149, 24.815828711454358 ], [ 77.209971650034603, 24.815831885895829 ], [ 77.20994510949258, 24.815832340970626 ], [ 77.209918681424512, 24.815830072168694 ], [ 77.209892699031542, 24.815825107466825 ], [ 77.20918897086429, 24.81582324295205 ], [ 77.209171326300563, 24.81581990697795 ], [ 77.209153333477289, 24.815819015704385 ], [ 77.209135397892467, 24.815820590468114 ], [ 77.209117920674402, 24.815824592963686 ], [ 77.209101294528068, 24.815830935144671 ], [ 77.209085894864899, 24.815839475540187 ], [ 77.209072066931483, 24.815850020053258 ], [ 77.209060121746617, 24.81586233276645 ], [ 77.209050326207077, 24.815876135861402 ], [ 77.208650152983324, 24.816192348778525 ], [ 77.208438145153835, 24.816375204824791 ], [ 77.208398846258874, 24.816390272333564 ], [ 77.208363260830524, 24.816411689117668 ], [ 77.208332605186129, 24.816438721721802 ], [ 77.208307929295998, 24.816470443881222 ], [ 77.208290077844424, 24.81650577233216 ], [ 77.208279660239, 24.816543498179048 ], [ 77.208277034367185, 24.816582329210334 ], [ 77.208282290308034, 24.816620936730139 ], [ 77.208295245926905, 24.816658001582379 ], [ 77.208304007907358, 24.816688436001975 ], [ 77.20830771700966, 24.816719720090639 ], [ 77.20830629286786, 24.816751161392762 ], [ 77.208299769980442, 24.816782059349034 ], [ 77.208288287562212, 24.816811731405362 ], [ 77.208272104342612, 24.816839517648344 ], [ 77.208251578592964, 24.816864799610094 ], [ 77.208227164956995, 24.816887021014921 ], [ 77.208199406578871, 24.816905683200162 ], [ 77.207932577178582, 24.817152620377037 ], [ 77.207923712477893, 24.817160823307507 ], [ 77.207881950665879, 24.817191457177483 ], [ 77.20783793072448, 24.817219336263026 ], [ 77.207791874645679, 24.817244324176141 ], [ 77.207744007285186, 24.817266295389814 ], [ 77.207694567185357, 24.817285141647677 ], [ 77.207643797696107, 24.817300769182662 ], [ 77.207591948918733, 24.817313102345501 ], [ 77.207539280709327, 24.817322080016286 ], [ 77.207486050805031, 24.817327655508816 ], [ 77.207444322307524, 24.817342506222221 ], [ 77.207405219193106, 24.817362438454296 ], [ 77.207369480335643, 24.81738707615327 ], [ 77.207337780156678, 24.817415955141872 ], [ 77.207310717697823, 24.817448527544595 ], [ 77.207288805569888, 24.817484178857722 ], [ 77.207272457002432, 24.817522236875774 ], [ 77.20726197883809, 24.817561979762914 ], [ 77.207257572293642, 24.817602659540583 ], [ 77.207107573039636, 24.817814409771927 ], [ 77.206547578546932, 24.818451448963444 ], [ 77.206213030376375, 24.818968470004663 ], [ 77.205653444738303, 24.820574309540259 ], [ 77.205576210009482, 24.820578106687186 ], [ 77.203069715246343, 24.820701305347445 ], [ 77.202461622702685, 24.822052517130242 ], [ 77.201939280981392, 24.824076532533311 ], [ 77.20172783812788, 24.824147037656896 ], [ 77.199918027233139, 24.824750498936528 ], [ 77.197250613100735, 24.825338655480575 ], [ 77.197158225778409, 24.825293318504976 ], [ 77.194746914210796, 24.824109993459484 ], [ 77.193118492056485, 24.823438972494742 ], [ 77.191531026756053, 24.822759802945761 ], [ 77.190707859899589, 24.825119037002096 ], [ 77.189320118249356, 24.831857339972277 ], [ 77.190398587312842, 24.832254292221858 ], [ 77.190465419104129, 24.832272219521542 ], [ 77.190546026727745, 24.832306741119815 ], [ 77.190628784056884, 24.832358029867354 ], [ 77.190715630724753, 24.832430117915184 ], [ 77.190796958637392, 24.832486483117759 ], [ 77.190875512392594, 24.832538951977941 ], [ 77.190955787252321, 24.832589206875237 ], [ 77.191037704475406, 24.832637203810666 ], [ 77.191121189331824, 24.832682893399348 ], [ 77.191206164996402, 24.832726237980289 ], [ 77.191292550765326, 24.832767191732419 ], [ 77.191411956850601, 24.832827314232226 ], [ 77.191536274816087, 24.832878478050795 ], [ 77.191664700372172, 24.832920348745724 ], [ 77.191796401866242, 24.832952656678017 ], [ 77.191930523296705, 24.832975192522092 ], [ 77.192066197160514, 24.832987809177254 ], [ 77.192202542448427, 24.832990424460952 ], [ 77.192338677483875, 24.832983023923557 ], [ 77.192473719005562, 24.832965653615709 ], [ 77.192595344992029, 24.832941106281066 ], [ 77.192718299235253, 24.832922881742 ], [ 77.192842188251731, 24.832911041799967 ], [ 77.192966611880095, 24.83290562291528 ], [ 77.193091172124738, 24.832906642601309 ], [ 77.193215470204862, 24.832914097594287 ], [ 77.193339105564206, 24.832927963845098 ], [ 77.193461682789206, 24.832948197478899 ], [ 77.193582806687203, 24.832974732045628 ], [ 77.193715154466105, 24.832968114793427 ], [ 77.193847216297954, 24.832957762420815 ], [ 77.193978862411669, 24.83294368651049 ], [ 77.194109970935386, 24.832925900516649 ], [ 77.194240412045232, 24.832904421441309 ], [ 77.194370061828408, 24.832879269044703 ], [ 77.194498797300028, 24.832850469417071 ], [ 77.194626494494742, 24.832818047737856 ], [ 77.194753031364684, 24.832782035524641 ], [ 77.194870776522095, 24.832746882473419 ], [ 77.194992276653579, 24.832724810344612 ], [ 77.195115796809162, 24.832716133693676 ], [ 77.195239569285022, 24.832720975348987 ], [ 77.195361822274265, 24.832739271161667 ], [ 77.195480808721214, 24.832770753985137 ], [ 77.195594822920128, 24.832814976388214 ], [ 77.195702236199665, 24.832871304624309 ], [ 77.195801513602063, 24.832938933216582 ], [ 77.195917383359102, 24.833074719730288 ], [ 77.1960468877121, 24.833199830433589 ], [ 77.196188844276023, 24.833313129425544 ], [ 77.196341971609328, 24.833413589276596 ], [ 77.196504878249044, 24.833500299068906 ], [ 77.196660587942176, 24.833565939365034 ], [ 77.196676082432617, 24.833572471784127 ], [ 77.196854037739982, 24.833629453545232 ], [ 77.19703712516133, 24.833670725359362 ], [ 77.197223684660301, 24.83369591421414 ], [ 77.19735144630917, 24.833711899800004 ], [ 77.197477703845635, 24.833735853130118 ], [ 77.197601858664129, 24.833767660950102 ], [ 77.197723329333925, 24.833807174022258 ], [ 77.197841539758898, 24.833854203415896 ], [ 77.197955932942861, 24.833908529650994 ], [ 77.198065968082375, 24.833969896352144 ], [ 77.198171126486258, 24.834038012103118 ], [ 77.198270912502963, 24.834112556775914 ], [ 77.198421872882605, 24.834266034549767 ], [ 77.198552075036687, 24.83443460422404 ], [ 77.198659726602855, 24.834615941922507 ], [ 77.198743340777497, 24.834807543819647 ], [ 77.198801762615815, 24.835006769702407 ], [ 77.198834188538882, 24.835210872929935 ], [ 77.198839315344784, 24.835387451874027 ], [ 77.198840172906657, 24.83541703751413 ], [ 77.198819629590446, 24.835622420579046 ], [ 77.198772843486239, 24.83582419038639 ], [ 77.19874591889068, 24.835967532791571 ], [ 77.198729224844058, 24.836112165147028 ], [ 77.198722831661854, 24.836257479315666 ], [ 77.198726767098648, 24.836402867714586 ], [ 77.198741016400433, 24.836547717896845 ], [ 77.1987655142986, 24.836691421517404 ], [ 77.198800162813242, 24.836833375381325 ], [ 77.198844816399543, 24.836972982226211 ], [ 77.19889928484514, 24.837109657970775 ], [ 77.198930548587811, 24.837178406630855 ], [ 77.198955546808392, 24.837249259120874 ], [ 77.198974109963501, 24.837321739915296 ], [ 77.198986114136972, 24.837395363021869 ], [ 77.198987257032741, 24.837411163687406 ], [ 77.199056807285331, 24.837446833468579 ], [ 77.19912610116242, 24.837482916572963 ], [ 77.199195134706031, 24.837519412968636 ], [ 77.199263903975762, 24.83755632081764 ], [ 77.199332408008871, 24.837593637403018 ], [ 77.199400644835421, 24.837631361806061 ], [ 77.199468607519563, 24.837669494873719 ], [ 77.199536297104359, 24.837708031196026 ], [ 77.199603707652471, 24.83774697072505 ], [ 77.199721549724245, 24.837783238473104 ], [ 77.199838499176522, 24.837821832569301 ], [ 77.199954504731124, 24.837862734535687 ], [ 77.200069510161498, 24.837905925854134 ], [ 77.200183460265777, 24.837951384402437 ], [ 77.200296301803476, 24.837999089880846 ], [ 77.20040798254098, 24.838049020191526 ], [ 77.200466355096282, 24.838076567672154 ], [ 77.200518447310884, 24.838101149600469 ], [ 77.200627648818326, 24.838155456953405 ], [ 77.200717458144354, 24.838218987342302 ], [ 77.200802037517619, 24.838288237148099 ], [ 77.200880949997824, 24.838362850601417 ], [ 77.200953787631491, 24.838442442365462 ], [ 77.201020176373703, 24.838526600284982 ], [ 77.201079772085563, 24.838614889869415 ], [ 77.201132264457613, 24.838706857936991 ], [ 77.201177386959387, 24.83880202727665 ], [ 77.201214904849309, 24.838899908291186 ], [ 77.2013006279129, 24.839042544345766 ], [ 77.201391039412826, 24.83918274930214 ], [ 77.201486058464212, 24.839320395152168 ], [ 77.201585597253555, 24.839455353831138 ], [ 77.201689564935364, 24.839587503571398 ], [ 77.201797867702638, 24.839716721677853 ], [ 77.201910402769741, 24.839842892607447 ], [ 77.202027071334612, 24.8399658981401 ], [ 77.202147763663646, 24.840085624482121 ], [ 77.202217608713894, 24.84017063997511 ], [ 77.202293064889901, 24.840251566469973 ], [ 77.202373844246495, 24.840328093648708 ], [ 77.20245963885796, 24.840399929997041 ], [ 77.202550123769257, 24.840466804634421 ], [ 77.202644955078611, 24.840528460976948 ], [ 77.20274377182875, 24.840584665784121 ], [ 77.202846197040472, 24.840635204651619 ], [ 77.202951841636335, 24.84067988565619 ], [ 77.203024138204412, 24.84070989162025 ], [ 77.203095139920308, 24.840742367051206 ], [ 77.203164750250977, 24.840777265106968 ], [ 77.203232865779611, 24.840814534374111 ], [ 77.203299392004425, 24.840854122608565 ], [ 77.203364234449779, 24.840895974857226 ], [ 77.203427297702731, 24.840940030740494 ], [ 77.203488495291921, 24.840986226339083 ], [ 77.203547739764744, 24.841034496822516 ], [ 77.203606777282118, 24.841088975578913 ], [ 77.203668414027462, 24.841141001716899 ], [ 77.203732525274802, 24.841190475778873 ], [ 77.20379898631505, 24.841237296501191 ], [ 77.203867663408388, 24.841281375191063 ], [ 77.203938420870216, 24.841322619527251 ], [ 77.204011119887781, 24.841360953419951 ], [ 77.204085615753939, 24.841396296215919 ], [ 77.204161759670214, 24.841428580775968 ], [ 77.204244104995837, 24.841464042275504 ], [ 77.204326679428945, 24.841499053117435 ], [ 77.204409483958457, 24.841533613309512 ], [ 77.204492512645828, 24.841567722803052 ], [ 77.204575762556601, 24.841601377961393 ], [ 77.204659230712309, 24.84163457966309 ], [ 77.204742914187264, 24.841667323368394 ], [ 77.204826813944067, 24.84169961179402 ], [ 77.204908269501118, 24.841730437139478 ], [ 77.205311972085681, 24.841751069395983 ], [ 77.205491171000986, 24.841752992446722 ], [ 77.205670249983243, 24.84174669755987 ], [ 77.205848757512754, 24.841732201848462 ], [ 77.206026239915076, 24.841709540472944 ], [ 77.206202252194956, 24.841678772147912 ], [ 77.20637634819299, 24.841639973643293 ], [ 77.206548086497534, 24.841593242541727 ], [ 77.206717035375775, 24.841538699084566 ], [ 77.206882769884302, 24.841476478020386 ], [ 77.206974912317278, 24.841422869457329 ], [ 77.207072256230347, 24.841377554913706 ], [ 77.207173904882552, 24.841340947984552 ], [ 77.207278925631002, 24.841313388822204 ], [ 77.207386358013835, 24.841295127042518 ], [ 77.20749357930778, 24.841286464742943 ], [ 77.207604484231126, 24.841287084824419 ], [ 77.207713179133307, 24.841297378525205 ], [ 77.207820293749691, 24.841317117032087 ], [ 77.207905156010227, 24.841345854069452 ], [ 77.207992937312383, 24.84136600233882 ], [ 77.208082598763042, 24.84137732313209 ], [ 77.20817307967566, 24.841379681428279 ], [ 77.208263302484369, 24.841373049545762 ], [ 77.208352201445166, 24.841357507374699 ], [ 77.208438720719116, 24.841333236039326 ], [ 77.208521838046096, 24.841300526217605 ], [ 77.208600562898141, 24.841259764578879 ], [ 77.208661120412046, 24.841192785130001 ], [ 77.20873653606904, 24.84113983228767 ], [ 77.208823003162536, 24.84110358016294 ], [ 77.208916159075372, 24.841085856655003 ], [ 77.209011297890427, 24.841087559374738 ], [ 77.209103618353652, 24.841108599849775 ], [ 77.209188463244644, 24.841147917199226 ], [ 77.209261546539452, 24.8412035260267 ], [ 77.209319180033816, 24.841272620302345 ], [ 77.209418368467681, 24.841518696128329 ], [ 77.209541031731163, 24.841755796467172 ], [ 77.209686210113674, 24.841982062078571 ], [ 77.209852760975366, 24.842195715326294 ], [ 77.210039379325409, 24.842395081119093 ], [ 77.210244602688903, 24.842578595080518 ], [ 77.21046681693872, 24.842744814436951 ], [ 77.210704280835287, 24.842892438990326 ], [ 77.210955131019844, 24.843020306645762 ], [ 77.211125785164811, 24.843174485627316 ], [ 77.211297787017429, 24.843327413609348 ], [ 77.211471125787696, 24.84347908056554 ], [ 77.211645790711799, 24.843629473760789 ], [ 77.211821770973089, 24.843778585877931 ], [ 77.211999052803392, 24.843926407770123 ], [ 77.212177629379326, 24.844072928539997 ], [ 77.212357485925182, 24.84421814083883 ], [ 77.212502934163254, 24.844333689301529 ], [ 77.21253861068638, 24.844362031923332 ], [ 77.212736545356847, 24.844486440245923 ], [ 77.212933048915488, 24.84461272344533 ], [ 77.213128099706893, 24.844740869611929 ], [ 77.213321676101643, 24.844870864127053 ], [ 77.213513756452386, 24.845002694178245 ], [ 77.213704321125974, 24.845136343356646 ], [ 77.213893347502179, 24.845271797035775 ], [ 77.214080816893215, 24.845409043330232 ], [ 77.214266709682278, 24.845548064025287 ], [ 77.214312362295104, 24.845568060227968 ], [ 77.214391404797396, 24.845602684103543 ], [ 77.214513999422024, 24.845661127330526 ], [ 77.214634354628785, 24.845723329374248 ], [ 77.214752330586819, 24.845789216864286 ], [ 77.214867792430198, 24.845858714664139 ], [ 77.214980606342678, 24.845931741324097 ], [ 77.215090642474436, 24.84600821452339 ], [ 77.215197777954785, 24.846088046578831 ], [ 77.215301885996666, 24.846171145259948 ], [ 77.215480053894311, 24.846295740665695 ], [ 77.215668038112256, 24.846407684112993 ], [ 77.215864762996574, 24.846506333818841 ], [ 77.216069099667635, 24.846591126149221 ], [ 77.216279878896245, 24.84666157482026 ], [ 77.216495895011491, 24.846717276349832 ], [ 77.216715908862938, 24.846757910984511 ], [ 77.216938659655341, 24.84678324731183 ], [ 77.217162872920852, 24.846793136905372 ], [ 77.217344189093964, 24.846809012852432 ], [ 77.217524062840141, 24.846835196283244 ], [ 77.217701792473903, 24.846871582228079 ], [ 77.217876681577721, 24.846918032346618 ], [ 77.21804805098192, 24.846974364185815 ], [ 77.218215222867897, 24.847040357374443 ], [ 77.218377553436312, 24.847115752981587 ], [ 77.218534402182101, 24.847200257785744 ], [ 77.218685155690579, 24.847293539949344 ], [ 77.21895531519796, 24.847425708383568 ], [ 77.219225704746705, 24.8475574835151 ], [ 77.219496326323195, 24.847688864455375 ], [ 77.219767177963675, 24.847819849381032 ], [ 77.219872869099518, 24.847870765229104 ], [ 77.220038256679928, 24.847950440073244 ], [ 77.220309567436061, 24.848080634764088 ], [ 77.22058110428344, 24.84821043430788 ], [ 77.220852868218628, 24.84833983780803 ], [ 77.221124859248619, 24.848468844360344 ], [ 77.221286693824425, 24.848568017140487 ], [ 77.221445018151485, 24.848671796588427 ], [ 77.22159967979475, 24.848780081247572 ], [ 77.221750519458737, 24.848892762381517 ], [ 77.22189739073832, 24.84900972864785 ], [ 77.222040145290421, 24.849130864173159 ], [ 77.2221786427572, 24.849256045922967 ], [ 77.222312743751147, 24.849385152676923 ], [ 77.222442315915018, 24.849518052433247 ], [ 77.222621575204329, 24.849660855661725 ], [ 77.222817197138994, 24.849784492929466 ], [ 77.223026729934787, 24.849887418274996 ], [ 77.2232475530394, 24.84996834088912 ], [ 77.223476900656195, 24.850026249690956 ], [ 77.22371190326686, 24.850060419081597 ], [ 77.223949617217542, 24.85007042092322 ], [ 77.224133210697346, 24.850059373491426 ], [ 77.224187069195565, 24.850056132120894 ], [ 77.224421285009328, 24.850017727628071 ], [ 77.22462512643321, 24.849976040439877 ], [ 77.224828447157719, 24.849932280621626 ], [ 77.225031220372657, 24.849886456089571 ], [ 77.225233419302441, 24.849838571147842 ], [ 77.225435022102999, 24.849788631946225 ], [ 77.225636001981755, 24.849736644595282 ], [ 77.225836333127333, 24.849682616116571 ], [ 77.226035991716614, 24.849626552644608 ], [ 77.226234952945518, 24.849568459402903 ], [ 77.226300521652959, 24.850956693227474 ], [ 77.226846494777888, 24.851675915174237 ], [ 77.226200411548689, 24.852520348686266 ], [ 77.225923618709814, 24.852873190090637 ], [ 77.225542115922224, 24.853785079389219 ], [ 77.224819111630168, 24.855057318328395 ], [ 77.222718287549853, 24.856376247110372 ], [ 77.220217495820066, 24.858209459357102 ], [ 77.218068861437459, 24.858591208711541 ], [ 77.216357818188783, 24.858911744973643 ], [ 77.215393907675022, 24.859250360812737 ], [ 77.214021658583803, 24.860196608611378 ], [ 77.214850339968351, 24.86248775638844 ], [ 77.213755550546765, 24.864945470928749 ], [ 77.213438141901548, 24.865651918876999 ], [ 77.212963356880309, 24.866708617308323 ], [ 77.212858959324265, 24.866940962944476 ], [ 77.212568764143398, 24.870505617791739 ], [ 77.213738013657434, 24.870639805485073 ], [ 77.215340892183846, 24.871669212019786 ], [ 77.215682652529424, 24.872312644037297 ], [ 77.216073019428464, 24.872618897148286 ], [ 77.217194396547853, 24.873075885418974 ], [ 77.216491670290551, 24.873321974754095 ], [ 77.216524772866322, 24.873686702623949 ], [ 77.218791871968975, 24.87509698308634 ], [ 77.218818868431342, 24.875164123063769 ], [ 77.218918865747781, 24.875412810328893 ], [ 77.218360244092665, 24.878865131359319 ], [ 77.218214353295096, 24.879586713192232 ], [ 77.217834572477031, 24.88146511588025 ], [ 77.219327403005423, 24.883806850745 ], [ 77.220145757465005, 24.885090522439601 ], [ 77.220923627657982, 24.886310661381085 ], [ 77.221756751358029, 24.887403433414807 ], [ 77.22416111049111, 24.89055699406568 ], [ 77.224899559163362, 24.891615929141853 ], [ 77.225627720253513, 24.892698337889822 ], [ 77.225680768084914, 24.894118629134827 ], [ 77.225853719585842, 24.896742207946424 ], [ 77.225968639573324, 24.897945229078356 ], [ 77.226244096619766, 24.899417870848538 ], [ 77.227310515469455, 24.900208354340347 ], [ 77.229192478853676, 24.901819791959184 ], [ 77.229233718431516, 24.902213627533232 ], [ 77.228439190984787, 24.907217047187096 ], [ 77.23071490093534, 24.906571469583131 ], [ 77.232328529301228, 24.906161866467777 ], [ 77.23330475831483, 24.906115419515817 ], [ 77.233713597024305, 24.906023657157466 ], [ 77.234458399271077, 24.905028807196683 ], [ 77.235023592793169, 24.905177858156623 ], [ 77.235821393831955, 24.903538821689722 ], [ 77.236504656119976, 24.903377174823621 ], [ 77.237864262372227, 24.902771148226524 ], [ 77.23838005732668, 24.90274912090948 ], [ 77.24082886641699, 24.904030407636981 ], [ 77.240990987263174, 24.904115232165225 ], [ 77.2408058973203, 24.907566588083402 ], [ 77.240759712473789, 24.910373692130797 ], [ 77.240736497964647, 24.91098823695944 ], [ 77.240712603314776, 24.911620793057018 ], [ 77.240590092827958, 24.914863780651462 ], [ 77.240557237643415, 24.91640841691407 ], [ 77.240551208415724, 24.916665396712592 ], [ 77.240526582630793, 24.917997813396518 ], [ 77.240408039649239, 24.918488415836414 ], [ 77.240140134949897, 24.919044376365946 ], [ 77.23999570027911, 24.919344107459086 ], [ 77.239019522904528, 24.921258650625681 ], [ 77.237704974364718, 24.923372033455035 ], [ 77.237615057219287, 24.924080907757382 ], [ 77.237790107858189, 24.924628057810104 ], [ 77.238411123148907, 24.925225242923375 ], [ 77.239014640661225, 24.92578544302371 ], [ 77.23928983131114, 24.926231784307369 ], [ 77.23939919917531, 24.926568445637123 ], [ 77.239395596912786, 24.926956257895714 ], [ 77.23929195520401, 24.927431628312384 ], [ 77.239312014864836, 24.927704423464057 ], [ 77.239173342045731, 24.928072786296873 ], [ 77.239252334435704, 24.928295083041231 ], [ 77.239444349241523, 24.928495376139171 ], [ 77.239451489046161, 24.92869247497805 ], [ 77.239339299501466, 24.929123619881409 ], [ 77.239492936088297, 24.929551761616949 ], [ 77.239499777402983, 24.929848590388442 ], [ 77.239452959167707, 24.929979866115772 ], [ 77.239441843222721, 24.930201452839004 ], [ 77.239525833906498, 24.930382581562732 ], [ 77.239780409362865, 24.930644367009872 ], [ 77.240111244730983, 24.931445904969163 ], [ 77.240650234515769, 24.931863916672935 ], [ 77.241049320959533, 24.932336867075559 ], [ 77.241332246729826, 24.932843314413962 ], [ 77.241601191467439, 24.933327494399325 ], [ 77.241764856910976, 24.933620183121278 ], [ 77.241912128389714, 24.933694879138869 ], [ 77.242115180347668, 24.933561666750304 ], [ 77.243709131222914, 24.933282540950874 ], [ 77.243642983724826, 24.932856588338741 ], [ 77.24387064495501, 24.931900253183592 ], [ 77.24560320232861, 24.930748166016475 ], [ 77.246489877382899, 24.929885893588533 ], [ 77.247407560547515, 24.929010390200535 ], [ 77.247923555021657, 24.928386176069555 ], [ 77.248364224525716, 24.927735550697466 ], [ 77.248776063930777, 24.92713633664523 ], [ 77.249925561068935, 24.926609693802074 ], [ 77.250104135278733, 24.926542271412313 ], [ 77.250083923227152, 24.92571824833264 ], [ 77.249837114729161, 24.925669519656001 ], [ 77.248839183487846, 24.925609996786353 ], [ 77.247047893601689, 24.926241425835752 ], [ 77.246004324656141, 24.926439218763083 ], [ 77.245307385559499, 24.926218585011721 ], [ 77.244664350475219, 24.925292657215401 ], [ 77.24401310151174, 24.925235896960732 ], [ 77.242732068355693, 24.925603681999917 ], [ 77.241746891098344, 24.922776537411838 ], [ 77.243476270953309, 24.922695487282368 ], [ 77.243724859256304, 24.921380678664811 ], [ 77.246315029058806, 24.921168663355864 ], [ 77.246796328376476, 24.92121547261846 ], [ 77.247633414358191, 24.922013593017585 ], [ 77.249976418442984, 24.923976974351266 ], [ 77.250853151898724, 24.923940801399695 ], [ 77.252433058039614, 24.923868509780331 ], [ 77.253978933190638, 24.923420470383579 ], [ 77.254577772661165, 24.923243771243214 ], [ 77.255710347824035, 24.922756855077147 ], [ 77.256773058700304, 24.922644214717785 ], [ 77.257517180161898, 24.922541181192489 ], [ 77.258058980233045, 24.922787217564142 ], [ 77.259903083658713, 24.925805857728893 ], [ 77.260390905685199, 24.926272046467002 ], [ 77.261065878632465, 24.926470740397914 ], [ 77.260793807852423, 24.928386910943811 ], [ 77.260111140604707, 24.933194575299957 ], [ 77.258790884247148, 24.933873524477054 ], [ 77.257223103315383, 24.934054795187226 ], [ 77.256414367131214, 24.93396386265788 ], [ 77.253092962136293, 24.934000426893057 ], [ 77.25209525550811, 24.934246549166357 ], [ 77.251635404793831, 24.935161886261149 ], [ 77.25130312339968, 24.936317145057512 ], [ 77.252573862062903, 24.937983405911858 ], [ 77.254596786648776, 24.938092949835497 ], [ 77.255747251151959, 24.938414303421059 ], [ 77.255927171969574, 24.941478505972292 ], [ 77.255670860567719, 24.941781114621389 ], [ 77.255471003779164, 24.942017070519203 ], [ 77.25506722761952, 24.942207187271091 ], [ 77.252779144912751, 24.943284493657561 ], [ 77.250268135177492, 24.944588865870003 ], [ 77.249992057637215, 24.946320011923138 ], [ 77.249972595116319, 24.946345421853191 ], [ 77.249520659567821, 24.946706317796473 ], [ 77.248819124886822, 24.947405163362085 ], [ 77.247623311987823, 24.948550913460803 ], [ 77.246597192197854, 24.949548190475276 ], [ 77.245949579048002, 24.950128023438598 ], [ 77.245907088206536, 24.950174619952026 ], [ 77.245858523820701, 24.950215989240856 ], [ 77.245804650856726, 24.950251479830371 ], [ 77.245746320605875, 24.950280530335323 ], [ 77.245684456688423, 24.950302682897224 ], [ 77.245654136210092, 24.950309696710885 ], [ 77.245477719498084, 24.950397393993732 ], [ 77.245396726298935, 24.950411120611616 ], [ 77.245316756242289, 24.950429155051367 ], [ 77.245238085295426, 24.950451435362169 ], [ 77.245160981655687, 24.950477883276111 ], [ 77.245085712633099, 24.950508409681323 ], [ 77.245012537759536, 24.950542910051883 ], [ 77.244941708805825, 24.950581262641819 ], [ 77.244873468705848, 24.950623337507825 ], [ 77.244808052598515, 24.950668991098475 ], [ 77.24471037803653, 24.950736430038969 ], [ 77.244621447649422, 24.950813270698443 ], [ 77.244542346081772, 24.950898578755371 ], [ 77.244474039141181, 24.950991312384122 ], [ 77.24441735475564, 24.951090345585488 ], [ 77.244372984953728, 24.951194468201312 ], [ 77.24434146973266, 24.951302415590199 ], [ 77.24432238995297, 24.951417340914535 ], [ 77.244119902908551, 24.951974653157773 ], [ 77.244084380005333, 24.952027289019032 ], [ 77.24405243823864, 24.952081799970831 ], [ 77.244024197428445, 24.952137981947619 ], [ 77.243999760581673, 24.952195628041661 ], [ 77.243979219887052, 24.952254523131902 ], [ 77.243962649729539, 24.95231444924741 ], [ 77.243950113632721, 24.952375184718875 ], [ 77.243941657342191, 24.952436502318051 ], [ 77.243937311728402, 24.952498176505401 ], [ 77.243943539920281, 24.95350335162577 ], [ 77.244009091280347, 24.954163015077764 ], [ 77.244036428080577, 24.954212884571415 ], [ 77.244061692898555, 24.954263651718769 ], [ 77.244084850713378, 24.954315248510316 ], [ 77.244105871525235, 24.954367599750583 ], [ 77.244124723327374, 24.95442063293784 ], [ 77.244141378075014, 24.954474275601306 ], [ 77.244155815724895, 24.954528447205075 ], [ 77.244168014175443, 24.954583075325029 ], [ 77.244177955330031, 24.954638083052821 ], [ 77.244210879710351, 24.954754035413906 ], [ 77.244454297772322, 24.955611313428307 ], [ 77.244465826142346, 24.955649896603148 ], [ 77.244479812831997, 24.955687798293628 ], [ 77.244496209546, 24.955724888067792 ], [ 77.244514959030823, 24.955761039938807 ], [ 77.244535997081613, 24.955796129671374 ], [ 77.24455925253352, 24.955830035684539 ], [ 77.244584644255823, 24.955862642640984 ], [ 77.244612086113293, 24.955893840582753 ], [ 77.244641485044752, 24.955923518594076 ], [ 77.244944080549914, 24.956450576582039 ], [ 77.24497912992463, 24.956544876623418 ], [ 77.245010391575306, 24.956640274872235 ], [ 77.245037823070675, 24.956736648170804 ], [ 77.245061389946358, 24.956833868907996 ], [ 77.245081058753883, 24.956931806771088 ], [ 77.245096806949533, 24.957030330629724 ], [ 77.245108608983429, 24.957129312942008 ], [ 77.245116454206951, 24.957228621767477 ], [ 77.245120327027095, 24.957328124223153 ], [ 77.245185241961337, 24.958065546339316 ], [ 77.24549196353513, 24.958019441529451 ], [ 77.246344947068749, 24.958012274901307 ], [ 77.246458951226771, 24.958027897236395 ], [ 77.24657169185123, 24.958049855875803 ], [ 77.246682745734489, 24.958078068022402 ], [ 77.246791695833124, 24.958112427447105 ], [ 77.246898133231852, 24.958152806310501 ], [ 77.247001658167918, 24.958199051558385 ], [ 77.247101881960944, 24.95825099035558 ], [ 77.247198427029744, 24.958308428279469 ], [ 77.247290932835867, 24.958371149366993 ], [ 77.247374375718721, 24.958431180154243 ], [ 77.247464501238611, 24.958482562573547 ], [ 77.247560231393024, 24.958524682147281 ], [ 77.247660429635289, 24.958557038638169 ], [ 77.24776389790371, 24.958579246026524 ], [ 77.247869405281833, 24.958591039960726 ], [ 77.247975693943616, 24.958592277804279 ], [ 77.248081496908938, 24.95858294690353 ], [ 77.248185555944232, 24.958563157503214 ], [ 77.249239081088206, 24.958486542443442 ], [ 77.24956197468228, 24.958442177133101 ], [ 77.249871488743025, 24.958401940182892 ], [ 77.249981109669761, 24.95851555437941 ], [ 77.250093682083445, 24.958626744126061 ], [ 77.250209144190876, 24.95873544390659 ], [ 77.250327428220317, 24.958841591770369 ], [ 77.250448467372792, 24.958945127581018 ], [ 77.250572190886047, 24.95904599117085 ], [ 77.250698527963067, 24.95914412598464 ], [ 77.250827406832386, 24.959239473653284 ], [ 77.250958753698001, 24.959331980307713 ], [ 77.251200276628296, 24.959476229008246 ], [ 77.251444870739846, 24.959616112128383 ], [ 77.251692438423902, 24.959751578313618 ], [ 77.251819489399139, 24.959818033138014 ], [ 77.251942884060028, 24.9598825753224 ], [ 77.252196111052683, 24.9600090490996 ], [ 77.252452021746151, 24.960130952807436 ], [ 77.252710517492886, 24.960248239600709 ], [ 77.252971495689778, 24.960360861700853 ], [ 77.253234855654256, 24.960468777666662 ], [ 77.25311237115433, 24.960537634787983 ], [ 77.252997777777395, 24.96061698557331 ], [ 77.252892157429699, 24.960706083474914 ], [ 77.252796502738462, 24.96080409003261 ], [ 77.252711711032191, 24.960910082953852 ], [ 77.252638583247773, 24.961023066942012 ], [ 77.252577805082822, 24.961141976257561 ], [ 77.252529949779642, 24.96126569460786 ], [ 77.252495467210252, 24.961393056867418 ], [ 77.252403926587505, 24.961564505662981 ], [ 77.252304809405175, 24.961732418082413 ], [ 77.252198280748146, 24.961896514526455 ], [ 77.252084518489227, 24.96205652542973 ], [ 77.251963709386402, 24.962212184908498 ], [ 77.251836052020664, 24.96236323439625 ], [ 77.251701759751199, 24.962509424473307 ], [ 77.251561055779007, 24.962650513022048 ], [ 77.251414170166967, 24.962786266106818 ], [ 77.251271075000702, 24.962923879352861 ], [ 77.251128007049175, 24.963061514338047 ], [ 77.250984964322555, 24.963199171950023 ], [ 77.250841948793649, 24.963336853107418 ], [ 77.250698959471819, 24.963474557802545 ], [ 77.250555997356145, 24.963612285140172 ], [ 77.250413060473932, 24.963750034201812 ], [ 77.250270151771517, 24.963887807720027 ], [ 77.250127268294065, 24.964025603865352 ], [ 77.250017265068593, 24.964115108647356 ], [ 77.24992499956312, 24.964202613711841 ], [ 77.249854497286776, 24.964311319620631 ], [ 77.249784279750372, 24.964420179448833 ], [ 77.249714346988483, 24.964529189584567 ], [ 77.249644700948835, 24.964638353655985 ], [ 77.249575339667516, 24.96474766984192 ], [ 77.249506268123895, 24.964857135472336 ], [ 77.249437481356651, 24.964966751411982 ], [ 77.249368982329656, 24.965076518587495 ], [ 77.249324860704618, 24.965155130902549 ], [ 77.249271000826226, 24.96522852802357 ], [ 77.249208135346905, 24.965295710497205 ], [ 77.249137116975731, 24.965355765609008 ], [ 77.24905891244957, 24.965407876368062 ], [ 77.248974586563293, 24.96545133402622 ], [ 77.248885282262123, 24.965485547857387 ], [ 77.24879221760068, 24.965510052359214 ], [ 77.248696655945494, 24.965524515148168 ], [ 77.248651910251795, 24.965517941557078 ], [ 77.248606597944175, 24.965518810741898 ], [ 77.248562195476609, 24.965527093643907 ], [ 77.248520150869538, 24.965542519846668 ], [ 77.248481835083851, 24.965564586225543 ], [ 77.248448495290262, 24.965592574643424 ], [ 77.248439810399731, 24.96560308309104 ], [ 77.248421221982326, 24.965625572464102 ], [ 77.248400901143526, 24.965662501980109 ], [ 77.248388198012876, 24.965702160925446 ], [ 77.248330730893983, 24.966012168240738 ], [ 77.24821468340113, 24.966382684489254 ], [ 77.247964643630453, 24.967181004141128 ], [ 77.247803016749813, 24.967772338411663 ], [ 77.24759037931365, 24.968550290720486 ], [ 77.247043167480399, 24.970285446994946 ], [ 77.246592510311956, 24.971594363180262 ], [ 77.246572601975487, 24.971684399766801 ], [ 77.246552053722525, 24.971774314814972 ], [ 77.2465308625967, 24.971864106494987 ], [ 77.246509033575904, 24.971953772136288 ], [ 77.246486563754971, 24.972043304490615 ], [ 77.246463456113375, 24.972132702677939 ], [ 77.246439710692528, 24.97222196218264 ], [ 77.24641532951523, 24.972311078504625 ], [ 77.246390313588122, 24.972400049845167 ], [ 77.246147833155234, 24.972824463983308 ], [ 77.245696278147818, 24.973706946026695 ], [ 77.245635583397657, 24.973762370594439 ], [ 77.245581481652209, 24.973823204378789 ], [ 77.245534551742182, 24.973888798073755 ], [ 77.245495294671045, 24.973958455701094 ], [ 77.245464125714776, 24.974031431838643 ], [ 77.245441381202568, 24.974106947929442 ], [ 77.245427301588151, 24.974184201179604 ], [ 77.245422039375129, 24.974262364620667 ], [ 77.245425646048361, 24.974340606875156 ], [ 77.24540798560345, 24.974399136225184 ], [ 77.245386061314207, 24.974456453435629 ], [ 77.245359972687098, 24.974512303701218 ], [ 77.245329836054751, 24.974566434155314 ], [ 77.245295787462311, 24.974618602923563 ], [ 77.245257979747066, 24.974668573682536 ], [ 77.245216583460504, 24.974716122891827 ], [ 77.245171783930516, 24.974761036158704 ], [ 77.24512378320874, 24.974803111865825 ], [ 77.245092424012867, 24.974816945769508 ], [ 77.245062942861679, 24.974833866900212 ], [ 77.245035707334964, 24.974853666819612 ], [ 77.245011050662697, 24.974876102500019 ], [ 77.24498927868602, 24.974900893670259 ], [ 77.244970660812129, 24.974927736290564 ], [ 77.244955429092272, 24.974956295321029 ], [ 77.244943770150044, 24.974986220010504 ], [ 77.24493582819639, 24.975017139405157 ], [ 77.24487618792844, 24.975529096531087 ], [ 77.244787669883536, 24.975807142008051 ], [ 77.244849721155532, 24.975900550954549 ], [ 77.244901042251698, 24.975996235288115 ], [ 77.24494572899512, 24.976104357681066 ], [ 77.244975225927874, 24.976198016966034 ], [ 77.244997520515184, 24.976302568207696 ], [ 77.244993506748756, 24.976446987888476 ], [ 77.244991470319519, 24.976591441193911 ], [ 77.244991410440463, 24.976735907346033 ], [ 77.244993327340964, 24.976880362865511 ], [ 77.244997219260327, 24.977024785160285 ], [ 77.245003089391673, 24.977169151677273 ], [ 77.245010933002106, 24.977313439800874 ], [ 77.245020751294604, 24.977457627865405 ], [ 77.245032541509218, 24.977601694173778 ], [ 77.245046150406765, 24.977755538542105 ], [ 77.245054487125614, 24.977909697240175 ], [ 77.245057543193084, 24.978064016669389 ], [ 77.245055317020288, 24.978218348703525 ], [ 77.245047809034176, 24.978372541619194 ], [ 77.245035027570793, 24.978526445560977 ], [ 77.24501698590305, 24.978679912517979 ], [ 77.244993698337709, 24.978832789971381 ], [ 77.244965192001999, 24.978984931824474 ], [ 77.244924975969809, 24.979099315515509 ], [ 77.24489224683839, 24.97921566464511 ], [ 77.244867118461542, 24.979333572803153 ], [ 77.244849677978095, 24.979452629755713 ], [ 77.244839987835931, 24.979572416945199 ], [ 77.24483808174287, 24.979692516489706 ], [ 77.244841890702574, 24.979770181383671 ], [ 77.244843966664874, 24.979812509392438 ], [ 77.244857619844993, 24.979931976421401 ], [ 77.244878995738162, 24.980050498163983 ], [ 77.244905077074193, 24.980112363837588 ], [ 77.244926012638544, 24.980175832691739 ], [ 77.244941681914852, 24.980240551558701 ], [ 77.244952001147325, 24.98030615672203 ], [ 77.24495690841087, 24.980372281024135 ], [ 77.244956379446748, 24.980438555796997 ], [ 77.244950416798375, 24.980504607164384 ], [ 77.24491878726883, 24.981010507642505 ], [ 77.244905768732124, 24.981036511030204 ], [ 77.24489916148984, 24.981064450631454 ], [ 77.244899272097641, 24.981093031965621 ], [ 77.244906095289963, 24.981120929196013 ], [ 77.244919314387801, 24.981146846545855 ], [ 77.244938315543109, 24.981169583436024 ], [ 77.244962217973253, 24.98118808529885 ], [ 77.244989912147275, 24.98120149174483 ], [ 77.24502011386835, 24.981209180339583 ], [ 77.245949161959899, 24.981877370774288 ], [ 77.245984296358714, 24.981908924370476 ], [ 77.246014960048598, 24.981944136595548 ], [ 77.246040701183119, 24.981982485501081 ], [ 77.246061133750715, 24.982023402693553 ], [ 77.246075957330859, 24.982066279811452 ], [ 77.246084950013525, 24.982110483822517 ], [ 77.246087980314542, 24.982155354408199 ], [ 77.246085001000807, 24.982200228299384 ], [ 77.24639109686639, 24.983978122336254 ], [ 77.246398897575347, 24.984243937905394 ], [ 77.246406007687284, 24.984486198010021 ], [ 77.246419848531929, 24.984957832061916 ], [ 77.246399033041669, 24.985074325695834 ], [ 77.246374482641244, 24.985190213754134 ], [ 77.246346218077448, 24.985305397053505 ], [ 77.246314262078968, 24.985419776425918 ], [ 77.246278643319741, 24.985533252750137 ], [ 77.246239393412395, 24.985645730539996 ], [ 77.246196544986375, 24.985757111607978 ], [ 77.246150135608673, 24.985867299611389 ], [ 77.246100202812542, 24.985976201819501 ], [ 77.246040546852285, 24.98613516297257 ], [ 77.245984349977249, 24.986295167329018 ], [ 77.24593163457024, 24.986456154559399 ], [ 77.245882421092745, 24.986618057997031 ], [ 77.245836729938191, 24.986780818199708 ], [ 77.245794575615321, 24.986944369356593 ], [ 77.245755978569548, 24.987108646606526 ], [ 77.245720951285861, 24.987273588638129 ], [ 77.245689508273898, 24.987439129639906 ], [ 77.245683008480313, 24.987559671601986 ], [ 77.245684928152855, 24.987680344845192 ], [ 77.245695261019762, 24.987800663436655 ], [ 77.245713964165461, 24.987920139347654 ], [ 77.245740961907586, 24.988038291515146 ], [ 77.245776144865857, 24.988154639512651 ], [ 77.245782704220773, 24.988171949034662 ], [ 77.245819371831871, 24.988268715305942 ], [ 77.245870468871942, 24.988380053311346 ], [ 77.245929227174159, 24.988488208441694 ], [ 77.246636817888628, 24.989619632960835 ], [ 77.246737118985919, 24.989706216278009 ], [ 77.246829067159865, 24.989800187386461 ], [ 77.246912009729911, 24.989900881885333 ], [ 77.246985353963922, 24.99000758255999 ], [ 77.247048582812724, 24.99011953214945 ], [ 77.247101244976562, 24.990235935976436 ], [ 77.247142967727001, 24.990355968370313 ], [ 77.247173454917686, 24.990478773553995 ], [ 77.24719248780535, 24.990603483712515 ], [ 77.24747128727347, 24.991304726183571 ], [ 77.247771649117823, 24.992060191684811 ], [ 77.247988968742931, 24.992708281480983 ], [ 77.247988626552996, 24.992765211182675 ], [ 77.247988193243799, 24.992837433765565 ], [ 77.247996914346601, 24.992966340938981 ], [ 77.248015094913626, 24.993094427415137 ], [ 77.248042653242678, 24.993221114546742 ], [ 77.248079465919403, 24.993345833291478 ], [ 77.248125366834515, 24.9934680233014 ], [ 77.248180150129954, 24.993587135655513 ], [ 77.248243570181472, 24.993702634666089 ], [ 77.248315338599767, 24.993814000564679 ], [ 77.248436219769786, 24.993925390847945 ], [ 77.248556081747282, 24.994037694227192 ], [ 77.248674913726106, 24.994150900685742 ], [ 77.248792709811696, 24.99426500476082 ], [ 77.248909460188528, 24.994379996443453 ], [ 77.249025158970383, 24.994495869367906 ], [ 77.249139796324471, 24.994612615331249 ], [ 77.249253363417267, 24.994730225235315 ], [ 77.249365854370822, 24.99484869181131 ], [ 77.249445386628835, 24.994899638228635 ], [ 77.249522652751097, 24.994953402653337 ], [ 77.249597530645048, 24.995009901946268 ], [ 77.249669906170141, 24.995069050321447 ], [ 77.249739667252129, 24.99513075297795 ], [ 77.249806701815984, 24.99519491511484 ], [ 77.2498709077461, 24.995261436590535 ], [ 77.249932187906111, 24.995330214593061 ], [ 77.249990441246553, 24.995401140861112 ], [ 77.250030937859307, 24.995455965941677 ], [ 77.250123643640734, 24.99556108569897 ], [ 77.250215800773447, 24.995666604798625 ], [ 77.250307404293764, 24.995772524105778 ], [ 77.250364077769149, 24.995819585287961 ], [ 77.250422444538628, 24.995864895911883 ], [ 77.250482439654036, 24.995908407600517 ], [ 77.250543994245902, 24.99595006743046 ], [ 77.250607040341507, 24.995989832419927 ], [ 77.250671509002629, 24.996027656870158 ], [ 77.25073732730138, 24.996063497760606 ], [ 77.250804421276143, 24.996097316578325 ], [ 77.250872716956536, 24.996129075713576 ], [ 77.251496097451479, 24.996490975044463 ], [ 77.252188445817737, 24.996683618780057 ], [ 77.252243816199055, 24.996686528589699 ], [ 77.252313413016921, 24.996690183728923 ], [ 77.25243840812584, 24.996696312579722 ], [ 77.252563428178973, 24.996702004406036 ], [ 77.252688470193704, 24.996707260087497 ], [ 77.252813534185762, 24.996712077817929 ], [ 77.252938618146544, 24.996716460290866 ], [ 77.253063718128018, 24.99672040566908 ], [ 77.253188834137433, 24.996723913049472 ], [ 77.253313966164953, 24.99672698333497 ], [ 77.25345064461527, 24.996732948925629 ], [ 77.253586441988205, 24.996748295542162 ], [ 77.253720580233278, 24.996772934920354 ], [ 77.253852296646187, 24.996806727440273 ], [ 77.253980840920889, 24.996849479393468 ], [ 77.254105479069963, 24.996900947529333 ], [ 77.254225502342123, 24.996960839124114 ], [ 77.254340225239829, 24.997028811965496 ], [ 77.254448993403713, 24.997104478929295 ], [ 77.254512152152174, 24.997159227930442 ], [ 77.254582451865829, 24.997206194421675 ], [ 77.254658746226724, 24.997244613518252 ], [ 77.254739790502001, 24.997273857746908 ], [ 77.254824263217401, 24.997293450763006 ], [ 77.254910786908297, 24.997303073835006 ], [ 77.254997951886111, 24.997302567836908 ], [ 77.255084334973802, 24.997291943328978 ], [ 77.255168527329758, 24.997271372647194 ], [ 77.255734919934284, 24.997179893252888 ], [ 77.256099837490368, 24.997054772487424 ], [ 77.257471821140442, 24.997299503809707 ], [ 77.258645653759601, 24.997512271764165 ], [ 77.260289095225815, 24.997690661878408 ], [ 77.26077389716734, 24.997224349731486 ], [ 77.261362037756115, 24.996212702819196 ], [ 77.261651824621495, 24.994481126253284 ], [ 77.261922386204631, 24.993058525291232 ], [ 77.262099136528377, 24.992721158239295 ], [ 77.262728685585842, 24.992583018767377 ], [ 77.264158910579184, 24.992571522106353 ], [ 77.265134354602537, 24.992196140415029 ], [ 77.265357469175029, 24.992404858056084 ], [ 77.265423935721543, 24.992448937732423 ], [ 77.265489950180395, 24.992493577437259 ], [ 77.265555503634047, 24.992538777102151 ], [ 77.265620595150821, 24.992584530398634 ], [ 77.265685216862835, 24.992630830944453 ], [ 77.265749362825133, 24.992677678694282 ], [ 77.265813030107353, 24.992725069110364 ], [ 77.265876209859087, 24.992772994899813 ], [ 77.265938897134532, 24.992821455121831 ], [ 77.266011289770759, 24.992852151691583 ], [ 77.266087738595289, 24.992873143818439 ], [ 77.266166688785916, 24.992884005837073 ], [ 77.266246530126267, 24.992884513958611 ], [ 77.266325637507791, 24.992874660131477 ], [ 77.266402401733131, 24.99285464324781 ], [ 77.266475258220098, 24.992824872978282 ], [ 77.266542721844104, 24.992785952881075 ], [ 77.266603420654533, 24.992738677952818 ], [ 77.266676513804214, 24.992693154246329 ], [ 77.266754668166328, 24.992655246911148 ], [ 77.266836928128583, 24.992625419086831 ], [ 77.266922292426813, 24.992604035120316 ], [ 77.267009724128457, 24.992591352515269 ], [ 77.267098156510016, 24.992587529202865 ], [ 77.267186512016579, 24.992592609238169 ], [ 77.267273716049374, 24.992606531938204 ], [ 77.267358704933443, 24.992629127427591 ], [ 77.267530511491273, 24.992686745057863 ], [ 77.267703335194525, 24.992741776548772 ], [ 77.26787712959684, 24.992794207087872 ], [ 77.268051847243925, 24.992844023661231 ], [ 77.268227443662298, 24.992891212375092 ], [ 77.268403865460115, 24.992935759267016 ], [ 77.268581070119978, 24.992977653168012 ], [ 77.268759007205389, 24.99301688194533 ], [ 77.26893762921884, 24.993053437101288 ], [ 77.269056705271026, 24.993059639002063 ], [ 77.269175966662914, 24.993060823521795 ], [ 77.269295161720521, 24.993056986009329 ], [ 77.269414035662933, 24.9930481362404 ], [ 77.269532333650744, 24.993034290313137 ], [ 77.269649803674866, 24.993015479701533 ], [ 77.269766195616242, 24.992991745829364 ], [ 77.269881259289264, 24.992963137345829 ], [ 77.269994751327843, 24.992929715597263 ], [ 77.270087275567619, 24.992880822237286 ], [ 77.270182348694917, 24.992836176933743 ], [ 77.270279735855098, 24.992795887151594 ], [ 77.270379197290538, 24.992760054899893 ], [ 77.270480489431947, 24.99272876590214 ], [ 77.270583360842437, 24.992702099500193 ], [ 77.270687557238858, 24.992680121467568 ], [ 77.270792824472835, 24.992662883129256 ], [ 77.270898899520361, 24.992650431227037 ], [ 77.2709732898726, 24.992631989515175 ], [ 77.27104935914771, 24.992620573532239 ], [ 77.271126310541874, 24.992616299967199 ], [ 77.271203337996141, 24.992619214994853 ], [ 77.271279635172192, 24.992629288023071 ], [ 77.271354404344336, 24.992646414470588 ], [ 77.271426862369552, 24.99267041310355 ], [ 77.271496249537478, 24.992701033328419 ], [ 77.271561841452538, 24.992737956186517 ], [ 77.271675058367165, 24.992818972612888 ], [ 77.271787488138102, 24.992900895968074 ], [ 77.271899119924925, 24.992983719848414 ], [ 77.272009947841497, 24.99306743788852 ], [ 77.272119960056415, 24.993152043677263 ], [ 77.272229149692535, 24.993237530841512 ], [ 77.272337507907608, 24.993323891186886 ], [ 77.272445025825832, 24.993411120131327 ], [ 77.272551696594917, 24.993499208592485 ], [ 77.272620565720203, 24.993558999187222 ], [ 77.272695791933018, 24.993612045255031 ], [ 77.27277658661761, 24.993657790713623 ], [ 77.272862094070277, 24.993695753926147 ], [ 77.272951421159277, 24.993725535154589 ], [ 77.273043624402149, 24.993746820976405 ], [ 77.273137734713814, 24.993759387184738 ], [ 77.273232763311015, 24.993763103349522 ], [ 77.273327708682999, 24.993757929258862 ], [ 77.273376286981716, 24.993767852330024 ], [ 77.273425860116404, 24.99377200206472 ], [ 77.273475608190097, 24.993770310748396 ], [ 77.273524704474639, 24.993762806347316 ], [ 77.273577363568435, 24.993745841873675 ], [ 77.273617711607642, 24.993730947607229 ], [ 77.273660079560898, 24.993707124201055 ], [ 77.273698733842139, 24.993678536212506 ], [ 77.273733036851425, 24.993645656504281 ], [ 77.273794020818968, 24.993527237225997 ], [ 77.27386014319498, 24.993411131482038 ], [ 77.273931300187485, 24.993297524514045 ], [ 77.274007376165272, 24.993186596053441 ], [ 77.274088253508722, 24.99307852671939 ], [ 77.274173797863142, 24.992973485261636 ], [ 77.274263875866438, 24.992871640437446 ], [ 77.274358345298566, 24.992773154614056 ], [ 77.274457053099923, 24.992678183753565 ], [ 77.274635224509453, 24.992550589247493 ], [ 77.274812293469211, 24.992421723471377 ], [ 77.27498824995962, 24.992291598092958 ], [ 77.27516308102193, 24.99216022114485 ], [ 77.275336778652033, 24.992027600697728 ], [ 77.275509329908203, 24.991893742978171 ], [ 77.27568072478816, 24.991758657847818 ], [ 77.275850954305639, 24.99162235246671 ], [ 77.276020005494445, 24.991484835770798 ], [ 77.276124644813919, 24.991396408161126 ], [ 77.276222833322009, 24.991302033550806 ], [ 77.276314163109177, 24.991202102593061 ], [ 77.276398257761542, 24.991097029664374 ], [ 77.276474769438039, 24.990987247422709 ], [ 77.276543380818808, 24.990873210435055 ], [ 77.27660380911, 24.990755390691962 ], [ 77.276655805069282, 24.990634275793511 ], [ 77.276699152047982, 24.990510365329531 ], [ 77.276723872269457, 24.990415359696986 ], [ 77.276750709627649, 24.990320832683881 ], [ 77.27677965384305, 24.990226823948149 ], [ 77.276810693661943, 24.990133371333997 ], [ 77.276843815832422, 24.990040514476441 ], [ 77.27687900612024, 24.989948292099751 ], [ 77.276916251290402, 24.989856742032824 ], [ 77.276955535135613, 24.989765902081459 ], [ 77.276996840449442, 24.989675810947087 ], [ 77.277011443028499, 24.989622590810512 ], [ 77.277038002032583, 24.989573359281664 ], [ 77.277075326853861, 24.989530319015053 ], [ 77.277121747840894, 24.989495397151394 ], [ 77.277175190463709, 24.989470154670332 ], [ 77.277233263116713, 24.98945572113568 ], [ 77.277293366618466, 24.989452740444374 ], [ 77.277352813328093, 24.989461348257162 ], [ 77.277408945178649, 24.989481159356167 ], [ 77.277508375871292, 24.98950062729849 ], [ 77.27760708269976, 24.989522947156264 ], [ 77.27770496576828, 24.989548099200587 ], [ 77.277801928228385, 24.989576055597873 ], [ 77.27789787321457, 24.989606790320853 ], [ 77.277992706883552, 24.989640271946868 ], [ 77.278086330462315, 24.989676466306168 ], [ 77.278178654095285, 24.989715339297717 ], [ 77.278269583030323, 24.989756850460971 ], [ 77.278340570369735, 24.989802036498034 ], [ 77.278412565029612, 24.989845879116796 ], [ 77.278485535484123, 24.98988835820543 ], [ 77.278559452155775, 24.989929457279899 ], [ 77.278634283493531, 24.989969158937843 ], [ 77.278709996963713, 24.99000744486629 ], [ 77.278786559016567, 24.99004429945402 ], [ 77.2788639410483, 24.990079708030706 ], [ 77.278942106544662, 24.990113654059346 ], [ 77.279177820452119, 24.990152475842212 ], [ 77.279393738639698, 24.990405161271426 ], [ 77.279416986938756, 24.990439197553567 ], [ 77.28062914457125, 24.992213687702726 ], [ 77.282513658632112, 24.992282806331666 ], [ 77.28312461714215, 24.992046886653277 ], [ 77.284634173610399, 24.991702687695732 ], [ 77.285020478818751, 24.992165857123776 ], [ 77.28558194821963, 24.992316565020882 ], [ 77.28735793960584, 24.991963942320851 ], [ 77.288134103857459, 24.991838929098222 ], [ 77.288784384729496, 24.991734186701532 ], [ 77.291860702587044, 24.99104530123882 ], [ 77.295684951317881, 24.990277856025362 ], [ 77.296597989355917, 24.98977350167311 ], [ 77.296712397716604, 24.989710301354595 ], [ 77.298091057865221, 24.988662434760343 ], [ 77.298794614072833, 24.988343466683506 ], [ 77.299552568766487, 24.98835961925235 ], [ 77.301378203379727, 24.988927646876594 ], [ 77.302101140380671, 24.989006282453595 ], [ 77.302724477107333, 24.988665775197074 ], [ 77.305049198001598, 24.987195810930103 ], [ 77.306205454540006, 24.986346733702284 ], [ 77.306044299416726, 24.985815853442837 ], [ 77.306057075041778, 24.985694214248781 ], [ 77.306078269471485, 24.98557355457174 ], [ 77.306107798067472, 24.985454358763334 ], [ 77.306145541570402, 24.985337104593466 ], [ 77.306191348082024, 24.9852222632652 ], [ 77.30624503313868, 24.985110291287441 ], [ 77.306306384576573, 24.985001640445763 ], [ 77.30637515473515, 24.984896743294041 ], [ 77.3064510663052, 24.9847960240362 ], [ 77.306511724566107, 24.984773682152909 ], [ 77.306566451929484, 24.984741007402405 ], [ 77.306613155274121, 24.984699251286518 ], [ 77.306650049550328, 24.984650008091201 ], [ 77.306675723645284, 24.984595162994491 ], [ 77.306689197580965, 24.984536812111813 ], [ 77.306689951927069, 24.984477186850274 ], [ 77.306677961273579, 24.984418567455837 ], [ 77.306653683115911, 24.984363196228777 ], [ 77.306614922719859, 24.984321437512577 ], [ 77.306586443739647, 24.98427329169013 ], [ 77.306569471157019, 24.984220827972983 ], [ 77.306564733831053, 24.984166300626551 ], [ 77.306572435619501, 24.984112054827069 ], [ 77.306592244417118, 24.984060423621631 ], [ 77.306623309926991, 24.984013625102527 ], [ 77.306664296189098, 24.983973671434168 ], [ 77.306713440842756, 24.983942279884825 ], [ 77.306770297246686, 24.983922403101275 ], [ 77.306826729431336, 24.983901544125143 ], [ 77.306882717465513, 24.983879715452186 ], [ 77.306938240492201, 24.983856922346199 ], [ 77.306993279603617, 24.983833173698113 ], [ 77.307047814893011, 24.98380847929457 ], [ 77.307101827485198, 24.983782844414232 ], [ 77.307155296450333, 24.983756282448702 ], [ 77.307208202905144, 24.983728799579762 ], [ 77.307225588119707, 24.983635268772616 ], [ 77.307253578202634, 24.983543899666746 ], [ 77.30729187286029, 24.983455689796095 ], [ 77.307340052221363, 24.983371601482165 ], [ 77.307397589815935, 24.983292551093328 ], [ 77.307463859576657, 24.983219401872628 ], [ 77.307538138925182, 24.98315295131702 ], [ 77.307619615780951, 24.983093923102285 ], [ 77.307707403464008, 24.983042962678784 ], [ 77.307820063276736, 24.982962389225726 ], [ 77.30791549401539, 24.982865072201747 ], [ 77.307990744588963, 24.982754022408805 ], [ 77.308043485376629, 24.982632675239319 ], [ 77.308072087468858, 24.982504782884448 ], [ 77.3080756653017, 24.982374299948425 ], [ 77.308054107431019, 24.982245265363797 ], [ 77.308008081690346, 24.982121667860874 ], [ 77.30793901342679, 24.982007330204578 ], [ 77.307867600669013, 24.981894562776205 ], [ 77.307803105202652, 24.981778384204162 ], [ 77.307745721040561, 24.98165914636207 ], [ 77.307695621289014, 24.981537211804703 ], [ 77.307652960186317, 24.981412947461042 ], [ 77.307644364243117, 24.981382032039111 ], [ 77.30761786510385, 24.981286732703012 ], [ 77.307590442580135, 24.98115894945553 ], [ 77.307570776315444, 24.981029984891155 ], [ 77.307558925222878, 24.980900227802906 ], [ 77.307549408764842, 24.980856283997692 ], [ 77.30754951031571, 24.980811493371441 ], [ 77.307559228223155, 24.980767585430563 ], [ 77.307578184567149, 24.980726260684726 ], [ 77.307605649605065, 24.980689116771188 ], [ 77.307640557161733, 24.980657589866478 ], [ 77.307681559617933, 24.980632900004867 ], [ 77.307727069969673, 24.98061600171981 ], [ 77.307775329517156, 24.980607549326763 ], [ 77.307796033780633, 24.980590185317823 ], [ 77.307810123744375, 24.980567990786426 ], [ 77.307816321981392, 24.98054297745141 ], [ 77.307814065130103, 24.980517417037603 ], [ 77.307803558299469, 24.980493630344636 ], [ 77.307785756179641, 24.980473773061593 ], [ 77.307762271541279, 24.980459652650985 ], [ 77.307735240124671, 24.980452546714442 ], [ 77.307707113456303, 24.980453103007349 ], [ 77.307658895654441, 24.980418352030366 ], [ 77.307608567934622, 24.980386186368072 ], [ 77.307556293852201, 24.980356709292387 ], [ 77.307502247885054, 24.980330021447212 ], [ 77.307446607620548, 24.980306208146501 ], [ 77.307389557621605, 24.980285350240536 ], [ 77.307331286527315, 24.98026751596624 ], [ 77.307271988019281, 24.980252763663884 ], [ 77.307211856842628, 24.980241143553535 ], [ 77.307066553203271, 24.980203691661664 ], [ 77.306920185738747, 24.980169853301547 ], [ 77.306772864188488, 24.980139654576082 ], [ 77.306624695367731, 24.980113116148065 ], [ 77.306475791037272, 24.980090259620528 ], [ 77.306326260033742, 24.980071101156316 ], [ 77.306176212208669, 24.980055654216962 ], [ 77.306025759402914, 24.980043931375896 ], [ 77.30587501250703, 24.980035940684296 ], [ 77.305435317830984, 24.979931856869239 ], [ 77.305276598631622, 24.979561734298372 ], [ 77.304899475249542, 24.978701138004173 ], [ 77.304108587628278, 24.976450303337053 ], [ 77.304163371887213, 24.975989540000665 ], [ 77.305758588806711, 24.974419973139788 ], [ 77.307004604032727, 24.973284915843941 ], [ 77.307237798822158, 24.972248782550071 ], [ 77.307502708646737, 24.970941026781503 ], [ 77.307847354347373, 24.968743825039869 ], [ 77.307880709035643, 24.968412028718458 ], [ 77.310635049202546, 24.969567002351273 ], [ 77.312248135631677, 24.970116743498359 ], [ 77.313184253130245, 24.970435761504934 ], [ 77.315511951932962, 24.970609797105961 ], [ 77.316374427572342, 24.970422480718472 ], [ 77.316999460231443, 24.9699367256577 ], [ 77.317469539270363, 24.969460575804771 ], [ 77.317806823440677, 24.969112574354416 ], [ 77.318657441968512, 24.96807472132031 ], [ 77.318944416663427, 24.967689450651406 ], [ 77.319509195417979, 24.966934179828389 ], [ 77.319289690565938, 24.966563622967801 ], [ 77.318402864834113, 24.966077306320575 ], [ 77.317982361192179, 24.965481574372692 ], [ 77.31691989838167, 24.963053792081411 ], [ 77.316963844920764, 24.962666730668641 ], [ 77.318152093515835, 24.961241969651905 ], [ 77.318356572812036, 24.961022114638677 ], [ 77.319867238512913, 24.958704587241233 ], [ 77.320512089488346, 24.9579253381361 ], [ 77.321465772608363, 24.956784645794492 ], [ 77.321762998323166, 24.956380997662421 ], [ 77.322742387964553, 24.956701792095963 ], [ 77.324002852291841, 24.957301349423194 ], [ 77.324388097795278, 24.957452186122413 ], [ 77.325399779397628, 24.957346690700053 ], [ 77.325462454024773, 24.957340155931099 ], [ 77.326782798370417, 24.957293405166709 ], [ 77.32771612569465, 24.957097316198375 ], [ 77.328748679475822, 24.957132532094132 ], [ 77.329283951039443, 24.95729324064795 ], [ 77.329311421502794, 24.957374567574909 ], [ 77.329530688269173, 24.958023699824757 ], [ 77.330782682888071, 24.959908559293172 ], [ 77.331183260920724, 24.960418771848708 ], [ 77.333398122676897, 24.963736118347025 ], [ 77.334207685551206, 24.965134787042803 ], [ 77.335027771082721, 24.966304205535916 ], [ 77.335493468867156, 24.967098740242466 ], [ 77.336061384296627, 24.968098223163622 ], [ 77.336288866352817, 24.968379104600302 ], [ 77.337136164299608, 24.969362556733124 ], [ 77.337543903740226, 24.969481857412148 ], [ 77.337979831157512, 24.969298863650398 ], [ 77.338305558876613, 24.968568243497547 ], [ 77.340278324732097, 24.966987811783802 ], [ 77.341241584860995, 24.966389772126472 ], [ 77.342736871588698, 24.966307488634619 ], [ 77.342721170070618, 24.966644779289783 ], [ 77.342104108531586, 24.967094075937439 ], [ 77.341919015195884, 24.9678140869832 ], [ 77.341799505160822, 24.968336781045743 ], [ 77.342773253182614, 24.969591909669091 ], [ 77.3435291782761, 24.970807359201437 ], [ 77.344235532406529, 24.971847929364145 ], [ 77.344614927698601, 24.97406743767575 ], [ 77.344250091156923, 24.974890866900981 ], [ 77.345244161071378, 24.975165620763775 ], [ 77.346197609929661, 24.974230077175175 ], [ 77.347344709613822, 24.973414082908562 ], [ 77.348660137963265, 24.973458429358441 ], [ 77.349263756516365, 24.97307520353942 ], [ 77.349674909738113, 24.972814167793906 ], [ 77.349233301337577, 24.972287888056766 ], [ 77.349073485520975, 24.972148152434009 ], [ 77.348915648856405, 24.972006562219907 ], [ 77.348759815932837, 24.971863138369564 ], [ 77.348606012290617, 24.971717906360663 ], [ 77.34845426548236, 24.971570888072758 ], [ 77.348304597084592, 24.971422108955085 ], [ 77.348157034625785, 24.971271593596526 ], [ 77.348011601694296, 24.971119363848121 ], [ 77.347868320809383, 24.970965450584888 ], [ 77.347705891793083, 24.970795990121299 ], [ 77.347551921783506, 24.97062009024944 ], [ 77.347406715870235, 24.970438101802795 ], [ 77.347270566147998, 24.970250388165038 ], [ 77.347143741833193, 24.970057322489613 ], [ 77.347026497166382, 24.969859290465397 ], [ 77.346919064524442, 24.969656684848498 ], [ 77.346821658321346, 24.969449912714811 ], [ 77.346734473151997, 24.969239380996498 ], [ 77.346659079317192, 24.969075496882454 ], [ 77.346601049456467, 24.968905840852994 ], [ 77.346560902356373, 24.968731938466515 ], [ 77.346539002914056, 24.96855535119866 ], [ 77.346535543394964, 24.968377667275547 ], [ 77.346550557462876, 24.968200483711335 ], [ 77.346583910401009, 24.96802539178741 ], [ 77.346635300208021, 24.967853965319883 ], [ 77.346704267640945, 24.967687745378608 ], [ 77.346760792632182, 24.96756978082572 ], [ 77.346819726492939, 24.967452798122491 ], [ 77.34688105099481, 24.96733684229249 ], [ 77.346944742035816, 24.967221950188851 ], [ 77.347010776465922, 24.967108163187056 ], [ 77.347079134107545, 24.966995522684009 ], [ 77.347149787887417, 24.966884065511259 ], [ 77.34722271664576, 24.966773832155351 ], [ 77.347297891320693, 24.96666486033649 ], [ 77.347616393832396, 24.966296251664744 ], [ 77.347772145281326, 24.966149188711199 ], [ 77.34792635543991, 24.96600078327214 ], [ 77.348079012295244, 24.965851049716456 ], [ 77.348230100878069, 24.965700000585588 ], [ 77.348379609175922, 24.965547650248521 ], [ 77.348527522219982, 24.96539401124674 ], [ 77.34867382799051, 24.96523909885234 ], [ 77.348818511519156, 24.96508292560685 ], [ 77.348961560786563, 24.964925506782311 ], [ 77.349166777032778, 24.964728925729602 ], [ 77.349375627737444, 24.964535552231336 ], [ 77.349588052002105, 24.964345440025095 ], [ 77.349803987900046, 24.964158647357269 ], [ 77.350023374574391, 24.963975223450369 ], [ 77.350246148119709, 24.963795226536615 ], [ 77.350472243734544, 24.963618704004393 ], [ 77.350701595558135, 24.963445711362905 ], [ 77.350934138807176, 24.963276294194724 ], [ 77.351310955200304, 24.963000170800797 ], [ 77.351467954039947, 24.962908846235315 ], [ 77.351619637791217, 24.962810336826308 ], [ 77.351765608908295, 24.962704901660981 ], [ 77.351905489546695, 24.962592813515926 ], [ 77.352038912600605, 24.962474364211236 ], [ 77.352165532615842, 24.962349862882704 ], [ 77.352285016889567, 24.962219634111136 ], [ 77.35239705835653, 24.96208401711112 ], [ 77.352501361719831, 24.96194336563191 ], [ 77.35264729767276, 24.961754816538164 ], [ 77.352789155646704, 24.961563699385025 ], [ 77.352926883500018, 24.96137008787052 ], [ 77.353060427118663, 24.96117405477516 ], [ 77.353189736313553, 24.960975677423185 ], [ 77.353314759921645, 24.960775031325383 ], [ 77.353435451742158, 24.960572191124733 ], [ 77.353551764538011, 24.960367236875545 ], [ 77.353663655051491, 24.96016024685397 ], [ 77.353703137147136, 24.960072774570929 ], [ 77.353747261497432, 24.959987165199827 ], [ 77.353795921318252, 24.959903623893467 ], [ 77.353849000957069, 24.959822350322288 ], [ 77.353906373919827, 24.959743537756918 ], [ 77.353967902839685, 24.959667376680994 ], [ 77.354033438572003, 24.959594044849666 ], [ 77.354102829984384, 24.959523720907111 ], [ 77.354175907200997, 24.959456574332272 ], [ 77.354839862119164, 24.959069313519841 ], [ 77.353991715196827, 24.959304524509342 ], [ 77.353018389305248, 24.959652513004638 ], [ 77.351252175376175, 24.96028395673353 ], [ 77.350894441078168, 24.959959717031154 ], [ 77.3508208335262, 24.959850653707807 ], [ 77.350752091124662, 24.959738983446833 ], [ 77.350688324259082, 24.959624886772492 ], [ 77.350629634374471, 24.959508546854082 ], [ 77.350576117922571, 24.959390151340514 ], [ 77.350527861400749, 24.959269893227965 ], [ 77.350484943380238, 24.959147965455454 ], [ 77.350447431518688, 24.959024562689656 ], [ 77.350415386468384, 24.958899887674868 ], [ 77.35037478755892, 24.958709577009074 ], [ 77.350336509437511, 24.958518867496856 ], [ 77.350300554863296, 24.958327782641387 ], [ 77.350266932546901, 24.958136345085386 ], [ 77.350235641276839, 24.957944579206515 ], [ 77.350206686783963, 24.957752508529115 ], [ 77.350180072809849, 24.957560157466045 ], [ 77.35015580311169, 24.957367548624113 ], [ 77.35013388044807, 24.957174705505942 ], [ 77.350085464143334, 24.956478722341348 ], [ 77.350067645280376, 24.956366796885852 ], [ 77.350043599581255, 24.956255843785605 ], [ 77.350013389968382, 24.956146150691797 ], [ 77.349977091281872, 24.956038001727553 ], [ 77.349934800177763, 24.955931678462079 ], [ 77.349886627249489, 24.955827454435408 ], [ 77.349832697940641, 24.955725604196584 ], [ 77.349773146748873, 24.955626386102029 ], [ 77.349708133895092, 24.955530062304735 ], [ 77.349666763562709, 24.955498440032475 ], [ 77.34962231817164, 24.955470499554476 ], [ 77.349575189888981, 24.955446486626148 ], [ 77.349525797899503, 24.955426615586344 ], [ 77.349474576588619, 24.955411061144503 ], [ 77.349421978498683, 24.955399960208208 ], [ 77.349368469384189, 24.95539341094452 ], [ 77.349314525239905, 24.955391472759093 ], [ 77.349260616498228, 24.955394160763582 ], [ 77.349216330290943, 24.955421301972166 ], [ 77.349172929599774, 24.95544960645412 ], [ 77.3491304502963, 24.95547905008214 ], [ 77.349088929250613, 24.955509607832948 ], [ 77.349048399370531, 24.955541254654911 ], [ 77.349008898548121, 24.955573961919516 ], [ 77.348970456719542, 24.955607704553803 ], [ 77.34893310882093, 24.955642452101834 ], [ 77.348896885818178, 24.955678174982246 ], [ 77.348861168175191, 24.955699296571737 ], [ 77.348822753138336, 24.955716028450503 ], [ 77.348782287070648, 24.955728089854272 ], [ 77.348740449354807, 24.955735277024136 ], [ 77.348697942439884, 24.955737468554478 ], [ 77.348655482886528, 24.955734629844248 ], [ 77.348613783597827, 24.955726805744707 ], [ 77.348573543827001, 24.955714130422081 ], [ 77.348535441361307, 24.955696814657646 ], [ 77.348447480150881, 24.955661264269029 ], [ 77.348362389988651, 24.955620315498773 ], [ 77.348280571449209, 24.955574159081369 ], [ 77.348202403093538, 24.955523010882363 ], [ 77.34812825436245, 24.955467110184223 ], [ 77.348058471707731, 24.955406719587028 ], [ 77.347993379629784, 24.955342119596647 ], [ 77.34793328557582, 24.955273614981625 ], [ 77.347878470111851, 24.955201525671388 ], [ 77.347792372041823, 24.955142898243555 ], [ 77.347710700341253, 24.955079225004091 ], [ 77.347633812255182, 24.955010780373623 ], [ 77.347562040042618, 24.954937863882083 ], [ 77.347495696990237, 24.954860792083082 ], [ 77.347435073434568, 24.954779900331811 ], [ 77.347380429835425, 24.954695541831608 ], [ 77.347332003749514, 24.954608083168548 ], [ 77.347290008847708, 24.954517903400632 ], [ 77.347036935913508, 24.954133924771735 ], [ 77.346447634269509, 24.954032901585176 ], [ 77.346229570814401, 24.954011533852775 ], [ 77.346013452721621, 24.953977494992174 ], [ 77.3458001634786, 24.953930927741428 ], [ 77.345590579228002, 24.953872021754592 ], [ 77.345385553876625, 24.95380101710683 ], [ 77.345185928991995, 24.953718205268441 ], [ 77.344992522944366, 24.953623924510641 ], [ 77.344806123947691, 24.953518562564305 ], [ 77.344627499029443, 24.95340255036194 ], [ 77.3445552102839, 24.95331374951337 ], [ 77.344481557325366, 24.953225885316375 ], [ 77.344406554857599, 24.953138975937911 ], [ 77.344330216609393, 24.953053037731657 ], [ 77.34425256025601, 24.952968088885829 ], [ 77.344173599549322, 24.952884143044891 ], [ 77.344093350159682, 24.952801221092056 ], [ 77.3440118278277, 24.952719335782845 ], [ 77.3439290492297, 24.952638506201563 ], [ 77.343830923341557, 24.952592692387093 ], [ 77.343730730061594, 24.952550763434569 ], [ 77.343628653941195, 24.952512799243564 ], [ 77.343524879640484, 24.952478867070543 ], [ 77.343419603729203, 24.952449031548888 ], [ 77.34331301988297, 24.952423348260034 ], [ 77.343205322853379, 24.952401862858977 ], [ 77.34309671437255, 24.952384615632599 ], [ 77.342987391289739, 24.952371638704797 ], [ 77.342918132358491, 24.952444734719435 ], [ 77.342848032175837, 24.952517158107334 ], [ 77.34277709376039, 24.952588903470044 ], [ 77.342705329092922, 24.952659960054941 ], [ 77.342632744171681, 24.952730321582095 ], [ 77.342559346999664, 24.952799979076421 ], [ 77.342485147545375, 24.95286892538347 ], [ 77.342410151799371, 24.952937155126165 ], [ 77.342334369777404, 24.953004655731654 ], [ 77.3422527924794, 24.953044176354904 ], [ 77.342168914864814, 24.953079470741375 ], [ 77.342083001424996, 24.953110426998304 ], [ 77.341995321471941, 24.953136948621808 ], [ 77.341906149169475, 24.953158950884475 ], [ 77.341815765443897, 24.953176368977903 ], [ 77.341724455137268, 24.953189143541298 ], [ 77.341632501913452, 24.953197236881788 ], [ 77.341540196284399, 24.953200621291508 ], [ 77.341409584739893, 24.9531970918528 ], [ 77.341278957457689, 24.953200051339834 ], [ 77.341148697861726, 24.953209492585852 ], [ 77.341019199454493, 24.95322538862893 ], [ 77.340890841052882, 24.953247692533019 ], [ 77.340764005632849, 24.953276334814522 ], [ 77.340639070330013, 24.953311234208144 ], [ 77.340516405558859, 24.95335228501586 ], [ 77.34039637296145, 24.9533993652209 ], [ 77.340157482893389, 24.953500647959231 ], [ 77.339330895549779, 24.951574168171213 ], [ 77.337632228523987, 24.951155877006872 ], [ 77.334399196476966, 24.95051693716594 ], [ 77.334816456979922, 24.949426950033324 ], [ 77.335304143636634, 24.947990140986068 ], [ 77.335741037882457, 24.946744841451807 ], [ 77.340387342818033, 24.947165568457649 ], [ 77.340761644012929, 24.946467572151356 ], [ 77.341186685813966, 24.944812310764817 ], [ 77.341465061869073, 24.943022106524577 ], [ 77.341559950778048, 24.942411878777506 ], [ 77.341728755500938, 24.941172802073609 ], [ 77.341831426270929, 24.940419166689637 ], [ 77.341534703403028, 24.938772452030125 ], [ 77.34202846809778, 24.938448024923659 ], [ 77.342537753634829, 24.938220613788381 ], [ 77.342062928261043, 24.934492380358353 ], [ 77.34051856097291, 24.934120512060069 ], [ 77.33997201340695, 24.932906864329752 ], [ 77.339487666893646, 24.932951116130052 ], [ 77.339339143280412, 24.932955757770319 ], [ 77.339190548138959, 24.93295768928056 ], [ 77.339041939914267, 24.932956911083235 ], [ 77.338893379055719, 24.932953420906276 ], [ 77.338744923976762, 24.932947222785224 ], [ 77.338596634104846, 24.932938318053584 ], [ 77.3384485708482, 24.932926708059579 ], [ 77.338300789601689, 24.932912402236443 ], [ 77.338153354721058, 24.932895404663547 ], [ 77.337927913505496, 24.932875957478629 ], [ 77.337702044149296, 24.932861212290423 ], [ 77.337475865430946, 24.932851175375291 ], [ 77.337249493157387, 24.932845852988795 ], [ 77.337023047152258, 24.932845245094263 ], [ 77.33679664522667, 24.932849355253715 ], [ 77.336570405262648, 24.932858178902038 ], [ 77.336344443145592, 24.932871713266696 ], [ 77.336118881749073, 24.932889949304343 ], [ 77.335996468539662, 24.932864255714847 ], [ 77.335873160089179, 24.932842411099461 ], [ 77.335749100752437, 24.932824443597454 ], [ 77.335624438908638, 24.93281037415214 ], [ 77.335499318047624, 24.932800216446822 ], [ 77.335373890556994, 24.932793986036181 ], [ 77.335248301977913, 24.932791688490848 ], [ 77.335122700838497, 24.932793327597423 ], [ 77.334997235729773, 24.932798899918168 ], [ 77.334511797342643, 24.932829145853812 ], [ 77.334417303993476, 24.932821646329298 ], [ 77.334322487769995, 24.932819361920853 ], [ 77.334227692313831, 24.932822297832757 ], [ 77.334133263373616, 24.932830444835037 ], [ 77.334039546871736, 24.932843773830509 ], [ 77.333946881979458, 24.932862234901151 ], [ 77.333855609000949, 24.932885761881309 ], [ 77.333766059493044, 24.932914269576347 ], [ 77.333678559252448, 24.932947651977997 ], [ 77.33361843056835, 24.932983362871536 ], [ 77.333549707335166, 24.933002194556831 ], [ 77.333477948635547, 24.933002624066226 ], [ 77.333408960055564, 24.932984616824708 ], [ 77.333348321192418, 24.93294962863505 ], [ 77.333300936977466, 24.932900489519422 ], [ 77.33327064248472, 24.932841175053056 ], [ 77.333259883863519, 24.932776481613974 ], [ 77.333269534480635, 24.932711644814379 ], [ 77.333311063718597, 24.932692369026384 ], [ 77.333349270464609, 24.932668039413095 ], [ 77.333383417658226, 24.93263912477547 ], [ 77.33341285069443, 24.932606179410673 ], [ 77.333436999451948, 24.932569837707597 ], [ 77.333455404162464, 24.932530800787205 ], [ 77.333467707660859, 24.932489816576833 ], [ 77.33347367425776, 24.932447673624782 ], [ 77.333473188890963, 24.932405184837286 ], [ 77.333415028521358, 24.932365432492549 ], [ 77.333353056652243, 24.932330796786331 ], [ 77.333287814414504, 24.932301579687937 ], [ 77.333219869090598, 24.932278037296701 ], [ 77.33314981120661, 24.932260372595643 ], [ 77.333078253502833, 24.932248739959956 ], [ 77.333005817091902, 24.932243242346999 ], [ 77.332933134485728, 24.932243924996303 ], [ 77.33286083862248, 24.932250784381441 ], [ 77.332754590045198, 24.932235105173469 ], [ 77.332647454632493, 24.932225697261636 ], [ 77.332539877740928, 24.932222600009386 ], [ 77.332432303973292, 24.932225825681051 ], [ 77.332325183113483, 24.932235360388791 ], [ 77.332218955254774, 24.932251165790078 ], [ 77.332114065687989, 24.932273175583948 ], [ 77.332010948041159, 24.932301298097315 ], [ 77.331910031212644, 24.932335416335651 ], [ 77.331747264884754, 24.932358076661057 ], [ 77.331583232994419, 24.932371084623455 ], [ 77.33141862148031, 24.932374384703124 ], [ 77.331254119887333, 24.932367962051433 ], [ 77.331090419353316, 24.932351846088942 ], [ 77.330928206721183, 24.93232610414033 ], [ 77.330768160560439, 24.932290843211618 ], [ 77.330610953147513, 24.932246210004532 ], [ 77.330457243500291, 24.93219239447793 ], [ 77.330386698392587, 24.932175113294122 ], [ 77.33031509100465, 24.932161957163842 ], [ 77.330242712077194, 24.932152977878239 ], [ 77.330169853475397, 24.932148211883472 ], [ 77.330096810170076, 24.932147680295284 ], [ 77.330023876331538, 24.932151382548451 ], [ 77.329951349212266, 24.932159305456704 ], [ 77.329879521279011, 24.932171416833292 ], [ 77.329808682193942, 24.932187665505158 ], [ 77.329703999679367, 24.932230750180665 ], [ 77.329599738601615, 24.932274675077231 ], [ 77.329495904941041, 24.932319435723468 ], [ 77.329392508615939, 24.932365030386304 ], [ 77.32928955562268, 24.932411452788283 ], [ 77.329187055879643, 24.932458701196293 ], [ 77.329085018330673, 24.932506772063867 ], [ 77.328983448956407, 24.932555660919817 ], [ 77.328882355710377, 24.932605364210435 ], [ 77.328044677051082, 24.932871717444481 ], [ 77.327649607510651, 24.932851121313611 ], [ 77.327531220502422, 24.932824544372313 ], [ 77.327411714850385, 24.932802524599168 ], [ 77.327291300178118, 24.932785101455732 ], [ 77.327170187178552, 24.932772305380571 ], [ 77.327048593548511, 24.932764158735733 ], [ 77.32692673110553, 24.932760676615725 ], [ 77.326804815716002, 24.932761864210654 ], [ 77.326683064300227, 24.932767719493874 ], [ 77.326561688882038, 24.932778234081479 ], [ 77.3264123288821, 24.93279014334275 ], [ 77.326263562101545, 24.932807124381704 ], [ 77.326115591781175, 24.93282915339849 ], [ 77.325968627176266, 24.932856198509672 ], [ 77.325822869666851, 24.93288822235618 ], [ 77.325678523668557, 24.932925180376529 ], [ 77.325535787710749, 24.932967021645055 ], [ 77.325394866337817, 24.933013687152332 ], [ 77.325255949278471, 24.933065113265449 ], [ 77.325209306440016, 24.933112545732222 ], [ 77.325163565468287, 24.93316070189087 ], [ 77.325118737393453, 24.9332095664695 ], [ 77.325074835210543, 24.933259126016775 ], [ 77.325031873903569, 24.933309366192777 ], [ 77.324989865501223, 24.933360270829795 ], [ 77.324948821025899, 24.933411825558856 ], [ 77.324908754471394, 24.933464016032914 ], [ 77.324869676876204, 24.933516826076797 ], [ 77.324897075886852, 24.93360596649514 ], [ 77.324920726034691, 24.933695993436533 ], [ 77.324940594767185, 24.933786778416351 ], [ 77.3249566515521, 24.933878188448983 ], [ 77.324968872797996, 24.933970089696082 ], [ 77.324977241838212, 24.934062349272921 ], [ 77.324981744002841, 24.934154832502799 ], [ 77.324982376499037, 24.934247405698873 ], [ 77.324979136549899, 24.934339933367848 ], [ 77.324845255537298, 24.934567609907283 ], [ 77.32444617759738, 24.934731879869791 ], [ 77.324090245478899, 24.934339150867572 ], [ 77.322939403603698, 24.933835450946699 ], [ 77.321154879147045, 24.933568183814053 ], [ 77.321073534881123, 24.93355600113777 ], [ 77.318365301626685, 24.933354073899331 ], [ 77.317786676621409, 24.933276534284747 ], [ 77.31544475131534, 24.932962674674428 ], [ 77.313166602631597, 24.933760892689445 ], [ 77.312600465652466, 24.932934664689643 ], [ 77.312162351392331, 24.932164091738027 ], [ 77.311476811142583, 24.931009554125367 ], [ 77.310819982631685, 24.92980231552627 ], [ 77.310648555744379, 24.928398043763547 ], [ 77.310561411757661, 24.927852180906413 ], [ 77.310091082568604, 24.925197993726201 ], [ 77.30997820907514, 24.924561010280676 ], [ 77.310007800548746, 24.923815824859194 ], [ 77.312912330895827, 24.92230822489341 ], [ 77.313219698807188, 24.922136340136881 ], [ 77.314884353889667, 24.92088401828353 ], [ 77.316170681860825, 24.919848044499968 ], [ 77.316827763014061, 24.919188420559578 ], [ 77.318902148474351, 24.919097794367726 ], [ 77.321959029711607, 24.918826526372875 ], [ 77.323743468524555, 24.916852963611696 ], [ 77.323695396754715, 24.916702263245632 ], [ 77.323343535893159, 24.915633237020128 ], [ 77.323615919368692, 24.915029930216885 ], [ 77.324769132711523, 24.913803646074008 ], [ 77.32485088649301, 24.913716709137837 ], [ 77.324370522286756, 24.913441269656847 ], [ 77.322913801521864, 24.912363723649104 ], [ 77.321848172719399, 24.911598968184407 ], [ 77.321602111624713, 24.91135112799093 ], [ 77.321059635977051, 24.91077339619379 ], [ 77.320733842487613, 24.910319550117716 ], [ 77.320579180150489, 24.910006593292213 ], [ 77.320971649087738, 24.908217602235869 ], [ 77.321763384772453, 24.909246185533966 ], [ 77.323914863910289, 24.911460749565588 ], [ 77.324841182099632, 24.912161877583536 ], [ 77.325237604336536, 24.912227143109934 ], [ 77.326515251576637, 24.912492181360076 ], [ 77.328949189897102, 24.912860545253611 ], [ 77.33209917382483, 24.912569270667856 ], [ 77.334569366292058, 24.912277449701897 ], [ 77.335392297336952, 24.912233456056825 ], [ 77.334706861158679, 24.91411706045092 ], [ 77.335338576838865, 24.914621267721955 ], [ 77.337350979875112, 24.915618318734332 ], [ 77.338405275997999, 24.916127031939062 ], [ 77.339532365723883, 24.916407097617615 ], [ 77.34062619880639, 24.916703343335261 ], [ 77.340775897503804, 24.916739084906389 ], [ 77.341731746870082, 24.917375985026315 ], [ 77.342764745499849, 24.919022577659451 ], [ 77.342904748256274, 24.919550502326725 ], [ 77.343506177164073, 24.919826038811973 ], [ 77.344415830476294, 24.919902283744069 ], [ 77.344517473420581, 24.919910802615512 ], [ 77.34490126689839, 24.920000053746655 ], [ 77.344983961152153, 24.920271854618296 ], [ 77.344185164815229, 24.923098761185265 ], [ 77.34352599983383, 24.925539869162954 ], [ 77.343580162822988, 24.926160159532067 ], [ 77.344465243976828, 24.92721712155987 ], [ 77.345913137331735, 24.926979567297838 ], [ 77.346191442592641, 24.927252774214818 ], [ 77.346212672176179, 24.927748848299654 ], [ 77.346312185010547, 24.928044015504792 ], [ 77.347340485465566, 24.928341266758146 ], [ 77.346184284175223, 24.930254662201328 ], [ 77.347226082624985, 24.930940106129924 ], [ 77.348374593361712, 24.92991775723987 ], [ 77.348774775159555, 24.929637574545687 ], [ 77.349933107624366, 24.928826564221414 ], [ 77.350768327172133, 24.929615164877081 ], [ 77.349824483931343, 24.931052197744847 ], [ 77.349409997383205, 24.931683253857695 ], [ 77.349165200560705, 24.932055952331034 ], [ 77.348394632078836, 24.933557573054006 ], [ 77.349478838102144, 24.935698813291808 ], [ 77.350468013621807, 24.937481593329011 ], [ 77.350971810370581, 24.938593777411164 ], [ 77.351984630425903, 24.939209358255884 ], [ 77.353910104150586, 24.939725428205417 ], [ 77.354727177829361, 24.941215916131735 ], [ 77.354677952442088, 24.942596854205753 ], [ 77.354657781935288, 24.942681252228141 ], [ 77.354085927702471, 24.945074083716811 ], [ 77.353648372972856, 24.947282753779088 ], [ 77.354372013594556, 24.948266582633124 ], [ 77.356237018051146, 24.951699993067418 ], [ 77.358281638778962, 24.955121888028522 ], [ 77.359732926073349, 24.95805320175743 ], [ 77.36084034599466, 24.957799694267468 ], [ 77.361627847405131, 24.957714989221923 ], [ 77.362191270047674, 24.957654383002801 ], [ 77.361487830935303, 24.957361933421446 ], [ 77.361336799277339, 24.957257251410603 ], [ 77.361196117420903, 24.957141203222083 ], [ 77.361066813453832, 24.957014631591278 ], [ 77.360949827559111, 24.956878462624633 ], [ 77.360846018105121, 24.956733688682107 ], [ 77.360756138877434, 24.956581366407914 ], [ 77.360680846091228, 24.956422607748216 ], [ 77.360620689554196, 24.956258570855635 ], [ 77.36057610779207, 24.956090451022543 ], [ 77.360438504205973, 24.955694336259494 ], [ 77.360302759569379, 24.955297686340245 ], [ 77.360168873765645, 24.954900513009616 ], [ 77.360036850694314, 24.954502821718652 ], [ 77.359906694239385, 24.954104619724724 ], [ 77.359778402333504, 24.95370591514596 ], [ 77.359651981839974, 24.95330671435736 ], [ 77.359527433670721, 24.952907024595053 ], [ 77.359404758737597, 24.952506853094928 ], [ 77.35930679696979, 24.952212383528991 ], [ 77.359210506816297, 24.951917455221761 ], [ 77.359115891160513, 24.951622077228237 ], [ 77.359022951895327, 24.951326258596207 ], [ 77.358931691942573, 24.951030003865082 ], [ 77.358842115168343, 24.950733322999692 ], [ 77.358754220493466, 24.950436225026746 ], [ 77.358668012813013, 24.950138715402556 ], [ 77.358583494011711, 24.949840804077805 ], [ 77.358524752056326, 24.949646598325167 ], [ 77.358462871981644, 24.949453202967874 ], [ 77.358397869279926, 24.949260661464059 ], [ 77.358329754490455, 24.949069017236297 ], [ 77.35825854413406, 24.948878309233905 ], [ 77.358184254692816, 24.948688580921502 ], [ 77.358106900690373, 24.948499873040035 ], [ 77.358026501595134, 24.948312227268808 ], [ 77.357943072928464, 24.948125683452307 ], [ 77.357903930720411, 24.947929190868695 ], [ 77.35786761869025, 24.947732247843021 ], [ 77.35783414645222, 24.947534886958998 ], [ 77.357803517653934, 24.947337143467049 ], [ 77.357775738945492, 24.947139049026514 ], [ 77.357750811977709, 24.946940640679621 ], [ 77.357728744391096, 24.946741950092353 ], [ 77.357709537844102, 24.946543013403545 ], [ 77.357693196007034, 24.946343863153778 ], [ 77.357725711980819, 24.94618242648836 ], [ 77.357765593043212, 24.946022369798673 ], [ 77.357812772412046, 24.945863969872725 ], [ 77.357867166452081, 24.945707505184071 ], [ 77.357928678706827, 24.945553247792301 ], [ 77.357997203829981, 24.945401466983483 ], [ 77.358072620659598, 24.945252428317918 ], [ 77.358154800158076, 24.945106391880447 ], [ 77.358243597503318, 24.944963610417929 ], [ 77.358350979854833, 24.944818302016682 ], [ 77.35846970127588, 24.944680520596179 ], [ 77.358599129413392, 24.944551002227545 ], [ 77.358738574859586, 24.944430437418756 ], [ 77.358887294154371, 24.944319467524583 ], [ 77.359044495736356, 24.944218683885921 ], [ 77.359209340971361, 24.944128623322257 ], [ 77.359380953089683, 24.944049765486103 ], [ 77.359558416217993, 24.943982530147458 ], [ 77.35980782311735, 24.943886618494744 ], [ 77.360012774530674, 24.943881370721286 ], [ 77.36021774912561, 24.943877004311446 ], [ 77.360422743927245, 24.94387352014752 ], [ 77.360627754977841, 24.943870918201274 ], [ 77.360832777329236, 24.943869198437767 ], [ 77.361037805050316, 24.943868359911896 ], [ 77.361242836164479, 24.943868402609766 ], [ 77.361447864709845, 24.943869329198673 ], [ 77.361652885761274, 24.943871136934483 ], [ 77.361874752960517, 24.943878026504077 ], [ 77.362096747275288, 24.943876855055493 ], [ 77.362318513011076, 24.943867626392102 ], [ 77.362499476798888, 24.943853495385987 ], [ 77.362539700332135, 24.943850354295442 ], [ 77.362759959302963, 24.943825064289587 ], [ 77.362978936871286, 24.943791799038646 ], [ 77.363196286850282, 24.943750609385621 ], [ 77.363411668874662, 24.943701560667261 ], [ 77.363624735516439, 24.943644733525989 ], [ 77.363818161079763, 24.943567476026193 ], [ 77.364008794716682, 24.943484652247363 ], [ 77.364196444499498, 24.943396347547132 ], [ 77.36438092244893, 24.943302649117957 ], [ 77.364562040510933, 24.94320365318422 ], [ 77.36473961458006, 24.943099457805179 ], [ 77.364913469390899, 24.942990170134909 ], [ 77.365083424704594, 24.942875900002253 ], [ 77.365249312124519, 24.942756762739315 ], [ 77.365446439426208, 24.942624024652122 ], [ 77.365645502140637, 24.942493707764285 ], [ 77.365846466359116, 24.942365839827353 ], [ 77.366049291301223, 24.942240441318837 ], [ 77.366253945086285, 24.942117534585687 ], [ 77.366460386911825, 24.941997142815183 ], [ 77.366668581934348, 24.941879287430552 ], [ 77.366878494320332, 24.941763989848088 ], [ 77.367090083299374, 24.941651269643138 ], [ 77.36724673730771, 24.941575017449775 ], [ 77.367393211822218, 24.941483478782157 ], [ 77.367527720291804, 24.941377769135702 ], [ 77.367648622300479, 24.941259178445698 ], [ 77.367754441527495, 24.941129155857638 ], [ 77.367843886777038, 24.94098928277883 ], [ 77.367915868830863, 24.940841271188322 ], [ 77.367969507731544, 24.94068692214119 ], [ 77.368004150631393, 24.940528123183011 ], [ 77.36798885999184, 24.940354298265785 ], [ 77.367970899037516, 24.940180685759845 ], [ 77.367950272449178, 24.940007319114457 ], [ 77.36792698489225, 24.93983423358474 ], [ 77.367901042045531, 24.939661461723595 ], [ 77.367872447576147, 24.939489039682009 ], [ 77.367841206187549, 24.939316998199349 ], [ 77.367807324533374, 24.939145371641171 ], [ 77.367770811232916, 24.938974196192984 ], [ 77.367734552522265, 24.938797881742172 ], [ 77.367700867959357, 24.938621141949991 ], [ 77.367669766172455, 24.938444009392342 ], [ 77.367641249862061, 24.938266514797029 ], [ 77.367615324677089, 24.938088691621854 ], [ 77.36759199729515, 24.937910568816015 ], [ 77.367571271399257, 24.937732178016965 ], [ 77.367553147678137, 24.937553553550373 ], [ 77.367537632816763, 24.937374723461858 ], [ 77.36750904168926, 24.93721616756142 ], [ 77.367487892723219, 24.937056645285807 ], [ 77.367474227023393, 24.936896445938043 ], [ 77.367468065876977, 24.936735859583507 ], [ 77.367469424589942, 24.936575180760308 ], [ 77.367478297699037, 24.936414700246466 ], [ 77.367494669813752, 24.936254711458453 ], [ 77.367518510709985, 24.936095504997859 ], [ 77.36754977828663, 24.935937370478371 ], [ 77.36756241901935, 24.935761112069468 ], [ 77.367579334229305, 24.935585151983346 ], [ 77.36760051229237, 24.93540957412997 ], [ 77.367625942513939, 24.935234469651064 ], [ 77.367655615289522, 24.935059917954497 ], [ 77.367689513007178, 24.934886008326156 ], [ 77.367727620089724, 24.934712823743904 ], [ 77.367769918948909, 24.934540450783729 ], [ 77.367816389048457, 24.934368973290983 ], [ 77.367911663012038, 24.934161120335006 ], [ 77.368001779352355, 24.933951364181517 ], [ 77.368086697571144, 24.933739811128323 ], [ 77.368166371205746, 24.933526570140167 ], [ 77.368240760750567, 24.933311747520946 ], [ 77.368278072881012, 24.933194901701778 ], [ 77.368309828658823, 24.933095452297511 ], [ 77.368373539358089, 24.932877794413063 ], [ 77.368431861230846, 24.932658884741379 ], [ 77.368484764648798, 24.932438833266644 ], [ 77.368537009899725, 24.93224645177883 ], [ 77.368589077028489, 24.932054030175262 ], [ 77.368640968016805, 24.931861568470115 ], [ 77.368692681859699, 24.931669068462774 ], [ 77.368744220561652, 24.931476527458106 ], [ 77.368795582112085, 24.931283949054823 ], [ 77.368846767517425, 24.931091331453889 ], [ 77.368897775788028, 24.930898674648457 ], [ 77.368948606924647, 24.930705978638869 ], [ 77.36897724305733, 24.930531823830027 ], [ 77.369005770268842, 24.930357654696756 ], [ 77.36903419054812, 24.930183470349821 ], [ 77.369062502897592, 24.930009271685488 ], [ 77.369090706319611, 24.929835059600002 ], [ 77.369118800837526, 24.929660831384094 ], [ 77.369146789400133, 24.929486589768111 ], [ 77.369174667071093, 24.929312332910953 ], [ 77.36920243780483, 24.929138061743785 ], [ 77.369237584600327, 24.928971623129659 ], [ 77.369273442378088, 24.92880530961753 ], [ 77.369310012087581, 24.928639125729308 ], [ 77.369347292728065, 24.928473072360504 ], [ 77.369385283275903, 24.928307153115984 ], [ 77.369423982707573, 24.928141371600635 ], [ 77.369463392010701, 24.92797572782073 ], [ 77.369503510154161, 24.927810226284254 ], [ 77.369544336137196, 24.92764486788662 ], [ 77.369614324495402, 24.927464545721499 ], [ 77.369685665823255, 24.927284665631063 ], [ 77.369758355095229, 24.92710523570647 ], [ 77.369832392252917, 24.926926262267386 ], [ 77.369907772232892, 24.926747757920378 ], [ 77.369984491038181, 24.926569726247969 ], [ 77.370062546576591, 24.92639217987751 ], [ 77.370141932847829, 24.926215125086809 ], [ 77.370222649778611, 24.926038570001591 ], [ 77.370337816828538, 24.925859560733606 ], [ 77.370377863441902, 24.92581095909393 ], [ 77.370474535950748, 24.925693636796492 ], [ 77.370631035908289, 24.925542946064787 ], [ 77.37080529161895, 24.925409440452526 ], [ 77.370995048176439, 24.925294846280856 ], [ 77.371197850704377, 24.925200647331319 ], [ 77.371411073287305, 24.925128059763768 ], [ 77.371631957635699, 24.925078026971079 ], [ 77.371857643004034, 24.925051194503105 ], [ 77.372157709460197, 24.925025575592112 ], [ 77.372458291007064, 24.925005580059452 ], [ 77.372759258868442, 24.924991215129793 ], [ 77.373060487231854, 24.924982488952729 ], [ 77.373361847359376, 24.924979404239437 ], [ 77.373663215487824, 24.924981961027498 ], [ 77.373964460913683, 24.924990160209894 ], [ 77.374265458936321, 24.925003995497597 ], [ 77.374566082836211, 24.925023465104093 ], [ 77.374814053498881, 24.925002388045094 ], [ 77.375062598089983, 24.924987965470766 ], [ 77.375311499643715, 24.924980209411089 ], [ 77.375560545201338, 24.924979126506553 ], [ 77.375809515915137, 24.924984717035837 ], [ 77.376058199915164, 24.924996975908673 ], [ 77.376306381400198, 24.925015894396186 ], [ 77.376553846625029, 24.925041454753615 ], [ 77.376636711593534, 24.925196060994818 ], [ 77.376654521100576, 24.925229292484541 ], [ 77.377249854958976, 24.925631364669538 ], [ 77.377751976324049, 24.925842108286105 ], [ 77.378471671073413, 24.926030122074909 ], [ 77.38021269020696, 24.926366647088571 ], [ 77.381831714243418, 24.926693771149225 ], [ 77.382840158896798, 24.927028757742601 ], [ 77.383694631218916, 24.927395836724443 ], [ 77.385855161437362, 24.928596903969265 ], [ 77.387075751043781, 24.929065959098509 ], [ 77.389592333051056, 24.930046004888151 ], [ 77.391863295182603, 24.930965642743317 ], [ 77.393570770166434, 24.932024338248851 ], [ 77.395474216889809, 24.933303435774764 ], [ 77.397166163855019, 24.934691376635548 ], [ 77.397857944631241, 24.935481256282582 ], [ 77.39813851310646, 24.935816681500111 ], [ 77.398969219967427, 24.936931098121718 ], [ 77.399660235814864, 24.938131502085074 ], [ 77.400342971034405, 24.939449841480627 ], [ 77.40061954166076, 24.939983880821451 ], [ 77.40131505561267, 24.941549663861682 ], [ 77.401651032598537, 24.942306016632696 ], [ 77.402351721065742, 24.944110773499801 ], [ 77.402558620321315, 24.944675226021282 ], [ 77.402960650316672, 24.946080008679878 ], [ 77.403115933667962, 24.946582959513563 ], [ 77.403425901756023, 24.947621535843822 ], [ 77.403707396865187, 24.948561935340766 ], [ 77.403805679959461, 24.948837341900543 ], [ 77.404006521122156, 24.94940013095599 ], [ 77.404225846279815, 24.949933611222054 ], [ 77.404585670111999, 24.950298393472899 ], [ 77.404899370870865, 24.950423957304821 ], [ 77.405165964892888, 24.950429748915507 ], [ 77.405791107422672, 24.9504220471682 ], [ 77.407368656672958, 24.950357983597733 ], [ 77.408347212881324, 24.950345513027173 ], [ 77.41041598688669, 24.950340401621926 ], [ 77.411670177944416, 24.95045813786383 ], [ 77.413959960936666, 24.950779150245786 ], [ 77.414466145687285, 24.950781632676502 ], [ 77.415102520576141, 24.950734983140105 ], [ 77.415543164875217, 24.950693381104013 ], [ 77.416726662776526, 24.950529147658685 ], [ 77.417297631829157, 24.950468821843096 ], [ 77.417851925044687, 24.950364508849876 ], [ 77.418335198616234, 24.950215657707805 ], [ 77.418785613155976, 24.949834516836784 ], [ 77.420050983203666, 24.948582514754087 ], [ 77.420621725902421, 24.948125515594935 ], [ 77.420943855294212, 24.94785950297964 ], [ 77.421549278968726, 24.947542668767401 ], [ 77.42210919229052, 24.947418154174283 ], [ 77.422651978651686, 24.947301295843062 ], [ 77.423024329413622, 24.947156093613049 ], [ 77.423465316215442, 24.946964710184165 ], [ 77.423643400296783, 24.946742758592517 ], [ 77.424155508798179, 24.946194291504771 ], [ 77.42466263132458, 24.945877785471009 ], [ 77.425197497417329, 24.945683135422648 ], [ 77.425492397558301, 24.945619027168632 ], [ 77.426276424387993, 24.945455746651678 ], [ 77.426746434790985, 24.945274295841035 ], [ 77.427543201653464, 24.944966692613381 ], [ 77.429623630192168, 24.944092640957184 ], [ 77.429852468284011, 24.943996986486354 ], [ 77.430856345868349, 24.943577358064097 ], [ 77.431469110183357, 24.943178783913574 ], [ 77.431555892006855, 24.943122335118723 ], [ 77.431748353682195, 24.942889993322439 ], [ 77.432417626125243, 24.942115119349165 ], [ 77.432713957512476, 24.94175386445642 ], [ 77.432733085402845, 24.941721463963862 ], [ 77.432755262000342, 24.941690720145857 ], [ 77.432780315025056, 24.94166187210698 ], [ 77.432808050542519, 24.941635141648455 ], [ 77.432838255892037, 24.941610738706725 ], [ 77.432870692875255, 24.941588845954559 ], [ 77.432905115441812, 24.941569636981278 ], [ 77.432941255944144, 24.941553260848075 ], [ 77.432978834051994, 24.941539842147073 ], [ 77.433451540279492, 24.941283388847996 ], [ 77.434358221456293, 24.940854937032785 ], [ 77.435878208403182, 24.940206852511341 ], [ 77.437399760814387, 24.939731805595333 ], [ 77.437661063367642, 24.939650222092048 ], [ 77.438275875509959, 24.939439816277144 ], [ 77.439276589701393, 24.939249385177661 ], [ 77.439873748938012, 24.93916317134477 ], [ 77.440144432950049, 24.93910701954243 ], [ 77.440173863043896, 24.93910493369453 ], [ 77.440202851246184, 24.939099844605497 ], [ 77.440231027575891, 24.939091815782824 ], [ 77.440258033632247, 24.939080949646584 ], [ 77.440283318679604, 24.939067495477204 ], [ 77.440307191069436, 24.939051290918425 ], [ 77.440328718410839, 24.939032873571925 ], [ 77.440347838324158, 24.939012365861519 ], [ 77.440364307054793, 24.938990029014331 ], [ 77.44074545678356, 24.938649532260882 ], [ 77.44159175766886, 24.937895015168966 ], [ 77.44208229389055, 24.937375803376515 ], [ 77.442189627089959, 24.937308970497003 ], [ 77.442296632766698, 24.937241700969068 ], [ 77.442403308924881, 24.937173996586576 ], [ 77.442509652563999, 24.937105860943394 ], [ 77.442615661709596, 24.937037293124053 ], [ 77.442721335342171, 24.936968296735298 ], [ 77.4428266695204, 24.936898869042569 ], [ 77.442931665184588, 24.93682901637489 ], [ 77.443036316398278, 24.936758737791003 ], [ 77.443136052563474, 24.936695124053546 ], [ 77.44323738739736, 24.936633648565468 ], [ 77.443340263241851, 24.936574338042302 ], [ 77.443444627299442, 24.936517230972591 ], [ 77.443550420922321, 24.936462354065654 ], [ 77.443657587401447, 24.93640973946259 ], [ 77.443766068089602, 24.936359413872861 ], [ 77.443875806306878, 24.936311405825332 ], [ 77.443986739451887, 24.936265741100875 ], [ 77.444058937163973, 24.936233253689739 ], [ 77.444129428724523, 24.936197789989198 ], [ 77.444198067939965, 24.936159424011056 ], [ 77.444264711539361, 24.936118236108541 ], [ 77.444329219174094, 24.936074312976313 ], [ 77.44439145739419, 24.93602774587017 ], [ 77.444451295672195, 24.935978632387336 ], [ 77.444508607393672, 24.93592707647289 ], [ 77.444563274852115, 24.935873183033159 ], [ 77.444598140595872, 24.935856776701129 ], [ 77.444630780903537, 24.935836922881819 ], [ 77.444660785717787, 24.935813870887539 ], [ 77.444687782315953, 24.935787909110939 ], [ 77.444711430378817, 24.935759362282997 ], [ 77.444731435899996, 24.93572858614484 ], [ 77.444747550195203, 24.935695967440822 ], [ 77.444759569011168, 24.935661911268436 ], [ 77.444767343392115, 24.935626844761778 ], [ 77.445220758678389, 24.934540025789865 ], [ 77.445228648975245, 24.934519458658624 ], [ 77.445235179395752, 24.934498497910941 ], [ 77.445240328538787, 24.934477220177257 ], [ 77.445244077981769, 24.934455701204218 ], [ 77.445246413278213, 24.934434014958114 ], [ 77.445247326865385, 24.934412241772304 ], [ 77.44524681616835, 24.934390457496576 ], [ 77.445244881576528, 24.934368738903263 ], [ 77.44524152940798, 24.934347164609694 ], [ 77.445252715007115, 24.933369386183482 ], [ 77.445255616103239, 24.933355502531025 ], [ 77.445256550812388, 24.933341393816125 ], [ 77.445255506413503, 24.933327292974873 ], [ 77.44525249895149, 24.933313427711823 ], [ 77.445247578153953, 24.933300025047654 ], [ 77.445240823519057, 24.933287304971707 ], [ 77.445232346359845, 24.933275472326642 ], [ 77.445222283819149, 24.933264722188554 ], [ 77.445140638327956, 24.933030044791359 ], [ 77.445071220643257, 24.932805136315228 ], [ 77.445018317377659, 24.932633733841069 ], [ 77.445005851454042, 24.932609907217632 ], [ 77.444992679796755, 24.932586396619158 ], [ 77.444978815133311, 24.932563221095101 ], [ 77.444964266257728, 24.932540396056506 ], [ 77.444949044914139, 24.932517939643315 ], [ 77.444933160879785, 24.932495868176193 ], [ 77.44491662691054, 24.932474197092034 ], [ 77.444899453788238, 24.932452940911759 ], [ 77.444881656221128, 24.932432118697697 ], [ 77.444358238762845, 24.9314504878637 ], [ 77.444346870282857, 24.931424927929477 ], [ 77.444338915368959, 24.931398319098211 ], [ 77.444334483996428, 24.93137103600186 ], [ 77.44433364147811, 24.93134346472235 ], [ 77.444336396607554, 24.931315999100885 ], [ 77.444342712667378, 24.931289026359618 ], [ 77.444352500482182, 24.931262928862122 ], [ 77.444365619458736, 24.93123807779844 ], [ 77.44438188558766, 24.931214823302156 ], [ 77.444480183415109, 24.931067226476308 ], [ 77.444522719049147, 24.93100335956084 ], [ 77.444657467976029, 24.930845370882121 ], [ 77.444670757943939, 24.930827877258618 ], [ 77.444686113483613, 24.93081184850487 ], [ 77.444703336893497, 24.930797486545305 ], [ 77.444722213804909, 24.930784971519508 ], [ 77.444742507274739, 24.930774457227798 ], [ 77.444763961676259, 24.930766080188597 ], [ 77.444786310750388, 24.930759943433404 ], [ 77.444809270629676, 24.930756121880883 ], [ 77.444832556640662, 24.930754666961942 ], [ 77.44555278280238, 24.930637728823339 ], [ 77.445993656738068, 24.930550476373909 ], [ 77.446061182657047, 24.930523012521437 ], [ 77.446127600267502, 24.930493388252486 ], [ 77.446192828067709, 24.930461639164633 ], [ 77.446256784520799, 24.930427805371561 ], [ 77.446319386081029, 24.930391930586374 ], [ 77.446380557119426, 24.930354059477239 ], [ 77.44644022001934, 24.930314237602374 ], [ 77.446498302074303, 24.930272515971431 ], [ 77.446554727585593, 24.930228948283929 ], [ 77.446584592589829, 24.930188862863393 ], [ 77.446612832818815, 24.930147810399966 ], [ 77.446639410205606, 24.930105845740464 ], [ 77.446664289654706, 24.930063023751142 ], [ 77.44668743803058, 24.930019402020463 ], [ 77.446708823181083, 24.929975039046269 ], [ 77.446728417913562, 24.929929992455708 ], [ 77.446746195990542, 24.929884324397801 ], [ 77.446762134167315, 24.92983809433149 ], [ 77.446777131577093, 24.929796900567137 ], [ 77.446788779198883, 24.929754815247115 ], [ 77.446797014845288, 24.92971206466455 ], [ 77.446801796102633, 24.929668879756836 ], [ 77.446803096411429, 24.929625490661312 ], [ 77.44680090897144, 24.929582133965624 ], [ 77.446795245878519, 24.929539036445437 ], [ 77.446786135995112, 24.929496434016762 ], [ 77.446773629046135, 24.929454554602813 ], [ 77.446680874317536, 24.929121323437339 ], [ 77.446679756969644, 24.92909209935863 ], [ 77.446679251855755, 24.929062860297154 ], [ 77.446679358876509, 24.929033618896725 ], [ 77.446680075979842, 24.92900438417572 ], [ 77.446681406051866, 24.92897516699102 ], [ 77.446683345038522, 24.92894597905747 ], [ 77.446685895839991, 24.92891682942572 ], [ 77.446689055392696, 24.928887729816939 ], [ 77.446692822620975, 24.928858691062363 ], [ 77.446799407319631, 24.928530561136444 ], [ 77.446809391772049, 24.92851683190651 ], [ 77.446816557362595, 24.928501706090227 ], [ 77.446820677465723, 24.928485665412154 ], [ 77.446821619383925, 24.928469212980964 ], [ 77.446819358256093, 24.928452867960587 ], [ 77.446813961373039, 24.928437144695351 ], [ 77.446805602156161, 24.92842253835013 ], [ 77.446794540454931, 24.928409511234438 ], [ 77.446781127654276, 24.928398472965949 ], [ 77.446622053532153, 24.928056516358073 ], [ 77.446532212756068, 24.927837472596948 ], [ 77.446525640919461, 24.927822549113404 ], [ 77.44652011378345, 24.927807277480785 ], [ 77.446515654651137, 24.927791717460583 ], [ 77.446512280847898, 24.927775933290967 ], [ 77.446510004767958, 24.927759986468619 ], [ 77.446508837808238, 24.927743939386769 ], [ 77.446508782430598, 24.927727857090161 ], [ 77.446509839123138, 24.927711803707343 ], [ 77.446512004405193, 24.927695844244258 ], [ 77.446510805620647, 24.927460006575139 ], [ 77.446516852638382, 24.927443401315188 ], [ 77.446520391471481, 24.927426204408839 ], [ 77.446521359259719, 24.927408727945707 ], [ 77.446519733679395, 24.927391293311029 ], [ 77.446515549893363, 24.927374216844861 ], [ 77.446508879752145, 24.927357809706844 ], [ 77.446499847690049, 24.927342371657549 ], [ 77.446488616915772, 24.927328183743068 ], [ 77.446475393402295, 24.927315504708432 ], [ 77.446247744367284, 24.926831267655512 ], [ 77.446072819839685, 24.926559066988634 ], [ 77.445714366573057, 24.926057330113014 ], [ 77.445363751737133, 24.925290507372939 ], [ 77.444991269746765, 24.924598791160712 ], [ 77.444573350800894, 24.923850955237047 ], [ 77.444360636352656, 24.923571257346055 ], [ 77.444054305225421, 24.923168458923008 ], [ 77.443948666290723, 24.923048468394978 ], [ 77.443937770100803, 24.923032116665322 ], [ 77.443928267055654, 24.923015057806751 ], [ 77.44392021282701, 24.922997391532128 ], [ 77.44391365120903, 24.922979216573363 ], [ 77.443908622953742, 24.922960640674482 ], [ 77.44390515496211, 24.922941769682627 ], [ 77.443903269140506, 24.922922714831337 ], [ 77.443902975546152, 24.922903582761023 ], [ 77.443904274290048, 24.922884485466081 ], [ 77.443845834853434, 24.922570590344105 ], [ 77.443784106528867, 24.922226650378651 ], [ 77.443786745635677, 24.921400733616583 ], [ 77.4439015643418, 24.92096401713092 ], [ 77.444052915081286, 24.920693505461273 ], [ 77.444074685448427, 24.92062657314538 ], [ 77.444100538609703, 24.920560859649132 ], [ 77.444130393687246, 24.92049657397952 ], [ 77.444164158980769, 24.920433916040874 ], [ 77.444201725961662, 24.920373084724464 ], [ 77.444242976255097, 24.920314271631657 ], [ 77.444287780635889, 24.920257662874029 ], [ 77.444335998073072, 24.920203434550992 ], [ 77.44438747567375, 24.920151759975244 ], [ 77.444996336163825, 24.919544337832463 ], [ 77.445024023785408, 24.919512499779291 ], [ 77.445054026745623, 24.91948245787102 ], [ 77.445086205297983, 24.919454351187884 ], [ 77.445120409877944, 24.919428307908099 ], [ 77.445156481053289, 24.919404451629806 ], [ 77.445194250578098, 24.919382893249342 ], [ 77.445233544356853, 24.91936373188355 ], [ 77.445274177471262, 24.919347057547355 ], [ 77.445315962138537, 24.919332946689664 ], [ 77.445975533855758, 24.918894470893729 ], [ 77.446489419697585, 24.918510564240368 ], [ 77.446817071194076, 24.918158792481705 ], [ 77.446841825278241, 24.918146735320001 ], [ 77.446864359136029, 24.918131481823504 ], [ 77.446884182883807, 24.918113365691756 ], [ 77.446900858653507, 24.918092781475583 ], [ 77.446914026370123, 24.918070181132045 ], [ 77.446923396946133, 24.918046057722385 ], [ 77.446928764222093, 24.91802093826491 ], [ 77.446930011997608, 24.917995371135547 ], [ 77.447019749710037, 24.91769299775709 ], [ 77.447180807350875, 24.917101578419928 ], [ 77.447269387933375, 24.916768800896349 ], [ 77.447279597538099, 24.916745012570289 ], [ 77.447507917056896, 24.916322635913215 ], [ 77.447549069204101, 24.916344946299798 ], [ 77.447592725229725, 24.916359248223113 ], [ 77.447638527356801, 24.916365953010601 ], [ 77.447811164686087, 24.91638908701734 ], [ 77.44835629421712, 24.91644612036977 ], [ 77.448993322073335, 24.916490152615964 ], [ 77.449022405503527, 24.916482671570297 ], [ 77.449051551681066, 24.916475398656672 ], [ 77.449080760620163, 24.916468332068852 ], [ 77.449110028338509, 24.916461474490568 ], [ 77.44913935285561, 24.91645482590874 ], [ 77.449168735161876, 24.916448386329922 ], [ 77.449198170305849, 24.916442155721931 ], [ 77.449227658280648, 24.916436134987848 ], [ 77.449257198096063, 24.916430324121251 ], [ 77.449298683593838, 24.916418707450845 ], [ 77.449340707143634, 24.916408831971466 ], [ 77.449383183402617, 24.916400719708601 ], [ 77.449426022132954, 24.91639438543065 ], [ 77.449469132092318, 24.916389845705748 ], [ 77.449512426070228, 24.91638710809675 ], [ 77.449555810928388, 24.916386178321694 ], [ 77.449599197525018, 24.91638705760877 ], [ 77.44964249574204, 24.916389745373618 ], [ 77.449684906201981, 24.916398070418921 ], [ 77.44972689497979, 24.91640801933973 ], [ 77.449768385948445, 24.91641957538554 ], [ 77.449809304989515, 24.916432718206334 ], [ 77.449849578005768, 24.916447424742856 ], [ 77.449889135879502, 24.916463668355252 ], [ 77.449927906543095, 24.916481419675232 ], [ 77.449965820920909, 24.916500646644565 ], [ 77.450002811931853, 24.916521315411391 ], [ 77.4500410178793, 24.91653884266659 ], [ 77.450078699663038, 24.916557293174186 ], [ 77.450115826688986, 24.916576653188571 ], [ 77.450152373307631, 24.916596909899468 ], [ 77.450188316868463, 24.916618046903281 ], [ 77.450223626770253, 24.916640051357628 ], [ 77.450258284323752, 24.916662906884682 ], [ 77.450292257965302, 24.91668659702313 ], [ 77.450380218274702, 24.916723638241429 ], [ 77.450696716856044, 24.916730086443842 ], [ 77.450874735291322, 24.916723567965036 ], [ 77.451120428325538, 24.916675857348817 ], [ 77.451247017338062, 24.916633948573107 ], [ 77.451329969989089, 24.916592433681362 ], [ 77.451378912693727, 24.916561507809639 ], [ 77.451432387236679, 24.916544084855076 ], [ 77.451486653026279, 24.916528831918409 ], [ 77.451541606803701, 24.916515782651327 ], [ 77.451619554525479, 24.916481314303663 ], [ 77.45169885609414, 24.916449513629395 ], [ 77.451779399248309, 24.916420425961981 ], [ 77.451861072759414, 24.916394091222934 ], [ 77.451943763460775, 24.916370543902271 ], [ 77.452027357188655, 24.916349819387044 ], [ 77.452111740826041, 24.916331945845748 ], [ 77.452196793382797, 24.9163169450742 ], [ 77.452282398792534, 24.916304842512897 ], [ 77.452336458786647, 24.916303547441537 ], [ 77.452390496744584, 24.916305468423047 ], [ 77.452444281010841, 24.916310594024697 ], [ 77.452497586897053, 24.916318908343104 ], [ 77.452550182972089, 24.91633037104604 ], [ 77.452601848747307, 24.916344935549802 ], [ 77.452652364836368, 24.916362540827556 ], [ 77.452701514949908, 24.916383109615285 ], [ 77.452749090790832, 24.916406555669251 ], [ 77.453124700806612, 24.916585444257557 ], [ 77.453152797416251, 24.916600678165704 ], [ 77.45318238266448, 24.916613351243878 ], [ 77.453213177184239, 24.91662334607949 ], [ 77.453244889548571, 24.916630567761541 ], [ 77.4532772221919, 24.916634946628616 ], [ 77.453309868403835, 24.916636442765327 ], [ 77.453342518306457, 24.916635041524898 ], [ 77.453374865765639, 24.916630756283769 ], [ 77.453406604429844, 24.91662362841555 ], [ 77.453459568592919, 24.916606090339954 ], [ 77.453512555056292, 24.916588611998851 ], [ 77.453565564838385, 24.916571189786186 ], [ 77.453618596927967, 24.91655382640484 ], [ 77.453671652336368, 24.916536519151908 ], [ 77.453724729076072, 24.916519268917611 ], [ 77.453777829106727, 24.916502078424156 ], [ 77.453830951459096, 24.916484944955805 ], [ 77.453884096133308, 24.916467868512356 ], [ 77.453758820145538, 24.916746538900892 ], [ 77.453521911745028, 24.917092488390701 ], [ 77.452912174474406, 24.917498957996308 ], [ 77.452111773290909, 24.918042385091002 ], [ 77.451791129985097, 24.918525892917348 ], [ 77.451710195419352, 24.918987287337451 ], [ 77.451732533875472, 24.919818606733987 ], [ 77.451519003343321, 24.921981164014113 ], [ 77.451393187610577, 24.922840868145844 ], [ 77.451666117127857, 24.92362767152683 ], [ 77.452513043540833, 24.924444804359325 ], [ 77.452942579399377, 24.925512666198522 ], [ 77.453577203616874, 24.927213022367127 ], [ 77.454190058547937, 24.928006541072243 ], [ 77.456840047499028, 24.928875455481855 ], [ 77.457391618784342, 24.929051724233947 ], [ 77.457768542749832, 24.929172177505464 ], [ 77.459000991862823, 24.929252512950324 ], [ 77.459508407309073, 24.929151112820715 ], [ 77.46099456785376, 24.928307370650113 ], [ 77.462720329528494, 24.927565202451149 ], [ 77.461599433667757, 24.925345928472208 ], [ 77.46141305515971, 24.924862787696402 ], [ 77.46124276249607, 24.9240259008713 ], [ 77.461359229627661, 24.923357279321017 ], [ 77.461457877542387, 24.922914255804333 ], [ 77.461743542378457, 24.921631310934291 ], [ 77.461702352889333, 24.921198326177308 ], [ 77.461432169820185, 24.92062864694805 ], [ 77.461076761716384, 24.920278030719562 ], [ 77.460662521406007, 24.920106342679183 ], [ 77.459745520953931, 24.91969478319454 ], [ 77.459450584606259, 24.919449484372013 ], [ 77.458889693774253, 24.918895773759328 ], [ 77.45794187964556, 24.91767265252814 ], [ 77.457825821650857, 24.917327080031264 ], [ 77.457782874138744, 24.917025359968846 ], [ 77.457898110265333, 24.916719355396246 ], [ 77.458350237954207, 24.915927962349258 ], [ 77.458442204709598, 24.915630929816384 ], [ 77.458900174583576, 24.914506265962338 ], [ 77.45923235598417, 24.913873424555256 ], [ 77.459364543050427, 24.913621594402425 ], [ 77.4593759604561, 24.913580334610398 ], [ 77.459390188764829, 24.913539809081652 ], [ 77.459407174267966, 24.91350017552692 ], [ 77.459426849399875, 24.913461590664681 ], [ 77.459449134753243, 24.913424205718314 ], [ 77.459473945021188, 24.913388166453917 ], [ 77.459501183027356, 24.913353616755256 ], [ 77.459530738812589, 24.913320688682585 ], [ 77.459562499433133, 24.913289516083207 ], [ 77.460103215737988, 24.912905602806845 ], [ 77.460832869336983, 24.912367261768356 ], [ 77.461199382044612, 24.91217590729579 ], [ 77.461956897254055, 24.911863716346534 ], [ 77.462808573639137, 24.911557688207335 ], [ 77.462857865494342, 24.911541136579014 ], [ 77.462906304008484, 24.911522607835121 ], [ 77.462953790869761, 24.911502136571851 ], [ 77.463000237620719, 24.911479763770632 ], [ 77.463045548844477, 24.911455533981233 ], [ 77.463089638016072, 24.911429494519965 ], [ 77.4631324156191, 24.911401695393632 ], [ 77.463173798023604, 24.911372193872122 ], [ 77.463213705561131, 24.911341047250747 ], [ 77.463855294628232, 24.910878781553293 ], [ 77.463885972108429, 24.910858308262995 ], [ 77.463917909315256, 24.910839507574494 ], [ 77.463950997822479, 24.910822442017007 ], [ 77.463985125249835, 24.91080717319138 ], [ 77.464020173372703, 24.910793750016598 ], [ 77.464056023973541, 24.910782220508711 ], [ 77.464092550975138, 24.910772624505093 ], [ 77.464129630350229, 24.910764992824387 ], [ 77.464167138092662, 24.910759353576001 ], [ 77.464655425951676, 24.910799571204347 ], [ 77.464681359510266, 24.910802204232724 ], [ 77.464707450241178, 24.910801778285197 ], [ 77.464733265303167, 24.910798301437037 ], [ 77.464758376439207, 24.910791829661644 ], [ 77.464782368854486, 24.910782471403142 ], [ 77.464804845226311, 24.91077038127953 ], [ 77.464825432636147, 24.910755760126975 ], [ 77.464843793518469, 24.910738847844204 ], [ 77.464859619684248, 24.91071992787009 ], [ 77.465216980271478, 24.910553161635541 ], [ 77.465957146625598, 24.910199286522658 ], [ 77.465990244607241, 24.91017265678234 ], [ 77.466027095333374, 24.910150499118451 ], [ 77.466066974516167, 24.910133247857658 ], [ 77.466109103160775, 24.910121239434961 ], [ 77.466152656498721, 24.910114709741496 ], [ 77.466196783855054, 24.91011378612243 ], [ 77.466240619541011, 24.910118487446532 ], [ 77.466283307631286, 24.910128721554845 ], [ 77.466324012849697, 24.910144286232587 ], [ 77.466374172060711, 24.910147793163393 ], [ 77.466424458840493, 24.910146541128352 ], [ 77.466474334323507, 24.910140545660827 ], [ 77.466523260268048, 24.910129870167601 ], [ 77.466570708917857, 24.910114631410522 ], [ 77.466616171990935, 24.910094989628689 ], [ 77.466659159606664, 24.910071159369959 ], [ 77.466699209302263, 24.910043396000368 ], [ 77.466735889980129, 24.910011997535619 ], [ 77.466765719312406, 24.909982826021402 ], [ 77.466792576519282, 24.909951343299248 ], [ 77.466816247744717, 24.909917800899315 ], [ 77.466836541785511, 24.909882466753384 ], [ 77.466853297057554, 24.90984562072299 ], [ 77.46686638353512, 24.909807560031016 ], [ 77.466875693948666, 24.909768584754413 ], [ 77.466881151631029, 24.90972900780956 ], [ 77.466882718515478, 24.909689145067773 ], [ 77.466931770809936, 24.909104807739308 ], [ 77.466986822473999, 24.908698791026744 ], [ 77.466981801851617, 24.908675724333865 ], [ 77.466980168240454, 24.908652254712024 ], [ 77.466981951171789, 24.9086287932966 ], [ 77.46698711875932, 24.90860575354132 ], [ 77.466995580760084, 24.908583539496124 ], [ 77.467007187625711, 24.908562540382459 ], [ 77.467021736499461, 24.908543123405749 ], [ 77.467038972220621, 24.908525631955651 ], [ 77.467058592386266, 24.908510371187411 ], [ 77.46726743648999, 24.908305960598863 ], [ 77.467983977974598, 24.907661152544936 ], [ 77.46805620771697, 24.907580684194787 ], [ 77.468126752366999, 24.907498983086278 ], [ 77.468195585971827, 24.907416076152124 ], [ 77.468262684517768, 24.907331995756582 ], [ 77.468328025016362, 24.907246769754387 ], [ 77.468391581480859, 24.90716042959404 ], [ 77.46845333188574, 24.907073006749091 ], [ 77.468513255196072, 24.906984532699543 ], [ 77.46857133038398, 24.906895038022036 ], [ 77.468602182067954, 24.906832357345255 ], [ 77.468628226582325, 24.906767887612773 ], [ 77.468649339792151, 24.906701934216777 ], [ 77.46866542323427, 24.906634812647084 ], [ 77.468676398244369, 24.906566839422261 ], [ 77.468682213837567, 24.906498337558482 ], [ 77.46868284078738, 24.906429633822505 ], [ 77.468678278598688, 24.906361053356708 ], [ 77.468668547564789, 24.906292922338331 ], [ 77.468672257079646, 24.906189127013061 ], [ 77.468671342280146, 24.906085279716805 ], [ 77.468665803854051, 24.905981551155442 ], [ 77.468655650397551, 24.905878113891006 ], [ 77.468640900436725, 24.905775136935571 ], [ 77.468621576444662, 24.905672791132105 ], [ 77.468597710796615, 24.905571247386252 ], [ 77.468569343844706, 24.905470669428404 ], [ 77.468553958290244, 24.905424057787389 ], [ 77.46853652184069, 24.905371226445251 ], [ 77.468298460537952, 24.904712200531854 ], [ 77.467878313643169, 24.903936816299019 ], [ 77.467634964401881, 24.903488314444576 ], [ 77.467618697408838, 24.903410844417696 ], [ 77.467606153313554, 24.903332801071276 ], [ 77.467597357719413, 24.903254331787707 ], [ 77.467592325302505, 24.903175588395211 ], [ 77.46759106679869, 24.903096719987314 ], [ 77.467592698575217, 24.903045603062722 ], [ 77.467593585021874, 24.903017875606889 ], [ 77.467599872863147, 24.902939206942733 ], [ 77.467609922250958, 24.902860862064745 ], [ 77.467623710219087, 24.902782994366756 ], [ 77.467938480520075, 24.902064006435747 ], [ 77.467970624714326, 24.902015937596499 ], [ 77.467998612062431, 24.901965754158745 ], [ 77.468022275920077, 24.901913752211865 ], [ 77.468041476276269, 24.901860241562307 ], [ 77.468056099794524, 24.901805540314339 ], [ 77.468066054861666, 24.901749974838729 ], [ 77.46807128846973, 24.901693873557655 ], [ 77.468071765372827, 24.90163757313449 ], [ 77.468067483043754, 24.901581405021144 ], [ 77.468005050100004, 24.901178503190618 ], [ 77.467939299746774, 24.90053225848321 ], [ 77.467938959495854, 24.900471972533612 ], [ 77.467945279566592, 24.900411962862893 ], [ 77.467958198847541, 24.900352838729241 ], [ 77.467977583977273, 24.900295204414679 ], [ 77.468003238388107, 24.900239642122227 ], [ 77.468034900249933, 24.900186721897747 ], [ 77.468072247573701, 24.900136981792976 ], [ 77.468114900198785, 24.900090926974801 ], [ 77.468162423781564, 24.900049026138273 ], [ 77.468238359794384, 24.900022135261 ], [ 77.468314387218967, 24.899995458979507 ], [ 77.46839050406146, 24.899968999087196 ], [ 77.46846671134, 24.899942751977893 ], [ 77.468543006063683, 24.899916720341825 ], [ 77.468619389223008, 24.899890904185259 ], [ 77.468695859835051, 24.899865302598624 ], [ 77.468772414908855, 24.899839918272296 ], [ 77.468849057422275, 24.899814750321966 ], [ 77.468890256126031, 24.899795126694112 ], [ 77.468927884535262, 24.899770242820001 ], [ 77.468961138481461, 24.899740628277769 ], [ 77.468989313043295, 24.899706913529513 ], [ 77.469011805613761, 24.899669817296203 ], [ 77.469028136825287, 24.899630129529637 ], [ 77.469037959578358, 24.899588696115302 ], [ 77.469041065127115, 24.899546399944185 ], [ 77.469037387184258, 24.899504141971732 ], [ 77.469033007682128, 24.899460518447029 ], [ 77.46902566479794, 24.899417228340177 ], [ 77.46901538995624, 24.899374436229454 ], [ 77.469002222482288, 24.899332309452927 ], [ 77.468986211644619, 24.899291009992492 ], [ 77.4689674206018, 24.899250696305355 ], [ 77.468945922434727, 24.899211524202247 ], [ 77.468921798173255, 24.899173645931342 ], [ 77.468895141767547, 24.899137207500658 ], [ 77.46828307382107, 24.89855503835636 ], [ 77.468115977427544, 24.8983361068398 ], [ 77.468096246212724, 24.898318968147041 ], [ 77.468079269593105, 24.898299530302992 ], [ 77.468065367609029, 24.89827815661635 ], [ 77.468054801575335, 24.898255249762336 ], [ 77.468047769227084, 24.898231239107286 ], [ 77.468044403743335, 24.898206578895973 ], [ 77.468044767951056, 24.898181729247764 ], [ 77.468048854304826, 24.898157158866276 ], [ 77.468055375142853, 24.898056341959158 ], [ 77.46647899479531, 24.897781094087353 ], [ 77.463574036800168, 24.897519277819839 ], [ 77.461250697199716, 24.896992596984823 ], [ 77.458005090398743, 24.896250192831111 ], [ 77.457555942020392, 24.894142445125183 ], [ 77.457047880357905, 24.892581745907414 ], [ 77.45553934474863, 24.890563083568541 ], [ 77.454135996600343, 24.888362492560066 ], [ 77.453743212506637, 24.887826098364503 ], [ 77.452576880960876, 24.886259868710859 ], [ 77.451959580855387, 24.88625144978311 ], [ 77.451035472301584, 24.886072055735951 ], [ 77.450521217490703, 24.88594024747762 ], [ 77.449330129398945, 24.885745772693564 ], [ 77.447747288436318, 24.884702031367389 ], [ 77.445729726800494, 24.883312900054918 ], [ 77.444254851386106, 24.881782229736046 ], [ 77.441872092787946, 24.878783769375776 ], [ 77.441318670204822, 24.877997770314028 ], [ 77.441245675417576, 24.877554010794256 ], [ 77.441575713164539, 24.877036228612504 ], [ 77.442970417821172, 24.87654024794309 ], [ 77.44181316734074, 24.875865639170286 ], [ 77.441361602265559, 24.873016076296274 ], [ 77.441539184344009, 24.872246479829823 ], [ 77.442160215222231, 24.871700865767242 ], [ 77.443580964533027, 24.871416559035481 ], [ 77.444341533270176, 24.87142776020066 ], [ 77.444851508223891, 24.87193702536149 ], [ 77.445226098446639, 24.872528562161992 ], [ 77.446578468241327, 24.874555628722838 ], [ 77.449010312604926, 24.873467247697398 ], [ 77.449325190618168, 24.872799598522558 ], [ 77.449012461121114, 24.870129585470856 ], [ 77.449202455792133, 24.868640246740792 ], [ 77.44984675524347, 24.867480104290902 ], [ 77.450253191350484, 24.86728846323205 ], [ 77.451580397277681, 24.86657573282594 ], [ 77.451391382930638, 24.866215106598776 ], [ 77.45063105030961, 24.86521721515135 ], [ 77.448946495207252, 24.865327729082772 ], [ 77.4482695052195, 24.864506070402197 ], [ 77.44789405778603, 24.864824185796117 ], [ 77.447552685264469, 24.865555348032192 ], [ 77.44620263546156, 24.866053289737316 ], [ 77.445199645067021, 24.865536802870047 ], [ 77.44344635872072, 24.866258764575893 ], [ 77.443089491261972, 24.8666081410211 ], [ 77.443217403191412, 24.866920298911708 ], [ 77.443243998267505, 24.867041881570042 ], [ 77.443270342570244, 24.867163509553791 ], [ 77.443296435108991, 24.867285182856595 ], [ 77.443322275897131, 24.867406899672307 ], [ 77.443347867889585, 24.867528661826658 ], [ 77.443373206157247, 24.867650466578027 ], [ 77.443398294637859, 24.867772316661817 ], [ 77.443423132376182, 24.867894207555963 ], [ 77.443447717370375, 24.868016141957096 ], [ 77.443467295815339, 24.868083104091028 ], [ 77.443477844349474, 24.868151736062732 ], [ 77.443479209496573, 24.868221028019757 ], [ 77.443471368522864, 24.868289961928163 ], [ 77.443454438262989, 24.868357522468237 ], [ 77.443428666055951, 24.868422716845856 ], [ 77.44339443264515, 24.868484583842946 ], [ 77.443189073457944, 24.868944457548711 ], [ 77.443005975172426, 24.869661826751884 ], [ 77.4429741309999, 24.869951401217747 ], [ 77.442981421435135, 24.869996887808732 ], [ 77.442982141405409, 24.870042852690034 ], [ 77.442976281220083, 24.870088510030552 ], [ 77.442963938076119, 24.870133078308253 ], [ 77.442945325823487, 24.870175797534138 ], [ 77.442920763043887, 24.87021593459373 ], [ 77.442890665958643, 24.870252803974282 ], [ 77.442855554319365, 24.870285774125804 ], [ 77.442816025534555, 24.870314284452725 ], [ 77.4420583382432, 24.870767601414773 ], [ 77.441345690468523, 24.871133600936123 ], [ 77.440861855723938, 24.871548266513447 ], [ 77.440439908280979, 24.872257660854999 ], [ 77.440407101394243, 24.872368986441511 ], [ 77.440367096615518, 24.872478338468092 ], [ 77.440320037598781, 24.872585324081182 ], [ 77.440266088626188, 24.872689571334746 ], [ 77.440205440739774, 24.872790704844181 ], [ 77.440138310546104, 24.872888371971122 ], [ 77.440064933421297, 24.872982225618628 ], [ 77.439985569372894, 24.873071934204823 ], [ 77.43990049911578, 24.873157177121165 ], [ 77.43905875476635, 24.873953625159924 ], [ 77.438559685163838, 24.874213993829894 ], [ 77.438474367727025, 24.874256716156999 ], [ 77.438385341985679, 24.874292591513612 ], [ 77.438293266441406, 24.87432135415786 ], [ 77.438198819968505, 24.874342791770449 ], [ 77.438102704776171, 24.874356746377455 ], [ 77.438005630568028, 24.874363114246666 ], [ 77.437908316514537, 24.874361846803669 ], [ 77.437811480319539, 24.874352955979376 ], [ 77.437715840256686, 24.874336506997775 ], [ 77.437630696821444, 24.874274424080653 ], [ 77.437535983325574, 24.874225209180981 ], [ 77.43743401883178, 24.874190066978496 ], [ 77.437327294397988, 24.87416985827112 ], [ 77.437218421793489, 24.874165075254385 ], [ 77.437110062252728, 24.874175837442273 ], [ 77.437004868177794, 24.874201877737516 ], [ 77.436963385359988, 24.874218847235952 ], [ 77.436905409713049, 24.874242563625721 ], [ 77.436814121290169, 24.874296896823722 ], [ 77.436142364954975, 24.874847517523673 ], [ 77.436098258031279, 24.874884453288111 ], [ 77.436052359937108, 24.874919526659095 ], [ 77.436004767280025, 24.874952665112058 ], [ 77.435955574645135, 24.874983801528341 ], [ 77.435904888462161, 24.875012873382943 ], [ 77.435852807234227, 24.875039819002161 ], [ 77.435799442291753, 24.875064582215749 ], [ 77.4357449019314, 24.875087114962248 ], [ 77.435689296437303, 24.875107368290191 ], [ 77.43450975801602, 24.875605046789023 ], [ 77.434460307525626, 24.875624638368695 ], [ 77.434415220287775, 24.875651604194704 ], [ 77.434375806395707, 24.875685159899412 ], [ 77.434343209132166, 24.87572433215729 ], [ 77.434318374065072, 24.875767985576154 ], [ 77.434302023078843, 24.875814851427545 ], [ 77.434294630292001, 24.875863568130619 ], [ 77.434296410837774, 24.875912722723967 ], [ 77.434307313625311, 24.875960889654806 ], [ 77.434407191789774, 24.876416766239824 ], [ 77.434417308738475, 24.87645902390982 ], [ 77.434418539106261, 24.876502261766301 ], [ 77.43441083960343, 24.876544941410561 ], [ 77.434394481663105, 24.876585539157599 ], [ 77.43437005193266, 24.876622609262082 ], [ 77.434338419247993, 24.876654828860676 ], [ 77.434300712432602, 24.876681051114019 ], [ 77.434258273488922, 24.87670034012358 ], [ 77.43421261868761, 24.876712008609715 ], [ 77.434120978072016, 24.876706215839508 ], [ 77.434029628705176, 24.876715048300468 ], [ 77.433941354748981, 24.876738237108786 ], [ 77.433858844833424, 24.876775074716321 ], [ 77.433784614647308, 24.876824438786123 ], [ 77.433720924492121, 24.876884826871798 ], [ 77.433669713621526, 24.876954396626392 ], [ 77.433632545276382, 24.877031030467005 ], [ 77.433610548812567, 24.877112392092272 ], [ 77.43323934674595, 24.878151351137905 ], [ 77.433247347220046, 24.87822667926498 ], [ 77.433244460416844, 24.878302315004806 ], [ 77.433230737245566, 24.878376952695206 ], [ 77.433206411620318, 24.878449306844388 ], [ 77.433171905261858, 24.878518131129169 ], [ 77.433127812691183, 24.878582238166768 ], [ 77.433074892134726, 24.878640522937967 ], [ 77.433014057461605, 24.878691980798383 ], [ 77.43294635725772, 24.878735724501695 ], [ 77.432283416488772, 24.879351352937764 ], [ 77.431694147768653, 24.879775127147049 ], [ 77.43167049031058, 24.879795031535267 ], [ 77.431644262725214, 24.879812046853509 ], [ 77.431615885019923, 24.879825896789956 ], [ 77.431585814379915, 24.879836361275483 ], [ 77.431554534328015, 24.879843270089804 ], [ 77.431522547722651, 24.879846511847319 ], [ 77.431490367833007, 24.879846035744311 ], [ 77.431458513409979, 24.879841848817161 ], [ 77.431112913221043, 24.879905063239921 ], [ 77.431029529016541, 24.879943782872761 ], [ 77.430947087192976, 24.87998414072316 ], [ 77.430865622513721, 24.880026122571238 ], [ 77.430785175754238, 24.880069705205255 ], [ 77.430705783686975, 24.880114870806146 ], [ 77.430627485107649, 24.880161596149069 ], [ 77.430550316817772, 24.880209859802569 ], [ 77.430477052605795, 24.880257845739369 ], [ 77.430399511418941, 24.880310911754162 ], [ 77.429674702623402, 24.880984846496002 ], [ 77.429642871927001, 24.881011786448109 ], [ 77.429609100053455, 24.881036681407199 ], [ 77.429573546314245, 24.881059418625 ], [ 77.429536374942742, 24.881079888998716 ], [ 77.429497759936837, 24.88109800065061 ], [ 77.429457879204662, 24.881113668051182 ], [ 77.429416922449079, 24.881126816587201 ], [ 77.429375076288309, 24.881137386076137 ], [ 77.429332538130652, 24.8811453290514 ], [ 77.42875098112755, 24.881300526284079 ], [ 77.428675866642607, 24.881320435521552 ], [ 77.428602905895659, 24.881346156472922 ], [ 77.428532635067157, 24.881377495797874 ], [ 77.428465573795904, 24.881414223920338 ], [ 77.428402217309156, 24.881456068654039 ], [ 77.428343033402527, 24.881502721504692 ], [ 77.428288460459839, 24.881553837656654 ], [ 77.428238899497117, 24.881609040435784 ], [ 77.428194719112824, 24.88166792134238 ], [ 77.427923622004798, 24.882076684035397 ], [ 77.427893669053432, 24.882123749789592 ], [ 77.427858228369672, 24.882167528648605 ], [ 77.427817727941374, 24.882207489666289 ], [ 77.42777265876235, 24.882243147472447 ], [ 77.427723565849917, 24.882274071245831 ], [ 77.427671044284637, 24.882299884687821 ], [ 77.427615732179078, 24.882320278620853 ], [ 77.42755829786438, 24.882335003677873 ], [ 77.427499435850621, 24.882343880210964 ], [ 77.426478937649875, 24.882308130075742 ], [ 77.426421647592051, 24.882302883697388 ], [ 77.426364152455918, 24.882305725692341 ], [ 77.426307819089928, 24.882316591068516 ], [ 77.426253983234261, 24.882335218640051 ], [ 77.426203923644209, 24.88236116801583 ], [ 77.426158825415698, 24.882393824774784 ], [ 77.426119763069138, 24.882432411191292 ], [ 77.426087659734065, 24.8824760139623 ], [ 77.42606327912813, 24.882523596797892 ], [ 77.425853746135076, 24.883086855927246 ], [ 77.425842074357945, 24.883172415860251 ], [ 77.425825432732751, 24.883257289802636 ], [ 77.425803866750385, 24.883341235100076 ], [ 77.42577743767842, 24.883424017331041 ], [ 77.425746220674768, 24.883505398553055 ], [ 77.425710302692295, 24.883585151739688 ], [ 77.425669787523049, 24.883663049072936 ], [ 77.425624788795815, 24.883738870928294 ], [ 77.425575432967975, 24.883812403185193 ], [ 77.42477393604949, 24.884869564875263 ], [ 77.423791789377404, 24.885974824498337 ], [ 77.422799097370657, 24.887278704601059 ], [ 77.421223720276501, 24.887129736654373 ], [ 77.418414521620903, 24.886566621317602 ], [ 77.417663546941753, 24.886303353419599 ], [ 77.41575423072851, 24.885633989108602 ], [ 77.414762643123396, 24.885292602296119 ], [ 77.413268023195329, 24.884854526540906 ], [ 77.410918150290513, 24.884165739141668 ], [ 77.409475185581172, 24.883576910118673 ], [ 77.409055831337852, 24.88272375882368 ], [ 77.408572467030922, 24.882245727312171 ], [ 77.407764352505197, 24.882063032131867 ], [ 77.406786600580531, 24.881763427078486 ], [ 77.405875561707006, 24.881141313470518 ], [ 77.405406510033956, 24.881225702761167 ], [ 77.404897959663771, 24.881317194535399 ], [ 77.402993885002658, 24.881683286348672 ], [ 77.402246055234187, 24.881920020484571 ], [ 77.402167745095355, 24.880905102494832 ], [ 77.402073016179969, 24.879677360203235 ], [ 77.402188018048477, 24.87874003773122 ], [ 77.402691837135635, 24.877769096780273 ], [ 77.402893399375017, 24.876232645104889 ], [ 77.403159454326484, 24.875970988610618 ], [ 77.404025214942152, 24.875773511295872 ], [ 77.404890723043692, 24.875576084073348 ], [ 77.406027038486272, 24.875013946453834 ], [ 77.40849047454175, 24.873809874805087 ], [ 77.411219852270207, 24.872880803422508 ], [ 77.413057266849492, 24.872383586621019 ], [ 77.413191568447374, 24.872139701578046 ], [ 77.41303757462471, 24.871402305509914 ], [ 77.412488767729798, 24.870834958044394 ], [ 77.411680277837107, 24.870070648653957 ], [ 77.411146318199854, 24.869732706368278 ], [ 77.410558710742976, 24.869191748023642 ], [ 77.409974741204209, 24.868889541157817 ], [ 77.409494664114192, 24.868440122495848 ], [ 77.409244171735736, 24.867900839199123 ], [ 77.408687988431694, 24.867665767330298 ], [ 77.407999552721094, 24.867803866508755 ], [ 77.405466228538785, 24.868604293292439 ], [ 77.401743298319246, 24.86947982993874 ], [ 77.400521561833585, 24.867828997962757 ], [ 77.401281781697392, 24.866831104844337 ], [ 77.402491266612913, 24.865448707839558 ], [ 77.403010499745832, 24.864819958416046 ], [ 77.403941603513218, 24.86371793425965 ], [ 77.404256997186877, 24.863223380484413 ], [ 77.405742167440181, 24.860764900263771 ], [ 77.40701155058899, 24.860265972141995 ], [ 77.407842192943633, 24.859480654439864 ], [ 77.408387808678356, 24.858498059081441 ], [ 77.408083175735854, 24.857724845034326 ], [ 77.406111974383109, 24.856283987941104 ], [ 77.40577420929975, 24.856031240022975 ], [ 77.402658691296864, 24.853761706398338 ], [ 77.402087007328134, 24.853408635396878 ], [ 77.401630083458258, 24.853521928314251 ], [ 77.400375343730644, 24.854170205940662 ], [ 77.398242319441053, 24.855153362977749 ], [ 77.397546844491316, 24.855439610243199 ], [ 77.39699168119347, 24.855649971712914 ], [ 77.396313920652688, 24.855906784830111 ], [ 77.394122260495152, 24.856249300930759 ], [ 77.39376570480573, 24.856354942602728 ], [ 77.393210496396776, 24.856218114753425 ], [ 77.392659640164126, 24.85506905175254 ], [ 77.392062836967696, 24.853824123989352 ], [ 77.391873959391006, 24.853387180606539 ], [ 77.390985773726683, 24.851364833096888 ], [ 77.392159377159985, 24.850518341786245 ], [ 77.3921902089658, 24.850269302332705 ], [ 77.391789471350819, 24.84913180816114 ], [ 77.391483169107275, 24.848244096221126 ], [ 77.390600736596028, 24.845686593192415 ], [ 77.389785288734018, 24.843517990922141 ], [ 77.389949742799104, 24.843172880694905 ], [ 77.389979173484406, 24.843101451191242 ], [ 77.390188857580426, 24.842592543586136 ], [ 77.391152697654405, 24.841213552810906 ], [ 77.391778296671518, 24.841107416820524 ], [ 77.393375398371916, 24.841467079148593 ], [ 77.393795487357735, 24.841545511136289 ], [ 77.393890416336248, 24.839521386644616 ], [ 77.39391039483499, 24.83909537597318 ], [ 77.39401914827755, 24.838921026820643 ], [ 77.394559598327902, 24.839049645815479 ], [ 77.395320963475228, 24.839144603062206 ], [ 77.396005841576979, 24.839096332233371 ], [ 77.396395305852607, 24.839088883132316 ], [ 77.396895104758897, 24.839100273823732 ], [ 77.397802125732625, 24.83910646087357 ], [ 77.397901127100724, 24.839103635948078 ], [ 77.397999951253311, 24.839097551989973 ], [ 77.398098469455391, 24.839088216250566 ], [ 77.398196555889484, 24.839075642323724 ], [ 77.398294079789679, 24.839059843769899 ], [ 77.398390915257465, 24.839040844117985 ], [ 77.398486936409356, 24.839018665090862 ], [ 77.398582017288206, 24.838993337443164 ], [ 77.398676034869382, 24.838964896465647 ], [ 77.399272317603064, 24.838829804281183 ], [ 77.399310828748753, 24.838823878768746 ], [ 77.399349707077647, 24.838820497286228 ], [ 77.399388750517062, 24.83881968013419 ], [ 77.39942775813158, 24.838821429557665 ], [ 77.399466525123046, 24.838825736034256 ], [ 77.399504851730327, 24.83883257923797 ], [ 77.399542541301301, 24.838841921703764 ], [ 77.399579395285642, 24.838853716018946 ], [ 77.399615222178696, 24.838867900368022 ], [ 77.39967850479043, 24.838886807293918 ], [ 77.400671710955464, 24.839183537452428 ], [ 77.400746276353374, 24.839208840166133 ], [ 77.400824060521174, 24.839224071714192 ], [ 77.400903436902468, 24.839228913955957 ], [ 77.400982751437397, 24.83922326532965 ], [ 77.401060344315908, 24.839207243710092 ], [ 77.40113459651775, 24.839181184015164 ], [ 77.401203957585082, 24.839145631168943 ], [ 77.401266977412178, 24.83910132586621 ], [ 77.401322341964189, 24.839049193976255 ], [ 77.402065381318536, 24.838119945233924 ], [ 77.40312714773539, 24.836774304230719 ], [ 77.403183227367222, 24.836709367566964 ], [ 77.403233757831842, 24.836640743511825 ], [ 77.403278450892529, 24.836568824805482 ], [ 77.403317049808138, 24.836494026077716 ], [ 77.403349333357639, 24.836416775746443 ], [ 77.403375116822247, 24.836337516927259 ], [ 77.40339425002783, 24.836256704710674 ], [ 77.403406625298842, 24.836174801700057 ], [ 77.403412170522728, 24.836092278867454 ], [ 77.403463607039328, 24.835804576008861 ], [ 77.403471404154089, 24.835771134496678 ], [ 77.40347580669156, 24.835737183160326 ], [ 77.403476776703215, 24.835703007147252 ], [ 77.403474305923382, 24.83566889270897 ], [ 77.403468415754588, 24.835635129007589 ], [ 77.403459157318665, 24.835602001793653 ], [ 77.4034466055557, 24.835569788850304 ], [ 77.403430869098273, 24.835538762769904 ], [ 77.403239767883861, 24.834993931791313 ], [ 77.402749657458145, 24.834263142171654 ], [ 77.402310220775448, 24.833437622734394 ], [ 77.402303427626592, 24.833386220109585 ], [ 77.402293088554018, 24.833317182346857 ], [ 77.402279165495102, 24.833241740209971 ], [ 77.402251020705478, 24.833136622467972 ], [ 77.402227726607293, 24.833030520660536 ], [ 77.402209319257025, 24.832923623798489 ], [ 77.402205834361581, 24.832781303490115 ], [ 77.402209176431171, 24.832638983448238 ], [ 77.40221934128472, 24.832496930984306 ], [ 77.40223630981572, 24.832355423242404 ], [ 77.402260048161835, 24.832214726427608 ], [ 77.402290510526726, 24.832075113888397 ], [ 77.402327640287879, 24.831936851673735 ], [ 77.402371365004157, 24.831800203917897 ], [ 77.402421601349673, 24.831665434680581 ], [ 77.402476801970508, 24.831520935740791 ], [ 77.402533034962559, 24.831376769825823 ], [ 77.402590295345163, 24.831232940513353 ], [ 77.4026485830491, 24.831089455930314 ], [ 77.402707896048, 24.830946321480774 ], [ 77.402768230328917, 24.830803543458519 ], [ 77.40282958386554, 24.830661127267515 ], [ 77.40289195561391, 24.830519079221691 ], [ 77.402955339581922, 24.830377405601293 ], [ 77.403004194281039, 24.830221822922802 ], [ 77.403046564418574, 24.830064664463347 ], [ 77.403082391762837, 24.829906156531997 ], [ 77.403111623024117, 24.829746526373832 ], [ 77.403134216803764, 24.829585999507216 ], [ 77.403150142530919, 24.82942480874873 ], [ 77.403159374612855, 24.829263183335097 ], [ 77.403161902286882, 24.829101354408888 ], [ 77.403157721710514, 24.828939554062273 ], [ 77.403148544873218, 24.828802727061852 ], [ 77.403142269909111, 24.828665760772495 ], [ 77.403139668082517, 24.828559983576014 ], [ 77.403138898339435, 24.828528710298563 ], [ 77.403138434683612, 24.828391627151884 ], [ 77.403140875566208, 24.828254560080925 ], [ 77.403146221540879, 24.828117561473555 ], [ 77.403154472164346, 24.827980684613745 ], [ 77.403165620117591, 24.827843976416499 ], [ 77.403179664935337, 24.827707492874829 ], [ 77.403218026301644, 24.827658363470938 ], [ 77.40325823017929, 24.827610475772367 ], [ 77.403300229563513, 24.827563889972069 ], [ 77.403343972545727, 24.827518660810565 ], [ 77.403389407225148, 24.827474842125341 ], [ 77.403436479714614, 24.827432488643634 ], [ 77.403485132227516, 24.82739164784083 ], [ 77.403535306940967, 24.827352371707949 ], [ 77.403586943107456, 24.827314706797203 ], [ 77.403772177317535, 24.827197603824814 ], [ 77.403954090890068, 24.827076240401784 ], [ 77.404132564409153, 24.826950696114103 ], [ 77.404307483393964, 24.826821052387718 ], [ 77.404478734340074, 24.826687392462134 ], [ 77.404646206684248, 24.826549803209627 ], [ 77.404809792818909, 24.826408373329141 ], [ 77.404969386113265, 24.826263193332679 ], [ 77.405124884849343, 24.826114358281849 ], [ 77.40518910126751, 24.82604930226918 ], [ 77.405256400626314, 24.825986896238287 ], [ 77.405326651309025, 24.825927261223995 ], [ 77.405399718775016, 24.825870512822409 ], [ 77.405475457628356, 24.825816762943685 ], [ 77.40555372351497, 24.825766117182837 ], [ 77.405634361269406, 24.82571867203016 ], [ 77.405717214766852, 24.825674520357055 ], [ 77.405802121997041, 24.825633748673056 ], [ 77.405925180393041, 24.825608177061802 ], [ 77.406046588352496, 24.825576709974655 ], [ 77.406166004699173, 24.825539436330502 ], [ 77.406283099026325, 24.825496459572918 ], [ 77.406397541779015, 24.825447900312568 ], [ 77.406509017133573, 24.825393894607931 ], [ 77.406617211152067, 24.825334590272323 ], [ 77.406721822594633, 24.825270155978735 ], [ 77.40682256102842, 24.825200770408806 ], [ 77.406881013029277, 24.8251373464804 ], [ 77.406934013733775, 24.825070051713016 ], [ 77.406981260122237, 24.824999276046313 ], [ 77.407022477706903, 24.824925430385662 ], [ 77.407057429496561, 24.824848939436816 ], [ 77.40708591101928, 24.824770245285375 ], [ 77.407107759250181, 24.824689804746679 ], [ 77.407122848718927, 24.824608081211419 ], [ 77.407131090490296, 24.824525548251039 ], [ 77.407121973850508, 24.824157243840602 ], [ 77.404611794310227, 24.824267442009141 ], [ 77.404421762969591, 24.821098278034651 ], [ 77.40156802618317, 24.821426345418338 ], [ 77.400087178285744, 24.82119346467417 ], [ 77.399363583228237, 24.821545883807172 ], [ 77.398192207663087, 24.82211637808026 ], [ 77.396021584983131, 24.824073091536182 ], [ 77.395647917557113, 24.824511973220257 ], [ 77.396600354426312, 24.826558456571004 ], [ 77.395803441075813, 24.827194807391383 ], [ 77.395778593877864, 24.827211569602547 ], [ 77.394261494431987, 24.828234966909839 ], [ 77.393212651844138, 24.828429789663367 ], [ 77.390462782953321, 24.828584337484259 ], [ 77.390208365306975, 24.828624175848184 ], [ 77.389522521508184, 24.828678771490932 ], [ 77.388118684266487, 24.828865082827161 ], [ 77.387225792322297, 24.82866835608246 ], [ 77.386280601833462, 24.828325208328259 ], [ 77.384969906029198, 24.827849349999696 ], [ 77.38302424559231, 24.827365557631964 ], [ 77.382746629262485, 24.827060665080467 ], [ 77.382264566196184, 24.825307532802078 ], [ 77.382216889865703, 24.824772542847995 ], [ 77.382030122042565, 24.823639347426404 ], [ 77.381427420723469, 24.821080797692996 ], [ 77.38140025676276, 24.820679593180905 ], [ 77.381375716212474, 24.82031710067761 ], [ 77.381734897031279, 24.819280587586206 ], [ 77.381622627187937, 24.817240387870712 ], [ 77.381799715160568, 24.816000466404013 ], [ 77.38277869676925, 24.813748707119256 ], [ 77.383325764275142, 24.812427999152977 ], [ 77.383635671155744, 24.811782091129437 ], [ 77.382121109565787, 24.811906282364237 ], [ 77.380808836431797, 24.811922084420772 ], [ 77.379045340421911, 24.811816537652835 ], [ 77.376865424172848, 24.812045469092162 ], [ 77.37571727980243, 24.812239472879043 ], [ 77.375233133429646, 24.810415629652105 ], [ 77.374890276288411, 24.809400443133104 ], [ 77.374375310884261, 24.806868453013827 ], [ 77.374097423720187, 24.804986079067202 ], [ 77.373591970902709, 24.803295590143918 ], [ 77.374074482322555, 24.8029456857657 ], [ 77.374290706028447, 24.802861806056828 ], [ 77.374962529221605, 24.803137728205559 ], [ 77.375887098121154, 24.803222522481121 ], [ 77.376878773891747, 24.803209809846305 ], [ 77.378330055053596, 24.803191196027253 ], [ 77.381651941461556, 24.80295432510491 ], [ 77.382427636166042, 24.80289900204793 ], [ 77.383330072969329, 24.802465221746505 ], [ 77.383574872930154, 24.801638517810844 ], [ 77.382531655613775, 24.799917934332264 ], [ 77.38288530894485, 24.799510499411877 ], [ 77.383661807120845, 24.79911803900546 ], [ 77.384584746303091, 24.799572018902342 ], [ 77.385057422683317, 24.79995501926069 ], [ 77.385311331394121, 24.801297478425266 ], [ 77.385867394583016, 24.802882726236358 ], [ 77.386829880966445, 24.804161536231028 ], [ 77.387511236614102, 24.804087865927702 ], [ 77.390415530360386, 24.803902695255246 ], [ 77.391267968156157, 24.803920595806179 ], [ 77.392095536512983, 24.803938790846018 ], [ 77.393170759112124, 24.804473622975127 ], [ 77.393606747035648, 24.804204077653857 ], [ 77.395743982470975, 24.802484538912442 ], [ 77.396203726086554, 24.802129128783687 ], [ 77.398306888997183, 24.800503203575204 ], [ 77.398600502037183, 24.798875894542373 ], [ 77.398869925317896, 24.797752450469275 ], [ 77.398096876913229, 24.795728387431232 ], [ 77.397891359430275, 24.795281461406617 ], [ 77.396590222464596, 24.792451876700667 ], [ 77.39603994709131, 24.791276591339692 ], [ 77.395574679850711, 24.790365255540724 ], [ 77.396578447578563, 24.789018249641391 ], [ 77.394719333894258, 24.788650194328159 ], [ 77.393678679537956, 24.788616711631295 ], [ 77.392666651484348, 24.788618582037294 ], [ 77.392014322924339, 24.788244886253864 ], [ 77.390173311918986, 24.786911403371352 ], [ 77.389108156473085, 24.78639496176967 ], [ 77.386797139745667, 24.786336911722898 ], [ 77.385790432745992, 24.786372856030614 ], [ 77.385182450917355, 24.78633398826338 ], [ 77.381448435027977, 24.786079032479012 ], [ 77.380107732122497, 24.785999523124516 ], [ 77.378675409035239, 24.784399728849852 ], [ 77.377253464941219, 24.784103800072277 ], [ 77.374916333258042, 24.783852177440018 ], [ 77.374629655804895, 24.783821310244424 ], [ 77.374242908553526, 24.783696948576456 ], [ 77.372950592526479, 24.783132507085185 ], [ 77.370721149999568, 24.78171479744578 ], [ 77.369294535254369, 24.780778213052645 ], [ 77.367961415583295, 24.77990298388103 ], [ 77.365931690185334, 24.778833780232993 ], [ 77.36199816107235, 24.780460518598872 ], [ 77.361929098466419, 24.780509209147613 ], [ 77.361398326148489, 24.780883424003505 ], [ 77.360179459138138, 24.778751785943296 ], [ 77.359505483930164, 24.776778174323209 ], [ 77.358938666183107, 24.77388965853844 ], [ 77.359186252258382, 24.771436108575475 ], [ 77.357785189352427, 24.771381667279044 ], [ 77.356742480898717, 24.771107596130079 ], [ 77.356599064727021, 24.770802071214245 ], [ 77.35635562032347, 24.768951768919028 ], [ 77.353392193359724, 24.770795771566348 ], [ 77.352902780456532, 24.771249998594193 ], [ 77.352307613235567, 24.771631182965017 ], [ 77.351337472135214, 24.773185416922026 ], [ 77.349310756642609, 24.774376381343689 ], [ 77.349314365264306, 24.774900551302022 ], [ 77.349527552237575, 24.775522183705505 ], [ 77.350332164807966, 24.776187951974173 ], [ 77.351165940473763, 24.777192608064841 ], [ 77.351167665687171, 24.778893807835647 ], [ 77.351084095462355, 24.779203270381032 ], [ 77.349771790766212, 24.780170523873746 ], [ 77.347892096927296, 24.781380185601453 ], [ 77.346805014454773, 24.782079746117354 ], [ 77.346238786065129, 24.782046169234434 ], [ 77.344865970607401, 24.781577343284305 ], [ 77.34353983476322, 24.781264197167076 ], [ 77.340798448272153, 24.781710482785645 ], [ 77.339318750686289, 24.782321347990457 ], [ 77.338501485854209, 24.783166370859984 ], [ 77.338227439720569, 24.784902642735045 ], [ 77.337589359033799, 24.786540372792309 ], [ 77.337458812850102, 24.787318708838001 ], [ 77.337096863307451, 24.789476681458677 ], [ 77.336974825713, 24.790204257461312 ], [ 77.336695527851575, 24.791600284198815 ], [ 77.336450503708519, 24.792774623060485 ], [ 77.335848014190063, 24.794974747817832 ], [ 77.335308077611643, 24.796501672691104 ], [ 77.334561151794006, 24.79756915231658 ], [ 77.331927655272523, 24.79859198071626 ], [ 77.3310270194617, 24.799665899033812 ], [ 77.331199876218591, 24.800265115932522 ], [ 77.332546837363495, 24.800023884602862 ], [ 77.334334409292481, 24.799394229001773 ], [ 77.335151297315207, 24.799466575617458 ], [ 77.336014370537896, 24.799124585313592 ], [ 77.337025896438519, 24.797520800678626 ], [ 77.33718919208755, 24.797261888318239 ], [ 77.338037437052861, 24.796515012896084 ], [ 77.340843177857352, 24.798094527438668 ], [ 77.343296068872505, 24.799348076032853 ], [ 77.343579339061705, 24.801309093396068 ], [ 77.343701642184072, 24.804038216950815 ], [ 77.342476353506726, 24.803290553980084 ], [ 77.341176906710771, 24.802689665264545 ], [ 77.339893885460668, 24.802030031376805 ], [ 77.338854088099296, 24.802303137696128 ], [ 77.337661372562934, 24.802486425458184 ], [ 77.337339532704704, 24.802262636862903 ], [ 77.337222407783202, 24.801767179975659 ], [ 77.336337983346496, 24.801878913011283 ], [ 77.335467192179948, 24.802294315309666 ], [ 77.335131628936537, 24.802720059956279 ], [ 77.334716838269983, 24.804810072171112 ], [ 77.334435678054689, 24.806398098839718 ], [ 77.334315801684355, 24.807460008169421 ], [ 77.334216234709302, 24.808341985927509 ], [ 77.33442019614246, 24.810037679172282 ], [ 77.334947542431692, 24.811086443225733 ], [ 77.33583013309152, 24.812841663547932 ], [ 77.337859528883669, 24.812428663732543 ], [ 77.338993299940668, 24.811585659894359 ], [ 77.339472407927374, 24.809593053835783 ], [ 77.339327271212071, 24.808593460926961 ], [ 77.343630305412916, 24.808554406882983 ], [ 77.345249086936093, 24.808539680033888 ], [ 77.34642537820443, 24.808570959841781 ], [ 77.3474413472387, 24.80887896405206 ], [ 77.347547640173673, 24.80891118755337 ], [ 77.350352470513045, 24.809856114219468 ], [ 77.35076288662377, 24.810139565325695 ], [ 77.350294796146102, 24.810891808564545 ], [ 77.34945571153149, 24.8123872592721 ], [ 77.349523379082243, 24.812993087859827 ], [ 77.351585448206933, 24.814464721438792 ], [ 77.352625964387741, 24.81506443465959 ], [ 77.353811537111014, 24.815709493133557 ], [ 77.354067927412757, 24.81602137014513 ], [ 77.353578309041609, 24.816446939357206 ], [ 77.353338329664467, 24.817057960852321 ], [ 77.352777054080107, 24.818252169789147 ], [ 77.352342975369098, 24.818839662589962 ], [ 77.351374676685609, 24.81929862952521 ], [ 77.350616534043056, 24.819766842033349 ], [ 77.349961087189271, 24.819636422260771 ], [ 77.34644884168975, 24.818266333184042 ], [ 77.345013542081048, 24.818306744007234 ], [ 77.343682218385837, 24.818732750025593 ], [ 77.343546170037925, 24.81754164346059 ], [ 77.34309393408769, 24.817271855257701 ], [ 77.34034513720826, 24.816615782216747 ], [ 77.339519624492539, 24.816418739094772 ], [ 77.336513463560422, 24.815598054115956 ], [ 77.332798897486711, 24.815051027693581 ], [ 77.331964468048682, 24.814705968887626 ], [ 77.331287549392584, 24.81442603988873 ], [ 77.3290961601124, 24.814646175038732 ], [ 77.328669804676636, 24.814560455076162 ], [ 77.327690459021596, 24.814069416284262 ], [ 77.327223629495464, 24.814172241541051 ], [ 77.327021245577413, 24.815114983326069 ], [ 77.326706822205423, 24.815549393792118 ], [ 77.326247423692948, 24.815774677867029 ], [ 77.325658949200019, 24.815664912550943 ], [ 77.32472485677151, 24.815535365113039 ], [ 77.322728295480033, 24.816123384382827 ], [ 77.321916836747491, 24.816620376790311 ], [ 77.321556142657258, 24.816886171070905 ], [ 77.321731669378025, 24.817301781440346 ], [ 77.321554872243581, 24.817728039742214 ], [ 77.320825811250273, 24.81831912741001 ], [ 77.319372374756128, 24.818766313494269 ], [ 77.319246749685121, 24.818163188741718 ] ], [ [ 77.280209961794057, 24.983062454175542 ], [ 77.280108788556475, 24.983063603407651 ], [ 77.279975352746789, 24.983064708452954 ], [ 77.279740736487526, 24.983066238892132 ], [ 77.279506115959691, 24.983067049127985 ], [ 77.279271493173795, 24.983067136466637 ], [ 77.279036872080653, 24.983066502744691 ], [ 77.278802254682574, 24.983065146171342 ], [ 77.278567643939468, 24.983063068575579 ], [ 77.278333041837087, 24.983060269972718 ], [ 77.27829321904683, 24.983061714734511 ], [ 77.278254554882579, 24.983052905099893 ], [ 77.278220166107971, 24.983034545878191 ], [ 77.278192822433695, 24.983008121342749 ], [ 77.278174725830695, 24.982975757167857 ], [ 77.278167334614594, 24.982940062838132 ], [ 77.278171247546339, 24.98290391310487 ], [ 77.278186146458083, 24.982870222665468 ], [ 77.278210831173922, 24.982841705293243 ], [ 77.278235297087875, 24.982257691027534 ], [ 77.278159493279745, 24.982261587086978 ], [ 77.278083953719516, 24.982268529604308 ], [ 77.27800882220086, 24.982278505229825 ], [ 77.277934247529728, 24.982291494330379 ], [ 77.277860374607343, 24.982307470921256 ], [ 77.277787348376762, 24.982326404502885 ], [ 77.277715308893661, 24.982348257313276 ], [ 77.27764440021906, 24.982372987105698 ], [ 77.277574756556007, 24.982400546139409 ], [ 77.277510937883179, 24.982414159233109 ], [ 77.277445668487019, 24.982419607673855 ], [ 77.277380197872859, 24.982416783617751 ], [ 77.277315783931186, 24.982405744561344 ], [ 77.277253659349128, 24.982386702246664 ], [ 77.277195018753858, 24.982360019853303 ], [ 77.277140984049993, 24.982326209926303 ], [ 77.277092589682056, 24.982285920715807 ], [ 77.277050766897446, 24.982239923412084 ], [ 77.2770149569875, 24.982136819836715 ], [ 77.276979033874937, 24.982033748802202 ], [ 77.276942995578338, 24.981930710293245 ], [ 77.276906845062172, 24.981827705235645 ], [ 77.276870580353318, 24.981724732711076 ], [ 77.276834201435378, 24.981621794525608 ], [ 77.276797710298624, 24.981518889791261 ], [ 77.276761102988402, 24.981416017574503 ], [ 77.276724383451509, 24.981313179711805 ], [ 77.2766975859426, 24.98122479939234 ], [ 77.276684054187157, 24.981133940419209 ], [ 77.276684029617186, 24.981042248353646 ], [ 77.276697512759853, 24.98095138226136 ], [ 77.276724262474318, 24.980862990322056 ], [ 77.276763792315776, 24.980778674579696 ], [ 77.276815385707636, 24.980699957643246 ], [ 77.276878107941059, 24.980628271038789 ], [ 77.27695082640814, 24.980564910208702 ], [ 77.277036969680978, 24.980468463658134 ], [ 77.277109432163996, 24.98036308413813 ], [ 77.277167110138336, 24.980250376221409 ], [ 77.277209127786904, 24.980132052793437 ], [ 77.277234844310669, 24.980009915236749 ], [ 77.277243869078731, 24.979885821936023 ], [ 77.277236064871687, 24.979761658498717 ], [ 77.277211553031677, 24.979639316118554 ], [ 77.277170701910137, 24.979520654458994 ], [ 77.277139918722156, 24.979412975253833 ], [ 77.277102346511683, 24.979307100912028 ], [ 77.27705811181572, 24.979203387330781 ], [ 77.277007364032443, 24.979102182453197 ], [ 77.276950271466305, 24.979003825335315 ], [ 77.276887027272309, 24.978908646191197 ], [ 77.276817844518703, 24.978816964549544 ], [ 77.276742952232084, 24.978729088319856 ], [ 77.276662604339066, 24.978645311152125 ], [ 77.276616666753952, 24.97860857641145 ], [ 77.276566921619491, 24.978576223413427 ], [ 77.276513869272605, 24.978548578406837 ], [ 77.276458044184267, 24.978525919133293 ], [ 77.276400008032667, 24.978508473870431 ], [ 77.276340346747688, 24.978496419603932 ], [ 77.276279658680494, 24.978489875614585 ], [ 77.276218557501025, 24.978488911628872 ], [ 77.276157657470264, 24.978493533256078 ], [ 77.276045647354252, 24.978531622698444 ], [ 77.275933126699414, 24.978568443749612 ], [ 77.275820114391834, 24.978603990231338 ], [ 77.275706626353681, 24.978638255039549 ], [ 77.275592681437843, 24.978671235608374 ], [ 77.275478294584161, 24.978702923923201 ], [ 77.275363487626322, 24.978733316537959 ], [ 77.275248274480163, 24.978762409042879 ], [ 77.275132674023851, 24.978790196163011 ], [ 77.275088153066491, 24.978779939155785 ], [ 77.275045286126769, 24.978764928065871 ], [ 77.275004681590005, 24.978745377089208 ], [ 77.274966916534325, 24.978721564304873 ], [ 77.274932525890591, 24.978693825269652 ], [ 77.274901999436281, 24.978662556607588 ], [ 77.274875770048311, 24.978628200566256 ], [ 77.274854206775686, 24.978591244060318 ], [ 77.274837620834504, 24.978552213298645 ], [ 77.274768199628042, 24.978415832676674 ], [ 77.274694775264834, 24.978281203198911 ], [ 77.274617405301484, 24.978148423743505 ], [ 77.274536141382569, 24.978017589530133 ], [ 77.274451046041804, 24.977888796765232 ], [ 77.274362178873318, 24.977762138019877 ], [ 77.274269604432305, 24.977637704999829 ], [ 77.274173389271397, 24.977515587619898 ], [ 77.274073604912687, 24.977395874026588 ], [ 77.274012264397882, 24.977316002960386 ], [ 77.273941840514695, 24.97724262071398 ], [ 77.273863151742404, 24.977176579798108 ], [ 77.273777116372116, 24.977118653110839 ], [ 77.273684734881797, 24.977069511224517 ], [ 77.273587082942882, 24.977029728654614 ], [ 77.273485295735952, 24.976999765677448 ], [ 77.273380559975507, 24.976979973688024 ], [ 77.273274095203547, 24.976970582413166 ], [ 77.272750054015631, 24.976818645642876 ], [ 77.272816540915542, 24.976466374266593 ], [ 77.272929687247299, 24.976259469900107 ], [ 77.273042094149304, 24.976052231911755 ], [ 77.273153758668556, 24.975844658474269 ], [ 77.273264679758668, 24.975636755903238 ], [ 77.273374856439872, 24.975428523289843 ], [ 77.27348428865659, 24.975219966957269 ], [ 77.273592972465238, 24.975011085070644 ], [ 77.273700908826001, 24.974801881251551 ], [ 77.273808095735149, 24.974592358195785 ], [ 77.273841276896604, 24.974488028766817 ], [ 77.273859515755177, 24.974380684639225 ], [ 77.273862515606339, 24.974272094593665 ], [ 77.273850225275552, 24.974164048256949 ], [ 77.273822848273596, 24.974058329981617 ], [ 77.273780834227225, 24.97395668084841 ], [ 77.273724877103263, 24.973860776074833 ], [ 77.273655900587059, 24.973772198712865 ], [ 77.273575038557951, 24.973692407890404 ], [ 77.273503583615067, 24.973618370903363 ], [ 77.273437683013753, 24.973540171534101 ], [ 77.273377628822914, 24.973458154321779 ], [ 77.273323683236868, 24.973372679832536 ], [ 77.27327608745027, 24.973284129242799 ], [ 77.273235051884598, 24.973192889814189 ], [ 77.273200756054905, 24.973099369342286 ], [ 77.273173352708213, 24.973003977222568 ], [ 77.273152962770084, 24.972907135249251 ], [ 77.27320850558597, 24.972840917602763 ], [ 77.273274751208092, 24.972783454966201 ], [ 77.273350063542992, 24.972736172554203 ], [ 77.27343257704068, 24.972700238233131 ], [ 77.273520250384209, 24.972676542162787 ], [ 77.273610916282379, 24.972665669182508 ], [ 77.273702329104793, 24.972667890146859 ], [ 77.273792231390345, 24.972683147985922 ], [ 77.273878396361354, 24.972711067063223 ], [ 77.273949907268317, 24.972727003670212 ], [ 77.274022516284234, 24.972738082568124 ], [ 77.274095824681694, 24.972744241990895 ], [ 77.274169431484424, 24.972745449056397 ], [ 77.274242934491525, 24.972741696161613 ], [ 77.274315934215807, 24.972733003722411 ], [ 77.274388027931153, 24.972719421031055 ], [ 77.274458825574399, 24.972701020959168 ], [ 77.274527937823663, 24.972677903479134 ], [ 77.274622137427116, 24.97262962194398 ], [ 77.274706700178044, 24.972568283820063 ], [ 77.274779471472186, 24.972495457602253 ], [ 77.274838593308829, 24.972412996744733 ], [ 77.27488255709882, 24.972323007550777 ], [ 77.274910240911524, 24.972227785333246 ], [ 77.274920940683742, 24.972129760464252 ], [ 77.274914380714591, 24.972031434331306 ], [ 77.274890729129737, 24.97193531352654 ], [ 77.274877244383816, 24.971755863227557 ], [ 77.274874613480222, 24.971576008477008 ], [ 77.274882843225186, 24.971396294821439 ], [ 77.2749019077485, 24.97121726574834 ], [ 77.274931753441081, 24.971039464529905 ], [ 77.274972285127262, 24.970863429601991 ], [ 77.275023381917109, 24.970689694685046 ], [ 77.275084890313465, 24.970518784216505 ], [ 77.275156621182319, 24.97035121964911 ], [ 77.275180255181979, 24.970246527592781 ], [ 77.275190632123255, 24.970140061273018 ], [ 77.275187615360537, 24.970033211381249 ], [ 77.275171243578527, 24.969927372659054 ], [ 77.275141731930773, 24.969823927650648 ], [ 77.27509946626823, 24.969724227692723 ], [ 77.275044997368113, 24.969629573904854 ], [ 77.27497903809325, 24.969541202717991 ], [ 77.274902449679317, 24.9694602686107 ], [ 77.274838749829129, 24.969436056448906 ], [ 77.274779786902528, 24.969403360389741 ], [ 77.274726912324994, 24.969362930474681 ], [ 77.27468133523719, 24.969315689057421 ], [ 77.274644098818143, 24.969262719783661 ], [ 77.274616056800483, 24.969205235800718 ], [ 77.27459785191779, 24.969144553399978 ], [ 77.274589899347404, 24.969082061182998 ], [ 77.27459238203366, 24.969019190221626 ], [ 77.27462666668896, 24.96889563301308 ], [ 77.274654796642594, 24.968770789477144 ], [ 77.274676712084528, 24.968644915650188 ], [ 77.274692369056439, 24.968518267689479 ], [ 77.274701736446318, 24.968391105462448 ], [ 77.27470479604662, 24.96826368622559 ], [ 77.274701539515178, 24.968136271825834 ], [ 77.27469209029131, 24.968012986938277 ], [ 77.274676121088504, 24.967882492863435 ], [ 77.274604453269575, 24.967770936631958 ], [ 77.274529551165131, 24.967661161833156 ], [ 77.274451466586697, 24.967553244723391 ], [ 77.27437025431729, 24.9674472615818 ], [ 77.274285973076914, 24.967343291426999 ], [ 77.274198682675603, 24.967241402448288 ], [ 77.274108443821717, 24.967141672776219 ], [ 77.274089583025955, 24.967121923621804 ], [ 77.274446369672305, 24.966601745136717 ], [ 77.274504731857803, 24.96656961304797 ], [ 77.274560052539186, 24.966533283300116 ], [ 77.274611967908285, 24.966492992437392 ], [ 77.274660138641906, 24.966449007899001 ], [ 77.274704248053808, 24.966401613554432 ], [ 77.274744008912819, 24.966351122399544 ], [ 77.274779158589368, 24.966297865681668 ], [ 77.274809466989211, 24.966242192057187 ], [ 77.274834737560596, 24.9661844657928 ], [ 77.274837633697445, 24.966105753311616 ], [ 77.274833576406991, 24.966027085043965 ], [ 77.274822593710795, 24.965948968768281 ], [ 77.274804754264153, 24.965871910767419 ], [ 77.2747801753479, 24.965796408664762 ], [ 77.274749014917319, 24.965722954072856 ], [ 77.274711475664915, 24.965652021786909 ], [ 77.274667800057983, 24.965584070650113 ], [ 77.274618272328212, 24.965519542665756 ], [ 77.274552837266143, 24.965479715404189 ], [ 77.274493866093437, 24.965432236639103 ], [ 77.274442424823349, 24.965377967118403 ], [ 77.274399448552543, 24.965317889412756 ], [ 77.274365714846795, 24.965253093260323 ], [ 77.274341836024902, 24.96518475292886 ], [ 77.27432824347575, 24.965114109031628 ], [ 77.274325187926749, 24.965042439628903 ], [ 77.274332718766274, 24.964971046521956 ], [ 77.27435226369262, 24.964925462447404 ], [ 77.274363627084512, 24.964877631814961 ], [ 77.274366519420028, 24.964828760804636 ], [ 77.274360867816199, 24.964780091576475 ], [ 77.274346815462422, 24.964732856205746 ], [ 77.274324719879402, 24.964688250479036 ], [ 77.27429513927413, 24.964647409404837 ], [ 77.274258823040867, 24.964611362887375 ], [ 77.274216694012154, 24.964581026559525 ], [ 77.274144701578777, 24.964519028251868 ], [ 77.27407623934667, 24.964453793058389 ], [ 77.27401148016132, 24.96438548577817 ], [ 77.273950593803121, 24.964314281121421 ], [ 77.273893732136102, 24.964240362692316 ], [ 77.273841041029073, 24.964163919467509 ], [ 77.273792658382689, 24.964085144878172 ], [ 77.273748704172959, 24.964004242152171 ], [ 77.273709291415329, 24.963921417172994 ], [ 77.273670130054697, 24.963746063981791 ], [ 77.27363566047039, 24.963569893329293 ], [ 77.273605903461061, 24.963393011045046 ], [ 77.273580879841532, 24.963215521152019 ], [ 77.273560597539756, 24.963037528476796 ], [ 77.27354507438983, 24.962859137921736 ], [ 77.273534316321303, 24.962680456103662 ], [ 77.273528331261502, 24.962501587847846 ], [ 77.273527123150259, 24.962322640657938 ], [ 77.273514519460548, 24.962199830867789 ], [ 77.273485730252901, 24.962079310006231 ], [ 77.273441178165697, 24.961962841526809 ], [ 77.273381516175888, 24.961852134652347 ], [ 77.273307617007603, 24.961748810878195 ], [ 77.273220565405282, 24.961654382239054 ], [ 77.273121637487037, 24.961570233992084 ], [ 77.273012279175347, 24.961497600068103 ], [ 77.272894096482773, 24.961437542226403 ], [ 77.27281666871572, 24.961400176217634 ], [ 77.27274830928782, 24.961350227765035 ], [ 77.272691443860083, 24.961289473925973 ], [ 77.272648095324215, 24.961220070692018 ], [ 77.272619803181144, 24.961144486438105 ], [ 77.272607571950559, 24.961065403082273 ], [ 77.272611836272461, 24.960985633630305 ], [ 77.272632445107206, 24.96090801006476 ], [ 77.272668665564225, 24.960835291254668 ], [ 77.27269055678893, 24.960721389426027 ], [ 77.27270560083555, 24.960606569785536 ], [ 77.272713754934003, 24.960491174296756 ], [ 77.272714991190682, 24.960375543230242 ], [ 77.272709307410096, 24.960260023375007 ], [ 77.272696723223959, 24.960144958074242 ], [ 77.272677273131336, 24.960030689881325 ], [ 77.272651015430768, 24.959917558822035 ], [ 77.27261803025543, 24.95980590057335 ], [ 77.27257575379079, 24.959746505106725 ], [ 77.272534650667694, 24.959686431354946 ], [ 77.272494729633593, 24.959625697448892 ], [ 77.27245600439737, 24.959564320654437 ], [ 77.272418489583174, 24.959502326372689 ], [ 77.272382195952872, 24.959439729137554 ], [ 77.272347134193112, 24.959376551610248 ], [ 77.272313316022803, 24.959312811944535 ], [ 77.272280753110678, 24.959248533712458 ], [ 77.272260467656892, 24.959147627304233 ], [ 77.272243564251525, 24.959046204096484 ], [ 77.272230059848965, 24.95894435814678 ], [ 77.272219968423244, 24.958842184392754 ], [ 77.272213296015025, 24.958739778613996 ], [ 77.272210103766881, 24.958638884338015 ], [ 77.272210237425043, 24.958534647815753 ], [ 77.272213852427754, 24.958432114270519 ], [ 77.272220894785676, 24.958329728985426 ], [ 77.27250647537555, 24.957796473111067 ], [ 77.274569818815792, 24.958172804075815 ], [ 77.276179713972738, 24.958392657539708 ], [ 77.277440496964573, 24.958772815895617 ], [ 77.277755828726768, 24.956762468628828 ], [ 77.277880821654179, 24.955237301933447 ], [ 77.277988597327791, 24.954276808118461 ], [ 77.278589141692549, 24.954722002327838 ], [ 77.280208334382394, 24.955575519454619 ], [ 77.280998800933133, 24.955691699570689 ], [ 77.282416776820298, 24.955712519044646 ], [ 77.283240867353172, 24.955758847901407 ], [ 77.283614589174192, 24.953363051778069 ], [ 77.2838530386435, 24.952533724095439 ], [ 77.282883692629568, 24.951545001570398 ], [ 77.281441338734183, 24.950178489378011 ], [ 77.278660026767682, 24.949437058495658 ], [ 77.275897571079184, 24.948824229678021 ], [ 77.276784141488847, 24.947789675986051 ], [ 77.278365387645707, 24.94638974516128 ], [ 77.27947644463022, 24.945446866357287 ], [ 77.279650414320557, 24.943827586675521 ], [ 77.280065242320333, 24.941335063231577 ], [ 77.280218112723588, 24.940023290627561 ], [ 77.279829448699047, 24.93893549378598 ], [ 77.279155352828525, 24.937556048504128 ], [ 77.278357152613637, 24.936490431895102 ], [ 77.27755490618037, 24.936383819946155 ], [ 77.277506480558387, 24.936379717090976 ], [ 77.277458007942329, 24.936376093429438 ], [ 77.277409495231439, 24.936372952626755 ], [ 77.27736094838437, 24.936370292922184 ], [ 77.277312372352725, 24.936368114353552 ], [ 77.277263773070302, 24.936366417869252 ], [ 77.277215157469442, 24.936365203522392 ], [ 77.277166528521008, 24.936364471335491 ], [ 77.277117894139536, 24.936364222272314 ], [ 77.277089728992038, 24.936420455992181 ], [ 77.277054767292185, 24.936473425253944 ], [ 77.277013461026826, 24.936522448927608 ], [ 77.27696633799215, 24.936566896135371 ], [ 77.27691400166934, 24.936606199798511 ], [ 77.276857126305586, 24.936639852987014 ], [ 77.27679644290663, 24.936667424166608 ], [ 77.276732727317977, 24.936688560720381 ], [ 77.276666799217381, 24.936702990747342 ], [ 77.276561674273239, 24.93671963160395 ], [ 77.276454993775729, 24.936721359543242 ], [ 77.276349286919782, 24.936708131599701 ], [ 77.276247061795729, 24.936680260491247 ], [ 77.2761507410316, 24.936638411416869 ], [ 77.27606261056107, 24.936583571859511 ], [ 77.275984758280146, 24.936517043889641 ], [ 77.275919031789726, 24.936440407714638 ], [ 77.275866991245238, 24.936355478867895 ], [ 77.27582275597031, 24.936310237819701 ], [ 77.275769878473639, 24.936273507734683 ], [ 77.275710297645205, 24.936246634679524 ], [ 77.275646192423849, 24.936230603497595 ], [ 77.275579910837493, 24.936225999334841 ], [ 77.275513881998762, 24.936232991613817 ], [ 77.275450522092086, 24.936251325185335 ], [ 77.275392155076034, 24.936280326946623 ], [ 77.275340913351627, 24.936318936689524 ], [ 77.275261671060548, 24.936387222333831 ], [ 77.275191852205609, 24.936463584660387 ], [ 77.27513244333413, 24.93654694837241 ], [ 77.275084278391404, 24.936636138561497 ], [ 77.275048034558495, 24.936729902350201 ], [ 77.275024223237253, 24.936826919659726 ], [ 77.275013177963558, 24.936925824792244 ], [ 77.275015056195144, 24.937025227216292 ], [ 77.275029829263403, 24.93712372684308 ], [ 77.275038582644768, 24.937234951677681 ], [ 77.275039595578804, 24.937346457695732 ], [ 77.275032862242881, 24.937457799603308 ], [ 77.275018412503726, 24.937568528766231 ], [ 77.274996300948175, 24.937678201254268 ], [ 77.274966618760516, 24.937786378835227 ], [ 77.274929484858802, 24.937892623488498 ], [ 77.274885047734742, 24.937996512772479 ], [ 77.274833484579872, 24.938097627174081 ], [ 77.274682262472069, 24.938164567026408 ], [ 77.27452693609186, 24.938223169973522 ], [ 77.274368054124807, 24.938273230680721 ], [ 77.274206182863054, 24.938314568335301 ], [ 77.274041898181252, 24.938347037422822 ], [ 77.273875781615743, 24.938370523181476 ], [ 77.273708428279392, 24.938384942566135 ], [ 77.273540427076796, 24.938390241387133 ], [ 77.273372380421023, 24.938386404396283 ], [ 77.273294365834033, 24.936318277838357 ], [ 77.273267943450008, 24.935878205487946 ], [ 77.273310740328768, 24.935239734622009 ], [ 77.276575328199002, 24.934995893290715 ], [ 77.277629362507497, 24.934811742697441 ], [ 77.277896990015421, 24.934764984831638 ], [ 77.278995909285911, 24.934319492630905 ], [ 77.279481266283923, 24.934379232441096 ], [ 77.280078995599055, 24.935029726417074 ], [ 77.281504176764116, 24.936118594208288 ], [ 77.282547922724106, 24.937131140784391 ], [ 77.283748588693911, 24.937667004076548 ], [ 77.284823684685165, 24.938039761056345 ], [ 77.285304905702134, 24.937880914545566 ], [ 77.286403712305543, 24.936984532918451 ], [ 77.289164011654634, 24.934764953461276 ], [ 77.291050529499429, 24.933084872955401 ], [ 77.292237578157724, 24.932410203706798 ], [ 77.294539703698888, 24.931312118039354 ], [ 77.29542737369799, 24.932984120015952 ], [ 77.296043023518621, 24.934035082466739 ], [ 77.295408174016757, 24.935065144953239 ], [ 77.29500256922995, 24.93616246852805 ], [ 77.294160030118618, 24.937916495271089 ], [ 77.293966443575954, 24.938658030220168 ], [ 77.294639410052596, 24.939505834821588 ], [ 77.295402489821214, 24.94269788547912 ], [ 77.295561974858686, 24.943499136717854 ], [ 77.296100262182676, 24.946174306245201 ], [ 77.296558238926693, 24.947787677352803 ], [ 77.296733983374651, 24.949099887962053 ], [ 77.296765309775637, 24.949539598173764 ], [ 77.296924009384512, 24.951194558145104 ], [ 77.297022191821043, 24.953404905668506 ], [ 77.296701920951406, 24.955011244005203 ], [ 77.296185256458287, 24.956770917872472 ], [ 77.296175226575372, 24.956843950087112 ], [ 77.295843867350698, 24.959256843480095 ], [ 77.295763974450921, 24.959650162558823 ], [ 77.296491467352396, 24.960585262689104 ], [ 77.296923821809202, 24.961241623289173 ], [ 77.297493948698076, 24.962018972813475 ], [ 77.297853995819423, 24.962129184961636 ], [ 77.299781769598098, 24.962396616170061 ], [ 77.299824003660888, 24.963121786133748 ], [ 77.299785979749601, 24.96348829194956 ], [ 77.299086178114024, 24.965565739575354 ], [ 77.298352600998115, 24.966676814493564 ], [ 77.297632221474629, 24.967253208387191 ], [ 77.296285567270928, 24.96770598840709 ], [ 77.294823396933594, 24.968357364367954 ], [ 77.293811644415584, 24.968824370871658 ], [ 77.293364937727503, 24.968534315084749 ], [ 77.292109405094706, 24.968109532747139 ], [ 77.29090256643245, 24.968073097733498 ], [ 77.290553744403525, 24.968062564509545 ], [ 77.289253213222381, 24.967971196420912 ], [ 77.28911158942887, 24.968329249784997 ], [ 77.289064263601531, 24.968410244484684 ], [ 77.289007009014853, 24.968485724347754 ], [ 77.288940588798141, 24.968554683625349 ], [ 77.288865887193822, 24.968616199671512 ], [ 77.288783902433465, 24.968669453662571 ], [ 77.288695726882267, 24.968713734962691 ], [ 77.288602540013301, 24.968748451006523 ], [ 77.288505580535073, 24.96877314153847 ], [ 77.288406145432575, 24.96878747499354 ], [ 77.288349490535467, 24.968790079287377 ], [ 77.28829374119573, 24.968799635574726 ], [ 77.288239917504498, 24.968815969153464 ], [ 77.288189008006043, 24.968838779547429 ], [ 77.28814194682208, 24.968867650267001 ], [ 77.28809959380537, 24.968902052271318 ], [ 77.288062726532189, 24.968941352938312 ], [ 77.288032022313232, 24.968984833087806 ], [ 77.288008042268459, 24.969031694988619 ], [ 77.287960113357528, 24.969137958216454 ], [ 77.287919856825766, 24.969246832772729 ], [ 77.28788744035019, 24.969357860236812 ], [ 77.287863000988878, 24.96947057202037 ], [ 77.287846643166006, 24.969584492964596 ], [ 77.287838433709808, 24.969699142205478 ], [ 77.287838409761122, 24.969814035040148 ], [ 77.287846569823756, 24.969928686471473 ], [ 77.287862878700977, 24.97004261305176 ], [ 77.287845999469269, 24.970136790994591 ], [ 77.287818620041406, 24.970228896988313 ], [ 77.2877810306328, 24.970317960545078 ], [ 77.287733627180046, 24.970403043586821 ], [ 77.287676907279817, 24.970483251252766 ], [ 77.287611470132148, 24.970557738221355 ], [ 77.287538003554289, 24.970625720353183 ], [ 77.287457280951386, 24.970686480990562 ], [ 77.287370152300952, 24.97073938172738 ], [ 77.28727003582479, 24.970817849320902 ], [ 77.287176403972467, 24.970902709698525 ], [ 77.287089747289073, 24.970993516830379 ], [ 77.287010518932931, 24.971089796406087 ], [ 77.286939134675379, 24.971191045834168 ], [ 77.286875965965947, 24.971296734189156 ], [ 77.286821343828578, 24.971406309465962 ], [ 77.286775556888202, 24.971519197661628 ], [ 77.286738841438549, 24.971634805408954 ], [ 77.286596805595224, 24.971847962922812 ], [ 77.286453312300694, 24.972060306325158 ], [ 77.286308365579615, 24.972271828417284 ], [ 77.286161971446404, 24.972482521112159 ], [ 77.286014135915607, 24.972692376322954 ], [ 77.285864865992608, 24.972901385970232 ], [ 77.28571416472839, 24.973109541041413 ], [ 77.285562040127587, 24.973316832561583 ], [ 77.285408497198176, 24.973523254242352 ], [ 77.285341677299741, 24.973642427774706 ], [ 77.285285048917672, 24.973765908133121 ], [ 77.285238945635726, 24.973892974450504 ], [ 77.285203636850923, 24.974022882791623 ], [ 77.285179328722066, 24.974154870676053 ], [ 77.285166165068603, 24.974288167018937 ], [ 77.285164219451985, 24.974421991167809 ], [ 77.285173507014164, 24.974555558411044 ], [ 77.285193973511994, 24.974688087119649 ], [ 77.285205372833758, 24.974716350812429 ], [ 77.285209165462533, 24.974746264522217 ], [ 77.285205136857655, 24.974776152198338 ], [ 77.285193514358454, 24.974804340244493 ], [ 77.285174950482784, 24.974829250415546 ], [ 77.285150482529986, 24.974849483502748 ], [ 77.285121484207991, 24.974863908377504 ], [ 77.285089576952643, 24.974871716409741 ], [ 77.285056551203709, 24.974872470542159 ], [ 77.28499713510783, 24.97484789057285 ], [ 77.284938151849914, 24.97482246311403 ], [ 77.284879612262898, 24.974796195473623 ], [ 77.28482153215829, 24.974769092288152 ], [ 77.284763927330914, 24.974741160000228 ], [ 77.284706810586854, 24.97471240683603 ], [ 77.284650195731047, 24.974682840126274 ], [ 77.284594098550073, 24.974652467216682 ], [ 77.284538530883793, 24.974621293616792 ], [ 77.284485378369396, 24.974583894061436 ], [ 77.284427274672396, 24.974553219534467 ], [ 77.284365235414342, 24.974529806091962 ], [ 77.284300346706161, 24.974514065694269 ], [ 77.284233746457389, 24.974506271613791 ], [ 77.284166601540278, 24.974506563680738 ], [ 77.284100085144502, 24.974514932757383 ], [ 77.284035365739555, 24.974531236007561 ], [ 77.283973573481589, 24.97455518670651 ], [ 77.283873844743795, 24.974624712801436 ], [ 77.2837808523186, 24.974701605520163 ], [ 77.28369525010956, 24.974785327065479 ], [ 77.283617640970419, 24.974875288676369 ], [ 77.283548567730833, 24.974970856881288 ], [ 77.283488516093456, 24.975071361648041 ], [ 77.283437909672131, 24.975176097248692 ], [ 77.283397100033739, 24.9752843276022 ], [ 77.283366378528967, 24.975395292685981 ], [ 77.283377010203935, 24.97552967038758 ], [ 77.283394240039897, 24.975663476962051 ], [ 77.283418033833399, 24.975796446624539 ], [ 77.283448343534715, 24.975928310774492 ], [ 77.283485105216457, 24.976058803399013 ], [ 77.28352824798209, 24.976187662043856 ], [ 77.28357768602298, 24.976314629559511 ], [ 77.283633317677086, 24.976439448674974 ], [ 77.283695031298976, 24.976561870170791 ], [ 77.283716814054046, 24.976594161523757 ], [ 77.28373344382544, 24.976628908121896 ], [ 77.283744594935428, 24.976665427424496 ], [ 77.283750050961444, 24.976703007918207 ], [ 77.283749703696444, 24.976740914528129 ], [ 77.283743560909912, 24.976778406739221 ], [ 77.283731741270344, 24.97681475210516 ], [ 77.283714477194152, 24.97684923981706 ], [ 77.28369210479768, 24.976881195980393 ], [ 77.283510165331677, 24.977007979934925 ], [ 77.283428489722667, 24.977015279548155 ], [ 77.283347135742204, 24.977025107644213 ], [ 77.283266193676937, 24.977037450460735 ], [ 77.283185759750069, 24.977052295183938 ], [ 77.28310592528058, 24.977069623544011 ], [ 77.283026784576649, 24.97708941548791 ], [ 77.282948426001951, 24.977111650917486 ], [ 77.282870943955984, 24.977136299846077 ], [ 77.282794425861795, 24.977163336749978 ], [ 77.282718027745361, 24.977223101560224 ], [ 77.282649207668314, 24.977290080534569 ], [ 77.282588781438889, 24.977363478815395 ], [ 77.282537464476121, 24.977442428528981 ], [ 77.282495861843898, 24.977525995031527 ], [ 77.282464469166612, 24.9776131850433 ], [ 77.282443657567867, 24.977702968208714 ], [ 77.282433673619877, 24.977794282514683 ], [ 77.282434635279387, 24.977886045096724 ], [ 77.282467534828797, 24.978014296708995 ], [ 77.282504734749139, 24.978141568664434 ], [ 77.282546203459248, 24.978267740602135 ], [ 77.28259190046046, 24.978392692092868 ], [ 77.282641782231579, 24.978516308102964 ], [ 77.282695803319001, 24.978638468164945 ], [ 77.282753911241997, 24.978759061691871 ], [ 77.282816051578862, 24.978877973566181 ], [ 77.282882165935845, 24.978995089542806 ], [ 77.282920558771806, 24.979092508214176 ], [ 77.282967757564506, 24.979186658662158 ], [ 77.283023432509182, 24.979276878172705 ], [ 77.283087196034302, 24.979362536103721 ], [ 77.283158596872838, 24.979443032033991 ], [ 77.283237136880402, 24.979517798600906 ], [ 77.28332226397545, 24.979586314994148 ], [ 77.283413383120504, 24.979648098008486 ], [ 77.283509854216547, 24.979702715574952 ], [ 77.283552991090048, 24.979790929300481 ], [ 77.283576237040009, 24.979885155502426 ], [ 77.283578682502821, 24.979981708781253 ], [ 77.283560232237832, 24.980076812389722 ], [ 77.283521608941527, 24.980166745472104 ], [ 77.283464323149701, 24.980247992757636 ], [ 77.283390613596026, 24.980317374161498 ], [ 77.283303362781169, 24.980372176004007 ], [ 77.283205989007612, 24.980410254956862 ], [ 77.283078417219002, 24.980461583178467 ], [ 77.282949075079316, 24.980509083848911 ], [ 77.282818097818307, 24.980552706515269 ], [ 77.282685625595434, 24.980592403472066 ], [ 77.282551801485184, 24.980628133358433 ], [ 77.282416766556253, 24.980659857508165 ], [ 77.282280668763661, 24.98068754272678 ], [ 77.282143650093261, 24.980711158484251 ], [ 77.282005856428114, 24.980730681505939 ], [ 77.281909103634035, 24.980741081337456 ], [ 77.281811681280246, 24.980741843130289 ], [ 77.281714746789831, 24.980732958550554 ], [ 77.281619442678036, 24.980714532045742 ], [ 77.281526898515864, 24.980686782666076 ], [ 77.28143820621716, 24.98065003755362 ], [ 77.28135441607445, 24.980604731911708 ], [ 77.281276519989262, 24.980551400748357 ], [ 77.281205435643841, 24.980490676045513 ], [ 77.281101963420824, 24.980416876026279 ], [ 77.280997501650589, 24.980344241563067 ], [ 77.280892069074071, 24.98027278182813 ], [ 77.280785681418294, 24.980202510486532 ], [ 77.280678352486603, 24.980133434866737 ], [ 77.280570101968834, 24.980065568663935 ], [ 77.280460943668061, 24.979998919206636 ], [ 77.280350894309848, 24.979933499264462 ], [ 77.280239970669399, 24.979869316188612 ], [ 77.280180913320919, 24.97987379908081 ], [ 77.280124558547527, 24.979890513912718 ], [ 77.280073914816541, 24.979918570589543 ], [ 77.280031687047895, 24.979956470696528 ], [ 77.280000126236018, 24.980002190340915 ], [ 77.279980917436461, 24.980053293089373 ], [ 77.27997508653381, 24.980107047565486 ], [ 77.279982944250534, 24.980160589585445 ], [ 77.280004071034654, 24.980211056609331 ], [ 77.280035564104764, 24.980270691976212 ], [ 77.280069685218805, 24.980329112817582 ], [ 77.280106375787483, 24.980386225661082 ], [ 77.280145578228485, 24.980441935235802 ], [ 77.280187224018974, 24.980496150702759 ], [ 77.280231249572992, 24.980548783067007 ], [ 77.280277578415735, 24.980599744138207 ], [ 77.280326136994333, 24.98064895116714 ], [ 77.280376843796176, 24.980696324956334 ], [ 77.280429669667981, 24.98075366387209 ], [ 77.280472880496276, 24.980817341644503 ], [ 77.280505573904378, 24.980886031005586 ], [ 77.280527064506273, 24.980958297062497 ], [ 77.280536908370877, 24.981032630900085 ], [ 77.280534898762255, 24.981107482060779 ], [ 77.280528089418468, 24.981143836461907 ], [ 77.280521074776516, 24.981181289316872 ], [ 77.280495729995934, 24.981252509637233 ], [ 77.280459387347435, 24.98131965863697 ], [ 77.280426734478553, 24.981387687455243 ], [ 77.280400260235922, 24.981457912905388 ], [ 77.280380141334248, 24.981529867611719 ], [ 77.280366508005343, 24.981603074811574 ], [ 77.280359453888792, 24.981677050237096 ], [ 77.280359024117431, 24.981751304733571 ], [ 77.280365222252328, 24.981825344312302 ], [ 77.280378007227085, 24.981898679158682 ], [ 77.280397293355776, 24.981970822729163 ], [ 77.280447764784256, 24.98202564649284 ], [ 77.280493748052976, 24.982083657467697 ], [ 77.280535000220169, 24.982144551251928 ], [ 77.280571307216903, 24.982208008310856 ], [ 77.280602475912431, 24.982273694818868 ], [ 77.280628343980894, 24.982341267250771 ], [ 77.280648774972434, 24.982410369634266 ], [ 77.280663662234929, 24.982480638096103 ], [ 77.280672926891427, 24.982551705361704 ], [ 77.280663635583679, 24.98258512277819 ], [ 77.280657689629365, 24.982619169026151 ], [ 77.280655135198913, 24.982653564485844 ], [ 77.28065599665689, 24.982688030274058 ], [ 77.28066026470546, 24.982722284540735 ], [ 77.280667904260895, 24.982756047948598 ], [ 77.280678855427666, 24.982789045486093 ], [ 77.280693026537804, 24.982821009124116 ], [ 77.280710302085524, 24.982851676973503 ], [ 77.28089308339672, 24.983050425663603 ], [ 77.280783831739839, 24.983052630882423 ], [ 77.280444562601204, 24.983059479664334 ], [ 77.280209961794057, 24.983062454175542 ] ], [ [ 77.232869900403855, 24.885467744076646 ], [ 77.23241710613253, 24.885306409616597 ], [ 77.229573554027695, 24.884842305481964 ], [ 77.228728918037817, 24.884772466422476 ], [ 77.226997135615974, 24.884629256141867 ], [ 77.22715894705297, 24.883459233850292 ], [ 77.227199905411439, 24.883047677877684 ], [ 77.227341494729359, 24.881625017990448 ], [ 77.227346559915418, 24.881572486675871 ], [ 77.227601037786854, 24.878933961429492 ], [ 77.228618798323851, 24.878047391465248 ], [ 77.229753020514508, 24.876870944571159 ], [ 77.22984679101954, 24.8755013215285 ], [ 77.229424685581918, 24.874088757055979 ], [ 77.230018996329008, 24.873858228630624 ], [ 77.23088101179367, 24.87335101052248 ], [ 77.231924372934657, 24.87273330198855 ], [ 77.232978021357653, 24.872568512833528 ], [ 77.233914357323115, 24.872694410973782 ], [ 77.234973896810871, 24.872629120822065 ], [ 77.236206429457766, 24.873073581765045 ], [ 77.237563647747578, 24.873329334385406 ], [ 77.239959992179237, 24.873975570208003 ], [ 77.241547027085261, 24.874369554909858 ], [ 77.242794938225188, 24.874415741824542 ], [ 77.243779145177697, 24.874194068239884 ], [ 77.244375893074491, 24.87377790610104 ], [ 77.244825814507706, 24.873296729641186 ], [ 77.245756859751623, 24.872488315677948 ], [ 77.246654064847945, 24.871750807927516 ], [ 77.247220190759819, 24.871557807937855 ], [ 77.247555103069232, 24.871705909158724 ], [ 77.24819302109637, 24.871919354815944 ], [ 77.248759619734045, 24.872282289147257 ], [ 77.249010337845519, 24.87209682252054 ], [ 77.249965355464269, 24.871650900100001 ], [ 77.250881565790934, 24.871313711284454 ], [ 77.251598331075755, 24.870756874602424 ], [ 77.252067826344685, 24.869777385759981 ], [ 77.252664129187309, 24.868768866754436 ], [ 77.253958515915713, 24.868388693356106 ], [ 77.25577087947616, 24.86811389371573 ], [ 77.256569514256924, 24.868900617272946 ], [ 77.257611670867036, 24.868093881257526 ], [ 77.258784122453079, 24.867282285550282 ], [ 77.260252104908645, 24.866405876952093 ], [ 77.262190295732452, 24.865248705148723 ], [ 77.263218788141998, 24.864418258931252 ], [ 77.263865617584884, 24.863314093022154 ], [ 77.264513434036189, 24.861994916228596 ], [ 77.266685181845801, 24.861984084943582 ], [ 77.26719798767779, 24.863380289718297 ], [ 77.267574532106821, 24.864118841800131 ], [ 77.267590628325507, 24.864560356961839 ], [ 77.2682247993027, 24.865930659625953 ], [ 77.268557325288015, 24.8661606899039 ], [ 77.268816266986505, 24.8663398168766 ], [ 77.271144979595675, 24.865750676032732 ], [ 77.272215867862968, 24.8666876514175 ], [ 77.273656359151701, 24.867169545043204 ], [ 77.274805416164043, 24.867288685588552 ], [ 77.274950404298551, 24.867300981529318 ], [ 77.276361887457256, 24.867420678585628 ], [ 77.277690519245752, 24.86776186386982 ], [ 77.27804551177698, 24.868927943464115 ], [ 77.278371524319027, 24.86933570785434 ], [ 77.279846925475482, 24.869292214458973 ], [ 77.280322907033906, 24.869328602976488 ], [ 77.278791617753186, 24.870498266628491 ], [ 77.278555943329053, 24.870717631107798 ], [ 77.278454968800631, 24.871915240346166 ], [ 77.277529271536466, 24.871916372094514 ], [ 77.276594345022403, 24.87174558896595 ], [ 77.2752593631933, 24.872276002754248 ], [ 77.274374820299386, 24.872483628342135 ], [ 77.273940599190922, 24.872791567710319 ], [ 77.273559495838995, 24.874053610456098 ], [ 77.273763178633288, 24.874382814149051 ], [ 77.274301170835486, 24.874825530577631 ], [ 77.274921033596812, 24.874818743706452 ], [ 77.275931173490847, 24.874571193163288 ], [ 77.276327126626484, 24.874153437227271 ], [ 77.276849291575218, 24.873765464169221 ], [ 77.277807160119352, 24.874141679003976 ], [ 77.279170108430932, 24.872975230095555 ], [ 77.279956023125663, 24.872662881539682 ], [ 77.281970502517552, 24.87252385223551 ], [ 77.282927676961251, 24.872700899760066 ], [ 77.283510359016191, 24.874001929956435 ], [ 77.284201645837072, 24.875983625858083 ], [ 77.28455869774541, 24.876960839857738 ], [ 77.281753552053388, 24.877651773461348 ], [ 77.281384708282289, 24.878092283569867 ], [ 77.280393640393342, 24.879937435123679 ], [ 77.278826930495626, 24.880599708800659 ], [ 77.278418464123192, 24.880938317219666 ], [ 77.278208940669259, 24.881684812843123 ], [ 77.278194423056689, 24.881973130798542 ], [ 77.278182170119806, 24.882216463919974 ], [ 77.278105394052176, 24.882853142693438 ], [ 77.277890895629298, 24.883036220959958 ], [ 77.276855039293835, 24.883121553355242 ], [ 77.275114113353396, 24.883394866018218 ], [ 77.273835378258227, 24.88350569478802 ], [ 77.272560662387534, 24.883664840953834 ], [ 77.272317231837761, 24.883846573746986 ], [ 77.272093642258824, 24.88449847506114 ], [ 77.271388054222371, 24.886625866417155 ], [ 77.270450575950917, 24.88762264847534 ], [ 77.269430050117961, 24.888538835560258 ], [ 77.267014034199036, 24.890308754463952 ], [ 77.266193829049172, 24.889651707012579 ], [ 77.265236298827901, 24.889215016238605 ], [ 77.264808680737033, 24.889163414167356 ], [ 77.263485836635482, 24.889459784603655 ], [ 77.262300643333518, 24.88975942070681 ], [ 77.261632302768916, 24.887880574617224 ], [ 77.261498369052617, 24.887504057362271 ], [ 77.261656424537037, 24.886789131180741 ], [ 77.261999712713546, 24.886312163477676 ], [ 77.263557051257365, 24.884862535888036 ], [ 77.264409558563869, 24.88393646683549 ], [ 77.264563097198518, 24.883769676936808 ], [ 77.264679070180662, 24.88080924327534 ], [ 77.264398707715216, 24.8805729810881 ], [ 77.263841347722618, 24.880298495952484 ], [ 77.263240142240036, 24.880036343846331 ], [ 77.262924904261865, 24.880098284754425 ], [ 77.262112837194664, 24.880413889656005 ], [ 77.260988847822176, 24.880915438004717 ], [ 77.260949135401276, 24.880916423831877 ], [ 77.2609094627568, 24.880914518085117 ], [ 77.260870083243603, 24.880909731757814 ], [ 77.260831249033259, 24.880902096606697 ], [ 77.260793204234389, 24.880891659679932 ], [ 77.260756192745276, 24.88087849060269 ], [ 77.260720452439898, 24.880862667985436 ], [ 77.260686206073188, 24.880844299222193 ], [ 77.260653677364246, 24.880823494424071 ], [ 77.260621325569588, 24.880792511638909 ], [ 77.260595029801593, 24.88075707808801 ], [ 77.260575512619653, 24.880718170251971 ], [ 77.260567288994281, 24.880690325809706 ], [ 77.260563311602979, 24.880676853492684 ], [ 77.260558760676204, 24.880634267457992 ], [ 77.260561984607648, 24.880591579075187 ], [ 77.260572896208387, 24.880549964466613 ], [ 77.260591194756984, 24.880510565586388 ], [ 77.26061637711706, 24.880474465921857 ], [ 77.260649295177629, 24.880443851356763 ], [ 77.260683704144313, 24.880414630142294 ], [ 77.260719528215702, 24.880386862201213 ], [ 77.260756694594164, 24.880360603866954 ], [ 77.260795129509063, 24.880335909659152 ], [ 77.260834751303818, 24.880312830423804 ], [ 77.260875479345572, 24.880291413402443 ], [ 77.260917230065459, 24.880271702201235 ], [ 77.260959916941601, 24.88025373859729 ], [ 77.26099223110343, 24.88024321697079 ], [ 77.261022186521586, 24.88022795362502 ], [ 77.261048953559495, 24.880208371132387 ], [ 77.261071789581223, 24.880185011954612 ], [ 77.261090066813907, 24.880158523304427 ], [ 77.26110327649242, 24.880129637308475 ], [ 77.261111052795115, 24.880099152226226 ], [ 77.261113182928014, 24.880067912658468 ], [ 77.261109606369601, 24.880036784253662 ], [ 77.261113416703168, 24.880002981018887 ], [ 77.261111350284125, 24.879969051909423 ], [ 77.261103456689071, 24.879935840847111 ], [ 77.261089933143907, 24.879904177542208 ], [ 77.261071116863491, 24.87987484943741 ], [ 77.261047475277891, 24.879848588084766 ], [ 77.261019600310235, 24.879826045620085 ], [ 77.260988183711419, 24.879807785540581 ], [ 77.260954008335133, 24.879794262768456 ], [ 77.260775968189108, 24.879731478437577 ], [ 77.260708479596005, 24.879711696240769 ], [ 77.260639613023358, 24.87969636668684 ], [ 77.260569721154312, 24.879685571078827 ], [ 77.260499161898792, 24.879679360957166 ], [ 77.260428296304198, 24.879677769824262 ], [ 77.260357487607934, 24.879680808621607 ], [ 77.260287098334786, 24.879688458481855 ], [ 77.260217489214668, 24.879700680655603 ], [ 77.260149017228144, 24.879717413786004 ], [ 77.260087617444185, 24.879740067610271 ], [ 77.260023079602632, 24.879753639448914 ], [ 77.259957006780539, 24.879757791300353 ], [ 77.259891037489055, 24.879752420258139 ], [ 77.259826813967067, 24.879737660974737 ], [ 77.259765930759613, 24.879713878940869 ], [ 77.259709900126069, 24.87968166389496 ], [ 77.2596601135306, 24.879641818686206 ], [ 77.259617811196293, 24.879595332846858 ], [ 77.258978023245476, 24.878846265579782 ], [ 77.258055701800146, 24.879551780463977 ], [ 77.256188403534111, 24.877877503141633 ], [ 77.2560279786438, 24.877235368189751 ], [ 77.255681417626519, 24.87688571403822 ], [ 77.255384283306697, 24.876752122696139 ], [ 77.254358052739718, 24.876132713568403 ], [ 77.252262056445602, 24.874719171585415 ], [ 77.251912524445785, 24.874688313861864 ], [ 77.251163660217586, 24.875004484548008 ], [ 77.250734927928264, 24.875185492896563 ], [ 77.249808641224803, 24.875215763416552 ], [ 77.248959351833847, 24.875285466520943 ], [ 77.247442641021308, 24.875372420083252 ], [ 77.246711458453404, 24.876034885641626 ], [ 77.244877812476801, 24.876802280489692 ], [ 77.243814245082461, 24.8771145518743 ], [ 77.240704205008313, 24.878458137422811 ], [ 77.238925973168534, 24.880288361777765 ], [ 77.242333940291005, 24.884096646834347 ], [ 77.244463271039351, 24.883227276432159 ], [ 77.246498731098654, 24.882396192444524 ], [ 77.247179995312791, 24.883805905425348 ], [ 77.247288511552753, 24.884369933431568 ], [ 77.248241146782846, 24.886864687538964 ], [ 77.248402048550389, 24.88791079032946 ], [ 77.246152178880024, 24.888198038416679 ], [ 77.243576137305254, 24.888741894537688 ], [ 77.242068514945856, 24.88898965413421 ], [ 77.240269321901877, 24.888988816488034 ], [ 77.238236127461704, 24.889069056512199 ], [ 77.237158877221631, 24.889076432891166 ], [ 77.236723705747011, 24.889079410347964 ], [ 77.23635190257059, 24.88888398849641 ], [ 77.23417668230249, 24.888495443301014 ], [ 77.232797009305713, 24.888686436372009 ], [ 77.232687983441878, 24.887167590501743 ], [ 77.232869900403855, 24.885467744076646 ] ], [ [ 77.28662795045895, 24.870563218111183 ], [ 77.287211776579539, 24.869415759153334 ], [ 77.285630416544123, 24.868065151971198 ], [ 77.285460160014523, 24.867801865146031 ], [ 77.285052888175045, 24.867172046111317 ], [ 77.284136054372027, 24.864964193951476 ], [ 77.283894908766698, 24.864461085848994 ], [ 77.283764893521578, 24.863304376644372 ], [ 77.283855932223844, 24.862302507858228 ], [ 77.284039855486498, 24.860113375437926 ], [ 77.283962034980647, 24.859664833387946 ], [ 77.283549649531651, 24.858938976591887 ], [ 77.28304318003417, 24.858047499885391 ], [ 77.283025686714126, 24.857552643640766 ], [ 77.283134784488936, 24.856855994828017 ], [ 77.283332009414323, 24.854943882148032 ], [ 77.283449940885689, 24.853773723341547 ], [ 77.283467836821458, 24.853596161014067 ], [ 77.284869609131007, 24.852596060710109 ], [ 77.28711035289885, 24.851019578066122 ], [ 77.28742509930855, 24.848359352699891 ], [ 77.289562547952443, 24.848573678850677 ], [ 77.28928351572084, 24.852143009355061 ], [ 77.291182371984803, 24.85187057432605 ], [ 77.293564624097627, 24.851528747645467 ], [ 77.294531964432252, 24.85157905289886 ], [ 77.295283870935137, 24.851961251420317 ], [ 77.296321865315022, 24.852826985811511 ], [ 77.296727578812778, 24.852966303279359 ], [ 77.297681894324015, 24.853056735449883 ], [ 77.297955327315762, 24.854198420831008 ], [ 77.299740290553245, 24.854279915186524 ], [ 77.301354283049434, 24.852023869312632 ], [ 77.302120371797471, 24.850952990863515 ], [ 77.30312069324026, 24.849634041497747 ], [ 77.305306832810999, 24.847403268316896 ], [ 77.306754522939698, 24.845889754171811 ], [ 77.310996423614185, 24.846066353578262 ], [ 77.312262405806493, 24.846304063835834 ], [ 77.313078109945138, 24.846461556969903 ], [ 77.31386199433571, 24.846833883054661 ], [ 77.314326040763433, 24.847360225259475 ], [ 77.314426234987323, 24.847970651624014 ], [ 77.31443440322839, 24.849041104491384 ], [ 77.314436676964661, 24.84933889486738 ], [ 77.314409783176231, 24.850266277649819 ], [ 77.314189273237446, 24.850860147097546 ], [ 77.313968738906567, 24.851024995306012 ], [ 77.312898562046755, 24.851172048528003 ], [ 77.310764611717502, 24.851678883889701 ], [ 77.310961930177626, 24.853173527766046 ], [ 77.310634536907713, 24.854319994122758 ], [ 77.306301470424245, 24.855750136430924 ], [ 77.300977895578868, 24.85777173262187 ], [ 77.301325200781136, 24.858466356253075 ], [ 77.301782741108113, 24.859381443241265 ], [ 77.302538383973882, 24.862112833979616 ], [ 77.303041154863379, 24.863930121812942 ], [ 77.302274958031276, 24.864151141807206 ], [ 77.298954694073942, 24.865108855674229 ], [ 77.295711399587645, 24.866164510535103 ], [ 77.295329372601898, 24.867004220915504 ], [ 77.294915413147521, 24.867491726656688 ], [ 77.293838560931988, 24.868439539150749 ], [ 77.293262607705813, 24.868723176669882 ], [ 77.293217766625247, 24.869800058197857 ], [ 77.289979830404661, 24.871626909264286 ], [ 77.28969532028249, 24.873320580190118 ], [ 77.289424484152789, 24.874752288374566 ], [ 77.288670482164861, 24.87478605205359 ], [ 77.285956219347497, 24.874907561717116 ], [ 77.285439428477076, 24.872458042505233 ], [ 77.285314790548398, 24.872009145888232 ], [ 77.28662795045895, 24.870563218111183 ] ], [ [ 77.302929028124069, 24.872471199633118 ], [ 77.303348429597335, 24.87202983175569 ], [ 77.306597327274105, 24.869512687369504 ], [ 77.308984634790264, 24.867666307631932 ], [ 77.310299977325528, 24.868454417561665 ], [ 77.311381045811103, 24.867937426556612 ], [ 77.312909165933178, 24.867053654745728 ], [ 77.312536538226652, 24.866524073835652 ], [ 77.312751846666245, 24.866222844164039 ], [ 77.313250398853171, 24.866149355807277 ], [ 77.313760961623004, 24.866174484466086 ], [ 77.315292646597612, 24.867330509230314 ], [ 77.316037633558068, 24.868021232583846 ], [ 77.317503876598551, 24.86938064293048 ], [ 77.318861645164418, 24.872314029997998 ], [ 77.31898570267802, 24.872582042065329 ], [ 77.322321682326034, 24.880610529209854 ], [ 77.321822832556308, 24.881086362901318 ], [ 77.321472195227244, 24.881420820996432 ], [ 77.320798267184742, 24.882068372418061 ], [ 77.31989497453479, 24.882899196465264 ], [ 77.317280333120891, 24.883880325740737 ], [ 77.313378301014012, 24.885661302880997 ], [ 77.31111535016619, 24.886569445442611 ], [ 77.308375468521575, 24.887801572042644 ], [ 77.308127351845584, 24.887924681489128 ], [ 77.307432250664633, 24.887722545033874 ], [ 77.306898350295128, 24.887416261247509 ], [ 77.305081120447525, 24.886405335572629 ], [ 77.303691865213978, 24.885737002807137 ], [ 77.303127136794771, 24.88544666596059 ], [ 77.302676331044054, 24.884580815647777 ], [ 77.301844909379781, 24.884579634631223 ], [ 77.301084041458211, 24.881630966805442 ], [ 77.301573533265042, 24.881317814431412 ], [ 77.302591595462943, 24.88133911099165 ], [ 77.302965839203509, 24.881278541225605 ], [ 77.303197817190338, 24.880607050131282 ], [ 77.303360255960669, 24.879971661914855 ], [ 77.30296570097768, 24.879285787035208 ], [ 77.301920089273693, 24.878157045444148 ], [ 77.301492622226903, 24.877695586078417 ], [ 77.300769003646124, 24.876985276121559 ], [ 77.301634301936957, 24.875317234331494 ], [ 77.302343277192207, 24.873537978597447 ], [ 77.302545529888576, 24.873059762966129 ], [ 77.3026659057725, 24.872748098305571 ], [ 77.302929028124069, 24.872471199633118 ] ], [ [ 77.252816642343035, 24.806157582073151 ], [ 77.253764289061436, 24.805038713319306 ], [ 77.255214401381679, 24.804998961341237 ], [ 77.256471411596877, 24.804814047698706 ], [ 77.259000589432759, 24.806818178204345 ], [ 77.259330575364231, 24.807273812976522 ], [ 77.260538188912079, 24.810180472377038 ], [ 77.261667741559407, 24.812455431396227 ], [ 77.262282641723019, 24.813895782530977 ], [ 77.262469736969919, 24.81556225196438 ], [ 77.262711206660327, 24.817581925665934 ], [ 77.263019920370255, 24.819351545833761 ], [ 77.263753018499202, 24.820598197869131 ], [ 77.264340269527565, 24.821203871293264 ], [ 77.265158676179993, 24.821730416592541 ], [ 77.26709292960139, 24.823189896397402 ], [ 77.267526425010985, 24.823734724198594 ], [ 77.267609247041463, 24.824660070461476 ], [ 77.267859177966955, 24.826366416314269 ], [ 77.268386905219685, 24.827647681597018 ], [ 77.26719310431632, 24.828139569416425 ], [ 77.266338104266381, 24.828716142294589 ], [ 77.265609030585324, 24.829387048453139 ], [ 77.264411056246388, 24.829319102891141 ], [ 77.262664698920176, 24.829264317478046 ], [ 77.262671498248764, 24.832383536409385 ], [ 77.262673610946891, 24.833352816454529 ], [ 77.262673746966044, 24.833649869347678 ], [ 77.262662586099452, 24.834846361743821 ], [ 77.262890098110844, 24.837448736693634 ], [ 77.260113664147028, 24.838024408634336 ], [ 77.256221120674013, 24.838833767739299 ], [ 77.254905984564559, 24.839386230072911 ], [ 77.254699833857643, 24.838805991632359 ], [ 77.254574601273205, 24.838453509639976 ], [ 77.252685663426817, 24.834144674300703 ], [ 77.25230125997868, 24.833349888692648 ], [ 77.251190172397827, 24.830699727382868 ], [ 77.250584023072079, 24.829780257502506 ], [ 77.249970695194961, 24.829473485207245 ], [ 77.246655446996883, 24.826422327197005 ], [ 77.245560582454658, 24.82551722194426 ], [ 77.244531839756135, 24.825755948215527 ], [ 77.242479881548675, 24.826232093121252 ], [ 77.239793753174681, 24.826215686175452 ], [ 77.238595893389288, 24.826208355520251 ], [ 77.237576194066619, 24.822158092914183 ], [ 77.240283603957309, 24.820838299513504 ], [ 77.24088353364948, 24.817749136476845 ], [ 77.241916230298074, 24.816236084470834 ], [ 77.24348564035229, 24.814829414175023 ], [ 77.244192474018632, 24.814333118573181 ], [ 77.246508314442963, 24.813637175766207 ], [ 77.247775117251436, 24.811771256294389 ], [ 77.247787981425347, 24.811752307575393 ], [ 77.248986127242617, 24.81080398396843 ], [ 77.24999161221595, 24.810262674453792 ], [ 77.252026828375108, 24.807079493520284 ], [ 77.252816642343035, 24.806157582073151 ] ], [ [ 77.276631022695923, 24.901711193759031 ], [ 77.276877849755238, 24.900842532713725 ], [ 77.276260999568947, 24.899855294683825 ], [ 77.276245749302021, 24.899221470145029 ], [ 77.276576041271966, 24.898562025323141 ], [ 77.27754500436825, 24.897846103072219 ], [ 77.27780433685551, 24.897173124254053 ], [ 77.277758339018661, 24.896827113515645 ], [ 77.277645447632892, 24.896115729738515 ], [ 77.277846196298015, 24.894999329534834 ], [ 77.279458452769646, 24.894767548297388 ], [ 77.279585307230207, 24.893955576604277 ], [ 77.281373116734542, 24.893841105911388 ], [ 77.282922433204988, 24.893411209656264 ], [ 77.282636253145441, 24.895497816190467 ], [ 77.283568526055234, 24.896615184399032 ], [ 77.284516021135715, 24.897636683235078 ], [ 77.285463384419089, 24.898514419431365 ], [ 77.286172106859468, 24.899508120367493 ], [ 77.286592307893727, 24.900504176520858 ], [ 77.286474717087842, 24.901621709210414 ], [ 77.286512833455077, 24.903156737351875 ], [ 77.286618359110861, 24.903892106780724 ], [ 77.2869955346209, 24.905589351334523 ], [ 77.286678855272328, 24.906154662176927 ], [ 77.285507006998699, 24.906533394345608 ], [ 77.284826865480639, 24.906750137061575 ], [ 77.284375973392443, 24.906893823009966 ], [ 77.283208795128616, 24.907117719487761 ], [ 77.282010971912186, 24.906851786834814 ], [ 77.280840535029455, 24.906428361169198 ], [ 77.27940431360831, 24.905908767107562 ], [ 77.278066982006209, 24.905295577206786 ], [ 77.277192602230713, 24.904051545035546 ], [ 77.276740698720289, 24.903450132864069 ], [ 77.276321260205634, 24.902461160323405 ], [ 77.276631022695923, 24.901711193759031 ] ], [ [ 77.425244060092894, 24.889585697338866 ], [ 77.425618458450131, 24.889350998431244 ], [ 77.426519951599801, 24.889338422190477 ], [ 77.427980501595968, 24.889203933381172 ], [ 77.429239376101933, 24.889402948655373 ], [ 77.430027821557019, 24.890183597551744 ], [ 77.430418461290515, 24.890631922757798 ], [ 77.430136232029227, 24.892177647507697 ], [ 77.430354173571061, 24.893230243750892 ], [ 77.430713125972034, 24.894054289705903 ], [ 77.431470846899913, 24.895163673369709 ], [ 77.431946262354245, 24.896329169842865 ], [ 77.432294555250351, 24.896927448873452 ], [ 77.433121396297551, 24.896294726351254 ], [ 77.434557804819832, 24.895016663625217 ], [ 77.435342436329748, 24.895327727629361 ], [ 77.437963760101439, 24.896630238466212 ], [ 77.437713313097873, 24.897552638720928 ], [ 77.435674285467101, 24.900822640436914 ], [ 77.434970107469397, 24.901919957311094 ], [ 77.433981825074397, 24.902391946755461 ], [ 77.433187021862807, 24.903295851954447 ], [ 77.432981867137855, 24.904230496226205 ], [ 77.43299264269794, 24.90535503337578 ], [ 77.43284361285987, 24.906191716713369 ], [ 77.432663523543226, 24.907202757841187 ], [ 77.432480126724812, 24.907362765482091 ], [ 77.431517072711188, 24.906099859221978 ], [ 77.430907437372838, 24.906085139764677 ], [ 77.428623487696839, 24.907494218775355 ], [ 77.428428455444276, 24.907614540018109 ], [ 77.427379369666795, 24.908188106024447 ], [ 77.426190201855604, 24.909265189228165 ], [ 77.425215910701283, 24.910386429960266 ], [ 77.422729256994359, 24.908584761502539 ], [ 77.42274463415842, 24.908357251681416 ], [ 77.422890704619164, 24.906195981873697 ], [ 77.422447213832911, 24.90378102917526 ], [ 77.421302582828389, 24.902389386140204 ], [ 77.420571191015426, 24.901432479745711 ], [ 77.421129991430547, 24.901039191849655 ], [ 77.422870781080348, 24.900313993557106 ], [ 77.423015120327946, 24.89944525688437 ], [ 77.423631822721475, 24.898897296771626 ], [ 77.42539526621745, 24.898246723203201 ], [ 77.425096240915366, 24.896193307892503 ], [ 77.424409663912371, 24.893411390585747 ], [ 77.424580874651028, 24.892496354242738 ], [ 77.425188920195964, 24.891321239343306 ], [ 77.4250972448787, 24.89007769965125 ], [ 77.425244060092894, 24.889585697338866 ] ], [ [ 77.431949611323631, 24.913801704093274 ], [ 77.430695397947559, 24.914824013370087 ], [ 77.429587282296268, 24.916040044757661 ], [ 77.429000317717637, 24.916705284122799 ], [ 77.428677947930169, 24.917184112682303 ], [ 77.42812298701412, 24.91798255162567 ], [ 77.427893439296753, 24.919077852772308 ], [ 77.427883366924902, 24.919447720160942 ], [ 77.42854114515201, 24.920156284759727 ], [ 77.428990848745983, 24.920931582923142 ], [ 77.428951032766463, 24.921143612643039 ], [ 77.428923900236541, 24.921288093179701 ], [ 77.427898806079952, 24.921785690504308 ], [ 77.427334029773462, 24.922041547230656 ], [ 77.427089522268943, 24.92233197795785 ], [ 77.427129694989503, 24.923545888689802 ], [ 77.42715044738155, 24.925106986055624 ], [ 77.427163951622489, 24.926122872319095 ], [ 77.427073567826056, 24.927458027357872 ], [ 77.425761488661905, 24.928151944295717 ], [ 77.425240577331209, 24.928619660564504 ], [ 77.424761915257861, 24.929476169550757 ], [ 77.424002418915649, 24.931171835770545 ], [ 77.423780232096505, 24.932856676582052 ], [ 77.423809777051375, 24.933670963283582 ], [ 77.423886221763993, 24.935777677476789 ], [ 77.422724737422925, 24.936195895834931 ], [ 77.419934500870824, 24.937309992715733 ], [ 77.41696585006774, 24.933253127949214 ], [ 77.416038376692342, 24.931974325945699 ], [ 77.415160437384571, 24.930463402587456 ], [ 77.414515010866438, 24.928313866716049 ], [ 77.413893964814932, 24.926721240018438 ], [ 77.413715011513617, 24.926262318846092 ], [ 77.412858622241203, 24.924066084984691 ], [ 77.412094433170935, 24.922106232827709 ], [ 77.410934692976497, 24.91948140577697 ], [ 77.410582929731319, 24.918435237451234 ], [ 77.411230882614831, 24.916798387277847 ], [ 77.411754317142481, 24.915433987501153 ], [ 77.413093984773909, 24.91316780665576 ], [ 77.414349790214061, 24.911870992948909 ], [ 77.415056349216783, 24.911194162532912 ], [ 77.415974236011493, 24.911002343609518 ], [ 77.417455722971425, 24.911620425807506 ], [ 77.418130512342259, 24.912132549722372 ], [ 77.419496882389609, 24.914026932015712 ], [ 77.420260439731294, 24.915486055190534 ], [ 77.423121899251782, 24.915755565133409 ], [ 77.426008814225327, 24.913301038949974 ], [ 77.427033496164483, 24.912380479223746 ], [ 77.428265692888189, 24.911755176571855 ], [ 77.428694757999565, 24.911774544978211 ], [ 77.431949611323631, 24.913801704093274 ] ] ], [ [ [ 77.273558864674968, 25.060614599461932 ], [ 77.273565520749131, 25.060445004618309 ], [ 77.273574450472495, 25.060275497717562 ], [ 77.273585650643597, 25.06010610221572 ], [ 77.273599119018925, 25.059936845188531 ], [ 77.273614854396712, 25.059767748300935 ], [ 77.273632852533936, 25.059598840419394 ], [ 77.273653114195071, 25.059430145030046 ], [ 77.27367563418764, 25.059261686476091 ], [ 77.273776763895881, 25.058730928455962 ], [ 77.274376734258794, 25.058429536577371 ], [ 77.275347803963413, 25.056334302627064 ], [ 77.274612414735273, 25.055555820814856 ], [ 77.274668461001184, 25.054616735128768 ], [ 77.27475745313933, 25.053125619015219 ], [ 77.275656666489837, 25.051959425168636 ], [ 77.275894273100704, 25.051749338523237 ], [ 77.276093761887694, 25.051572956120516 ], [ 77.275921283736537, 25.051421129619406 ], [ 77.275858855553452, 25.051385792066597 ], [ 77.275797031311512, 25.051349583995986 ], [ 77.275735827814358, 25.051312510956169 ], [ 77.275675258849617, 25.051274582988228 ], [ 77.275615336222188, 25.051235810118122 ], [ 77.275556080667442, 25.051196201537156 ], [ 77.275497499058446, 25.051155764524019 ], [ 77.275439609131254, 25.051114510956445 ], [ 77.275382423698645, 25.051072449061849 ], [ 77.275287292318495, 25.050952694724444 ], [ 77.275208633670758, 25.050823403453492 ], [ 77.275147583428819, 25.050686444446733 ], [ 77.275105027376824, 25.050543797868091 ], [ 77.275081579838016, 25.050397529392384 ], [ 77.27507758003992, 25.050249754954699 ], [ 77.275093086447299, 25.050102610902968 ], [ 77.27512787304417, 25.049958227778593 ], [ 77.275181438603923, 25.049818693360137 ], [ 77.275253511943518, 25.049632028683821 ], [ 77.275309093123639, 25.04944074145763 ], [ 77.275347832970141, 25.049246038307931 ], [ 77.275369483223542, 25.049049149209722 ], [ 77.275373909532647, 25.048851315845454 ], [ 77.275361083579838, 25.048653785222008 ], [ 77.275331086069272, 25.048457807887655 ], [ 77.275284106924843, 25.048264616258269 ], [ 77.275220443246582, 25.04807543092393 ], [ 77.27517580183968, 25.048009987633353 ], [ 77.275124925238003, 25.047948434956183 ], [ 77.275068217315152, 25.047891268195272 ], [ 77.27500613385881, 25.047838943314868 ], [ 77.274939166709473, 25.047791876818664 ], [ 77.274867855656382, 25.047750445841526 ], [ 77.274792768678083, 25.047714980772891 ], [ 77.27471450391684, 25.047685766175277 ], [ 77.27468872883064, 25.047673223149641 ], [ 77.27466127532486, 25.047664103620299 ], [ 77.274632687952661, 25.04765859149574 ], [ 77.274603532779011, 25.047656795890411 ], [ 77.274574390458184, 25.047658749265498 ], [ 77.274545837315443, 25.047664416314635 ], [ 77.274518443464828, 25.047673683111995 ], [ 77.274448592303543, 25.047697264948127 ], [ 77.274379186268433, 25.047721914962327 ], [ 77.274310247234098, 25.047747626098463 ], [ 77.274241793101382, 25.047774392172911 ], [ 77.274173842796102, 25.047802203397325 ], [ 77.274106416210259, 25.047831052700413 ], [ 77.274039532236273, 25.047860933906303 ], [ 77.273973210799767, 25.047891836331395 ], [ 77.273907469827051, 25.047923751082983 ], [ 77.273831901866501, 25.04796338871142 ], [ 77.273753430762909, 25.047998031336238 ], [ 77.273672453729787, 25.048027502287038 ], [ 77.27358938160107, 25.048051652996058 ], [ 77.273504634890685, 25.048070360258354 ], [ 77.273418641767847, 25.048083530732377 ], [ 77.273331839081493, 25.04809109733462 ], [ 77.273244663404654, 25.048093022784059 ], [ 77.273157559006535, 25.048089295147349 ], [ 77.273054052446312, 25.048079848103278 ], [ 77.272952502876549, 25.048059294030651 ], [ 77.272854343175638, 25.048027923034649 ], [ 77.272760955260324, 25.04798617475079 ], [ 77.272673656155206, 25.047934643655825 ], [ 77.272593675476173, 25.047874048187186 ], [ 77.27252214138332, 25.047805248696445 ], [ 77.27246006010644, 25.047729210262723 ], [ 77.27240830599861, 25.047647006227574 ], [ 77.272369666846188, 25.04756152009093 ], [ 77.272334483261048, 25.0474748043147 ], [ 77.272302801730405, 25.047386976665955 ], [ 77.272274662818134, 25.047298152156532 ], [ 77.272250106046144, 25.047208451208778 ], [ 77.272229163022189, 25.047117992377565 ], [ 77.272211864345749, 25.047026896016028 ], [ 77.272198229677883, 25.046935286005198 ], [ 77.272188278713074, 25.046843282613722 ], [ 77.272155888141143, 25.046701579672295 ], [ 77.272116978488924, 25.04656124259817 ], [ 77.272071618821343, 25.04642252298861 ], [ 77.272019890165154, 25.046285665307483 ], [ 77.271961885449969, 25.046150913206333 ], [ 77.271897702619214, 25.046018504052853 ], [ 77.271827461440395, 25.045888673576073 ], [ 77.271751282729326, 25.045761651190521 ], [ 77.27166930220308, 25.045637662812684 ], [ 77.271623403624687, 25.045586508954294 ], [ 77.271582303104481, 25.045532073071794 ], [ 77.27154628367893, 25.045474728536604 ], [ 77.271515592511179, 25.045414868312228 ], [ 77.27149043696808, 25.045352900408037 ], [ 77.271470990534667, 25.045289251537575 ], [ 77.271457386975626, 25.045224355332483 ], [ 77.271449718311032, 25.045158656842684 ], [ 77.271448039831895, 25.045092606253007 ], [ 77.271455726966266, 25.044990792633818 ], [ 77.271468821706492, 25.044889439752268 ], [ 77.271487292119431, 25.044788782173793 ], [ 77.271511097308718, 25.044689058909775 ], [ 77.271540180568223, 25.044590503430516 ], [ 77.27157447131431, 25.044493349098822 ], [ 77.271613892092205, 25.044397821999109 ], [ 77.271658346613535, 25.04430414807009 ], [ 77.271707733684835, 25.044212547793553 ], [ 77.271770307651039, 25.044209679455271 ], [ 77.271848352316709, 25.044204737519198 ], [ 77.271926242247503, 25.04419809556472 ], [ 77.2720039367467, 25.044189758697073 ], [ 77.272081390169589, 25.044179731080632 ], [ 77.272158557846041, 25.04416801869321 ], [ 77.272235398063003, 25.044154629342096 ], [ 77.272311862193661, 25.044139568071799 ], [ 77.272387909482916, 25.044122846309662 ], [ 77.27246349623536, 25.044104471847767 ], [ 77.272553276625516, 25.044093225778454 ], [ 77.272643280105243, 25.044083577200915 ], [ 77.272733472957157, 25.044075527661363 ], [ 77.27282382144719, 25.044069080512433 ], [ 77.272914287892931, 25.044064237270025 ], [ 77.273004843516858, 25.044061001325019 ], [ 77.273095449645211, 25.044059374185888 ], [ 77.273186073577136, 25.044059354697797 ], [ 77.273276680604198, 25.044060944399881 ], [ 77.273310821195892, 25.044070894129209 ], [ 77.273346243033842, 25.044075883793482 ], [ 77.273382087715945, 25.04407579299113 ], [ 77.273417478823674, 25.044070626717602 ], [ 77.273451559658838, 25.044060508430842 ], [ 77.273483496176098, 25.044045684589381 ], [ 77.27351251374516, 25.044026515904015 ], [ 77.273537906148007, 25.044003469278376 ], [ 77.2735590535314, 25.043977106206398 ], [ 77.273498160722255, 25.043715713747019 ], [ 77.273453307581576, 25.043603978466841 ], [ 77.272544322180508, 25.041339475325817 ], [ 77.267393086771108, 25.039827905120397 ], [ 77.266337056273144, 25.034910154009271 ], [ 77.26627542139552, 25.034601022744646 ], [ 77.266099082527802, 25.034556874456214 ], [ 77.266021697217624, 25.034558299154416 ], [ 77.265944306006048, 25.034557168816161 ], [ 77.265867009968304, 25.034553487836771 ], [ 77.26578991117907, 25.034547259716412 ], [ 77.265713110688225, 25.034538491560266 ], [ 77.265636708495208, 25.034527196787206 ], [ 77.265560804590933, 25.034513389719486 ], [ 77.265485500923361, 25.034497087404148 ], [ 77.265410892459499, 25.034478311349922 ], [ 77.265306328077372, 25.034457011917958 ], [ 77.265205060530846, 25.034425118074299 ], [ 77.265108382658767, 25.034383035415274 ], [ 77.265017521643159, 25.034331299985052 ], [ 77.264933634127814, 25.034270570108564 ], [ 77.264857787452002, 25.034201619020578 ], [ 77.264790949839139, 25.034125323951127 ], [ 77.264733966708917, 25.034042655103647 ], [ 77.264687566726366, 25.033954664863568 ], [ 77.264663060707463, 25.033845824935948 ], [ 77.264645164616795, 25.033735920884659 ], [ 77.264633933797427, 25.033625287298111 ], [ 77.264629403784667, 25.033514256803894 ], [ 77.26463158626558, 25.033403168165982 ], [ 77.264640475110809, 25.033292357299644 ], [ 77.2646560443672, 25.033182159965893 ], [ 77.264678247283669, 25.033072909957131 ], [ 77.264707014320663, 25.032964939985284 ], [ 77.264738593183736, 25.032708828161923 ], [ 77.264769369721733, 25.032452635140807 ], [ 77.26479934392259, 25.032196362728847 ], [ 77.264828511792729, 25.03194001450812 ], [ 77.264856876302304, 25.031683591405471 ], [ 77.264884437447691, 25.031427094324506 ], [ 77.264911193217813, 25.031170526862784 ], [ 77.264937144591897, 25.030913890834697 ], [ 77.264962290549946, 25.030657189845371 ], [ 77.26499526921927, 25.03049287097501 ], [ 77.265015130911948, 25.03032681216871 ], [ 77.265021772449956, 25.03015987783099 ], [ 77.265015159930044, 25.029992944640313 ], [ 77.264995326917088, 25.029826882569726 ], [ 77.264962377374076, 25.029662559424732 ], [ 77.264916483728854, 25.029500835410019 ], [ 77.264857885966052, 25.029342554091087 ], [ 77.264786888635243, 25.029188544177732 ], [ 77.264735158978255, 25.028996134422453 ], [ 77.264668786375452, 25.028807490989426 ], [ 77.264588096294801, 25.028623539381659 ], [ 77.264493483831885, 25.028445178544548 ], [ 77.264385411692444, 25.028273284463079 ], [ 77.264264411300502, 25.028108697527379 ], [ 77.264131071886155, 25.027952223351768 ], [ 77.263986048447833, 25.027804629224853 ], [ 77.263830052907295, 25.027666635913455 ], [ 77.263720876134599, 25.027601982067466 ], [ 77.263605623166896, 25.027546774694084 ], [ 77.263485272869843, 25.027501486485082 ], [ 77.263360852522695, 25.027466500197576 ], [ 77.263233420876901, 25.027442118457266 ], [ 77.263104066326974, 25.027428547488437 ], [ 77.262973887054713, 25.027425900572599 ], [ 77.262843995944323, 25.027434202602635 ], [ 77.262715496871991, 25.027453381770489 ], [ 77.262528791736386, 25.027432399181862 ], [ 77.262341756031333, 25.027414019318783 ], [ 77.26215443433891, 25.027398243429204 ], [ 77.261966869225006, 25.027385076358019 ], [ 77.261779106228786, 25.027374522973524 ], [ 77.261591187975142, 25.027366581799665 ], [ 77.261403158012357, 25.027361258592709 ], [ 77.261215061930201, 25.027358552803278 ], [ 77.261026941345293, 25.027358464754386 ], [ 77.260168153055773, 25.027016405425112 ], [ 77.259916382321293, 25.026881105589098 ], [ 77.259667808453926, 25.026740984943341 ], [ 77.259422542894427, 25.026596105784478 ], [ 77.259180695065709, 25.026446534006425 ], [ 77.258942372414964, 25.026292334585182 ], [ 77.258707683310888, 25.026133579729084 ], [ 77.258476731198328, 25.025970337996153 ], [ 77.258249618486872, 25.025802682452227 ], [ 77.258026449540878, 25.025630688888086 ], [ 77.257886680826388, 25.025502083047677 ], [ 77.257752219087394, 25.025368861933508 ], [ 77.257623245950683, 25.025231211214056 ], [ 77.257499937093598, 25.02508931651148 ], [ 77.257382461193203, 25.024943369715043 ], [ 77.257270978901673, 25.024793572585459 ], [ 77.257165640940229, 25.024640128612145 ], [ 77.257066591055661, 25.02448324484223 ], [ 77.256973966969213, 25.02432313640336 ], [ 77.256875312163345, 25.024200833651054 ], [ 77.256768198180964, 25.024084589839525 ], [ 77.256653066506217, 25.023974890666697 ], [ 77.256530404472329, 25.023872194191146 ], [ 77.256400719500846, 25.023776929728445 ], [ 77.256264555027514, 25.023689490750805 ], [ 77.256122476507841, 25.023610247421942 ], [ 77.255975079524646, 25.023539527695078 ], [ 77.255822978792608, 25.023477627161746 ], [ 77.255503627687332, 25.023433429080843 ], [ 77.255183676396385, 25.023392997993739 ], [ 77.254863177344376, 25.023356342433697 ], [ 77.254542183989258, 25.023323466426895 ], [ 77.254220752728102, 25.023294377635377 ], [ 77.253898934062008, 25.023269078256867 ], [ 77.253576783387999, 25.02324757684957 ], [ 77.253254355188332, 25.023229873837032 ], [ 77.252931702937033, 25.023215971441552 ], [ 77.252731010706469, 25.023216101573034 ], [ 77.252530450205612, 25.023209518618611 ], [ 77.252330289001421, 25.023196231900695 ], [ 77.252130798548293, 25.023176258901515 ], [ 77.251932247224403, 25.023149627918308 ], [ 77.251734902347792, 25.023116374466355 ], [ 77.251539031167326, 25.023076541286724 ], [ 77.251344896838305, 25.023030184636642 ], [ 77.251152759481599, 25.022977367072738 ], [ 77.251058825391866, 25.022940832372537 ], [ 77.250968981618598, 25.022896573638814 ], [ 77.250883989792683, 25.022844969843671 ], [ 77.250804571375809, 25.022786454736462 ], [ 77.250731402593772, 25.022721528543379 ], [ 77.250665103695937, 25.022650740724462 ], [ 77.250606236956173, 25.022574691763086 ], [ 77.250555301742949, 25.022494030417665 ], [ 77.250512733673517, 25.022409438361624 ], [ 77.250467932084362, 25.02231041757819 ], [ 77.250421189702266, 25.022212143794121 ], [ 77.25037252209016, 25.022114648739247 ], [ 77.250321944802451, 25.022017965046494 ], [ 77.250269472427689, 25.021922122631583 ], [ 77.250215125501057, 25.021827151457046 ], [ 77.250158918585228, 25.021733084147723 ], [ 77.250100869250147, 25.021639949739647 ], [ 77.250040999030091, 25.021547777299727 ], [ 77.249999124779649, 25.021452665511738 ], [ 77.249772252391523, 25.02099040845474 ], [ 77.249855020945972, 25.02043995302671 ], [ 77.249886703487647, 25.020229242112759 ], [ 77.249611667028176, 25.019746740697904 ], [ 77.249172357869327, 25.019689521762903 ], [ 77.248789456194075, 25.019639648192825 ], [ 77.247847617448201, 25.019516966467044 ], [ 77.247501816244679, 25.01946446962156 ], [ 77.247026823879523, 25.019392356589798 ], [ 77.245780242573787, 25.019575836770727 ], [ 77.240784525909646, 25.020311027935982 ], [ 77.237380681923327, 25.021272755795998 ], [ 77.236666517119843, 25.020458624482629 ], [ 77.237434960109226, 25.01960391028474 ], [ 77.238568629799758, 25.01798460295921 ], [ 77.240297089471085, 25.017786990372123 ], [ 77.242954992186185, 25.015867526621172 ], [ 77.246196700334892, 25.013526306527105 ], [ 77.246875523793335, 25.013036028001221 ], [ 77.248284412233147, 25.012799086131086 ], [ 77.249101575100028, 25.012842036587454 ], [ 77.249996085600415, 25.012661829657937 ], [ 77.250934185579226, 25.012490330107308 ], [ 77.251822625358386, 25.012365409029496 ], [ 77.253035249303409, 25.012733361770515 ], [ 77.254266359904463, 25.013106911450524 ], [ 77.254901374212139, 25.015158230192533 ], [ 77.256926537915589, 25.015014446278435 ], [ 77.258377907605734, 25.014724287616566 ], [ 77.259634983780003, 25.012483573087533 ], [ 77.261038562108169, 25.010070091383533 ], [ 77.26098106472692, 25.009985619093122 ], [ 77.260942954449291, 25.0099835979217 ], [ 77.260904832023229, 25.009981815975607 ], [ 77.260866694458514, 25.009980275037876 ], [ 77.260828546693077, 25.009978976953136 ], [ 77.260790389759975, 25.009977917213771 ], [ 77.260752226606741, 25.009977098552081 ], [ 77.260714057224675, 25.009976521871089 ], [ 77.260675884603444, 25.009976185387767 ], [ 77.260637710716495, 25.009976090020629 ], [ 77.260572021345055, 25.009992388386124 ], [ 77.260504947042008, 25.010003009715113 ], [ 77.260437075437309, 25.010007858327651 ], [ 77.260369002564744, 25.010006893701167 ], [ 77.260301328973497, 25.010000122312057 ], [ 77.260234648758939, 25.009987604775304 ], [ 77.260169549595929, 25.0099694522325 ], [ 77.260106599889255, 25.009945822638855 ], [ 77.260046357658382, 25.009916924445047 ], [ 77.260028481143422, 25.009895472429903 ], [ 77.260007580108081, 25.009876424500742 ], [ 77.259984039774139, 25.009860131357797 ], [ 77.259958294370534, 25.009846896216803 ], [ 77.259930820340401, 25.009836959402875 ], [ 77.259902120408569, 25.009830506354973 ], [ 77.259872726673379, 25.009827655005928 ], [ 77.259843180752597, 25.009828459241078 ], [ 77.2598140249154, 25.009832903409954 ], [ 77.259709564538284, 25.009844506937952 ], [ 77.259604355115414, 25.009846672273255 ], [ 77.259499426624004, 25.009839376723569 ], [ 77.259395796277005, 25.009822690522565 ], [ 77.259294476424628, 25.009796779600624 ], [ 77.259196451878495, 25.009761892764207 ], [ 77.259102679817289, 25.009718371629479 ], [ 77.259014072049581, 25.009666639646085 ], [ 77.258931490074744, 25.009607200252166 ], [ 77.258792568506806, 25.009550765772129 ], [ 77.258649338176838, 25.00950412276152 ], [ 77.258502630016309, 25.009467542295919 ], [ 77.258353295323332, 25.009441236908884 ], [ 77.258202194904683, 25.009425355992295 ], [ 77.258050207911268, 25.009419994896302 ], [ 77.257898213128669, 25.009425182140152 ], [ 77.257747092849073, 25.009440889376709 ], [ 77.257597721030905, 25.009467025881587 ], [ 77.257502585272178, 25.009468352482539 ], [ 77.25740806677625, 25.009458402842064 ], [ 77.257315769540909, 25.009437345708879 ], [ 77.257227256148425, 25.009405538266659 ], [ 77.257144029993313, 25.009363518769931 ], [ 77.257067501637394, 25.009312000862217 ], [ 77.256998968149944, 25.00925185715796 ], [ 77.256939594388228, 25.009184107354621 ], [ 77.256890382420366, 25.009109902640208 ], [ 77.256830783404453, 25.008931614299303 ], [ 77.256762443382826, 25.008755948179115 ], [ 77.256685501734864, 25.008583262995266 ], [ 77.256600113820411, 25.008413904039752 ], [ 77.25650645282596, 25.008248217645768 ], [ 77.256404707909383, 25.008086537626088 ], [ 77.256295087105045, 25.007929192521136 ], [ 77.256177809446243, 25.007776500118929 ], [ 77.256053112884672, 25.007628768420098 ], [ 77.255956775024771, 25.007511511904838 ], [ 77.255858771434077, 25.007395407365514 ], [ 77.25575911779238, 25.007280473886986 ], [ 77.255657833726374, 25.007166732391251 ], [ 77.25555493294199, 25.007054201044692 ], [ 77.255450434091372, 25.006942898955394 ], [ 77.255344356817531, 25.006832845239245 ], [ 77.255236715816707, 25.006724058070191 ], [ 77.255127532713402, 25.006616556579601 ], [ 77.255007316906628, 25.006590647865494 ], [ 77.254885755455518, 25.006570621462977 ], [ 77.254763195678947, 25.006556533366581 ], [ 77.25463998404858, 25.006548424212017 ], [ 77.2545164751334, 25.00654631663684 ], [ 77.254393016709486, 25.006550217873389 ], [ 77.254269963676919, 25.006560115342186 ], [ 77.254147666125419, 25.006575981073837 ], [ 77.254026469334704, 25.006597771709504 ], [ 77.253914361499227, 25.006649459152356 ], [ 77.253801135280099, 25.006699081337274 ], [ 77.253686836454349, 25.006746618751048 ], [ 77.253571511815949, 25.006792049179069 ], [ 77.253455207091406, 25.006835358526764 ], [ 77.253337970049117, 25.006876526393686 ], [ 77.253219847424091, 25.006915536887178 ], [ 77.253100888916009, 25.006952375040896 ], [ 77.253049058695964, 25.006967372369026 ], [ 77.252981141260335, 25.006987024962424 ], [ 77.252867720317994, 25.007013490469763 ], [ 77.252752821408052, 25.007033988186205 ], [ 77.252636820830261, 25.007048446997597 ], [ 77.252520102566137, 25.0070568220419 ], [ 77.252403048462412, 25.007059084697865 ], [ 77.252286045116591, 25.007055228057709 ], [ 77.252169475965744, 25.007045265058906 ], [ 77.252053727240721, 25.007029227627743 ], [ 77.251939177056599, 25.007007167496976 ], [ 77.251805158182762, 25.006959290573423 ], [ 77.251675680408923, 25.006901964447334 ], [ 77.25155154711652, 25.006835545839081 ], [ 77.251433525520241, 25.006760442666138 ], [ 77.251322343617687, 25.006677122146435 ], [ 77.251218689317525, 25.006586098147917 ], [ 77.251123203476752, 25.006487933842234 ], [ 77.251036479968789, 25.006383234480076 ], [ 77.250959049793863, 25.006272650878614 ], [ 77.250898207447378, 25.006185544951812 ], [ 77.250836927722659, 25.006098692061386 ], [ 77.250775213567749, 25.006012094939319 ], [ 77.250713067930533, 25.005925756317623 ], [ 77.250650489820615, 25.005839676188032 ], [ 77.250587481177888, 25.005753859080855 ], [ 77.250524043002358, 25.005668304100215 ], [ 77.250460177250986, 25.005583013970419 ], [ 77.250395883915758, 25.005497989594001 ], [ 77.249990545273036, 25.005283314805244 ], [ 77.249910895708766, 25.005268410589881 ], [ 77.249830614038231, 25.005256636132351 ], [ 77.249749854625918, 25.005248016123847 ], [ 77.249668762054384, 25.005242561632485 ], [ 77.249587487808625, 25.005240287393185 ], [ 77.249506180520214, 25.005241195475048 ], [ 77.249424991819112, 25.00524528526168 ], [ 77.249344070439278, 25.005252547986171 ], [ 77.249263566148286, 25.00526297037419 ], [ 77.249206421267317, 25.005262027787634 ], [ 77.249149305615532, 25.005263969097705 ], [ 77.249092396650411, 25.005268787569285 ], [ 77.249035865968935, 25.005276467390352 ], [ 77.248979888209391, 25.005286985547869 ], [ 77.248924636105116, 25.005300310885964 ], [ 77.248870277554389, 25.005316399567363 ], [ 77.24881697749133, 25.00533520682853 ], [ 77.24876490298594, 25.005356671666711 ], [ 77.248698688878832, 25.005396819542788 ], [ 77.248630853460497, 25.005434652580352 ], [ 77.248561493396352, 25.005470114639358 ], [ 77.248490708282375, 25.005503154118706 ], [ 77.248418600619559, 25.005533726665227 ], [ 77.24834527193525, 25.005561786112004 ], [ 77.248270828643868, 25.005587293555845 ], [ 77.248195377159945, 25.005610210093529 ], [ 77.248119029767466, 25.005630504996525 ], [ 77.247990697532003, 25.005637728599169 ], [ 77.247862123341605, 25.005638577716965 ], [ 77.247733688785416, 25.005633050833577 ], [ 77.247605775298553, 25.005621162688957 ], [ 77.247478761120462, 25.00560295148059 ], [ 77.247353022388268, 25.005578468034368 ], [ 77.247228932051399, 25.005547785730762 ], [ 77.24710685793211, 25.005510995973282 ], [ 77.246987160734818, 25.005468209076621 ], [ 77.246296846584755, 25.005129081481666 ], [ 77.245902029518902, 25.004935120458299 ], [ 77.245781521031432, 25.004846925995491 ], [ 77.245650712811155, 25.004771900128777 ], [ 77.24551133078532, 25.004711030896775 ], [ 77.245365212620186, 25.004665122080983 ], [ 77.245214282120656, 25.004634775846938 ], [ 77.245060530379433, 25.004620395305583 ], [ 77.244905983224101, 25.004622168905005 ], [ 77.244752677429048, 25.004640071146422 ], [ 77.244602632895365, 25.004673870493463 ], [ 77.244455188660368, 25.004676043690267 ], [ 77.244307938584072, 25.004668829357737 ], [ 77.244161599878439, 25.004652262954984 ], [ 77.244016888351624, 25.004626423282886 ], [ 77.243874510419829, 25.00459143874285 ], [ 77.243735160219046, 25.004547478282781 ], [ 77.243599520544137, 25.004494756822936 ], [ 77.243468250964966, 25.004433534258784 ], [ 77.243341992866647, 25.004364106469364 ], [ 77.243174555456207, 25.004320939924931 ], [ 77.242006421800724, 25.004019787966332 ], [ 77.24112827607857, 25.003857826131778 ], [ 77.240529398487851, 25.003747368670691 ], [ 77.24044837926759, 25.003727611464392 ], [ 77.240365724530477, 25.00371465356455 ], [ 77.240282118062055, 25.00370860062359 ], [ 77.240198254072624, 25.003709504190354 ], [ 77.240114828347984, 25.003717354415002 ], [ 77.240032532218294, 25.003732089032784 ], [ 77.239952048672137, 25.003753585204826 ], [ 77.239874044395094, 25.003781663067763 ], [ 77.239799165754704, 25.003816091120665 ], [ 77.239263696101645, 25.003924057468481 ], [ 77.239113297877225, 25.003935243203475 ], [ 77.238962554794995, 25.003941435377836 ], [ 77.238811663195506, 25.003942623805475 ], [ 77.238660822288921, 25.003938809161117 ], [ 77.238510235223288, 25.003929994861004 ], [ 77.238360100114079, 25.003916192410355 ], [ 77.238210613999485, 25.00389742233801 ], [ 77.238061978854716, 25.003873707018794 ], [ 77.237914387641126, 25.003845078691381 ], [ 77.23778084632869, 25.003819884187727 ], [ 77.23764645333523, 25.003798784813281 ], [ 77.237511359075583, 25.003781802529648 ], [ 77.237375715980534, 25.003768955702711 ], [ 77.237239677497442, 25.003760259997438 ], [ 77.237103395134582, 25.003755726548345 ], [ 77.236967023459286, 25.003755357483595 ], [ 77.236830714057206, 25.003759155811245 ], [ 77.236694621573065, 25.003767115533048 ], [ 77.23565223868161, 25.004061104482137 ], [ 77.235591691827651, 25.004078152442656 ], [ 77.235493612444813, 25.004105768710176 ], [ 77.23533829724775, 25.004159230221539 ], [ 77.235186878724051, 25.004221285958955 ], [ 77.235039928939884, 25.00429170115023 ], [ 77.23489800638562, 25.004370210210972 ], [ 77.234761643085406, 25.004456517545059 ], [ 77.23463135550648, 25.004550296728098 ], [ 77.234507637605518, 25.004651192257789 ], [ 77.23439095483991, 25.004758824022062 ], [ 77.234326613635858, 25.004818538346424 ], [ 77.234263910763929, 25.004879680863464 ], [ 77.234202886182757, 25.0049422184774 ], [ 77.23414357398326, 25.005006109917545 ], [ 77.234086013176977, 25.005071317564845 ], [ 77.234030236855745, 25.005137801043841 ], [ 77.233976280110852, 25.005205518188774 ], [ 77.233924176008799, 25.00527443133322 ], [ 77.233873954703853, 25.005344496465977 ], [ 77.233479479156316, 25.006020474388055 ], [ 77.233393050743203, 25.006168576593861 ], [ 77.233126644472705, 25.006625086105622 ], [ 77.233107870803536, 25.006665839222432 ], [ 77.233084280247411, 25.006704456040865 ], [ 77.233056156784727, 25.006740466484299 ], [ 77.233023848533918, 25.006773429886692 ], [ 77.232987745863568, 25.00680294384933 ], [ 77.232948290259387, 25.006828649730529 ], [ 77.232905963423207, 25.006850232558921 ], [ 77.232861284230893, 25.006867428234575 ], [ 77.2328147948148, 25.006880027933626 ], [ 77.232777879534837, 25.00687489511828 ], [ 77.232740581884855, 25.006873258858413 ], [ 77.232703298098912, 25.006875138564457 ], [ 77.232666424809139, 25.006880512106573 ], [ 77.232630355995354, 25.006889323918823 ], [ 77.232595478090616, 25.006901478637811 ], [ 77.232562161993116, 25.006916847361303 ], [ 77.232530763092157, 25.006935264938843 ], [ 77.232501617226561, 25.006956538067708 ], [ 77.230854127010943, 25.008142023489839 ], [ 77.230804860540772, 25.008155490874405 ], [ 77.230758333292201, 25.008175468131498 ], [ 77.230715569317766, 25.008201512771233 ], [ 77.23067751766709, 25.008233046238107 ], [ 77.230645021440793, 25.008269377144707 ], [ 77.230618794059012, 25.008309695663652 ], [ 77.230599420852855, 25.008353114179975 ], [ 77.230587326335296, 25.008398669739599 ], [ 77.230582781816068, 25.008445356621792 ], [ 77.230596800130073, 25.008511639435753 ], [ 77.230602754420843, 25.008578921811122 ], [ 77.23060057316728, 25.008646393978648 ], [ 77.230590281026792, 25.008713241516386 ], [ 77.230572003695812, 25.008778655322477 ], [ 77.230545961790924, 25.008841849629125 ], [ 77.230512468919699, 25.008902056568672 ], [ 77.230471930429999, 25.0089585532575 ], [ 77.230424832570208, 25.009010655388142 ], [ 77.229652761359233, 25.009846193229041 ], [ 77.229615292427681, 25.00987651453865 ], [ 77.229582014713927, 25.009910655191881 ], [ 77.229553393645958, 25.009948139348303 ], [ 77.229529831706728, 25.009988440993467 ], [ 77.229511657420034, 25.010030995590792 ], [ 77.229499124281006, 25.010075208201417 ], [ 77.229492411677569, 25.010120460716095 ], [ 77.229491608964338, 25.010166118953272 ], [ 77.229496729232096, 25.010211543606118 ], [ 77.229504436733123, 25.010276501805578 ], [ 77.229508008563769, 25.010341756626797 ], [ 77.229507432935776, 25.010407090322875 ], [ 77.229502712934817, 25.010472284362351 ], [ 77.229493862538902, 25.01053712120342 ], [ 77.229480913573283, 25.01060138254331 ], [ 77.229463909720863, 25.010664853786146 ], [ 77.229442905531315, 25.010727324034921 ], [ 77.229417972401947, 25.010788582526967 ], [ 77.229389467692997, 25.010851146409731 ], [ 77.229359617126065, 25.010913187468255 ], [ 77.229328430852945, 25.010974680495227 ], [ 77.229295921981048, 25.01103560211326 ], [ 77.229262103635392, 25.011095927138808 ], [ 77.229226986906738, 25.011155635790754 ], [ 77.229190586911031, 25.011214701998338 ], [ 77.229152918738109, 25.011273102399876 ], [ 77.229113993496497, 25.011330815408119 ], [ 77.228374543886488, 25.012040554594407 ], [ 77.227847096342572, 25.012594811758291 ], [ 77.227813023950574, 25.012620364138694 ], [ 77.227782626609354, 25.012649513231942 ], [ 77.227756357488971, 25.012681822842996 ], [ 77.227734609743237, 25.01271681114055 ], [ 77.227717708546407, 25.012753954206104 ], [ 77.227705905998874, 25.012792700442812 ], [ 77.227699376197705, 25.012832467826662 ], [ 77.227698219000544, 25.012872664708279 ], [ 77.227650800872411, 25.013305267081424 ], [ 77.228170351054558, 25.013800456169569 ], [ 77.228240843070282, 25.013918536708129 ], [ 77.228308452557386, 25.014038007564068 ], [ 77.228373147352684, 25.014158811587297 ], [ 77.228434895310002, 25.014280889821514 ], [ 77.228493666291001, 25.014404180616747 ], [ 77.228549434094887, 25.014528625064113 ], [ 77.228602167565384, 25.01465416421464 ], [ 77.228651842535228, 25.014780733756481 ], [ 77.228698435793149, 25.014908272997673 ], [ 77.22876372428378, 25.015048214266418 ], [ 77.228838031911664, 25.015184368520423 ], [ 77.228921094740528, 25.015316254080133 ], [ 77.229012621941294, 25.015443402596851 ], [ 77.229112285794386, 25.015565368004665 ], [ 77.229219736685536, 25.01568171309329 ], [ 77.229281200553899, 25.015740749837494 ], [ 77.229334590030859, 25.015792029272696 ], [ 77.229456444219807, 25.015895925879274 ], [ 77.229584862758728, 25.015993031839734 ], [ 77.230754873131019, 25.017231291392712 ], [ 77.232941294744762, 25.018967156115991 ], [ 77.232794355313814, 25.018970739167518 ], [ 77.232710413720554, 25.018965021307707 ], [ 77.232626265624546, 25.018963059652322 ], [ 77.232542114163351, 25.01896485852825 ], [ 77.232458158605596, 25.018970412297573 ], [ 77.2323746022535, 25.01897970812999 ], [ 77.232291647513733, 25.018992723254232 ], [ 77.232209493889144, 25.019009427651298 ], [ 77.232128335040514, 25.019029780418592 ], [ 77.232048369662309, 25.019053732565887 ], [ 77.230181655664495, 25.019768297158638 ], [ 77.230035160137859, 25.019798393968323 ], [ 77.229885765393618, 25.019812307911565 ], [ 77.229735616292018, 25.019809840260255 ], [ 77.229586869320102, 25.019791026296662 ], [ 77.229441660872922, 25.019756135059477 ], [ 77.229302072570079, 25.019705668163787 ], [ 77.229236139367501, 25.019673033712174 ], [ 77.22917011347333, 25.019640353335571 ], [ 77.229047674693803, 25.019561123276223 ], [ 77.228936516461971, 25.019469120073143 ], [ 77.227756131235239, 25.018921822825106 ], [ 77.227370866532397, 25.019200921743863 ], [ 77.227309698818388, 25.01926279207008 ], [ 77.227252775321503, 25.019327938535255 ], [ 77.227200302573365, 25.019396117147551 ], [ 77.227152479222042, 25.019467079336394 ], [ 77.227109480305145, 25.019540558279648 ], [ 77.227071465030505, 25.01961628431901 ], [ 77.227038572890095, 25.019693976800578 ], [ 77.227010927580665, 25.019773348621939 ], [ 77.226988631074505, 25.019854104378272 ], [ 77.226974646544647, 25.01995602900028 ], [ 77.22695728726633, 25.020057522915078 ], [ 77.226936571993903, 25.020158490540428 ], [ 77.226912517430023, 25.0202588435024 ], [ 77.226885145293963, 25.020358487145167 ], [ 77.22685448319092, 25.020457333181803 ], [ 77.226820556787743, 25.020555288793858 ], [ 77.226783396646127, 25.020652267523921 ], [ 77.226743039335659, 25.020748176640552 ], [ 77.226334203335639, 25.021688678387605 ], [ 77.225582673835291, 25.023312842442145 ], [ 77.22553750188321, 25.023486643811189 ], [ 77.225499529927774, 25.023661870183624 ], [ 77.225468812950353, 25.023838270938594 ], [ 77.225445392005511, 25.024015600761469 ], [ 77.225429301289424, 25.024193606153542 ], [ 77.225420564061679, 25.02437203713988 ], [ 77.225419192706184, 25.024550640947925 ], [ 77.225425189687243, 25.024729165627779 ], [ 77.225438544575866, 25.024907360028251 ], [ 77.225443149467893, 25.02507689742249 ], [ 77.225460667589616, 25.025245734527392 ], [ 77.22549101767342, 25.025413054267098 ], [ 77.225534052939551, 25.025578048971866 ], [ 77.225589564068159, 25.025739920402021 ], [ 77.225657283093085, 25.02589788700428 ], [ 77.225736882383359, 25.026051186613394 ], [ 77.225783579122421, 25.026126996672332 ], [ 77.225827978598033, 25.026199077387005 ], [ 77.225851927666682, 25.02623231175961 ], [ 77.225930131633234, 25.02634084411989 ], [ 77.226113443560664, 25.026697199467677 ], [ 77.226707796297646, 25.0278525933896 ], [ 77.227125101558372, 25.028941362753663 ], [ 77.227181535325911, 25.029088600512477 ], [ 77.227191542138755, 25.029199808745261 ], [ 77.227189555507451, 25.029311375255041 ], [ 77.227175596637494, 25.029422228205458 ], [ 77.22714979766728, 25.029531304773279 ], [ 77.227112407546855, 25.029637558420767 ], [ 77.227063786005289, 25.029739967878925 ], [ 77.227004397465734, 25.029837551548855 ], [ 77.226934812993676, 25.029929371130859 ], [ 77.226855700238218, 25.030014546897199 ], [ 77.225791493293769, 25.031511542995013 ], [ 77.225644914256023, 25.031722342403107 ], [ 77.225483723867697, 25.03195415392981 ], [ 77.225445556872387, 25.03200451213527 ], [ 77.225402453710771, 25.032051448574194 ], [ 77.225354781052374, 25.032094562486808 ], [ 77.225302946901849, 25.032133484151196 ], [ 77.225247391591026, 25.032167883842003 ], [ 77.22518859178723, 25.032197467347391 ], [ 77.225127045555624, 25.032221983074219 ], [ 77.225063280305889, 25.032241220305782 ], [ 77.224997838845383, 25.032255016315133 ], [ 77.224946510376284, 25.032282721538742 ], [ 77.224897798956746, 25.032314105368918 ], [ 77.224852021796224, 25.032348961731405 ], [ 77.224809474499963, 25.032387063607104 ], [ 77.224770434998902, 25.032428166676208 ], [ 77.224735157672285, 25.032472002045743 ], [ 77.224703872286696, 25.032518283466075 ], [ 77.224676780978868, 25.032566711822145 ], [ 77.224654059299013, 25.032616969723115 ], [ 77.224356666936131, 25.033217147364546 ], [ 77.224343019988964, 25.03331068689036 ], [ 77.224336101784459, 25.033404838531808 ], [ 77.224335938019919, 25.033499201511187 ], [ 77.224341114620415, 25.033573117354873 ], [ 77.224342531630484, 25.033593371254806 ], [ 77.224355855745571, 25.033686950173877 ], [ 77.224375849828533, 25.033779536796029 ], [ 77.224402431448468, 25.033870738503644 ], [ 77.224435487402957, 25.033960166946894 ], [ 77.224474875699869, 25.034047438059869 ], [ 77.224526882706272, 25.034138635112814 ], [ 77.224581978412076, 25.034228313495547 ], [ 77.224640111135187, 25.034316385187527 ], [ 77.224682118588063, 25.034375761823629 ], [ 77.224701224184756, 25.034402767546794 ], [ 77.224765257921817, 25.034487375198058 ], [ 77.224832151680829, 25.034570126370511 ], [ 77.224901838839713, 25.034650940148243 ], [ 77.224974252732082, 25.0347297401308 ], [ 77.225049322743658, 25.034806448079717 ], [ 77.225442962905987, 25.035027463941837 ], [ 77.225565245328809, 25.035056637802011 ], [ 77.22568563675506, 25.03509173351755 ], [ 77.22580379317553, 25.035132653508857 ], [ 77.225919375771042, 25.035179275854563 ], [ 77.226032053728716, 25.035231470570288 ], [ 77.226141502381651, 25.035289086949859 ], [ 77.226247408129836, 25.035351957217248 ], [ 77.226349466379006, 25.035419904637905 ], [ 77.2264473875927, 25.035492732729789 ], [ 77.22708839722138, 25.036027356282784 ], [ 77.227140409549506, 25.036108932483167 ], [ 77.227186755595753, 25.036193296394465 ], [ 77.227227258093762, 25.036280120576194 ], [ 77.22726175966973, 25.036369070521662 ], [ 77.227290127824617, 25.036459801988382 ], [ 77.22731225292587, 25.036551963691149 ], [ 77.22732804719034, 25.036645200003544 ], [ 77.227337453614282, 25.036739150125822 ], [ 77.227340433061556, 25.036833450691283 ], [ 77.227373684827384, 25.036936997673028 ], [ 77.22740829732183, 25.037040172615853 ], [ 77.227444267696271, 25.037142962852492 ], [ 77.227481588180893, 25.037245352063685 ], [ 77.22752025495312, 25.037347325767971 ], [ 77.227560262216741, 25.03744886856505 ], [ 77.227601603157993, 25.03754996775567 ], [ 77.227644271980537, 25.037650607939366 ], [ 77.227688265861474, 25.037750773739525 ], [ 77.227720003904025, 25.037809543577303 ], [ 77.227746929123043, 25.037870273501888 ], [ 77.22776889695335, 25.037932637235599 ], [ 77.227785787688006, 25.037996300571265 ], [ 77.227797512443331, 25.038060919613482 ], [ 77.227804006133297, 25.038126149753701 ], [ 77.227805236486674, 25.038191635807873 ], [ 77.227801193969569, 25.038257029095252 ], [ 77.227791900819881, 25.038321975770039 ], [ 77.227713775654195, 25.03901938745382 ], [ 77.227683530616758, 25.039503735212183 ], [ 77.228968886173533, 25.039518753770981 ], [ 77.231585179636042, 25.039147192641085 ], [ 77.232031141399844, 25.039109438573917 ], [ 77.232994095729808, 25.038940602931728 ], [ 77.235507779268318, 25.040075366896875 ], [ 77.238888742112977, 25.041632321488486 ], [ 77.239114173918864, 25.044197089123895 ], [ 77.235895864924686, 25.046418002511878 ], [ 77.234121963214065, 25.048423126499742 ], [ 77.229652173479607, 25.047658463555454 ], [ 77.226460482548802, 25.047185016108635 ], [ 77.225938112610095, 25.050583987746499 ], [ 77.226880382647181, 25.051704593619224 ], [ 77.226959796556088, 25.051799036686237 ], [ 77.228027410547242, 25.05420228297826 ], [ 77.228418050868385, 25.055653512330171 ], [ 77.225225754401578, 25.056937300630832 ], [ 77.220688238829666, 25.054256380652252 ], [ 77.220279018288082, 25.054806719398691 ], [ 77.219032227498502, 25.056535512646175 ], [ 77.218034846378046, 25.057975077949749 ], [ 77.217561442570855, 25.058599226472708 ], [ 77.217474306547444, 25.058615488721056 ], [ 77.217400638232704, 25.058648191630926 ], [ 77.2173378189473, 25.058696131892582 ], [ 77.217289571497844, 25.058756474003765 ], [ 77.217258753414157, 25.058825643048092 ], [ 77.217142400917552, 25.058922818536935 ], [ 77.21703370571278, 25.059027088351286 ], [ 77.216933182275014, 25.059137953629431 ], [ 77.216841315633872, 25.059254885468768 ], [ 77.216758544554708, 25.059377321177969 ], [ 77.216685263380526, 25.059504678740556 ], [ 77.216621825111162, 25.05963634600235 ], [ 77.216568533357403, 25.059771692346636 ], [ 77.216525640331156, 25.059910071386774 ], [ 77.216438560903654, 25.060020252010741 ], [ 77.216353692330344, 25.060131856600094 ], [ 77.216271066708572, 25.060244847487215 ], [ 77.216190706212984, 25.06035918782754 ], [ 77.216112641967882, 25.060474838139321 ], [ 77.216036897122436, 25.060591763391983 ], [ 77.215963497870945, 25.060709921354469 ], [ 77.215892467380939, 25.060829275190137 ], [ 77.215823830820739, 25.060949786271983 ], [ 77.215214468823334, 25.061498535628989 ], [ 77.215150115881045, 25.06156634634662 ], [ 77.215080943152785, 25.061630097361626 ], [ 77.215007257769443, 25.061689507575014 ], [ 77.214929389516811, 25.061744311424459 ], [ 77.214847683834279, 25.06179426514931 ], [ 77.214762502797015, 25.06183914770212 ], [ 77.214674228125517, 25.061878757160386 ], [ 77.214583249191506, 25.061912920563966 ], [ 77.214487886899363, 25.061942095738644 ], [ 77.214404461570169, 25.061966559328123 ], [ 77.214322130311629, 25.061999303355091 ], [ 77.214243809371126, 25.06203938600872 ], [ 77.214170284969995, 25.062086403648649 ], [ 77.214102292414267, 25.062139887199052 ], [ 77.214040516138652, 25.062199297633256 ], [ 77.213985575686422, 25.062264040309412 ], [ 77.213938020760466, 25.06233346402702 ], [ 77.213898332082778, 25.062406874580027 ], [ 77.21367547832044, 25.062782640399885 ], [ 77.213665630804272, 25.06283481389773 ], [ 77.21364869807347, 25.062885456102379 ], [ 77.213624945660968, 25.062933773519283 ], [ 77.21359474685832, 25.062979005135155 ], [ 77.213558575573288, 25.063020443132199 ], [ 77.213516999363748, 25.063057435541346 ], [ 77.213470670364913, 25.063089401521886 ], [ 77.213420317269936, 25.06311584032791 ], [ 77.213366729404754, 25.063136337501696 ], [ 77.210507249648856, 25.064173305109854 ], [ 77.209451402319829, 25.064589126124229 ], [ 77.209308872235027, 25.064620639008272 ], [ 77.209262991475782, 25.064630783536622 ], [ 77.209079517708673, 25.06468786991033 ], [ 77.208902502629115, 25.064759910862076 ], [ 77.208733409531661, 25.064846313233232 ], [ 77.20857364147605, 25.064946358751072 ], [ 77.20842452030945, 25.06505922011344 ], [ 77.208287281692733, 25.065183962752844 ], [ 77.208163062141594, 25.065319551954765 ], [ 77.208052890962236, 25.065464866337191 ], [ 77.207230279355613, 25.066405934057993 ], [ 77.209086803724162, 25.065942642109217 ], [ 77.212703375997378, 25.066147676061902 ], [ 77.213512345252994, 25.066405419345426 ], [ 77.214451578019961, 25.066544715030425 ], [ 77.214515592966208, 25.066554208568359 ], [ 77.216508882094615, 25.06740367249979 ], [ 77.218074192209841, 25.067856568451351 ], [ 77.219034151751103, 25.068134307726371 ], [ 77.220151344958097, 25.068457252095062 ], [ 77.221067155084668, 25.068752291146705 ], [ 77.222962219283701, 25.069212021269987 ], [ 77.224725686332135, 25.069232399664454 ], [ 77.223949442795885, 25.070563099159294 ], [ 77.224476371978341, 25.071763085196999 ], [ 77.223851155104555, 25.072553590341123 ], [ 77.223351618957338, 25.073961737357124 ], [ 77.223442111486548, 25.076574634389534 ], [ 77.223444837816572, 25.076653369079835 ], [ 77.223060439240584, 25.078193220359985 ], [ 77.223339162565779, 25.080025644888124 ], [ 77.223129563598462, 25.08100592618155 ], [ 77.222384949352175, 25.081144448906958 ], [ 77.222280353452646, 25.082103171008544 ], [ 77.222891661078748, 25.083047068587963 ], [ 77.2225464315854, 25.083320240784481 ], [ 77.222186975094203, 25.08352770986982 ], [ 77.221573100429111, 25.084179587787418 ], [ 77.221520691472364, 25.084988057236338 ], [ 77.221365360718721, 25.087384210229729 ], [ 77.221131366984991, 25.088752685832457 ], [ 77.221014284356087, 25.089437408983379 ], [ 77.220955765452644, 25.090025516653586 ], [ 77.220358845088867, 25.094468094231516 ], [ 77.220181329059386, 25.095789193969257 ], [ 77.220072009083282, 25.096147215948353 ], [ 77.219864606018376, 25.096826458119036 ], [ 77.219774813954956, 25.097459769373774 ], [ 77.219335849675531, 25.099142508742645 ], [ 77.219326588881856, 25.099958781472264 ], [ 77.219504683084565, 25.100768095406018 ], [ 77.219348337667867, 25.102253016166848 ], [ 77.219395690567922, 25.102763396908326 ], [ 77.219683001370214, 25.103194113152135 ], [ 77.21999648151845, 25.108239228021855 ], [ 77.220139156019414, 25.10880101946692 ], [ 77.222121455637478, 25.109101236192135 ], [ 77.225698755754181, 25.108910027155034 ], [ 77.227239256293714, 25.108679832391363 ], [ 77.229090638111103, 25.108060098674752 ], [ 77.235284757896721, 25.106807009337206 ], [ 77.235183165177759, 25.105028250616936 ], [ 77.236804739773248, 25.102498828550317 ], [ 77.240489745180511, 25.101215807608124 ], [ 77.242022707883081, 25.099968554007017 ], [ 77.242487762241765, 25.098372216454109 ], [ 77.242908480496382, 25.097316096208178 ], [ 77.243858961489323, 25.095504955394937 ], [ 77.244479535936975, 25.094391774827965 ], [ 77.244629368103844, 25.094123001701167 ], [ 77.245531385156596, 25.09262052274503 ], [ 77.245797300562188, 25.092030548785168 ], [ 77.246737897642618, 25.090421454622685 ], [ 77.247940937171094, 25.088297980043258 ], [ 77.248588672074803, 25.086510698422451 ], [ 77.247640766675346, 25.084648702798908 ], [ 77.248613737345153, 25.083329811564749 ], [ 77.248999960476837, 25.082775480410998 ], [ 77.249991234005506, 25.082610557721551 ], [ 77.250946086130298, 25.082534821513175 ], [ 77.252275853042093, 25.082345068386221 ], [ 77.253655241138446, 25.081689185275568 ], [ 77.254867457859319, 25.081365355440202 ], [ 77.256049159931734, 25.081191500190318 ], [ 77.256922184217544, 25.080972570729788 ], [ 77.257728930056544, 25.080787447880986 ], [ 77.258337940653306, 25.079469720379702 ], [ 77.258542822265426, 25.079026408233286 ], [ 77.260693221674586, 25.077159784852679 ], [ 77.261775771134381, 25.073207652362708 ], [ 77.263725427768307, 25.071775149317062 ], [ 77.268128402272126, 25.071267851260135 ], [ 77.26960488477323, 25.071205294247864 ], [ 77.271280799680142, 25.071544600693358 ], [ 77.271524584736497, 25.071394006987948 ], [ 77.27156546368569, 25.071368754873721 ], [ 77.271781664797174, 25.071207427419189 ], [ 77.271824707139487, 25.071124491233387 ], [ 77.271856363977321, 25.071037404965214 ], [ 77.271876159255754, 25.070947460936068 ], [ 77.27188380595021, 25.070855990853921 ], [ 77.271879185360248, 25.070764353009746 ], [ 77.271862369164353, 25.070673906256694 ], [ 77.271833608679259, 25.070585991864668 ], [ 77.271793325127661, 25.070501913577061 ], [ 77.271742118727886, 25.070422919618309 ], [ 77.271484755954134, 25.070072310765788 ], [ 77.271378936752868, 25.069974469792349 ], [ 77.271285127513238, 25.069866943276885 ], [ 77.271204389780507, 25.069750948717829 ], [ 77.271137636446426, 25.069627800002916 ], [ 77.271085624978411, 25.069498889292888 ], [ 77.271048941658108, 25.069365676061675 ], [ 77.271028001768542, 25.069229667227972 ], [ 77.271023042799243, 25.069092401749373 ], [ 77.271034122634276, 25.068955432545383 ], [ 77.271045289412271, 25.068710840345144 ], [ 77.271065642331848, 25.068466740785919 ], [ 77.27109515985444, 25.068223418180761 ], [ 77.271133806544839, 25.067981158540178 ], [ 77.27118153806245, 25.067740245998166 ], [ 77.271238296195861, 25.067500963676917 ], [ 77.271304017803246, 25.067263591949807 ], [ 77.27137862093187, 25.067028408334266 ], [ 77.271462023648226, 25.066795688540264 ], [ 77.271506587545403, 25.06668300068398 ], [ 77.271562317763838, 25.066574514485602 ], [ 77.271628740757023, 25.06647114295248 ], [ 77.27170230588149, 25.066377568487749 ], [ 77.27179134551983, 25.066283184905611 ], [ 77.271886153129941, 25.066200183586506 ], [ 77.271988921160954, 25.066125456608809 ], [ 77.272098785097498, 25.066059633091999 ], [ 77.272214816648784, 25.066003270318689 ], [ 77.272393186464441, 25.065928645368786 ], [ 77.272572501164319, 25.065855924947524 ], [ 77.272752741808375, 25.065785120646449 ], [ 77.27293387656762, 25.065716243957823 ], [ 77.273115884561477, 25.065649301942791 ], [ 77.273298740901623, 25.065584306147443 ], [ 77.273482417775909, 25.06552126267648 ], [ 77.273666893270843, 25.065460183099152 ], [ 77.273852142548947, 25.06540107354342 ], [ 77.273919101148067, 25.065372963457047 ], [ 77.273980268940889, 25.065335469537523 ], [ 77.274034072352791, 25.065289553250995 ], [ 77.274079127141576, 25.06523639607909 ], [ 77.274114279374714, 25.065177364610935 ], [ 77.274138622610309, 25.065113975452601 ], [ 77.274151528974869, 25.065047858436923 ], [ 77.274152673383782, 25.064980710749836 ], [ 77.274142019993604, 25.06491426070064 ], [ 77.274129292008709, 25.064788413206728 ], [ 77.274110000607465, 25.064663259376204 ], [ 77.274084189761197, 25.064539084933514 ], [ 77.274051919362648, 25.064416169402989 ], [ 77.27401326218434, 25.064294793310193 ], [ 77.27396830493673, 25.064175230965546 ], [ 77.273917149234592, 25.06405775318084 ], [ 77.273859912596379, 25.063942626373926 ], [ 77.273796723486967, 25.063830112530802 ], [ 77.273748486543255, 25.063737916708661 ], [ 77.273694299492306, 25.063648503658413 ], [ 77.273634358676077, 25.063562192786264 ], [ 77.273568873449165, 25.063479290050932 ], [ 77.27349808003386, 25.063400090780391 ], [ 77.27342222767308, 25.06332487595262 ], [ 77.273341587536919, 25.06325391407055 ], [ 77.273256447798431, 25.063187457511813 ], [ 77.273167109676734, 25.063125741595396 ], [ 77.273148284130926, 25.063115761554794 ], [ 77.273336021721263, 25.062377992754449 ], [ 77.273382032797713, 25.062181328145662 ], [ 77.273422740188195, 25.061983695164933 ], [ 77.273458119016141, 25.061785212838515 ], [ 77.273488150337499, 25.061586002043999 ], [ 77.27351281425058, 25.061386180038436 ], [ 77.273532098744013, 25.061185868654974 ], [ 77.273545988874048, 25.060985185187747 ], [ 77.273554478561778, 25.060784253320545 ], [ 77.273558864674968, 25.060614599461932 ] ] ], [ [ [ 77.359519290544654, 24.758623015589926 ], [ 77.359755630414554, 24.758208736638316 ], [ 77.359853091884133, 24.75749110495163 ], [ 77.359872726508954, 24.756968480544749 ], [ 77.359797081815827, 24.756606860335371 ], [ 77.359662927843644, 24.755965528997255 ], [ 77.359697337441688, 24.755612091190585 ], [ 77.359757585407763, 24.754993272839243 ], [ 77.359792233021679, 24.754493884608809 ], [ 77.359661519746766, 24.753745950739344 ], [ 77.359403231916559, 24.753076432023612 ], [ 77.358619158723585, 24.751583766878881 ], [ 77.358695113476045, 24.751517457046333 ], [ 77.359846438597884, 24.750512326581728 ], [ 77.359951439970331, 24.750087454279292 ], [ 77.359915403232336, 24.750043846593837 ], [ 77.359383561100117, 24.749333328557434 ], [ 77.358036017871839, 24.747662334791979 ], [ 77.35782483046242, 24.74735582169393 ], [ 77.361123874254602, 24.745228209551989 ], [ 77.360803408999473, 24.742762244915774 ], [ 77.357632044122909, 24.743061060847854 ], [ 77.356539134038059, 24.741167418636604 ], [ 77.356132016196256, 24.740775333728759 ], [ 77.355420147066297, 24.740656983108352 ], [ 77.354764753583595, 24.740883893294036 ], [ 77.353595162725213, 24.742860429922906 ], [ 77.35347303988344, 24.743818950994029 ], [ 77.353518650933736, 24.744040232034525 ], [ 77.35381064261604, 24.744920140374909 ], [ 77.352077089824604, 24.744920833004397 ], [ 77.35212259467616, 24.74516257334923 ], [ 77.352121941765034, 24.745208228035921 ], [ 77.35211682849976, 24.745253646920993 ], [ 77.352107292573038, 24.745298468096717 ], [ 77.352099918898247, 24.745321771934339 ], [ 77.352093415175759, 24.74534233177036 ], [ 77.35207530311942, 24.74538488916901 ], [ 77.352053101723229, 24.745425799018374 ], [ 77.352026990781653, 24.745464736546204 ], [ 77.351997175717841, 24.745501387096972 ], [ 77.351963897326911, 24.745535463361851 ], [ 77.351903673720031, 24.745595528637789 ], [ 77.351838237764781, 24.745650863934127 ], [ 77.351768035755455, 24.745701091273734 ], [ 77.351693544330857, 24.745745869925976 ], [ 77.351615269492697, 24.745784895496513 ], [ 77.351533740648932, 24.74581790259505 ], [ 77.35144951256035, 24.745844668461682 ], [ 77.351363158433116, 24.74586501111197 ], [ 77.351275262980494, 24.745878791093865 ], [ 77.35123523058536, 24.745883375537346 ], [ 77.351195885772668, 24.745891529705986 ], [ 77.351157607008446, 24.745903175004834 ], [ 77.351120767141182, 24.745918195769228 ], [ 77.351085720437794, 24.745936451816725 ], [ 77.351052807659457, 24.745957763129294 ], [ 77.351022347037883, 24.745981924240098 ], [ 77.350994632336054, 24.746008699703307 ], [ 77.350969932771321, 24.746037833125694 ], [ 77.350961224392421, 24.746073116204375 ], [ 77.350954595661619, 24.746108773536189 ], [ 77.350950060299382, 24.746144704062942 ], [ 77.350947635997514, 24.746180804948395 ], [ 77.350947327614506, 24.746216970555235 ], [ 77.350949135999358, 24.746253101539864 ], [ 77.350953058099151, 24.746289092208727 ], [ 77.350959078970419, 24.746324839492885 ], [ 77.350967184643267, 24.746360242136863 ], [ 77.350970073111526, 24.746395551683207 ], [ 77.35096832061474, 24.746430924867049 ], [ 77.350961950274581, 24.746465853362778 ], [ 77.350951054393136, 24.746499834755507 ], [ 77.350935788427066, 24.746532383336319 ], [ 77.35091637196129, 24.746563031915553 ], [ 77.350893082683243, 24.746591342618174 ], [ 77.350866255386222, 24.746616907780208 ], [ 77.350836272976508, 24.746639360722952 ], [ 77.350801486346967, 24.746682061274271 ], [ 77.350772318152451, 24.746728137217314 ], [ 77.350749157362358, 24.746776975354074 ], [ 77.350732312162222, 24.746827925784423 ], [ 77.350722006917124, 24.746880310012791 ], [ 77.350718380139384, 24.746933427256117 ], [ 77.350721478384969, 24.746986574269886 ], [ 77.350731262225011, 24.747039040875006 ], [ 77.350747599160925, 24.747090128873861 ], [ 77.350822301185573, 24.747485123519262 ], [ 77.350841737374324, 24.747533592655806 ], [ 77.350866719672453, 24.747579894768602 ], [ 77.350896964780986, 24.747623502190198 ], [ 77.350932125859714, 24.74766391570272 ], [ 77.350971803282206, 24.747700679065161 ], [ 77.351015545709615, 24.747733369086319 ], [ 77.351062854858029, 24.747761616432115 ], [ 77.351113190505131, 24.747785098435756 ], [ 77.351165980318257, 24.747803546393484 ], [ 77.351199809967753, 24.747833328093623 ], [ 77.351226374900349, 24.747868723777067 ], [ 77.351244584742375, 24.747908280609238 ], [ 77.351253693740389, 24.747950377504296 ], [ 77.351253327937741, 24.747993285830169 ], [ 77.351243502307611, 24.748035248107225 ], [ 77.351224620216314, 24.748074541226668 ], [ 77.351197454961451, 24.748109553992876 ], [ 77.351163121543209, 24.748138850146546 ], [ 77.35076567057466, 24.748603368028078 ], [ 77.350314026739028, 24.749017470257051 ], [ 77.350288830607084, 24.749054054837281 ], [ 77.350266530084269, 24.749092175552445 ], [ 77.350247239563942, 24.749131639937737 ], [ 77.350231053683885, 24.749172252678186 ], [ 77.350218054302601, 24.749213809335906 ], [ 77.350208308467572, 24.749256102657863 ], [ 77.350206250338232, 24.749269772969974 ], [ 77.350201862527669, 24.749298917115034 ], [ 77.35019874992129, 24.749342043408536 ], [ 77.350198986385777, 24.749385260371849 ], [ 77.350169689153745, 24.749925306971104 ], [ 77.350165983400544, 24.74995877857765 ], [ 77.350166036512206, 24.749992419638911 ], [ 77.350169849489092, 24.750025881535233 ], [ 77.350174660638118, 24.750046916479619 ], [ 77.35019588962335, 24.750090684759869 ], [ 77.350233050737032, 24.750172613714355 ], [ 77.350270411934503, 24.750265870843258 ], [ 77.350270735012899, 24.750319801016392 ], [ 77.350265558809809, 24.750373525867875 ], [ 77.350254929844439, 24.750426576978565 ], [ 77.350238938082128, 24.750478494366451 ], [ 77.35021772484653, 24.750528826543125 ], [ 77.35019147385735, 24.750577137675634 ], [ 77.350160412219466, 24.750623007593305 ], [ 77.350124811350668, 24.750666039020224 ], [ 77.349907577787221, 24.750714305654377 ], [ 77.349876667354081, 24.750725070952274 ], [ 77.349664024143692, 24.750781630375055 ], [ 77.349448597908108, 24.750854016831926 ], [ 77.349232113273388, 24.750923726540844 ], [ 77.349014612917287, 24.750990743544481 ], [ 77.348796134526566, 24.751055057269255 ], [ 77.348576720748611, 24.751116655370819 ], [ 77.348356410267428, 24.751175526379903 ], [ 77.348135245707809, 24.751231660661979 ], [ 77.347913265769748, 24.751285044942101 ], [ 77.347690512066308, 24.751335672288448 ], [ 77.347521670574395, 24.751345094457207 ], [ 77.347428577678073, 24.751350290009885 ], [ 77.347166209709343, 24.751345302513556 ], [ 77.346905168506893, 24.751320742237983 ], [ 77.346647200420648, 24.75127677430088 ], [ 77.346394031888906, 24.751213693746877 ], [ 77.346147359567908, 24.751131922766703 ], [ 77.345908833546574, 24.751032006963737 ], [ 77.345680052359924, 24.750914619832802 ], [ 77.345462547332872, 24.750780542776859 ], [ 77.345313239855628, 24.750720314508719 ], [ 77.34515641192165, 24.750678995428014 ], [ 77.344994918319472, 24.750657336597435 ], [ 77.344831701945523, 24.750655732062782 ], [ 77.344669736496755, 24.750674213025452 ], [ 77.344511971148805, 24.75071244112446 ], [ 77.34436127804662, 24.750769719801909 ], [ 77.344220404707912, 24.750845009314773 ], [ 77.344091915624176, 24.750936932637021 ], [ 77.34400678949433, 24.751036050281684 ], [ 77.343915168201264, 24.751130211702819 ], [ 77.343817395957743, 24.751219068017253 ], [ 77.343713843581909, 24.751302282273954 ], [ 77.343604897509906, 24.751379542019734 ], [ 77.343490968719863, 24.751450556654191 ], [ 77.343372485801311, 24.751515058283257 ], [ 77.343249895912706, 24.751572805339016 ], [ 77.343123658878454, 24.75162357892485 ], [ 77.343077337045287, 24.751647385342626 ], [ 77.343026994219215, 24.751662962089135 ], [ 77.342974364880149, 24.751669770651482 ], [ 77.342921265955638, 24.751667576577084 ], [ 77.342869524545208, 24.751656457988076 ], [ 77.342820926591941, 24.75163679347197 ], [ 77.342777149598831, 24.751609265211442 ], [ 77.342739697680358, 24.751574820585411 ], [ 77.342709868145818, 24.75153464754235 ], [ 77.342550275019846, 24.751301387187596 ], [ 77.342101750110544, 24.751023897355953 ], [ 77.340624170428029, 24.750050455456073 ], [ 77.335110451520876, 24.746538555797052 ], [ 77.334198104863844, 24.745759141949318 ], [ 77.332544560741511, 24.743675824962281 ], [ 77.331602567451455, 24.74280278327948 ], [ 77.33123519772596, 24.742735156898416 ], [ 77.330836933504358, 24.742808066602336 ], [ 77.330615243772101, 24.743050085589825 ], [ 77.330518686474278, 24.743747836619917 ], [ 77.330201016873829, 24.748767881976409 ], [ 77.330411587223523, 24.749393246571817 ], [ 77.329800914936683, 24.749990554016765 ], [ 77.329733582434017, 24.750051299945451 ], [ 77.329672167959927, 24.750106506250916 ], [ 77.331508146750082, 24.75135785349039 ], [ 77.332542406753589, 24.751643249695011 ], [ 77.332954802020595, 24.75175704613191 ], [ 77.333968229329628, 24.752139386833338 ], [ 77.335009678185273, 24.752766759430795 ], [ 77.335301626907992, 24.752960616224762 ], [ 77.336243844283771, 24.753586249158843 ], [ 77.337301656890133, 24.753970036780007 ], [ 77.338776129743565, 24.754594008086247 ], [ 77.340775906691718, 24.755471426766746 ], [ 77.341631614278924, 24.755846863465951 ], [ 77.343544087514587, 24.756796631491881 ], [ 77.344873407121341, 24.757491791085904 ], [ 77.346107659726457, 24.758363971619836 ], [ 77.34680238198662, 24.758921589283613 ], [ 77.34840011847939, 24.759566317764818 ], [ 77.348477230838654, 24.762519808433552 ], [ 77.350492915162647, 24.762351238703122 ], [ 77.351056899861149, 24.76247997704078 ], [ 77.351975360051227, 24.762945580417629 ], [ 77.352418671760205, 24.763331222722705 ], [ 77.353212118428317, 24.764562736998929 ], [ 77.354990455090132, 24.763213450150648 ], [ 77.35680899214735, 24.761564733671296 ], [ 77.357491135318995, 24.760863701994221 ], [ 77.358593111112882, 24.759731189421235 ], [ 77.359519290544654, 24.758623015589926 ] ] ] ] } }
]
}
