{
"type": "FeatureCollection",
"name": "guna_range_bamori",
"crs": { "type": "name", "properties": { "name": "urn:ogc:def:crs:OGC:1.3:CRS84" } },
"features": [
{ "type": "Feature", "properties": { "SID": "014", "DID": "067", "RID": "002", "BID": "001", "State": "Madhya_Pradesh", "Division": "Guna", "Range": "Bamori", "Beat": "Akoda_A", "Beat_Ar": 17.419220653 }, "geometry": { "type": "MultiPolygon", "coordinates": [ [ [ [ 77.151160803328395, 24.790220551670746 ], [ 77.14820548017066, 24.790475654409622 ], [ 77.145207321200459, 24.790704224041395 ], [ 77.140643381516384, 24.790811982856006 ], [ 77.139236127674138, 24.79120866075478 ], [ 77.137221293120618, 24.791877121486205 ], [ 77.135919429699598, 24.792345173808233 ], [ 77.13473908619693, 24.791291418205482 ], [ 77.13358907171208, 24.790222678936448 ], [ 77.132954306106697, 24.789941165674776 ], [ 77.132326971814479, 24.78966294586661 ], [ 77.131185738616153, 24.789592391887663 ], [ 77.131142314418099, 24.789519818380295 ], [ 77.129619091064839, 24.786974013216209 ], [ 77.12961183809287, 24.786961892291121 ], [ 77.128415605165344, 24.786489504362926 ], [ 77.127258960860999, 24.786071614112238 ], [ 77.126498284630884, 24.785819946211422 ], [ 77.124943131453747, 24.785626946772851 ], [ 77.123146722927302, 24.785312789321004 ], [ 77.121557249668143, 24.784506929647581 ], [ 77.120727573937458, 24.784058156514831 ], [ 77.118373226628691, 24.782494435874394 ], [ 77.114913822060572, 24.780206745436331 ], [ 77.113022937304066, 24.774809439628779 ], [ 77.111279081816136, 24.769901970392318 ], [ 77.11111403560156, 24.768214628145717 ], [ 77.110368719965152, 24.768078759743407 ], [ 77.110266702246633, 24.768067187673715 ], [ 77.110164110957967, 24.76806118281257 ], [ 77.110061310868403, 24.768060764597202 ], [ 77.109958665937569, 24.76806593529934 ], [ 77.109856539334501, 24.768076678219135 ], [ 77.109755294493041, 24.768092951372509 ], [ 77.109655291004913, 24.7681147019055 ], [ 77.109556882821266, 24.768141848918798 ], [ 77.109460420079927, 24.768174297933896 ], [ 77.109309339004781, 24.768254907872834 ], [ 77.10915546734563, 24.768330991210952 ], [ 77.108998970146047, 24.76840246810001 ], [ 77.108840011423922, 24.76846926229593 ], [ 77.108678757081947, 24.768531306603091 ], [ 77.108515380974055, 24.768588530283299 ], [ 77.10835005385583, 24.768640875215802 ], [ 77.108182949403485, 24.768688287821671 ], [ 77.10801424721906, 24.768730715477645 ], [ 77.10797270548079, 24.768737732787525 ], [ 77.107905488006892, 24.768749086477044 ], [ 77.107798668559681, 24.768775277344716 ], [ 77.107694461243312, 24.768809120561272 ], [ 77.107593521077547, 24.768850405107457 ], [ 77.107496485812291, 24.768898869239887 ], [ 77.107403965942993, 24.768954209434398 ], [ 77.107316545766395, 24.769016074073626 ], [ 77.107234776324859, 24.769084076028513 ], [ 77.10715917052778, 24.769157786293537 ], [ 77.106315098888643, 24.769799269551136 ], [ 77.104340834015034, 24.769224195914497 ], [ 77.101369380905695, 24.768447075325643 ], [ 77.101277621571938, 24.76848456450157 ], [ 77.101030268749398, 24.768585624018105 ], [ 77.099041179048513, 24.769135138963552 ], [ 77.096902260205411, 24.769199477969753 ], [ 77.095925101237782, 24.769265789687946 ], [ 77.094874722026674, 24.770213912854977 ], [ 77.092940203153063, 24.770193315268326 ], [ 77.092499006768421, 24.770188615315867 ], [ 77.090993493476802, 24.770172564904236 ], [ 77.090804973562456, 24.768045698411012 ], [ 77.091356049705098, 24.765948347018394 ], [ 77.093749626766311, 24.765694779508721 ], [ 77.094210793505653, 24.764598293011449 ], [ 77.09464019400383, 24.763577317891308 ], [ 77.095233099133651, 24.761979983365837 ], [ 77.095873148959285, 24.760201066833545 ], [ 77.093057030814919, 24.758857308943618 ], [ 77.087727690537562, 24.758617753373542 ], [ 77.086406003958018, 24.758138780212157 ], [ 77.078630870261492, 24.754285118135904 ], [ 77.078176536163184, 24.753920398279291 ], [ 77.077869319584877, 24.754084748359233 ], [ 77.077797983360341, 24.754098350350986 ], [ 77.077729245114384, 24.754120453103575 ], [ 77.077664315581373, 24.754150668262469 ], [ 77.077604333858346, 24.754188463238993 ], [ 77.077550358360924, 24.754233174675516 ], [ 77.077503338067643, 24.754284015413202 ], [ 77.077464096533291, 24.754340089701458 ], [ 77.077433327710366, 24.754400413931471 ], [ 77.077411572108176, 24.754463926357221 ], [ 77.077402231660443, 24.754561095206022 ], [ 77.077386353556847, 24.754657553557841 ], [ 77.077363997073093, 24.754752937079878 ], [ 77.077335245239027, 24.754846879845058 ], [ 77.077300210637006, 24.754939027026889 ], [ 77.07725902558046, 24.755029028490473 ], [ 77.07721184605056, 24.755116540633654 ], [ 77.077158849660677, 24.755201231787787 ], [ 77.077100240610463, 24.755282781359092 ], [ 77.077054843362234, 24.755367130402014 ], [ 77.077019800423457, 24.755455501487127 ], [ 77.076995534581698, 24.755546837238541 ], [ 77.076982332506191, 24.755640046549143 ], [ 77.076980352541497, 24.755734015487153 ], [ 77.076989618646763, 24.755827618982458 ], [ 77.077010021179674, 24.755919739798756 ], [ 77.07704131582868, 24.75600927574942 ], [ 77.077083127373484, 24.75609515779335 ], [ 77.07711621604642, 24.756172164552144 ], [ 77.077141079538691, 24.756251710480679 ], [ 77.077157491284481, 24.756333063836856 ], [ 77.077165298061374, 24.756415478179996 ], [ 77.07716442983218, 24.756498196974565 ], [ 77.077154893744364, 24.75658045985794 ], [ 77.077136777989566, 24.756661511706252 ], [ 77.07711024780042, 24.756740607114505 ], [ 77.077075549300289, 24.756817020365183 ], [ 77.077007841132115, 24.756886600743002 ], [ 77.076950607923379, 24.756963626148654 ], [ 77.076904821070286, 24.757046790341398 ], [ 77.076871258271439, 24.757134681488541 ], [ 77.076850487412869, 24.757225809113944 ], [ 77.076842860342083, 24.757318631135121 ], [ 77.076848509734347, 24.757411569187568 ], [ 77.076867334799601, 24.757503050040562 ], [ 77.076899017936881, 24.75759152019533 ], [ 77.076949533150355, 24.75765436660814 ], [ 77.076994102848573, 24.757720855395203 ], [ 77.07703241452549, 24.757790522273446 ], [ 77.07706419851668, 24.757862873539484 ], [ 77.077089232760528, 24.757937403271331 ], [ 77.077107339909105, 24.758013586077467 ], [ 77.077118392166852, 24.758090887074285 ], [ 77.077122312289532, 24.758168760991762 ], [ 77.077119072498917, 24.758246661195109 ], [ 77.077145888911062, 24.758312169349413 ], [ 77.077175283850494, 24.758376747766398 ], [ 77.077207216666324, 24.75844031389747 ], [ 77.077241648704657, 24.758502783405408 ], [ 77.077278531392878, 24.758564074573766 ], [ 77.077317818106835, 24.758624108412633 ], [ 77.077359458285628, 24.758682804090629 ], [ 77.077403395395663, 24.758740084335425 ], [ 77.077449573814434, 24.75879587910774 ], [ 77.077468901264368, 24.758903286357626 ], [ 77.077498701570605, 24.759008677546785 ], [ 77.077538736612979, 24.759111202513086 ], [ 77.077588679981019, 24.759210035590506 ], [ 77.077648131768186, 24.759304379354209 ], [ 77.077716613539408, 24.759393472703866 ], [ 77.077727608034706, 24.759405349446919 ], [ 77.077793571219971, 24.759476598114979 ], [ 77.077878383976028, 24.75955308352475 ], [ 77.077970368025191, 24.759622315913738 ], [ 77.078022139426622, 24.759653809726505 ], [ 77.078069055700297, 24.759691109633103 ], [ 77.078110343096228, 24.759733599118988 ], [ 77.078145318794711, 24.759780574879812 ], [ 77.078173402638512, 24.759831259569612 ], [ 77.078194131812523, 24.759884816381341 ], [ 77.078207163695254, 24.759940359909727 ], [ 77.078212279670069, 24.759996969731535 ], [ 77.078209401696313, 24.760053713131789 ], [ 77.078119616222537, 24.760060766158073 ], [ 77.078030203860408, 24.76007102582512 ], [ 77.077941300293332, 24.76008447438042 ], [ 77.077853041195212, 24.760101094975088 ], [ 77.077765563354902, 24.760120859029655 ], [ 77.077679000604391, 24.760143737035531 ], [ 77.077593485845014, 24.760169694057584 ], [ 77.077509150048925, 24.760198690627881 ], [ 77.077426123267557, 24.760230680948823 ], [ 77.077358120939891, 24.76024654943275 ], [ 77.077288619298372, 24.760255491109874 ], [ 77.077218462185769, 24.760257397925045 ], [ 77.077148501474326, 24.760252243177227 ], [ 77.077079586060478, 24.760240093161439 ], [ 77.077012552110261, 24.760221094437849 ], [ 77.076948215127629, 24.760195475566881 ], [ 77.076887356059942, 24.760163551500614 ], [ 77.076830712581057, 24.76012570634488 ], [ 77.076707171076933, 24.760119541090127 ], [ 77.076583468215773, 24.760121686587901 ], [ 77.076460273660871, 24.760132133475341 ], [ 77.07633825167494, 24.760150822672276 ], [ 77.076218067956432, 24.76017765356994 ], [ 77.076100367911948, 24.760212481127372 ], [ 77.075985791491362, 24.760255116003936 ], [ 77.075874959275112, 24.760305330756541 ], [ 77.075768470613042, 24.760362848985384 ], [ 77.075654559071197, 24.760427638512354 ], [ 77.075537605995152, 24.760487737919757 ], [ 77.075417840173927, 24.760543026425538 ], [ 77.075295501121317, 24.760593397794086 ], [ 77.075170828284627, 24.760638752111763 ], [ 77.075044069925795, 24.760678997672624 ], [ 77.074915477138859, 24.76071405544052 ], [ 77.07478530387921, 24.760743856340063 ], [ 77.074653807952004, 24.760768341265454 ], [ 77.074591578030095, 24.760782011424503 ], [ 77.074531987654339, 24.760803341968529 ], [ 77.074476162721851, 24.760831931167324 ], [ 77.074425155466059, 24.760867237552301 ], [ 77.074379930456701, 24.760908594240053 ], [ 77.074341341708589, 24.760955222273768 ], [ 77.074310116770818, 24.761006238608154 ], [ 77.074286844567808, 24.761060683093344 ], [ 77.074271964432867, 24.761117526504513 ], [ 77.07400671452001, 24.761489866873735 ], [ 77.073820486435267, 24.761727894650164 ], [ 77.073747109823685, 24.761781701983054 ], [ 77.073665105178932, 24.76182386298753 ], [ 77.073576668502923, 24.761853249479444 ], [ 77.073484167212015, 24.761869073485141 ], [ 77.073390077566373, 24.76187091106571 ], [ 77.073296921236093, 24.761858714392186 ], [ 77.07320718916597, 24.761832809256603 ], [ 77.07312328425968, 24.761793890041751 ], [ 77.073047454359994, 24.761742997443772 ], [ 77.072988131131538, 24.76168914977713 ], [ 77.072928264466597, 24.761635807474125 ], [ 77.072867860260246, 24.761582974199435 ], [ 77.072806921440502, 24.761530653591237 ], [ 77.07274545388276, 24.761478851120295 ], [ 77.072683463481965, 24.761427570451264 ], [ 77.072620956113525, 24.761376817054931 ], [ 77.072557936673547, 24.761326595490246 ], [ 77.072494408109335, 24.761276907589192 ], [ 77.072459917826066, 24.761251160884481 ], [ 77.072418674414166, 24.761235783663228 ], [ 77.07237430600658, 24.761232128837801 ], [ 77.072330713956106, 24.761240515901356 ], [ 77.072291731852303, 24.76126020890311 ], [ 77.0722607925739, 24.761289474870981 ], [ 77.072240613070008, 24.761325740832206 ], [ 77.072232968443529, 24.761365815756506 ], [ 77.072238533599332, 24.761406175420483 ], [ 77.072224858688344, 24.761471972975823 ], [ 77.07220720047232, 24.761536975254057 ], [ 77.072185614517565, 24.761600981357361 ], [ 77.072160167230692, 24.76166379409737 ], [ 77.072130935887728, 24.761725217286248 ], [ 77.072098012512313, 24.761785062996314 ], [ 77.072061498010029, 24.761843145185683 ], [ 77.072021505067298, 24.761899286046138 ], [ 77.07197815722084, 24.761953310576253 ], [ 77.071917776297951, 24.762026289408986 ], [ 77.071847478140441, 24.762091443076766 ], [ 77.071768461628864, 24.762147657047173 ], [ 77.071682084251364, 24.762193968130756 ], [ 77.071589823328722, 24.762229583098822 ], [ 77.071493258046374, 24.762253893876487 ], [ 77.071394043690574, 24.762266481827428 ], [ 77.071293878845196, 24.762267132812738 ], [ 77.071194477707536, 24.762255836039454 ], [ 77.071107566060633, 24.762233566549252 ], [ 77.071018459843785, 24.762220371675301 ], [ 77.070928294661314, 24.762216418758275 ], [ 77.070838215283189, 24.762221758721875 ], [ 77.07074936777353, 24.762236322389604 ], [ 77.070662876686981, 24.76225992569881 ], [ 77.070579848056582, 24.762292267920657 ], [ 77.070501331735755, 24.76233293854683 ], [ 77.070428329301691, 24.762381418263214 ], [ 77.070396490854847, 24.762459895567954 ], [ 77.070354611334423, 24.762534336895154 ], [ 77.070303291702089, 24.762603676542266 ], [ 77.070243265667102, 24.762666921345367 ], [ 77.070175396574115, 24.762723164198686 ], [ 77.070100653482783, 24.762771600999312 ], [ 77.070020109131292, 24.762811536048552 ], [ 77.069934915026209, 24.762842398987519 ], [ 77.069846292521675, 24.762863746524072 ], [ 77.069666887190849, 24.762861520889114 ], [ 77.069487712426778, 24.762870104701339 ], [ 77.069309546983575, 24.762889460712586 ], [ 77.069133168125319, 24.762919506509313 ], [ 77.068959345751907, 24.762960109040876 ], [ 77.068788831433253, 24.76301109264859 ], [ 77.068622372314465, 24.76307223377238 ], [ 77.068460693247061, 24.763143267111172 ], [ 77.068304496799243, 24.763223884719714 ], [ 77.06820300251124, 24.763265333434195 ], [ 77.068099302300851, 24.763301948609897 ], [ 77.067993672206867, 24.763333631579407 ], [ 77.067886393067624, 24.763360297265763 ], [ 77.067777749522321, 24.763381875077084 ], [ 77.067668031978741, 24.763398309826979 ], [ 77.067557532745241, 24.763409553572121 ], [ 77.067446544875693, 24.763415580954518 ], [ 77.067335365311635, 24.763416372973946 ], [ 77.066724277671298, 24.763510680577117 ], [ 77.066537916584508, 24.764622369160456 ], [ 77.066502678927634, 24.765666388324341 ], [ 77.065443948088856, 24.765762874710472 ], [ 77.064502121877638, 24.765796789178967 ], [ 77.063955781583843, 24.765802458114717 ], [ 77.06269216702681, 24.766439510635411 ], [ 77.061476474239853, 24.76707532844215 ], [ 77.060926933244787, 24.768271464580323 ], [ 77.060101596845655, 24.770324922144454 ], [ 77.059134120448547, 24.772599298610512 ], [ 77.058714811418739, 24.773691009432653 ], [ 77.058342974581237, 24.774747983990569 ], [ 77.060354263356857, 24.774713199768364 ], [ 77.061515950275322, 24.774776735739596 ], [ 77.062562446879554, 24.774743789070108 ], [ 77.06388512967311, 24.774967816217277 ], [ 77.065102638161946, 24.775383601442002 ], [ 77.066336352125035, 24.775983026832535 ], [ 77.066837099537935, 24.776226321886181 ], [ 77.067711682303255, 24.777255335318458 ], [ 77.068290817286069, 24.778522368583619 ], [ 77.069184215767734, 24.780031536824119 ], [ 77.069304171602013, 24.780764258853097 ], [ 77.071084646208874, 24.782850831327991 ], [ 77.073550231615613, 24.785082337383667 ], [ 77.073916595724427, 24.785605196052213 ], [ 77.072786719977131, 24.788006982465458 ], [ 77.07238791500464, 24.78878988302845 ], [ 77.072144179152374, 24.789268358650951 ], [ 77.069499048693444, 24.786992643592853 ], [ 77.066371104207519, 24.784301380326571 ], [ 77.065024842537781, 24.783321762361926 ], [ 77.06368158889687, 24.782344304948115 ], [ 77.063075501741807, 24.781958577505666 ], [ 77.061053525799608, 24.780970776411728 ], [ 77.060248631453774, 24.780773421087339 ], [ 77.05971347520132, 24.780642199627394 ], [ 77.058388220832086, 24.780339331357439 ], [ 77.055428106190035, 24.779851176025264 ], [ 77.052848733157191, 24.779779088138998 ], [ 77.052728518522613, 24.782035090939448 ], [ 77.052698338542186, 24.782601437757791 ], [ 77.053722068739987, 24.783861271350048 ], [ 77.054100571441836, 24.784327063415883 ], [ 77.055596576917722, 24.787878198821655 ], [ 77.056303298207254, 24.789555704921771 ], [ 77.05636971925162, 24.790325890823507 ], [ 77.056401526551866, 24.790694714567678 ], [ 77.056610245663805, 24.7931148632651 ], [ 77.058308705664544, 24.79702598320096 ], [ 77.058355468438194, 24.800100031318891 ], [ 77.058426866387563, 24.800285681381887 ], [ 77.059105880497768, 24.802051229706173 ], [ 77.059671144775038, 24.802626305604637 ], [ 77.061315099313347, 24.804192409653481 ], [ 77.062560597678313, 24.805892625347042 ], [ 77.062704154721089, 24.807423856030198 ], [ 77.062945156904249, 24.808480369424164 ], [ 77.063023073779078, 24.808848706823785 ], [ 77.063223770777128, 24.809797468999154 ], [ 77.063554767412953, 24.811133527685168 ], [ 77.063591054177579, 24.81148727501645 ], [ 77.06366005356324, 24.812159934185317 ], [ 77.063822166015242, 24.813740297703401 ], [ 77.063903762272574, 24.814535710053153 ], [ 77.063933011311249, 24.8151015102912 ], [ 77.06403572986207, 24.817088460847021 ], [ 77.063805695877591, 24.817310131347789 ], [ 77.063108940622868, 24.817512541737457 ], [ 77.062883007876493, 24.817547187975599 ], [ 77.062657563614366, 24.817584403117706 ], [ 77.062432648447327, 24.817624182114507 ], [ 77.062208295090741, 24.817666518039434 ], [ 77.061984535270653, 24.817711403957055 ], [ 77.061761407639125, 24.817758832994922 ], [ 77.061538943922585, 24.817808798218067 ], [ 77.06131718079456, 24.817861292736453 ], [ 77.061096151999976, 24.817916306021367 ], [ 77.060982134820065, 24.817936163070044 ], [ 77.060867290566293, 24.817951548470891 ], [ 77.060751831308608, 24.817962434342931 ], [ 77.060635965071242, 24.817968800897031 ], [ 77.06051990771509, 24.817970635640545 ], [ 77.060403871035376, 24.817967935978974 ], [ 77.060288067737957, 24.817960706551364 ], [ 77.060172707462058, 24.817948961000837 ], [ 77.06005800471489, 24.817932720240215 ], [ 77.059421272934998, 24.817906465284508 ], [ 77.059286296915971, 24.817869199824589 ], [ 77.059147933278553, 24.817844340180159 ], [ 77.059007550762445, 24.817832131769215 ], [ 77.058866535312291, 24.817832693735959 ], [ 77.058726276188622, 24.817846022437223 ], [ 77.058588158114034, 24.817871985952529 ], [ 77.058453541447662, 24.817910327516451 ], [ 77.058323759169625, 24.817960670006538 ], [ 77.058200089189512, 24.818022514787884 ], [ 77.058105614333655, 24.818109139546962 ], [ 77.058008919645502, 24.818193699437735 ], [ 77.057910059105495, 24.818276144372547 ], [ 77.057809087605193, 24.818356431496927 ], [ 77.057706062045114, 24.818434515265324 ], [ 77.057601040315632, 24.818510350141281 ], [ 77.057494079259058, 24.818583895997673 ], [ 77.057385242683623, 24.818655109158261 ], [ 77.057274587412863, 24.818723951302101 ], [ 77.057095510555612, 24.818828665804819 ], [ 77.057044070390845, 24.81885118305339 ], [ 77.056903746021518, 24.818912609757728 ], [ 77.056702175259076, 24.818974522394985 ], [ 77.056493822565002, 24.819013474800862 ], [ 77.056281813383251, 24.819028882176234 ], [ 77.056069331643258, 24.819020513386306 ], [ 77.055859566273227, 24.818988494989583 ], [ 77.055655662759065, 24.818933306281036 ], [ 77.055460684568629, 24.818855777133372 ], [ 77.055214907637222, 24.818688395794535 ], [ 77.054969319902227, 24.818520785501015 ], [ 77.054723923372563, 24.818352943562726 ], [ 77.054478716060089, 24.818184870865576 ], [ 77.054233699944078, 24.818016567428597 ], [ 77.05398887303636, 24.817848034137679 ], [ 77.053744238325379, 24.817679269214857 ], [ 77.053499792823629, 24.817510274439989 ], [ 77.053255540489232, 24.817341049850153 ], [ 77.053100444661666, 24.81721285227761 ], [ 77.052952426139541, 24.817077866328209 ], [ 77.052811840572886, 24.81693641496576 ], [ 77.052679025589654, 24.816788839954977 ], [ 77.052554302823879, 24.816635497364285 ], [ 77.052437972009244, 24.816476754802231 ], [ 77.052330312908552, 24.816312995950526 ], [ 77.052231584403515, 24.816144613330579 ], [ 77.052142023446763, 24.815972013712422 ], [ 77.052092646729292, 24.815865178219866 ], [ 77.05203227761568, 24.815763155298779 ], [ 77.051992476630886, 24.815709041056831 ], [ 77.051961468849399, 24.815666884695133 ], [ 77.051880874688266, 24.815577251990643 ], [ 77.051791238091226, 24.815495083970685 ], [ 77.051693381922362, 24.815421138610738 ], [ 77.051588209049683, 24.815356096046784 ], [ 77.051476691491843, 24.815300555767717 ], [ 77.051359851709293, 24.815255028317186 ], [ 77.050436885274436, 24.815177671401464 ], [ 77.050083044699605, 24.815148013505812 ], [ 77.050562935542231, 24.815883434710376 ], [ 77.050672867277669, 24.816111214067593 ], [ 77.050781800574384, 24.816339393338151 ], [ 77.050889734497801, 24.81656796709688 ], [ 77.050996665095482, 24.816796934406494 ], [ 77.051041154484196, 24.81689326221958 ], [ 77.051102592432002, 24.817026288947858 ], [ 77.051207514553525, 24.817256027995729 ], [ 77.051311430505407, 24.81748614793095 ], [ 77.051414337344269, 24.817716646019196 ], [ 77.051516233135942, 24.817947517729202 ], [ 77.051570649782562, 24.818169818966439 ], [ 77.051635835256121, 24.818389696116505 ], [ 77.051711658851517, 24.818606710871251 ], [ 77.051797969924024, 24.81882043828503 ], [ 77.051894601984714, 24.819030454168722 ], [ 77.052001360718407, 24.819236344914671 ], [ 77.052118036894939, 24.819437703099187 ], [ 77.052244400382804, 24.819634131943666 ], [ 77.052380201167978, 24.81982524261473 ], [ 77.052735289417654, 24.820110913782347 ], [ 77.053085863118653, 24.820401193973012 ], [ 77.053431849699891, 24.820696023854829 ], [ 77.05377317658791, 24.820995344095927 ], [ 77.05410977717321, 24.821299092709651 ], [ 77.054441578936974, 24.821607204946254 ], [ 77.054768516224698, 24.821919621537202 ], [ 77.055090521479798, 24.822236275972003 ], [ 77.055407529082629, 24.822557105370056 ], [ 77.057063653471701, 24.824116006169874 ], [ 77.056089731697369, 24.824634598805975 ], [ 77.055849686194378, 24.824727103785566 ], [ 77.054549111587278, 24.825228288864498 ], [ 77.050859507011907, 24.826028022759473 ], [ 77.050776719895339, 24.82604596607586 ], [ 77.049435469984999, 24.827643961422311 ], [ 77.046381398407888, 24.829455922821126 ], [ 77.046041876870547, 24.829657352010532 ], [ 77.045470742834567, 24.829996186209261 ], [ 77.043406298374848, 24.83119417798407 ], [ 77.044511735783317, 24.832445024780824 ], [ 77.043598397803208, 24.833405236493796 ], [ 77.043089228038681, 24.833906831369287 ], [ 77.041892889298367, 24.833600616554467 ], [ 77.035270095507911, 24.832008795286779 ], [ 77.035615203743049, 24.832737778471948 ], [ 77.036229500982273, 24.833357282859183 ], [ 77.0365515930703, 24.833680124407433 ], [ 77.037154482766425, 24.834562623590369 ], [ 77.038473063251274, 24.836180609402124 ], [ 77.040270949336062, 24.837776379783417 ], [ 77.040159504950736, 24.839445451881456 ], [ 77.043860430266065, 24.840756858882802 ], [ 77.044550828128948, 24.839226392745442 ], [ 77.044940455416935, 24.837704762508729 ], [ 77.045008808553618, 24.836799897002262 ], [ 77.045084601605666, 24.835796508901684 ], [ 77.045158255543797, 24.834416981639269 ], [ 77.046023961043986, 24.83389731284187 ], [ 77.047813476831067, 24.833357164000986 ], [ 77.048397499907367, 24.833165147426953 ], [ 77.048302492153681, 24.830639365451955 ], [ 77.049159098007337, 24.830348914104498 ], [ 77.049945530635952, 24.830082248675637 ], [ 77.051409741172435, 24.829660299470714 ], [ 77.052877635171157, 24.830146342959505 ], [ 77.053244016386955, 24.831567617517759 ], [ 77.053560169070039, 24.83294703665938 ], [ 77.053660640993982, 24.833356762819616 ], [ 77.053784621069454, 24.834002124424327 ], [ 77.05527133986341, 24.834118676313018 ], [ 77.05559821467773, 24.835812718872003 ], [ 77.055667249141081, 24.836170492750245 ], [ 77.053981960822142, 24.837729798684617 ], [ 77.054434537177556, 24.838723565533879 ], [ 77.055100767718542, 24.840787625106795 ], [ 77.055702470005926, 24.841277339649839 ], [ 77.058676008618647, 24.842798324111733 ], [ 77.0585557433796, 24.842959488189155 ], [ 77.055948499254256, 24.846453254530793 ], [ 77.053351014049838, 24.849987814934078 ], [ 77.052864018080001, 24.850423258266812 ], [ 77.051761098453397, 24.85140940774307 ], [ 77.04950618830712, 24.851844184110156 ], [ 77.04612905936078, 24.853914708027379 ], [ 77.047623658136871, 24.855639454237146 ], [ 77.048996796092638, 24.857223979772566 ], [ 77.049505705806993, 24.857767768076855 ], [ 77.051288324654976, 24.85972969559581 ], [ 77.052305277314176, 24.861035680989858 ], [ 77.052489453065363, 24.861272196689161 ], [ 77.052848142220782, 24.861732820924797 ], [ 77.052655800524207, 24.862404400685737 ], [ 77.052303833378829, 24.863633303342375 ], [ 77.051697599916352, 24.864735650337948 ], [ 77.050369764962923, 24.86696898815282 ], [ 77.049606493464267, 24.868267599866865 ], [ 77.049311558339951, 24.868769743298078 ], [ 77.048876238981848, 24.869510891157756 ], [ 77.048469460762107, 24.870159504771888 ], [ 77.04597535447185, 24.874136217036401 ], [ 77.045921111384999, 24.875386058268202 ], [ 77.045914446243899, 24.875539638307487 ], [ 77.045578216179806, 24.877125375677569 ], [ 77.045363800724857, 24.879004923612364 ], [ 77.04541013605396, 24.880423123554646 ], [ 77.045441600675531, 24.881386158752345 ], [ 77.045429047293553, 24.881625404641799 ], [ 77.045421721537579, 24.882255557796764 ], [ 77.045388816397804, 24.885085296396021 ], [ 77.045663189047289, 24.88674984183865 ], [ 77.046377171314461, 24.889457803573517 ], [ 77.046592939927933, 24.8902463867508 ], [ 77.04611737714292, 24.891563165272188 ], [ 77.045501649977894, 24.89326799159176 ], [ 77.044857491808074, 24.894950836295923 ], [ 77.044840902023452, 24.89512135332884 ], [ 77.044819485709127, 24.895341467289686 ], [ 77.044988170857224, 24.895377330456874 ], [ 77.045156254636993, 24.895415476350461 ], [ 77.045323697516139, 24.895455899190768 ], [ 77.045490460991999, 24.895498589595377 ], [ 77.045656511551741, 24.895543534615559 ], [ 77.04582181163255, 24.895590729393369 ], [ 77.0459863227711, 24.895640160934693 ], [ 77.046150010424029, 24.895691819894196 ], [ 77.046312838127605, 24.895745691490276 ], [ 77.046424382450681, 24.895773298610958 ], [ 77.046535615476984, 24.895801933222504 ], [ 77.046646526388528, 24.895831588904567 ], [ 77.046757103307456, 24.895862265549027 ], [ 77.046867336385802, 24.89589395855073 ], [ 77.046977211805441, 24.895926664171281 ], [ 77.04708671871829, 24.895960378699527 ], [ 77.047195848216461, 24.895995102054631 ], [ 77.047304587511576, 24.896030826895302 ], [ 77.047338338788848, 24.896036846953699 ], [ 77.047372536866305, 24.896040151885192 ], [ 77.047406920674263, 24.896040712200591 ], [ 77.047441225854058, 24.896038527279583 ], [ 77.047475190867772, 24.896033610074582 ], [ 77.047508552858687, 24.896026003328124 ], [ 77.04754105876097, 24.896015759807064 ], [ 77.047572455180259, 24.896002962077471 ], [ 77.047602503403596, 24.895987708192948 ], [ 77.047711523888154, 24.895951718706048 ], [ 77.047818379142271, 24.895910680835268 ], [ 77.047922787763198, 24.895864702180695 ], [ 77.048024477120208, 24.895813903067129 ], [ 77.048123177384838, 24.895758419198085 ], [ 77.048218630550664, 24.895698391804949 ], [ 77.048310585323946, 24.895633982049038 ], [ 77.048398799243301, 24.895565358398063 ], [ 77.048483041609856, 24.895492700265034 ], [ 77.048541464351018, 24.895461288110415 ], [ 77.04859960565544, 24.895429446186821 ], [ 77.048657463552672, 24.895397173573382 ], [ 77.048715032012566, 24.895364478342934 ], [ 77.048772310074554, 24.895331357777749 ], [ 77.048829292738418, 24.895297816347782 ], [ 77.048885975033798, 24.895263855813987 ], [ 77.04894235496036, 24.89522947796447 ], [ 77.048998428527867, 24.895194685472362 ], [ 77.049065226313516, 24.895167775045994 ], [ 77.049134077113976, 24.895145579505471 ], [ 77.04920458047684, 24.89512822973898 ], [ 77.049276327388597, 24.895115824948768 ], [ 77.049348900214724, 24.895108438069084 ], [ 77.049421880659395, 24.895106112226582 ], [ 77.049494841864828, 24.895108858862056 ], [ 77.049567363171988, 24.895116665993385 ], [ 77.049639022359244, 24.895129483694866 ], [ 77.049839904920574, 24.8951772673975 ], [ 77.050038605791201, 24.895232121960429 ], [ 77.050234823940215, 24.895293963357599 ], [ 77.050428266343985, 24.895362699509711 ], [ 77.050618640115985, 24.895438225696719 ], [ 77.050805660376724, 24.895520429145186 ], [ 77.050989045333466, 24.895609186274008 ], [ 77.051168518260013, 24.895704362712202 ], [ 77.051343809436915, 24.895805816929151 ], [ 77.051442299267634, 24.895864663596505 ], [ 77.051545926303859, 24.895915646986602 ], [ 77.051653936186028, 24.895958395335473 ], [ 77.051734480689916, 24.895983080561866 ], [ 77.051765545144548, 24.895992599828539 ], [ 77.05187994302986, 24.896018009209865 ], [ 77.051996297144328, 24.896034441557955 ], [ 77.052113763232441, 24.896041775355414 ], [ 77.052231486372676, 24.896039958528249 ], [ 77.05234861388827, 24.896029004951735 ], [ 77.052371270691069, 24.896025153626024 ], [ 77.05239427620387, 24.896026419721473 ], [ 77.052416260908316, 24.896032729304181 ], [ 77.052435620810726, 24.896043541202015 ], [ 77.052797659825458, 24.895564494736547 ], [ 77.052836136971251, 24.895511869918881 ], [ 77.05287357924847, 24.895458628748948 ], [ 77.052909975579055, 24.895404788285127 ], [ 77.052945315894917, 24.895350363788818 ], [ 77.052979589088309, 24.895295375027413 ], [ 77.053012781121268, 24.895239838129008 ], [ 77.053044884866253, 24.895183771091229 ], [ 77.053075888255449, 24.895127190963336 ], [ 77.053105782171457, 24.895070116627728 ], [ 77.053120091416304, 24.895062180041634 ], [ 77.053134982344005, 24.895055190700287 ], [ 77.053150380306732, 24.895049184045163 ], [ 77.053166205775867, 24.895044189151513 ], [ 77.053182382212853, 24.895040233315772 ], [ 77.053198823278194, 24.895037334713749 ], [ 77.05321544959223, 24.895035508875768 ], [ 77.053232176904629, 24.895034764062746 ], [ 77.053248919024739, 24.89503510490573 ], [ 77.05329915774675, 24.895029593630017 ], [ 77.053349658896408, 24.89502669197611 ], [ 77.05340025904448, 24.895026405675193 ], [ 77.053450795791434, 24.895028736855874 ], [ 77.053501105846905, 24.895033678607764 ], [ 77.053551027019523, 24.895041214096668 ], [ 77.053600401137416, 24.89505132110677 ], [ 77.0536490662072, 24.895063964744185 ], [ 77.053696866234901, 24.895079104751396 ], [ 77.053798496137745, 24.895168269348929 ], [ 77.053900206241195, 24.895257356947297 ], [ 77.054001997525333, 24.895346368458323 ], [ 77.054103868010159, 24.89543530386387 ], [ 77.054205818685674, 24.895524163172745 ], [ 77.054307850551851, 24.895612945490836 ], [ 77.05440996063858, 24.895701650790841 ], [ 77.054512152896052, 24.895790280011795 ], [ 77.054614424364132, 24.895878832223392 ], [ 77.054682339783085, 24.895915847061577 ], [ 77.05475368659036, 24.895947035705806 ], [ 77.054827864686388, 24.895972134387325 ], [ 77.0549042496244, 24.895990932398956 ], [ 77.054982199521064, 24.896003273964244 ], [ 77.055061064006949, 24.896009054707157 ], [ 77.055140175286866, 24.896008224279697 ], [ 77.055218872841678, 24.896000791102985 ], [ 77.055296491607876, 24.895986816840892 ], [ 77.055410370271247, 24.895942552969004 ], [ 77.055523769835659, 24.895897277682575 ], [ 77.055636681358934, 24.895850993610317 ], [ 77.055749088919029, 24.895803707832748 ], [ 77.055860986543834, 24.895755423005806 ], [ 77.055972361301443, 24.895706144431156 ], [ 77.056083205210072, 24.89565587745567 ], [ 77.056193506357602, 24.895604624681091 ], [ 77.05630324981243, 24.895552393197281 ], [ 77.056389162698963, 24.895533246981675 ], [ 77.056475740226873, 24.895516784459748 ], [ 77.056562883171694, 24.895503025497025 ], [ 77.056650488388584, 24.895491986311416 ], [ 77.056738457732393, 24.895483678651011 ], [ 77.056826685157688, 24.895478112386005 ], [ 77.056915070598833, 24.895475293828913 ], [ 77.057003510049839, 24.895475227450365 ], [ 77.057091899574061, 24.89547791140027 ], [ 77.057417015958151, 24.895480013130161 ], [ 77.057741981796184, 24.895489267122038 ], [ 77.057758890664473, 24.895490121939375 ], [ 77.058066610059257, 24.895505668966305 ], [ 77.058390708817356, 24.895529209694867 ], [ 77.058714090169147, 24.895559874056207 ], [ 77.059036567212573, 24.895597645906399 ], [ 77.059357952123761, 24.895642502773043 ], [ 77.059678058117214, 24.895694417679113 ], [ 77.059996696446063, 24.895753361825204 ], [ 77.06037885988259, 24.89581653945967 ], [ 77.060461631524703, 24.895830940433985 ], [ 77.060760372978294, 24.895882912604254 ], [ 77.06114120217903, 24.895952473735004 ], [ 77.061521315861057, 24.896025219861563 ], [ 77.061900683459399, 24.896101141681619 ], [ 77.062279271379623, 24.896180235284287 ], [ 77.062657047056376, 24.896262493156147 ], [ 77.063033981884089, 24.896347907819667 ], [ 77.063410041316786, 24.896436471743929 ], [ 77.063561098565714, 24.896463739142312 ], [ 77.063713743461662, 24.896482250790616 ], [ 77.063864488513104, 24.89649175380012 ], [ 77.064021349252613, 24.896492752531316 ], [ 77.064175084773893, 24.896484698996428 ], [ 77.06432795514695, 24.896467808760143 ], [ 77.064479350690775, 24.896442147642983 ], [ 77.064628667262511, 24.896407818545121 ], [ 77.064775311247374, 24.896364957879285 ], [ 77.064916525937505, 24.896304943166854 ], [ 77.065054255576129, 24.896238532599231 ], [ 77.065188151766975, 24.896165894618296 ], [ 77.065317880819237, 24.896087211346682 ], [ 77.06544310884847, 24.896002682968195 ], [ 77.065563523615978, 24.895912522506851 ], [ 77.065678821629376, 24.895816958419264 ], [ 77.06578870817205, 24.895716231885434 ], [ 77.06589290820321, 24.895610596004186 ], [ 77.065967339058318, 24.895530608600126 ], [ 77.066049871106202, 24.895457528250756 ], [ 77.066139732559918, 24.895392036118718 ], [ 77.066236091033559, 24.895334741474013 ], [ 77.066338049660004, 24.895286174434904 ], [ 77.066444661931072, 24.895246787005632 ], [ 77.066554936705828, 24.895216947703624 ], [ 77.066667848227752, 24.895196930813452 ], [ 77.066782349905296, 24.895186923736485 ], [ 77.066918670409649, 24.895164578934093 ], [ 77.067055142722651, 24.895143020172714 ], [ 77.067191760926306, 24.895122245592294 ], [ 77.067328521014034, 24.895102259671805 ], [ 77.067465416077894, 24.895083060542252 ], [ 77.06760244213082, 24.895064650876606 ], [ 77.067739592245317, 24.895047030611959 ], [ 77.067876860493627, 24.895030198791417 ], [ 77.068014243888655, 24.895014157193874 ], [ 77.068241716913903, 24.895001261527717 ], [ 77.068465179981033, 24.894992097012814 ], [ 77.068697225146551, 24.894986147072178 ], [ 77.068925126681094, 24.894983932493474 ], [ 77.069153036062445, 24.894985282175679 ], [ 77.069380884988732, 24.894990196405768 ], [ 77.069608609157314, 24.894998671894701 ], [ 77.069836139315356, 24.895010705309293 ], [ 77.070063411140424, 24.895026295167373 ], [ 77.070205155438003, 24.895038400823751 ], [ 77.070347217547607, 24.895046859782855 ], [ 77.070489484672294, 24.895051663800803 ], [ 77.070631842946526, 24.8950528118493 ], [ 77.070774179514416, 24.895050301103396 ], [ 77.070916384441119, 24.895044133280471 ], [ 77.071058339822685, 24.895034314541792 ], [ 77.071199937655379, 24.895020851138643 ], [ 77.071341061927384, 24.89500375737807 ], [ 77.071406767126987, 24.894974552914732 ], [ 77.071436154232728, 24.894960092820561 ], [ 77.071471093854811, 24.894942899425278 ], [ 77.071533933608038, 24.894908850119165 ], [ 77.071595177805946, 24.894872465430154 ], [ 77.071654721867432, 24.894833802215828 ], [ 77.071712466005465, 24.894792931826622 ], [ 77.071768310492033, 24.894749920195153 ], [ 77.071822161432195, 24.894704843240735 ], [ 77.071873923941425, 24.894657776873821 ], [ 77.071958792887401, 24.894604875011961 ], [ 77.072048478172107, 24.894559058890977 ], [ 77.072142271890243, 24.894520692394913 ], [ 77.072239432154248, 24.894490077692154 ], [ 77.0723391900043, 24.894467457104064 ], [ 77.072440755386964, 24.894453009547028 ], [ 77.072543327074001, 24.894446848815399 ], [ 77.072646093642248, 24.894449024493642 ], [ 77.072679216838225, 24.89445242863971 ], [ 77.07274824143164, 24.894459518415704 ], [ 77.072956624091248, 24.894463694594712 ], [ 77.073164949467099, 24.894469780930482 ], [ 77.073373196778334, 24.894477777236485 ], [ 77.073581346224216, 24.894487684238118 ], [ 77.073789376053398, 24.894499499934255 ], [ 77.073997266484682, 24.894513223244481 ], [ 77.074204992796496, 24.894528852141097 ], [ 77.074412537187612, 24.89454638556181 ], [ 77.074491001722294, 24.894558332356219 ], [ 77.074569885082056, 24.894567716261196 ], [ 77.074649083436555, 24.894574524601548 ], [ 77.07472849884681, 24.894578749270899 ], [ 77.074808028384439, 24.894580385730674 ], [ 77.074887573090948, 24.894579428575042 ], [ 77.074967027950422, 24.894575883181144 ], [ 77.07504629292653, 24.89456975226182 ], [ 77.075125267924292, 24.894561043948176 ], [ 77.075208344413454, 24.894511069087152 ], [ 77.075292119164104, 24.894462074902506 ], [ 77.075376578229339, 24.894414069395534 ], [ 77.075461708652426, 24.894367060576688 ], [ 77.075547496486621, 24.894321056447367 ], [ 77.075633927804859, 24.894276063203026 ], [ 77.075720985690452, 24.894232088818576 ], [ 77.075808658157456, 24.894189143119288 ], [ 77.07589693031818, 24.894147229582867 ], [ 77.076012152876856, 24.894076211844382 ], [ 77.076136145551047, 24.894018781417454 ], [ 77.076266990852616, 24.893975824157629 ], [ 77.07640266775141, 24.893948004639039 ], [ 77.076541080528941, 24.893935752868487 ], [ 77.076680089543189, 24.893939257337419 ], [ 77.076817550835131, 24.8939584644748 ], [ 77.076951335925045, 24.893993078824863 ], [ 77.07707937933948, 24.894042562569986 ], [ 77.07715067390842, 24.894078597072106 ], [ 77.077223266784301, 24.894112408920492 ], [ 77.077297073261121, 24.894143956713297 ], [ 77.077372009544618, 24.894173206281554 ], [ 77.07744798986991, 24.894200122535789 ], [ 77.077524925443328, 24.89422467577797 ], [ 77.077602728460903, 24.894246836319329 ], [ 77.077681312040326, 24.894266580800938 ], [ 77.077760582388336, 24.894283883996085 ], [ 77.077828822806026, 24.894297059431047 ], [ 77.077897966405018, 24.894305444753588 ], [ 77.077967609735268, 24.894308991187042 ], [ 77.07803734705459, 24.894307678834359 ], [ 77.078106771328834, 24.89430151578361 ], [ 77.078175477211772, 24.894290537231971 ], [ 77.078243063006084, 24.894274807309401 ], [ 77.078309135632963, 24.89425441731693 ], [ 77.078373308633005, 24.894229487515013 ], [ 77.078547110291751, 24.894157454317856 ], [ 77.078727374009304, 24.894100140738765 ], [ 77.078763699348571, 24.894091880676889 ], [ 77.078912607546769, 24.894058023761769 ], [ 77.079101272543895, 24.894031450820723 ], [ 77.07929180625797, 24.894020643607178 ], [ 77.079482627588646, 24.894025689996724 ], [ 77.079672154827009, 24.894046550530092 ], [ 77.079858814640914, 24.894083051268229 ], [ 77.08004105982414, 24.894134890273097 ], [ 77.080151097879948, 24.894174033950051 ], [ 77.080261991833055, 24.894211120719657 ], [ 77.080373690372582, 24.894246133864449 ], [ 77.080486150088348, 24.894279058544054 ], [ 77.080599324570628, 24.894309882600673 ], [ 77.080700184578404, 24.89433531766614 ], [ 77.08071316545869, 24.894338591149822 ], [ 77.080827624343002, 24.894365173822269 ], [ 77.080942655813203, 24.894389617566418 ], [ 77.081058210430527, 24.894411915616537 ], [ 77.081206357956333, 24.894432457981118 ], [ 77.081355767097094, 24.894442954527978 ], [ 77.081505618639497, 24.894443345541152 ], [ 77.081655090738593, 24.894433631792278 ], [ 77.081803365955707, 24.894413864669499 ], [ 77.081949635141939, 24.894384153436995 ], [ 77.082093094536916, 24.894344658887267 ], [ 77.082232960561996, 24.894295598891826 ], [ 77.082368465928724, 24.894237242044454 ], [ 77.082497209063135, 24.894200956068445 ], [ 77.082629058611857, 24.894175588286068 ], [ 77.082762901385735, 24.894161353610919 ], [ 77.082897611356387, 24.894158372019799 ], [ 77.083032054605042, 24.894166668596949 ], [ 77.083165097240922, 24.894186173605039 ], [ 77.083295618270128, 24.894216722600049 ], [ 77.083422519484785, 24.894258057422132 ], [ 77.083544730363343, 24.89430983075523 ], [ 77.083629131954808, 24.89434175010042 ], [ 77.083715567560191, 24.89436875842771 ], [ 77.083803697687983, 24.89439075155283 ], [ 77.083893167820804, 24.894407641413803 ], [ 77.083983628157796, 24.894419361666092 ], [ 77.084074716832859, 24.894425863017172 ], [ 77.084166075648753, 24.894427123301273 ], [ 77.084257337342692, 24.894423134722206 ], [ 77.084348145260947, 24.894413915769395 ], [ 77.084373208332352, 24.894404125050293 ], [ 77.08439615788113, 24.894390700326849 ], [ 77.084416369147007, 24.894374009906784 ], [ 77.084433287712415, 24.894354510326799 ], [ 77.084446451438353, 24.894332732099503 ], [ 77.084455499442029, 24.894309273471162 ], [ 77.084460185229077, 24.894284776155121 ], [ 77.084460379847286, 24.894259908200858 ], [ 77.084456078952144, 24.894235351413645 ], [ 77.084451940263079, 24.894183134886354 ], [ 77.084444865024054, 24.894131182034609 ], [ 77.084434875545583, 24.894079628523038 ], [ 77.084421995118319, 24.894028610927815 ], [ 77.084406260902824, 24.893978265045899 ], [ 77.084387711107709, 24.893928721264693 ], [ 77.08436639777247, 24.893880112804354 ], [ 77.084342375983979, 24.893832565687209 ], [ 77.08431570773962, 24.893786207803444 ], [ 77.084303067412506, 24.893764761791296 ], [ 77.0842947214351, 24.893741635518836 ], [ 77.08429092065002, 24.89371753474515 ], [ 77.084291783848684, 24.893693199270761 ], [ 77.084297285192179, 24.893669375732294 ], [ 77.084307254521818, 24.893646788705645 ], [ 77.084321388317662, 24.893626134482432 ], [ 77.08433925308556, 24.89360804226677 ], [ 77.084360300285169, 24.893593067084019 ], [ 77.084407257529179, 24.893536233164092 ], [ 77.084459030705062, 24.893482991429355 ], [ 77.084515288452337, 24.893433680289757 ], [ 77.084575673933614, 24.893388613544225 ], [ 77.08463980287398, 24.893348078556855 ], [ 77.084707268569261, 24.893312330883465 ], [ 77.084777642817485, 24.893281599698241 ], [ 77.084850476006267, 24.89325607966715 ], [ 77.084925307002692, 24.893235931939127 ], [ 77.085071003933137, 24.893187568767214 ], [ 77.085217073790346, 24.893140150715098 ], [ 77.085363511588625, 24.893093681349733 ], [ 77.085510306382631, 24.893048165991161 ], [ 77.085657453244892, 24.893003602788252 ], [ 77.085804944209812, 24.892959996184565 ], [ 77.085952770351227, 24.89291734790573 ], [ 77.086100927683077, 24.892875660624743 ], [ 77.086249404318778, 24.892834935137778 ], [ 77.086440515502829, 24.892773645696277 ], [ 77.086636439452533, 24.892726676997636 ], [ 77.086835889759598, 24.892694336356044 ], [ 77.087037559246909, 24.892676836984212 ], [ 77.0872401190245, 24.892674293470037 ], [ 77.087442238268238, 24.892686723758949 ], [ 77.087642591195788, 24.892714044700625 ], [ 77.087839858005822, 24.892756076572589 ], [ 77.088032746636998, 24.892812545080041 ], [ 77.088222487526949, 24.892847675638624 ], [ 77.088408325806085, 24.892897214585389 ], [ 77.08858894543495, 24.892960814267244 ], [ 77.088763070087111, 24.893038023532927 ], [ 77.088929474921429, 24.89312829777133 ], [ 77.089086979640797, 24.893230999751598 ], [ 77.089234471232388, 24.893345402534138 ], [ 77.08937091178116, 24.893470699473077 ], [ 77.089495333528831, 24.893606003268037 ], [ 77.089764895938899, 24.894060665363988 ], [ 77.089490224292831, 24.894118965237709 ], [ 77.089333857147608, 24.894152155049703 ], [ 77.089532851015576, 24.895120486720504 ], [ 77.089455619068076, 24.896454051418733 ], [ 77.08939005996379, 24.897586024629465 ], [ 77.089491878587779, 24.900012502112819 ], [ 77.089478214885148, 24.901285150771503 ], [ 77.089488687393271, 24.902526570569268 ], [ 77.088187115869431, 24.902577832143081 ], [ 77.085975684485021, 24.902886496987009 ], [ 77.083662204680095, 24.903212347408545 ], [ 77.081875317063165, 24.903401756858237 ], [ 77.081156408064203, 24.903447915774969 ], [ 77.079430317166, 24.903518353261436 ], [ 77.078682582987014, 24.903548860133082 ], [ 77.076059962435195, 24.903655831457694 ], [ 77.073993324034419, 24.905386408892927 ], [ 77.072501667541829, 24.906564679210355 ], [ 77.072266878987378, 24.906750136006281 ], [ 77.071398870650029, 24.907435761675941 ], [ 77.070228244436194, 24.90836039814651 ], [ 77.069172612576239, 24.909263079037839 ], [ 77.068250445157631, 24.910051616701924 ], [ 77.068665869551921, 24.912420291850129 ], [ 77.068983073565292, 24.913260263697463 ], [ 77.07358620792327, 24.916062491863244 ], [ 77.073901691296271, 24.916328495593184 ], [ 77.074322801417949, 24.916683557871064 ], [ 77.076587486314352, 24.9186958446281 ], [ 77.077818097458902, 24.919839426008725 ], [ 77.08009863687677, 24.920123266932247 ], [ 77.07997906696167, 24.916682167043742 ], [ 77.07997059929842, 24.916362712210145 ], [ 77.080053428788077, 24.915031698656772 ], [ 77.083811634843968, 24.91336522325329 ], [ 77.084331455326108, 24.913998690677136 ], [ 77.087536594032258, 24.914009225070821 ], [ 77.091567909077355, 24.913903750140236 ], [ 77.092645090637902, 24.914740505127952 ], [ 77.093102351589039, 24.915477812106957 ], [ 77.097481983849647, 24.915008312218699 ], [ 77.096167544809788, 24.916858275376015 ], [ 77.097447831033037, 24.918910325814476 ], [ 77.098333229847995, 24.920356643742853 ], [ 77.101710437191528, 24.920205161016984 ], [ 77.101687636372432, 24.917769575395017 ], [ 77.101688322958537, 24.916485253682758 ], [ 77.106431128597961, 24.916007908443785 ], [ 77.106404476869088, 24.917806562436901 ], [ 77.106446097906598, 24.919436754401882 ], [ 77.106617770896662, 24.920242802912369 ], [ 77.110003946627415, 24.918731962200713 ], [ 77.11400959219614, 24.916584724860297 ], [ 77.117865409245852, 24.91519892055604 ], [ 77.118688327645827, 24.914177233276813 ], [ 77.119504288125441, 24.912620054076772 ], [ 77.115992712687472, 24.910818074077003 ], [ 77.116119864047874, 24.909564423468662 ], [ 77.116266543405558, 24.908118194600171 ], [ 77.116608600816946, 24.904745425752107 ], [ 77.117230918316864, 24.904020077391092 ], [ 77.120515676108042, 24.900368598494818 ], [ 77.121466288186554, 24.899231896287468 ], [ 77.120032114999958, 24.897708967732566 ], [ 77.120943071474784, 24.894201391786492 ], [ 77.121311277924463, 24.891999100499469 ], [ 77.121667754973927, 24.891451695597908 ], [ 77.122028752742949, 24.890897343344278 ], [ 77.122108469137814, 24.890774927916652 ], [ 77.124655096935001, 24.888168400355141 ], [ 77.125691488806581, 24.886279659693017 ], [ 77.125932495778926, 24.881999219873752 ], [ 77.125627819077806, 24.876229140273317 ], [ 77.125354578003012, 24.874031790680569 ], [ 77.121821744357845, 24.875441386632232 ], [ 77.118125922417917, 24.876269720451848 ], [ 77.11676372261897, 24.876700137948248 ], [ 77.11592845298901, 24.879331222368137 ], [ 77.115558608055593, 24.881939327917266 ], [ 77.115002602103516, 24.884627387641888 ], [ 77.114933700731669, 24.884960485951822 ], [ 77.112213834683629, 24.885250457116101 ], [ 77.108016665052659, 24.885642311600623 ], [ 77.104178365809787, 24.886000555464776 ], [ 77.101409894115108, 24.884044842396257 ], [ 77.098053230695101, 24.883980491537283 ], [ 77.097596653276923, 24.883971731817915 ], [ 77.097156981445082, 24.883963296275834 ], [ 77.095341550900073, 24.882562158121498 ], [ 77.092819127620317, 24.88163841196944 ], [ 77.08911293440184, 24.880530570858078 ], [ 77.088198575933177, 24.878963148952327 ], [ 77.087274201787821, 24.877293739627756 ], [ 77.08691840926123, 24.876677858530226 ], [ 77.084653842315703, 24.876662392911015 ], [ 77.084059639692498, 24.875001267268058 ], [ 77.081729179642423, 24.874635419634114 ], [ 77.078479347167331, 24.87370557635748 ], [ 77.077088681630983, 24.872196116318044 ], [ 77.078062134822076, 24.870813285581992 ], [ 77.078439527649621, 24.87027717317736 ], [ 77.079182914415995, 24.869221123258619 ], [ 77.078519022786693, 24.867961607617044 ], [ 77.08008601509249, 24.865136998763827 ], [ 77.080249279779295, 24.864842693410743 ], [ 77.076516447634575, 24.862893742742159 ], [ 77.075020293954381, 24.861765430866086 ], [ 77.072917050350455, 24.862181273374819 ], [ 77.071515781820068, 24.862317631817326 ], [ 77.070976916908833, 24.861970071358076 ], [ 77.069528990147376, 24.861480478766953 ], [ 77.066231414669986, 24.861444123158623 ], [ 77.0626956645376, 24.861326542086548 ], [ 77.062642497253051, 24.861151088355815 ], [ 77.062645972248134, 24.861109408240882 ], [ 77.062644751546728, 24.86106762323838 ], [ 77.062638849178796, 24.861026172383625 ], [ 77.062628324761789, 24.860985489706245 ], [ 77.062613289438843, 24.860946004283917 ], [ 77.062593902018094, 24.860908131176533 ], [ 77.062570366042308, 24.860872267787151 ], [ 77.062542929808487, 24.860838792056132 ], [ 77.062511879498672, 24.860808056980225 ], [ 77.062433398842472, 24.860746413897285 ], [ 77.062354813121274, 24.86068488180716 ], [ 77.062276124334119, 24.860623458921665 ], [ 77.062197331461817, 24.860562147940765 ], [ 77.062118434514048, 24.860500947961153 ], [ 77.062039435470339, 24.860439859000703 ], [ 77.061960333340906, 24.860378881050256 ], [ 77.061881127126057, 24.860318015003639 ], [ 77.061801818824961, 24.860257259072689 ], [ 77.061714413386156, 24.86017927520103 ], [ 77.061632648549363, 24.860096352814359 ], [ 77.061556862111829, 24.860008830941002 ], [ 77.061487362948583, 24.859917068215079 ], [ 77.061424435001186, 24.85982144020295 ], [ 77.061368335317979, 24.859722337579424 ], [ 77.061319293074462, 24.85962016521529 ], [ 77.061277510563315, 24.859515342186313 ], [ 77.061243159284913, 24.859408297222089 ], [ 77.061234223539969, 24.859332985847825 ], [ 77.061226102292565, 24.859257596972874 ], [ 77.0612187994018, 24.859182139663513 ], [ 77.061212310848077, 24.859106619301802 ], [ 77.061206641480211, 24.85903104496289 ], [ 77.061201789238424, 24.858955423852951 ], [ 77.061197755042102, 24.858879762302031 ], [ 77.061194538810923, 24.858804067534319 ], [ 77.061192142434265, 24.858728347694839 ], [ 77.061195341231993, 24.858670090459256 ], [ 77.061191246461931, 24.85861187901526 ], [ 77.061179911228024, 24.85855447245104 ], [ 77.061161482795882, 24.858498618064818 ], [ 77.06113620171088, 24.858445041423121 ], [ 77.061104393929, 24.858394441773438 ], [ 77.061066477921528, 24.858347475853456 ], [ 77.061022944880207, 24.858304757711572 ], [ 77.060974362872827, 24.858266840682784 ], [ 77.060951512517804, 24.858252879916389 ], [ 77.06093062798179, 24.85823655731437 ], [ 77.060912000772461, 24.858218099493151 ], [ 77.060895891360857, 24.858197765299288 ], [ 77.060882523321894, 24.858175838531061 ], [ 77.0608720843437, 24.858152626141713 ], [ 77.060864721338248, 24.858128452776324 ], [ 77.060860536551431, 24.858103654414627 ], [ 77.060859586563666, 24.858078579265079 ], [ 77.060874832190748, 24.857819393440938 ], [ 77.063510966925065, 24.855921008798653 ], [ 77.063990636616822, 24.855587858092097 ], [ 77.064822199534476, 24.855119432366198 ], [ 77.067182638809953, 24.853789731325268 ], [ 77.067347260760499, 24.853696992979373 ], [ 77.071431381171507, 24.853215085621077 ], [ 77.072743767719771, 24.853060206757 ], [ 77.074132917234337, 24.852936423693972 ], [ 77.075566211960847, 24.853175006423644 ], [ 77.077420217309665, 24.853483599070739 ], [ 77.080188077052384, 24.853705870271643 ], [ 77.081662181551877, 24.853512171280219 ], [ 77.081889553682757, 24.853282129525802 ], [ 77.08203222786149, 24.85312630586192 ], [ 77.082176615714573, 24.852971799638542 ], [ 77.082322699242113, 24.852818627849111 ], [ 77.082470467382052, 24.852666806645765 ], [ 77.082619902164154, 24.852516350312744 ], [ 77.082770990547402, 24.85236727498474 ], [ 77.082923715542108, 24.852219595857861 ], [ 77.083078063147099, 24.852073326348791 ], [ 77.083234017343543, 24.851928483468662 ], [ 77.083229426629444, 24.851848455024676 ], [ 77.083226374684827, 24.851768366260206 ], [ 77.083224861284052, 24.851688237944746 ], [ 77.083224887094318, 24.851608099886853 ], [ 77.083226452860288, 24.851527974670734 ], [ 77.083229722809463, 24.851445007228023 ], [ 77.083234197254029, 24.851367861139625 ], [ 77.083240375362791, 24.851287920684356 ], [ 77.083248087411746, 24.851208091455206 ], [ 77.083321385072367, 24.851140992622621 ], [ 77.083391215107511, 24.85107088073639 ], [ 77.083457425488945, 24.850997903457664 ], [ 77.08351987891858, 24.850922219416255 ], [ 77.083578441058876, 24.850843988171583 ], [ 77.083632987392903, 24.850763376595591 ], [ 77.083683401293058, 24.8506805543397 ], [ 77.083729574943192, 24.850595700165034 ], [ 77.083771412394583, 24.850508993841505 ], [ 77.083785025400843, 24.85042275817462 ], [ 77.083804925313359, 24.850337546729222 ], [ 77.083831025893389, 24.850253739845165 ], [ 77.083863208272959, 24.850171714861268 ], [ 77.083901329988052, 24.850091834455377 ], [ 77.083945218914991, 24.850014458331078 ], [ 77.083994680294992, 24.849939934249061 ], [ 77.084049491824928, 24.849868594371237 ], [ 77.084109406597165, 24.849800757996213 ], [ 77.084194013272864, 24.849715616082136 ], [ 77.084274183593919, 24.849626973833757 ], [ 77.084349744289327, 24.849535022075351 ], [ 77.084420530929052, 24.849439958031812 ], [ 77.084486387866178, 24.849341990746524 ], [ 77.084547175270671, 24.849241331210255 ], [ 77.084602760164401, 24.849138197699258 ], [ 77.084653020389339, 24.849032814907879 ], [ 77.084697849575235, 24.8489254121864 ], [ 77.084735538149133, 24.848887741723033 ], [ 77.084768051610581, 24.848846248308003 ], [ 77.084794924405031, 24.848801521137482 ], [ 77.08481577856692, 24.848754196246887 ], [ 77.084830316907883, 24.848704945612642 ], [ 77.084838335017764, 24.848654465518429 ], [ 77.084839715355457, 24.848603473793169 ], [ 77.084834440278115, 24.848552694574039 ], [ 77.084827746829802, 24.84850589535904 ], [ 77.084823386694964, 24.848458868588811 ], [ 77.084821368742638, 24.848411710072341 ], [ 77.08482169689357, 24.848364515574005 ], [ 77.084824372080163, 24.848317382638033 ], [ 77.084829387307934, 24.848270409640786 ], [ 77.084836731643179, 24.848223693117234 ], [ 77.084846392192205, 24.848177327778551 ], [ 77.084858347135267, 24.848131410062521 ], [ 77.084896332576193, 24.848092145493275 ], [ 77.084930512809379, 24.848050069028851 ], [ 77.084960636145198, 24.848005485485697 ], [ 77.084986486281181, 24.847958722573576 ], [ 77.085007869562077, 24.847910119041014 ], [ 77.085024635733419, 24.847860027570054 ], [ 77.085036661117186, 24.847808814625676 ], [ 77.085043857596133, 24.847756853311431 ], [ 77.08504617066292, 24.847704520642331 ], [ 77.085047836147055, 24.847599976122048 ], [ 77.085042668387487, 24.847495526031807 ], [ 77.085030688160074, 24.847391542638096 ], [ 77.085011936052737, 24.847288396576609 ], [ 77.084986479431549, 24.84718645330226 ], [ 77.084954410441654, 24.84708607487752 ], [ 77.084915840059566, 24.846987620822667 ], [ 77.084870908095596, 24.846891438270411 ], [ 77.084786540191743, 24.846823149833959 ], [ 77.084704312353963, 24.846752721094763 ], [ 77.084624290299061, 24.846680207731922 ], [ 77.084546537754235, 24.846605666309888 ], [ 77.084471117427455, 24.846529156093425 ], [ 77.084398087039503, 24.846450739915362 ], [ 77.084327505329057, 24.846370477908025 ], [ 77.084259429006792, 24.846288434701371 ], [ 77.084193910833903, 24.846204673986957 ], [ 77.084112782351042, 24.846111422319794 ], [ 77.084038165341269, 24.846013746553851 ], [ 77.083970352654077, 24.845912025907435 ], [ 77.083909605322447, 24.845806652861274 ], [ 77.083856156482724, 24.845698036805544 ], [ 77.083810215401328, 24.845586597754195 ], [ 77.083771958577955, 24.845472765362146 ], [ 77.083741535625592, 24.845356984396194 ], [ 77.083719063497711, 24.84523969933068 ], [ 77.083644709377822, 24.844764528477388 ], [ 77.083633415959895, 24.844617352649873 ], [ 77.083617329298065, 24.84447054948701 ], [ 77.083596460890831, 24.84432424823521 ], [ 77.083570830153477, 24.844178578210961 ], [ 77.08354046046918, 24.84403366786275 ], [ 77.083505378179979, 24.843889646567842 ], [ 77.083465614585293, 24.843746642844501 ], [ 77.083421205980471, 24.843604780739398 ], [ 77.083372189611353, 24.843464187919832 ], [ 77.083208786511591, 24.843359303826976 ], [ 77.083051117623029, 24.843247353331105 ], [ 77.082899545384322, 24.843128595265739 ], [ 77.08275442411896, 24.843003306454889 ], [ 77.082616093117608, 24.842871780747554 ], [ 77.082484871776813, 24.842734320846613 ], [ 77.082361066420191, 24.842591248303439 ], [ 77.082244964457558, 24.842442894434512 ], [ 77.082136836296414, 24.842289606660128 ], [ 77.081956657724149, 24.842029223903264 ], [ 77.081772981160228, 24.841770883237345 ], [ 77.081585831902657, 24.841514626419084 ], [ 77.081395241225053, 24.841260491646135 ], [ 77.081201237441093, 24.84100851618641 ], [ 77.081003848834584, 24.840758740016877 ], [ 77.080803106696038, 24.840511199528713 ], [ 77.080599040306851, 24.840265933804421 ], [ 77.080391681964969, 24.840022977437869 ], [ 77.080228057102119, 24.839807343553691 ], [ 77.080087591572052, 24.839578515394749 ], [ 77.079971548679723, 24.839338559800019 ], [ 77.079880977882112, 24.83908964012614 ], [ 77.079816696136902, 24.838834002531275 ], [ 77.079779280254456, 24.838573951521187 ], [ 77.079769070038253, 24.838311834622964 ], [ 77.079786157688531, 24.838050016099601 ], [ 77.079830388004183, 24.837790858889239 ], [ 77.079838797667804, 24.837758294821086 ], [ 77.079876598703493, 24.837611925458553 ], [ 77.079912297653948, 24.837430998742771 ], [ 77.079937385341793, 24.837248594439718 ], [ 77.079951786004969, 24.837065228457195 ], [ 77.079955461418649, 24.836881423358903 ], [ 77.079948402065909, 24.836697701059347 ], [ 77.079930626166984, 24.836514581009958 ], [ 77.079902185548079, 24.836332586572713 ], [ 77.079863158839743, 24.836152233219241 ], [ 77.079530888408229, 24.835399776170664 ], [ 77.083763717965141, 24.835684312601433 ], [ 77.085650787340626, 24.835811126359641 ], [ 77.089121048108936, 24.836044268376313 ], [ 77.090022635613252, 24.834503761058006 ], [ 77.089209737386568, 24.833209983812164 ], [ 77.087907372674351, 24.831141957767976 ], [ 77.087081839725244, 24.827651697543743 ], [ 77.085189393382024, 24.826588942647533 ], [ 77.085080239095518, 24.826527643437466 ], [ 77.083911985462635, 24.825549911525211 ], [ 77.082890238336049, 24.824563772299502 ], [ 77.082576582919287, 24.823412969303199 ], [ 77.082114935458009, 24.821040527014521 ], [ 77.081942295685039, 24.820138988529457 ], [ 77.083333776757584, 24.819414899112452 ], [ 77.085815246695248, 24.818123554251056 ], [ 77.087633844127851, 24.817220871457188 ], [ 77.088559431279833, 24.817940954709144 ], [ 77.090087765426688, 24.817435761856402 ], [ 77.090546115454075, 24.817025833117235 ], [ 77.092317386367142, 24.817124699915706 ], [ 77.094110821200701, 24.817255511634539 ], [ 77.094035675923465, 24.81775427444061 ], [ 77.093756846254209, 24.819604855312289 ], [ 77.095612680345496, 24.820316300507862 ], [ 77.097820584085142, 24.820639554939852 ], [ 77.098935323485179, 24.820802747591454 ], [ 77.099873605701958, 24.823368812703599 ], [ 77.101784240985253, 24.823157951284713 ], [ 77.102968835560034, 24.823500862273619 ], [ 77.103922908088819, 24.823777035465611 ], [ 77.105182918492034, 24.824332910709533 ], [ 77.105990667912906, 24.821828662028178 ], [ 77.10650353388597, 24.819388167677268 ], [ 77.108200795955185, 24.817693698066936 ], [ 77.109305894256082, 24.816496162391285 ], [ 77.109814443485377, 24.815969463938131 ], [ 77.110960064004132, 24.816124328610616 ], [ 77.111695222152107, 24.816710175568819 ], [ 77.111516827465124, 24.818575666914956 ], [ 77.1127119857384, 24.818215902960826 ], [ 77.114262567195951, 24.81802899827224 ], [ 77.115987172186365, 24.8185188182891 ], [ 77.117477035205937, 24.816978576055554 ], [ 77.117945139264592, 24.816942404461322 ], [ 77.119056570662934, 24.817370090531654 ], [ 77.119207803594861, 24.817506115067729 ], [ 77.119598647964594, 24.817857651803902 ], [ 77.119824182040091, 24.820848980411267 ], [ 77.123033336522525, 24.820556904343785 ], [ 77.122057328921031, 24.821908508804917 ], [ 77.124145830484338, 24.822299497273832 ], [ 77.12508878755753, 24.824282926607303 ], [ 77.125322574599295, 24.824341190695623 ], [ 77.125423293360768, 24.824366292261629 ], [ 77.127680816511756, 24.823876598174884 ], [ 77.130259362533806, 24.823600518318145 ], [ 77.131330761300731, 24.823157145032365 ], [ 77.133277443009518, 24.823483432170129 ], [ 77.133455354100207, 24.8235132504783 ], [ 77.134675281836664, 24.823753387392127 ], [ 77.13705409201836, 24.824169688269166 ], [ 77.139488443831155, 24.822168146055837 ], [ 77.139830098022387, 24.822006110833112 ], [ 77.140300078331975, 24.822626346123151 ], [ 77.141841885618817, 24.824661026459911 ], [ 77.142904608834954, 24.826300291796535 ], [ 77.141412785073229, 24.828021318384067 ], [ 77.140621894852345, 24.829327387548272 ], [ 77.140721751691331, 24.831356878064021 ], [ 77.140487795489989, 24.833181830769938 ], [ 77.140385255973854, 24.833849187936849 ], [ 77.140210105116822, 24.834989103304959 ], [ 77.140203953146653, 24.836665397448346 ], [ 77.140554471345894, 24.837602128088061 ], [ 77.143257711006441, 24.83970138331641 ], [ 77.144499648608772, 24.839311787118497 ], [ 77.14672869651919, 24.838395254069614 ], [ 77.147799037142875, 24.838063480557018 ], [ 77.149565105483575, 24.837516030078831 ], [ 77.149699198623935, 24.839829292461463 ], [ 77.149674028478955, 24.840433030059007 ], [ 77.149595077112338, 24.842326789713969 ], [ 77.14991923669902, 24.845896021226554 ], [ 77.150997733242932, 24.847324682618574 ], [ 77.150968680422977, 24.84736508346716 ], [ 77.15094277902908, 24.847407231460636 ], [ 77.150920153878275, 24.84745092174548 ], [ 77.150900915997084, 24.847495943029461 ], [ 77.150885157682112, 24.847542076636376 ], [ 77.15087295742093, 24.847589099257295 ], [ 77.150864371003138, 24.847636781069021 ], [ 77.150859442324119, 24.847684893953332 ], [ 77.150858193580007, 24.847733202383129 ], [ 77.150841499174518, 24.847859260960671 ], [ 77.150828345557301, 24.847985666529485 ], [ 77.150818742463869, 24.848112338795215 ], [ 77.150812695708055, 24.848239193817506 ], [ 77.150810210104865, 24.84836614855034 ], [ 77.150811287491152, 24.848493120825424 ], [ 77.150815925772591, 24.848620025731506 ], [ 77.150824122836511, 24.848746780163204 ], [ 77.150835872602286, 24.848873301884382 ], [ 77.150854659908205, 24.849004471105129 ], [ 77.150877408706336, 24.849135117561048 ], [ 77.150904099227063, 24.849265142642604 ], [ 77.15093471173742, 24.849394444127739 ], [ 77.150969225440889, 24.849522927010117 ], [ 77.151007611668973, 24.849650491700764 ], [ 77.151049842724277, 24.84977704042505 ], [ 77.151095884952255, 24.849902477163656 ], [ 77.151145704688858, 24.850026706800133 ], [ 77.151169863318643, 24.850096752815457 ], [ 77.151188515519223, 24.850168188153244 ], [ 77.151201563035883, 24.850240648926711 ], [ 77.151208943233215, 24.850313772453262 ], [ 77.151210618282391, 24.850387189937972 ], [ 77.151206579083265, 24.850460530119275 ], [ 77.151196846208663, 24.850533423792463 ], [ 77.151181467924928, 24.850605503793091 ], [ 77.151160524123569, 24.850676407739648 ], [ 77.151139433063406, 24.850758669037642 ], [ 77.151119376099572, 24.850841145003503 ], [ 77.151100353334954, 24.850923825704214 ], [ 77.151082371818987, 24.851006699459294 ], [ 77.151065427695784, 24.851089756302159 ], [ 77.151049527043511, 24.851172982737836 ], [ 77.151034671917017, 24.851256371559149 ], [ 77.151020863445893, 24.85133990922909 ], [ 77.151008103721864, 24.851423584928266 ], [ 77.15099940883006, 24.851489290365379 ], [ 77.150983669853403, 24.851553895721594 ], [ 77.150961037675657, 24.851616773697874 ], [ 77.150931733286143, 24.851677313844593 ], [ 77.150896041777486, 24.851734928832638 ], [ 77.150854306361779, 24.851789058918651 ], [ 77.150806937213943, 24.851839178341994 ], [ 77.15075439262138, 24.851884799681002 ], [ 77.150697179890912, 24.85192548198884 ], [ 77.150657877145747, 24.851966106529755 ], [ 77.150625603908367, 24.852011595257025 ], [ 77.150601074147204, 24.852060944532848 ], [ 77.150584828508499, 24.85211306435594 ], [ 77.150577224133187, 24.852166806272141 ], [ 77.150578430495088, 24.852220983207189 ], [ 77.150588420197849, 24.852274398288948 ], [ 77.150606973628072, 24.85232587378632 ], [ 77.150633681693577, 24.852374273711071 ], [ 77.150648297362039, 24.852448828598909 ], [ 77.150660176075377, 24.852523788371293 ], [ 77.150669301858343, 24.852599068902727 ], [ 77.150675665682058, 24.85267458432023 ], [ 77.150679260460265, 24.852750252379508 ], [ 77.150680082103392, 24.852825988152404 ], [ 77.150678129490984, 24.85290170673537 ], [ 77.150673405470812, 24.852977322355571 ], [ 77.150665912872185, 24.853052751045968 ], [ 77.150651886366006, 24.853132377174418 ], [ 77.150626365019392, 24.853209588462523 ], [ 77.15058980227073, 24.853283011481889 ], [ 77.15054285083481, 24.85335133861313 ], [ 77.150486345612251, 24.853413354092332 ], [ 77.150421294598885, 24.853467951997256 ], [ 77.150348853903822, 24.853514159517857 ], [ 77.150270314689692, 24.85355115581212 ], [ 77.150187077356236, 24.853578279915912 ], [ 77.150105299511893, 24.853602240961205 ], [ 77.150023345659392, 24.853625695621634 ], [ 77.149941218805623, 24.853648640309949 ], [ 77.149858922910454, 24.853671075059552 ], [ 77.149776461924546, 24.853693000806722 ], [ 77.149693838873205, 24.853714412158237 ], [ 77.149611058669279, 24.853735312767952 ], [ 77.149528124328896, 24.853755698145648 ], [ 77.149445040792443, 24.853775569236117 ], [ 77.149380923921143, 24.853794869656099 ], [ 77.149320178189171, 24.85382176050809 ], [ 77.149263882338957, 24.853855770486149 ], [ 77.149213029382409, 24.853896293896156 ], [ 77.149168521394927, 24.85394261589834 ], [ 77.149131142737673, 24.853993917698293 ], [ 77.149101555942337, 24.854049291864914 ], [ 77.149080282739803, 24.854107758424867 ], [ 77.1490677018963, 24.854168282906514 ], [ 77.149040225021793, 24.854293115272949 ], [ 77.149012945692391, 24.854417982722694 ], [ 77.148985863890218, 24.854542887061857 ], [ 77.148958977664037, 24.854667825564679 ], [ 77.148932290945723, 24.85479280097405 ], [ 77.148905799813662, 24.854917809644242 ], [ 77.148879505230582, 24.85504285429295 ], [ 77.148853411183595, 24.855167932244804 ], [ 77.148827512706205, 24.855293045263952 ], [ 77.148807441059319, 24.855349154875739 ], [ 77.148794740462435, 24.855407028534611 ], [ 77.148789587384897, 24.85546586305724 ], [ 77.148792052523703, 24.855524841717621 ], [ 77.148802102662401, 24.855583146003486 ], [ 77.148819596564266, 24.855639970031469 ], [ 77.148844293869729, 24.855694521525781 ], [ 77.148875849917047, 24.855746044352383 ], [ 77.148913826555329, 24.855793825836393 ], [ 77.148949469505908, 24.855806819040261 ], [ 77.148982018887239, 24.855825381737326 ], [ 77.149010438448158, 24.855848921717239 ], [ 77.149033825163926, 24.855876691660363 ], [ 77.149051437745356, 24.855907808344799 ], [ 77.149062713133318, 24.85594128529851 ], [ 77.149067295961615, 24.8559760556269 ], [ 77.149065040086015, 24.856011016279098 ], [ 77.149056015227998, 24.856045056100669 ], [ 77.149057011335842, 24.856086969504041 ], [ 77.149058510391512, 24.856128871822282 ], [ 77.149060511479433, 24.856170755822639 ], [ 77.149063013638042, 24.856212618787577 ], [ 77.149066016950599, 24.85625445258977 ], [ 77.149069519465797, 24.856296254503075 ], [ 77.149073525198332, 24.856338019142949 ], [ 77.149078028256312, 24.856379741943755 ], [ 77.149083033653355, 24.856421416626073 ], [ 77.149099798098817, 24.856517583540032 ], [ 77.1491075740811, 24.856614700123263 ], [ 77.149106306322309, 24.85671206959881 ], [ 77.149096003924384, 24.856808991218863 ], [ 77.149076740296138, 24.856904767489215 ], [ 77.149048655059786, 24.856998711410384 ], [ 77.149011949093762, 24.85709014733893 ], [ 77.148966886448349, 24.857178417325496 ], [ 77.148913790313699, 24.857262888306298 ], [ 77.148798410111411, 24.857448720098979 ], [ 77.148681326196396, 24.857633662197216 ], [ 77.148562543641745, 24.857817701996222 ], [ 77.148442074448937, 24.858000826950036 ], [ 77.148319925689279, 24.858183022664562 ], [ 77.148196104415845, 24.858364276551711 ], [ 77.148070621640983, 24.85854457605716 ], [ 77.147943485398599, 24.858723909504192 ], [ 77.147814703741389, 24.858902263410126 ], [ 77.147783034605126, 24.858997482494882 ], [ 77.147761010499678, 24.859094939267994 ], [ 77.147748819879311, 24.859193822524688 ], [ 77.147746559271226, 24.859293308536422 ], [ 77.147754251035224, 24.859392566620986 ], [ 77.147771831347256, 24.85949077258698 ], [ 77.14779915119739, 24.859587107839225 ], [ 77.147835986212854, 24.85968076668723 ], [ 77.147882025603721, 24.859770972507903 ], [ 77.147954714128218, 24.859834502459048 ], [ 77.148007185230057, 24.859880528805828 ], [ 77.148027275790781, 24.859898152317474 ], [ 77.14809971157193, 24.859961922994916 ], [ 77.148172018530005, 24.860025811757133 ], [ 77.148244199597485, 24.86008982224174 ], [ 77.148316251814236, 24.860153953520634 ], [ 77.148388176216116, 24.860218201087136 ], [ 77.148459972756982, 24.860282569456835 ], [ 77.148531641446112, 24.860347057726653 ], [ 77.148575127218749, 24.860417612281388 ], [ 77.148609819387502, 24.860492113771024 ], [ 77.148635289703165, 24.860569651829319 ], [ 77.148651233024054, 24.860649280105893 ], [ 77.148657449390569, 24.860730026951018 ], [ 77.148653867670234, 24.860810906453935 ], [ 77.148640527604954, 24.860890931836956 ], [ 77.148617593558342, 24.860969126409984 ], [ 77.148585347459502, 24.861044536154346 ], [ 77.148533266634018, 24.861209574110216 ], [ 77.148486702139664, 24.861375979248336 ], [ 77.148445697152312, 24.861543596603845 ], [ 77.148410288891512, 24.861712272967015 ], [ 77.148380509646842, 24.861881853279556 ], [ 77.148356388767027, 24.862052179748165 ], [ 77.14833794569401, 24.862223095397944 ], [ 77.148325199870314, 24.862394443253422 ], [ 77.148318162820402, 24.862566066271246 ], [ 77.148304914545449, 24.862651409058358 ], [ 77.148278601136653, 24.862734192511631 ], [ 77.148239749253236, 24.862812761156587 ], [ 77.148189136131123, 24.86288554382892 ], [ 77.14812777443349, 24.862951083349802 ], [ 77.14805689213334, 24.863008067965424 ], [ 77.147977905503694, 24.863055359115666 ], [ 77.147892397138506, 24.863092011117171 ], [ 77.147802075185439, 24.86311728888089 ], [ 77.14758728440853, 24.863136194932832 ], [ 77.147371628415968, 24.863143079981192 ], [ 77.147155914281669, 24.863137919275836 ], [ 77.146940950597923, 24.863120733240041 ], [ 77.146727541572105, 24.863091583808302 ], [ 77.146516484972196, 24.863050581633207 ], [ 77.146308572181098, 24.862997880667191 ], [ 77.146104581276049, 24.862933677200413 ], [ 77.14590527700939, 24.862858211666328 ], [ 77.145725462304043, 24.86279528722358 ], [ 77.145542272403603, 24.862741063421865 ], [ 77.145356216514571, 24.86269569088855 ], [ 77.145167805107235, 24.862659293170129 ], [ 77.144977559758729, 24.862631972235285 ], [ 77.144786004291532, 24.862613803883669 ], [ 77.144593666772195, 24.862604835956855 ], [ 77.144401078466515, 24.862605093748261 ], [ 77.144208771879192, 24.862614578180292 ], [ 77.144151927285193, 24.862639679274238 ], [ 77.144101526327816, 24.862674400218925 ], [ 77.144059501048247, 24.862717407317021 ], [ 77.144027459006438, 24.862767057948947 ], [ 77.144006626353971, 24.862821449757945 ], [ 77.143997800470729, 24.86287850242924 ], [ 77.144001318530073, 24.862936030574343 ], [ 77.14401704668235, 24.862991833047058 ], [ 77.144044383188174, 24.863043773348348 ], [ 77.144135095440618, 24.863133017979017 ], [ 77.144224728483636, 24.863223168224835 ], [ 77.144313269578532, 24.863314211335378 ], [ 77.144400709936633, 24.863406135497097 ], [ 77.144487037781218, 24.863498930677252 ], [ 77.144572244323243, 24.863592585062229 ], [ 77.144656316786737, 24.863687089513878 ], [ 77.144739246410239, 24.863782429509467 ], [ 77.144821022406376, 24.863878595024627 ], [ 77.1449216927615, 24.863980746541468 ], [ 77.145020963855501, 24.864084031237827 ], [ 77.145118821024823, 24.86418843092909 ], [ 77.14521525054036, 24.86429393285735 ], [ 77.145310235758686, 24.864400518821189 ], [ 77.145403763958484, 24.864508174265072 ], [ 77.145495818505296, 24.86461688008437 ], [ 77.145586386695939, 24.864726619917402 ], [ 77.14567545384746, 24.864837377385786 ], [ 77.14571789764608, 24.864979513451839 ], [ 77.145751473755524, 24.865123607866746 ], [ 77.145776078918601, 24.865269203680022 ], [ 77.145791632734969, 24.865415835102862 ], [ 77.145798085533855, 24.865563032090794 ], [ 77.145795416321249, 24.865710327551287 ], [ 77.14578363384399, 24.865857250127505 ], [ 77.14576277651642, 24.866003331422906 ], [ 77.145732909460634, 24.866148105072877 ], [ 77.145714854864352, 24.866277398591528 ], [ 77.145691314727756, 24.866405955429446 ], [ 77.145662324674092, 24.866533581715519 ], [ 77.145627929208047, 24.866660086363133 ], [ 77.145588179773043, 24.866785277440986 ], [ 77.145543137674665, 24.866908966713854 ], [ 77.145492868141957, 24.867030969591941 ], [ 77.14543744827364, 24.867151102488947 ], [ 77.14537696209841, 24.867269181877628 ], [ 77.145321062853426, 24.86731780326372 ], [ 77.145258919241058, 24.867359641395417 ], [ 77.14519151111935, 24.867394035395563 ], [ 77.145119907252578, 24.867420439841791 ], [ 77.145045236457051, 24.867438438971284 ], [ 77.144968680643998, 24.867447749331212 ], [ 77.1448914480833, 24.867448220454527 ], [ 77.144814762384868, 24.867439847409894 ], [ 77.144739834883609, 24.867422760632138 ], [ 77.144692042571947, 24.867405050616313 ], [ 77.144649407537926, 24.867378561020793 ], [ 77.144613837096969, 24.867344478544201 ], [ 77.144586925237363, 24.867304329499511 ], [ 77.144569878058547, 24.867259914153163 ], [ 77.144563459238469, 24.867213218656872 ], [ 77.144567954206565, 24.867166337072895 ], [ 77.144583164262286, 24.867121369271153 ], [ 77.144608407529489, 24.867080327916021 ], [ 77.144664207174756, 24.867029363254815 ], [ 77.144719870472315, 24.866978271875613 ], [ 77.144775397375923, 24.866927058293822 ], [ 77.144830784943764, 24.866875719775152 ], [ 77.144886035146286, 24.866824257239692 ], [ 77.144941146975199, 24.86677267248513 ], [ 77.144996120439657, 24.866720964608707 ], [ 77.145050953578561, 24.866669131787571 ], [ 77.145105648325313, 24.866617178553966 ], [ 77.145134652807215, 24.866557963997298 ], [ 77.145155624586181, 24.866495993343996 ], [ 77.145168253517468, 24.866432167981735 ], [ 77.145172360818748, 24.866367418412477 ], [ 77.145167882390197, 24.866302689660053 ], [ 77.145154885788344, 24.866238926964861 ], [ 77.145133558550398, 24.866177055815559 ], [ 77.145104213142474, 24.866117981991838 ], [ 77.145067278318209, 24.866062565299774 ], [ 77.145014365504053, 24.866013716406169 ], [ 77.14495347751263, 24.865973334077264 ], [ 77.144886220918778, 24.865942486832456 ], [ 77.144814374165108, 24.865921989073172 ], [ 77.144739838257223, 24.865912382601493 ], [ 77.144664580493469, 24.865913921691988 ], [ 77.14459059099876, 24.865926564593224 ], [ 77.144519823263551, 24.865949980246903 ], [ 77.144454149632239, 24.865983545198553 ], [ 77.144335750764924, 24.866078285394298 ], [ 77.144217362504463, 24.866173035514034 ], [ 77.144098982871242, 24.866267795540931 ], [ 77.14398061284578, 24.86636256638646 ], [ 77.14386225344569, 24.866457345349925 ], [ 77.143743902654265, 24.866552136026712 ], [ 77.143625561489117, 24.866646935716066 ], [ 77.143507230921486, 24.866741746232623 ], [ 77.143388907991181, 24.866836566647976 ], [ 77.143330796967334, 24.866889029256814 ], [ 77.143267423816496, 24.866936146547257 ], [ 77.143199375049718, 24.866977485500861 ], [ 77.143127284239469, 24.86701265775422 ], [ 77.143051816959215, 24.867041340242636 ], [ 77.142973675824621, 24.867063266211762 ], [ 77.142893584600372, 24.867078230501594 ], [ 77.14281228812537, 24.867086096770432 ], [ 77.142730537538895, 24.867086790144146 ], [ 77.142683837261501, 24.867080310095083 ], [ 77.14263775264854, 24.867070843244004 ], [ 77.142592514842264, 24.867058438525973 ], [ 77.142548345955873, 24.86704315654001 ], [ 77.142505466936356, 24.867025075034579 ], [ 77.142464091708945, 24.867004280729866 ], [ 77.142424424096475, 24.866980880128406 ], [ 77.142386662897934, 24.866954986915164 ], [ 77.142350994857921, 24.866926731831537 ], [ 77.142326717753107, 24.866911129142505 ], [ 77.14230064463365, 24.866898163588658 ], [ 77.1422731142777, 24.866888006040949 ], [ 77.142244491568874, 24.866880791468351 ], [ 77.142215150743411, 24.866876611570117 ], [ 77.142185479238307, 24.86687552564613 ], [ 77.142155864999808, 24.866877543329096 ], [ 77.142126700257521, 24.866882642679627 ], [ 77.142098365872556, 24.866890751989647 ], [ 77.142071101371485, 24.866912492201912 ], [ 77.142042875498262, 24.866933185613313 ], [ 77.14201373807812, 24.866952800136151 ], [ 77.141983736993723, 24.866971300053937 ], [ 77.141952926029845, 24.866988653312898 ], [ 77.141921354965689, 24.867004832340765 ], [ 77.141889078529744, 24.867019809607612 ], [ 77.141856151450597, 24.867033557583461 ], [ 77.141822632360586, 24.867046054190432 ], [ 77.141736512458564, 24.867074043576824 ], [ 77.141648242477672, 24.867095755021733 ], [ 77.141558372223741, 24.867111054136227 ], [ 77.141467460994491, 24.867119846350906 ], [ 77.141376071639897, 24.867122076865432 ], [ 77.141284775520262, 24.867117729787726 ], [ 77.14119413660346, 24.86710683431998 ], [ 77.141104722427087, 24.867089457627205 ], [ 77.141017086243608, 24.867065708297392 ], [ 77.140950058066949, 24.867036474220097 ], [ 77.140879481414615, 24.867015307176938 ], [ 77.140806516857538, 24.867002553943067 ], [ 77.140732361026579, 24.866998423426057 ], [ 77.140658237742201, 24.867002982978416 ], [ 77.140585362354244, 24.867016160801878 ], [ 77.140514934906875, 24.867037736857917 ], [ 77.140448112257673, 24.867067358885521 ], [ 77.140385994267533, 24.867104537767343 ], [ 77.1403233831672, 24.867145292377327 ], [ 77.140267593268277, 24.867193593040753 ], [ 77.140219709217263, 24.867248505275992 ], [ 77.140180662625241, 24.867308959631686 ], [ 77.140151209994841, 24.867373780397262 ], [ 77.140131928527879, 24.867441708144387 ], [ 77.140123188167991, 24.867511422968477 ], [ 77.140125162227463, 24.867581569866321 ], [ 77.140137811297734, 24.867650782982977 ], [ 77.140124433233709, 24.867833151344435 ], [ 77.140119790494467, 24.868015877959525 ], [ 77.140123890639572, 24.868198616096731 ], [ 77.140136727389759, 24.868381017098301 ], [ 77.140158276648279, 24.868562732152675 ], [ 77.140188494465633, 24.868743417695857 ], [ 77.140227325041067, 24.868922727351706 ], [ 77.140274696670247, 24.869100320928446 ], [ 77.140330514871664, 24.869275858941304 ], [ 77.140339956684628, 24.869330335496631 ], [ 77.140339758503231, 24.869385487366017 ], [ 77.14032992685523, 24.869439906639975 ], [ 77.14031070968116, 24.869492198308553 ], [ 77.140282602782619, 24.869541027278643 ], [ 77.140246320848746, 24.869585144317508 ], [ 77.140202795134485, 24.869623419448743 ], [ 77.140153138463347, 24.869654875972792 ], [ 77.140098619306031, 24.869678708308054 ], [ 77.140004367108702, 24.869707538334492 ], [ 77.139907438395596, 24.86972766552395 ], [ 77.139808794477233, 24.8697388912782 ], [ 77.13970941657108, 24.869741102968231 ], [ 77.139661312858536, 24.869737791638737 ], [ 77.139610290897139, 24.869734279225469 ], [ 77.139512400776496, 24.869718488068067 ], [ 77.139416719710695, 24.869693885938499 ], [ 77.139324199502525, 24.869660717601633 ], [ 77.139235756443554, 24.86961931151076 ], [ 77.13910162361806, 24.869567532247814 ], [ 77.138969347862727, 24.869511917855 ], [ 77.138839061269422, 24.86945252365512 ], [ 77.138710893921598, 24.869389407663572 ], [ 77.138584972858013, 24.869322635094917 ], [ 77.138461424126547, 24.869252271155574 ], [ 77.138340370758144, 24.869178385541968 ], [ 77.138221932757446, 24.86910105334362 ], [ 77.138106227167896, 24.869020348721786 ], [ 77.138037453197327, 24.868979015541122 ], [ 77.137964521698606, 24.868944114870242 ], [ 77.137888152783844, 24.868915988830764 ], [ 77.137809101829589, 24.868894919338526 ], [ 77.137728147784998, 24.868881109941114 ], [ 77.137646091034767, 24.868874701152915 ], [ 77.137563741698202, 24.868875753195713 ], [ 77.137481915559221, 24.868884256801199 ], [ 77.137401418275672, 24.868900128560462 ], [ 77.137296769428474, 24.868923615258456 ], [ 77.137190809610487, 24.868941550911394 ], [ 77.137083893822819, 24.868953878050352 ], [ 77.136976372949675, 24.868960554524847 ], [ 77.136868610538983, 24.868961558163001 ], [ 77.136760964004239, 24.868956885706442 ], [ 77.136653793533299, 24.868946552887433 ], [ 77.136547454178185, 24.868930593457481 ], [ 77.136442301766238, 24.868909061947459 ], [ 77.136310766126854, 24.868867701018765 ], [ 77.136185448726863, 24.868812562930703 ], [ 77.1360680761059, 24.868744409387396 ], [ 77.135960265093814, 24.868664176360976 ], [ 77.13586350104201, 24.86857297300039 ], [ 77.13577911831463, 24.868472053465908 ], [ 77.135708279595264, 24.868362807718928 ], [ 77.135651960236515, 24.868246743323752 ], [ 77.135610935682664, 24.868125457341829 ], [ 77.135548978746115, 24.868001917288741 ], [ 77.135479232702721, 24.86788188402306 ], [ 77.135401931940038, 24.867765765046464 ], [ 77.135317341648289, 24.867653956383545 ], [ 77.135225747968377, 24.867546837982019 ], [ 77.135127463921364, 24.867444774666797 ], [ 77.135022823487759, 24.867348114283281 ], [ 77.134912183624706, 24.867257184102264 ], [ 77.13479591926064, 24.867172296196003 ], [ 77.134713697492998, 24.867127119824701 ], [ 77.134626301919624, 24.867090922957189 ], [ 77.134534903533392, 24.867064191582671 ], [ 77.134440728086801, 24.867047284822824 ], [ 77.13434504229177, 24.867040429395562 ], [ 77.134249130083518, 24.867043717604673 ], [ 77.134154277793598, 24.867057105407056 ], [ 77.13406176029369, 24.86708041229328 ], [ 77.133972818184404, 24.867113325607225 ], [ 77.133873094329829, 24.867153386548999 ], [ 77.133776167048879, 24.867198806173537 ], [ 77.133682383506624, 24.867249420391808 ], [ 77.133592076190197, 24.867305048733154 ], [ 77.133505568847994, 24.867365494396442 ], [ 77.133423168608502, 24.867430540569405 ], [ 77.133345169874303, 24.867499956784343 ], [ 77.133271849410335, 24.867573495262768 ], [ 77.133203468295662, 24.867650893641681 ], [ 77.133148508342899, 24.867689864945302 ], [ 77.133091469366477, 24.867726263432225 ], [ 77.133032495845498, 24.867759998223935 ], [ 77.132971736200361, 24.867790980282418 ], [ 77.132909344632409, 24.867819135972493 ], [ 77.13284547831293, 24.867844391684645 ], [ 77.132780299279005, 24.867866681979592 ], [ 77.132713975385769, 24.867885953208962 ], [ 77.132646669520966, 24.867902153488021 ], [ 77.132566288269601, 24.867907477921108 ], [ 77.132485752355549, 24.867910237929415 ], [ 77.132405158806165, 24.867910432541194 ], [ 77.132324606656553, 24.867908058092723 ], [ 77.132244195838283, 24.867903119959387 ], [ 77.132164022323494, 24.867895623482859 ], [ 77.132084185007102, 24.867885578545575 ], [ 77.132004780776171, 24.867872997722312 ], [ 77.131925905527908, 24.867857893579615 ], [ 77.131676597907685, 24.867797274088602 ], [ 77.133618009546055, 24.865197769703499 ], [ 77.136355546889746, 24.861835316494695 ], [ 77.138527067599185, 24.85923538978782 ], [ 77.138707099873344, 24.858644341922417 ], [ 77.135074444703079, 24.858128371728167 ], [ 77.133718950883789, 24.858058109584046 ], [ 77.132102285080961, 24.858301710960124 ], [ 77.131946959217345, 24.85832511506559 ], [ 77.130625630702582, 24.856846227827017 ], [ 77.128514444260674, 24.858232457073175 ], [ 77.127180345079438, 24.857128507492501 ], [ 77.126558382061674, 24.856614996076168 ], [ 77.125544151566373, 24.855777602337664 ], [ 77.124971287429972, 24.855141717430659 ], [ 77.12468153097997, 24.85504158710641 ], [ 77.126052771821762, 24.850366629042632 ], [ 77.123486055968499, 24.848061272910446 ], [ 77.117038909806155, 24.848901836709825 ], [ 77.116549244451306, 24.848965665955742 ], [ 77.114538127472045, 24.852406301132163 ], [ 77.113821449832841, 24.853428359461954 ], [ 77.110725587454212, 24.853487133125117 ], [ 77.105438524833488, 24.853090044757465 ], [ 77.10458086508541, 24.85394296484413 ], [ 77.104134499169476, 24.854568950834842 ], [ 77.102668522233884, 24.856485012034259 ], [ 77.102386157123036, 24.857058137701447 ], [ 77.10216128969283, 24.857060600392824 ], [ 77.10214373322107, 24.857061152117133 ], [ 77.102126438925112, 24.857063963026054 ], [ 77.102109752832803, 24.857068978365739 ], [ 77.102094012599167, 24.857076092734662 ], [ 77.102079532469531, 24.857085168013182 ], [ 77.10206660343222, 24.857096018915193 ], [ 77.102055486109165, 24.857108430084796 ], [ 77.102046402914311, 24.857122148802102 ], [ 77.102039535911828, 24.857136900317336 ], [ 77.102022475168809, 24.857195417274141 ], [ 77.102006267488676, 24.857254135905833 ], [ 77.101990915965914, 24.857313044499417 ], [ 77.101976421677293, 24.857372134936671 ], [ 77.101962790705599, 24.857431393724767 ], [ 77.101950022129103, 24.857490814534014 ], [ 77.101938119061415, 24.857550383845425 ], [ 77.101927084568374, 24.857610092655044 ], [ 77.101916920745339, 24.857669930144279 ], [ 77.101888763652568, 24.857696918365949 ], [ 77.101860126052998, 24.85772347879217 ], [ 77.101831012943137, 24.857749606950929 ], [ 77.101801433307088, 24.857775295696236 ], [ 77.101771393178808, 24.857800536049727 ], [ 77.101740903502844, 24.857825322688861 ], [ 77.101709972273667, 24.857849648458874 ], [ 77.101678606476824, 24.857873508002239 ], [ 77.101646813126621, 24.857896893252512 ], [ 77.101601307793047, 24.857907999160087 ], [ 77.101554995470295, 24.857915854870189 ], [ 77.101508153843739, 24.857920410446855 ], [ 77.101461067278919, 24.857921639493952 ], [ 77.101414017951711, 24.857919535465133 ], [ 77.10136728883657, 24.857914109883694 ], [ 77.101321160689693, 24.857905396831416 ], [ 77.101275913105226, 24.857893446636169 ], [ 77.101231815540686, 24.857878332114929 ], [ 77.101128410042321, 24.857852183891708 ], [ 77.101022937757193, 24.857834179724655 ], [ 77.100916165357773, 24.857824453701401 ], [ 77.100808873069838, 24.85782307500704 ], [ 77.100701842729237, 24.857830054140724 ], [ 77.10059585582259, 24.857845341092165 ], [ 77.100491684608812, 24.857868822554074 ], [ 77.100390091072967, 24.857900327331635 ], [ 77.100291812071148, 24.857939627114423 ], [ 77.100224701645729, 24.857984187633679 ], [ 77.100156590187666, 24.858027464102793 ], [ 77.100087505611768, 24.858069437801223 ], [ 77.100017479792001, 24.858110090043198 ], [ 77.099946540624273, 24.858149403914251 ], [ 77.099874719963708, 24.85818736253492 ], [ 77.09980205064565, 24.858223949937461 ], [ 77.099728559586282, 24.858259148295769 ], [ 77.099654283551487, 24.858292944386243 ], [ 77.099347110683112, 24.858424830801752 ], [ 77.0996976790518, 24.858782046207029 ], [ 77.099936124699283, 24.859007118824369 ], [ 77.100177819932284, 24.859229288223652 ], [ 77.100422721614706, 24.859448515175284 ], [ 77.100670786580849, 24.859664763159007 ], [ 77.100921972691737, 24.859877992050983 ], [ 77.101176232830127, 24.860088164392927 ], [ 77.101433525806513, 24.86029524368216 ], [ 77.101693804491788, 24.860499193363577 ], [ 77.101957022736102, 24.860699977794003 ], [ 77.102136185089734, 24.860812010934168 ], [ 77.102311691842885, 24.860928761165333 ], [ 77.102483393561585, 24.861050132358741 ], [ 77.102651143893681, 24.861176017575673 ], [ 77.10281480143388, 24.861306309921275 ], [ 77.102974225764598, 24.861440902509607 ], [ 77.103129281548703, 24.861579675855975 ], [ 77.103279838348072, 24.861722515034543 ], [ 77.103425766779154, 24.861869298806859 ], [ 77.103595010492, 24.862051357116908 ], [ 77.103523276869467, 24.862049470160741 ], [ 77.103382754419954, 24.862047202242895 ], [ 77.103242212929118, 24.862046362749627 ], [ 77.103101669218276, 24.862046951828674 ], [ 77.102961143068541, 24.862048970557041 ], [ 77.102820649369477, 24.862052414549982 ], [ 77.102680205884425, 24.862057288479399 ], [ 77.102536170874387, 24.862066121526794 ], [ 77.102391814152568, 24.862065029106891 ], [ 77.102247959275616, 24.862054015758989 ], [ 77.102105423240033, 24.862033144670061 ], [ 77.101965014520857, 24.862002535851108 ], [ 77.101827532138358, 24.861962360710283 ], [ 77.101693759622819, 24.861912851030475 ], [ 77.101564455259407, 24.861854285336499 ], [ 77.101440355951155, 24.8617869979599 ], [ 77.101326368144925, 24.861674721597144 ], [ 77.101212235717966, 24.861562567604881 ], [ 77.101097956681301, 24.861450536868407 ], [ 77.100983533014528, 24.861338629404841 ], [ 77.100868966687756, 24.861226846134318 ], [ 77.100754253741954, 24.861115187021742 ], [ 77.1006393961854, 24.861003649375 ], [ 77.100524394960146, 24.860892237717696 ], [ 77.100409249105226, 24.86078094933168 ], [ 77.100139961570392, 24.860586891119301 ], [ 77.099875202270539, 24.86038771198622 ], [ 77.099615089028788, 24.860183503306747 ], [ 77.099359738742592, 24.859974350125583 ], [ 77.099109262263184, 24.859760347368468 ], [ 77.098863770429375, 24.859541590864545 ], [ 77.098623371117725, 24.859318175513561 ], [ 77.098388171174022, 24.859090199819072 ], [ 77.098158273444042, 24.858857765861423 ], [ 77.097388174455062, 24.85811276198692 ], [ 77.096505974429306, 24.858344674437667 ], [ 77.096065918142813, 24.861518927303418 ], [ 77.099161008816395, 24.861798076037402 ], [ 77.098940110827712, 24.863374398569377 ], [ 77.097768193791168, 24.865041080747993 ], [ 77.097605224919306, 24.865680508677865 ], [ 77.097540072026518, 24.866429544038809 ], [ 77.099732243304487, 24.866940524964146 ], [ 77.103087671000253, 24.867635733692854 ], [ 77.10508521321735, 24.868075991311652 ], [ 77.107737451473369, 24.865970122411575 ], [ 77.108799018508719, 24.864832224983324 ], [ 77.110464664323445, 24.86400634780172 ], [ 77.111897865103771, 24.86460649556005 ], [ 77.112982837625339, 24.865014224252008 ], [ 77.113178346263524, 24.865070897230535 ], [ 77.113373216498275, 24.865129374228324 ], [ 77.113567426608583, 24.86518965054286 ], [ 77.113760957861587, 24.865251719691656 ], [ 77.113953789554202, 24.865315574272138 ], [ 77.11414590294379, 24.865381208704871 ], [ 77.114337276318267, 24.865448617384921 ], [ 77.114527890972568, 24.865517791120965 ], [ 77.11471772817309, 24.865588723430957 ], [ 77.114826185307606, 24.865610288023273 ], [ 77.114934853947332, 24.865630943138665 ], [ 77.115043725181664, 24.865650688698953 ], [ 77.115152792089177, 24.865669523740188 ], [ 77.11526204183788, 24.86568744453746 ], [ 77.115371468486657, 24.865704451038685 ], [ 77.115481060183825, 24.86572054043075 ], [ 77.115590810988195, 24.865735712661401 ], [ 77.115700708048777, 24.865749965812061 ], [ 77.115755273289977, 24.86575753786639 ], [ 77.115809437296789, 24.86576722240444 ], [ 77.11586309830092, 24.865779001381032 ], [ 77.115916162480801, 24.86579285411095 ], [ 77.115968532112106, 24.865808754456502 ], [ 77.116020111450027, 24.865826676297207 ], [ 77.11607080882213, 24.865846582711026 ], [ 77.116120530529059, 24.865868441273697 ], [ 77.116169186915357, 24.865892211468385 ], [ 77.116224404334034, 24.865897822048861 ], [ 77.116279740014861, 24.865902348094377 ], [ 77.116335169286756, 24.865905782165058 ], [ 77.116390667393404, 24.865908124948234 ], [ 77.116446209588148, 24.865909376228363 ], [ 77.116501767183863, 24.865909533949306 ], [ 77.116557314443966, 24.865908597886893 ], [ 77.11661282856349, 24.865906571455078 ], [ 77.116668281864079, 24.865903450800381 ], [ 77.116875060044777, 24.865883052249647 ], [ 77.117083008332614, 24.865879495859335 ], [ 77.117290480311098, 24.865892809747187 ], [ 77.117495834890391, 24.865922891134542 ], [ 77.117697448266725, 24.865969498322222 ], [ 77.11776534843473, 24.865991212838612 ], [ 77.117893725636677, 24.866032266144487 ], [ 77.118083111205522, 24.866110695218133 ], [ 77.118264111770543, 24.866204168402962 ], [ 77.118435291864074, 24.866311941726487 ], [ 77.118494470645146, 24.866351914247904 ], [ 77.118553701614346, 24.866391822176244 ], [ 77.118612984771673, 24.86643166551136 ], [ 77.118672319108356, 24.866471446050749 ], [ 77.11873170366286, 24.86651116107663 ], [ 77.118791141385771, 24.866550812420762 ], [ 77.11885063130606, 24.866590398268421 ], [ 77.118910171425227, 24.866629920408496 ], [ 77.118969762733016, 24.866669378849462 ], [ 77.119068080155046, 24.866818458037176 ], [ 77.119274720252463, 24.866853038498721 ], [ 77.119328794418593, 24.866873871772881 ], [ 77.119383974494738, 24.866892129015302 ], [ 77.119440114437012, 24.866907765606292 ], [ 77.119497063261463, 24.866920735980415 ], [ 77.119554670823007, 24.866931009029518 ], [ 77.119612781989417, 24.866938557214866 ], [ 77.119671244541294, 24.866943358441944 ], [ 77.119729899236077, 24.866945399586587 ], [ 77.119788590686738, 24.86694467749264 ], [ 77.119904577594838, 24.866941926043804 ], [ 77.12002016451784, 24.866932728201714 ], [ 77.120134921459552, 24.866917118164025 ], [ 77.120248422157459, 24.866895151836871 ], [ 77.120360242037421, 24.866866913138928 ], [ 77.120469967216692, 24.866832505048389 ], [ 77.120577187490525, 24.866792057669983 ], [ 77.120681506315506, 24.866745720193599 ], [ 77.120782532853625, 24.86669366443757 ], [ 77.120819376408306, 24.866662702037768 ], [ 77.120856591254352, 24.866632110418557 ], [ 77.120894170453639, 24.866601890422515 ], [ 77.120932109962339, 24.866572050142363 ], [ 77.120970406801632, 24.86654259045504 ], [ 77.121009055975449, 24.866513515832601 ], [ 77.121048051526287, 24.866484828029197 ], [ 77.121087389429078, 24.866456533331597 ], [ 77.121127064716021, 24.866428633502565 ], [ 77.121205705151212, 24.866408859282839 ], [ 77.121285489882069, 24.866393360366217 ], [ 77.121366139166895, 24.866382193930143 ], [ 77.121447371510513, 24.866375395462757 ], [ 77.121528902552143, 24.866372990493524 ], [ 77.121610446120783, 24.866374988281017 ], [ 77.121691717223499, 24.866381380032067 ], [ 77.121772432969038, 24.866392145231821 ], [ 77.121852309673585, 24.866407244393887 ], [ 77.121921090020564, 24.866436645687063 ], [ 77.121987541338058, 24.866470209991743 ], [ 77.122051360318366, 24.86650778566732 ], [ 77.122112258706778, 24.866549201335403 ], [ 77.122169957343857, 24.866594267634429 ], [ 77.122224196035248, 24.866642780014413 ], [ 77.122274724633968, 24.866694519562696 ], [ 77.122321315964442, 24.866749247697268 ], [ 77.122363756791898, 24.866806717828833 ], [ 77.122404345796838, 24.866851614965519 ], [ 77.122439911082111, 24.866899929292057 ], [ 77.122470111049338, 24.866951192746232 ], [ 77.122494652881741, 24.867004910594641 ], [ 77.122513299416781, 24.867060566911146 ], [ 77.122525873115279, 24.867117623707664 ], [ 77.122532251018427, 24.867175529921838 ], [ 77.122532370621443, 24.867233727789447 ], [ 77.12252623380499, 24.867291655588144 ], [ 77.122529095128101, 24.8673578716047 ], [ 77.122539727249304, 24.867423426154286 ], [ 77.122558004433998, 24.86748756133424 ], [ 77.12258371660441, 24.867549538378448 ], [ 77.122616567312235, 24.867608642155222 ], [ 77.122656176613546, 24.867664190224023 ], [ 77.122702088902386, 24.86771554103122 ], [ 77.122753772806931, 24.867762103843869 ], [ 77.122810633057981, 24.867803339756158 ], [ 77.122854510037286, 24.867819332125691 ], [ 77.12290003307065, 24.867830873736615 ], [ 77.122946663107356, 24.867837825352478 ], [ 77.122993846636732, 24.867840105411609 ], [ 77.123041020665966, 24.867837687361025 ], [ 77.123087625597364, 24.867830598864789 ], [ 77.123133108170336, 24.867818924538902 ], [ 77.123176928418161, 24.86780280330218 ], [ 77.123218564627379, 24.867782427516136 ], [ 77.123293075000163, 24.867662938549504 ], [ 77.123365853187295, 24.86754256302854 ], [ 77.12343688608, 24.867421324323434 ], [ 77.12350616159695, 24.867299242200662 ], [ 77.123573667647776, 24.867176337329788 ], [ 77.123639392123323, 24.867052632186297 ], [ 77.123703324913137, 24.866928147456836 ], [ 77.123765451947591, 24.866802903793577 ], [ 77.123825765049176, 24.866676926415511 ], [ 77.123935563760512, 24.86656054406313 ], [ 77.124049898182477, 24.866447858508931 ], [ 77.124168621279907, 24.866339015677909 ], [ 77.124291577167497, 24.866234156 ], [ 77.124418605022228, 24.866133418959468 ], [ 77.124549540166839, 24.866036934073144 ], [ 77.124684209045867, 24.865944828072124 ], [ 77.124822438171321, 24.865857221366507 ], [ 77.124964046194805, 24.865774228880337 ], [ 77.125651822006105, 24.865310874403267 ], [ 77.125471008557469, 24.866662946754811 ], [ 77.126405737343234, 24.868600683090328 ], [ 77.127383784911189, 24.870095632033788 ], [ 77.130642183780182, 24.872397602526664 ], [ 77.131924227500718, 24.87274982661468 ], [ 77.133042628902373, 24.873189639829388 ], [ 77.133726323620095, 24.873538092037105 ], [ 77.13573692404691, 24.872894133480909 ], [ 77.139728757855778, 24.872720031063846 ], [ 77.143152109761814, 24.87123607588007 ], [ 77.143644699500484, 24.871022538773001 ], [ 77.143729021685232, 24.870985985907719 ], [ 77.147134035842313, 24.871125285722258 ], [ 77.148779893000622, 24.872068201991418 ], [ 77.149045141776526, 24.871173970123831 ], [ 77.14972087959346, 24.86826261826657 ], [ 77.149472638096611, 24.865453488743597 ], [ 77.150243499067713, 24.86331719133625 ], [ 77.150809164418803, 24.859886017056887 ], [ 77.150822496680988, 24.859805149645247 ], [ 77.153427361017478, 24.860678730611451 ], [ 77.154857244900029, 24.861101707291688 ], [ 77.156816105030956, 24.86187852217412 ], [ 77.156931620130692, 24.861924331336173 ], [ 77.157473867627189, 24.863107394888228 ], [ 77.158243861856022, 24.863954341684053 ], [ 77.159321635101378, 24.863946614616179 ], [ 77.159595901608895, 24.864795386838193 ], [ 77.159818858674356, 24.865485364622867 ], [ 77.159983554659277, 24.866478647762719 ], [ 77.158792513766002, 24.869641299425954 ], [ 77.160063391521987, 24.87172780927877 ], [ 77.161318176326745, 24.8713391656764 ], [ 77.162954489956959, 24.871010061426016 ], [ 77.163356639788887, 24.871159777466772 ], [ 77.164406739428145, 24.871776573726301 ], [ 77.166237494967248, 24.875183107354658 ], [ 77.167892745936641, 24.878475238724974 ], [ 77.168454116745195, 24.879675094305735 ], [ 77.169848914910943, 24.882656189991042 ], [ 77.170425196586564, 24.884580200750676 ], [ 77.170263469888212, 24.888444801307241 ], [ 77.171820501524849, 24.889797341340447 ], [ 77.172968752382019, 24.890159043552814 ], [ 77.173952126875648, 24.890468800807191 ], [ 77.175789337393752, 24.891047489689342 ], [ 77.17671088162291, 24.896291433960908 ], [ 77.176868345743358, 24.89718742382021 ], [ 77.176902741274347, 24.898330316773343 ], [ 77.176674450232412, 24.899283688387829 ], [ 77.175990550715269, 24.900121874980293 ], [ 77.175122547833297, 24.901185676207234 ], [ 77.174395843078486, 24.901844160450281 ], [ 77.173475511330878, 24.90256193032922 ], [ 77.173362889274969, 24.902884952184941 ], [ 77.173611028937003, 24.903593087104984 ], [ 77.173899040219737, 24.903960980375899 ], [ 77.174811544385577, 24.904895150474751 ], [ 77.175397943500116, 24.905506418065695 ], [ 77.175769993437228, 24.905675648041086 ], [ 77.177072154374756, 24.906012331270173 ], [ 77.179039970815936, 24.906336342996095 ], [ 77.179625233434848, 24.906150143979296 ], [ 77.180324934931136, 24.904733162069149 ], [ 77.181144529553677, 24.904814713127617 ], [ 77.18325521472272, 24.905492786756174 ], [ 77.183445893533062, 24.905902602525103 ], [ 77.183423673505175, 24.907679740514933 ], [ 77.183031759799803, 24.909528745580534 ], [ 77.185197923826195, 24.909920788670927 ], [ 77.18530527130244, 24.909890044869133 ], [ 77.186569414279433, 24.909527997223176 ], [ 77.187697665628264, 24.906493925837193 ], [ 77.189394350410566, 24.902854094466331 ], [ 77.190970430309719, 24.900857662271068 ], [ 77.192598347905331, 24.898603349132387 ], [ 77.192845881008097, 24.898130846266493 ], [ 77.197081151040621, 24.897167002701249 ], [ 77.197230297223669, 24.897894761823643 ], [ 77.198366777101029, 24.8992439937509 ], [ 77.198214364798133, 24.900179853664522 ], [ 77.196272089441109, 24.90166096068781 ], [ 77.196316825549005, 24.903209031656768 ], [ 77.196678684709184, 24.905024464970502 ], [ 77.196686595556145, 24.905064156260753 ], [ 77.196998447596371, 24.905409105384589 ], [ 77.19740468539446, 24.906350626855605 ], [ 77.196728257618176, 24.907281873193526 ], [ 77.197613084770296, 24.908098906504428 ], [ 77.197842182219148, 24.907657034693354 ], [ 77.198620085392832, 24.90636150479228 ], [ 77.200722355910855, 24.904896223230928 ], [ 77.201163786663557, 24.904536863187893 ], [ 77.202485592186832, 24.903460784654008 ], [ 77.201830162938464, 24.901918567812903 ], [ 77.200710578437452, 24.899623133624036 ], [ 77.199801668999285, 24.899432433961611 ], [ 77.200140015838343, 24.897475862904134 ], [ 77.199800418542509, 24.896535725207279 ], [ 77.200425031638957, 24.896401141117078 ], [ 77.202905672736989, 24.895954992888718 ], [ 77.204884624649438, 24.900028719704672 ], [ 77.205402482647671, 24.901094699800151 ], [ 77.205651312190568, 24.901850712698486 ], [ 77.206120527983018, 24.902580057107876 ], [ 77.206261491396404, 24.90335172545123 ], [ 77.205743235692992, 24.903760911099067 ], [ 77.206275770061197, 24.905575040137133 ], [ 77.205665597505771, 24.906248779245271 ], [ 77.206446826583289, 24.906585573060863 ], [ 77.206527451068808, 24.907412387799916 ], [ 77.207312876941259, 24.908985556793564 ], [ 77.20689900504064, 24.909753826845222 ], [ 77.206785950543193, 24.910214542171641 ], [ 77.206840160685019, 24.911310206409706 ], [ 77.207745761591582, 24.910516823993255 ], [ 77.208681130062487, 24.909538200762245 ], [ 77.209199987459115, 24.90884886283656 ], [ 77.210788227802738, 24.91034339133439 ], [ 77.212214870910685, 24.909049266267555 ], [ 77.21594489640124, 24.906788288866814 ], [ 77.215825760250937, 24.905503502830882 ], [ 77.217567203472782, 24.904775458788485 ], [ 77.218213678655829, 24.904738970327134 ], [ 77.218286791291277, 24.905523411733267 ], [ 77.218711680664001, 24.905933242202103 ], [ 77.219983835304006, 24.905849298105039 ], [ 77.220423122988819, 24.904873448091866 ], [ 77.221749124794144, 24.904935747697301 ], [ 77.223452309679359, 24.90516002402828 ], [ 77.225268001079385, 24.905757999309909 ], [ 77.227673786344866, 24.906997367676766 ], [ 77.228439190984787, 24.907217047187096 ], [ 77.229233718431516, 24.902213627533232 ], [ 77.229192478853676, 24.901819791959184 ], [ 77.227310515469455, 24.900208354340347 ], [ 77.226244096619766, 24.899417870848538 ], [ 77.225968639573324, 24.897945229078356 ], [ 77.225853719585842, 24.896742207946424 ], [ 77.225680768084914, 24.894118629134827 ], [ 77.225627720253513, 24.892698337889822 ], [ 77.224899559163362, 24.891615929141853 ], [ 77.22416111049111, 24.89055699406568 ], [ 77.221756751358029, 24.887403433414807 ], [ 77.220923627657982, 24.886310661381085 ], [ 77.220145757465005, 24.885090522439601 ], [ 77.219327403005423, 24.883806850745 ], [ 77.217834572477031, 24.88146511588025 ], [ 77.218214353295096, 24.879586713192232 ], [ 77.218360244092665, 24.878865131359319 ], [ 77.218918865747781, 24.875412810328893 ], [ 77.218818868431342, 24.875164123063769 ], [ 77.218791871968975, 24.87509698308634 ], [ 77.216524772866322, 24.873686702623949 ], [ 77.216491670290551, 24.873321974754095 ], [ 77.217194396547853, 24.873075885418974 ], [ 77.216073019428464, 24.872618897148286 ], [ 77.215682652529424, 24.872312644037297 ], [ 77.215340892183846, 24.871669212019786 ], [ 77.213738013657434, 24.870639805485073 ], [ 77.212568764143398, 24.870505617791739 ], [ 77.212858959324265, 24.866940962944476 ], [ 77.212963356880309, 24.866708617308323 ], [ 77.213438141901548, 24.865651918876999 ], [ 77.213755550546765, 24.864945470928749 ], [ 77.214850339968351, 24.86248775638844 ], [ 77.214021658583803, 24.860196608611378 ], [ 77.215393907675022, 24.859250360812737 ], [ 77.216357818188783, 24.858911744973643 ], [ 77.218068861437459, 24.858591208711541 ], [ 77.220217495820066, 24.858209459357102 ], [ 77.222718287549853, 24.856376247110372 ], [ 77.224819111630168, 24.855057318328395 ], [ 77.225542115922224, 24.853785079389219 ], [ 77.225923618709814, 24.852873190090637 ], [ 77.226200411548689, 24.852520348686266 ], [ 77.226846494777888, 24.851675915174237 ], [ 77.226300521652959, 24.850956693227474 ], [ 77.226234952945518, 24.849568459402903 ], [ 77.226035991716614, 24.849626552644608 ], [ 77.225836333127333, 24.849682616116571 ], [ 77.225636001981755, 24.849736644595282 ], [ 77.225435022102999, 24.849788631946225 ], [ 77.225233419302441, 24.849838571147842 ], [ 77.225031220372657, 24.849886456089571 ], [ 77.224828447157719, 24.849932280621626 ], [ 77.22462512643321, 24.849976040439877 ], [ 77.224421285009328, 24.850017727628071 ], [ 77.224187069195565, 24.850056132120894 ], [ 77.224133210697346, 24.850059373491426 ], [ 77.223949617217542, 24.85007042092322 ], [ 77.22371190326686, 24.850060419081597 ], [ 77.223476900656195, 24.850026249690956 ], [ 77.2232475530394, 24.84996834088912 ], [ 77.223026729934787, 24.849887418274996 ], [ 77.222817197138994, 24.849784492929466 ], [ 77.222621575204329, 24.849660855661725 ], [ 77.222442315915018, 24.849518052433247 ], [ 77.222312743751147, 24.849385152676923 ], [ 77.2221786427572, 24.849256045922967 ], [ 77.222040145290421, 24.849130864173159 ], [ 77.22189739073832, 24.84900972864785 ], [ 77.221750519458737, 24.848892762381517 ], [ 77.22159967979475, 24.848780081247572 ], [ 77.221445018151485, 24.848671796588427 ], [ 77.221286693824425, 24.848568017140487 ], [ 77.221124859248619, 24.848468844360344 ], [ 77.220852868218628, 24.84833983780803 ], [ 77.22058110428344, 24.84821043430788 ], [ 77.220309567436061, 24.848080634764088 ], [ 77.220038256679928, 24.847950440073244 ], [ 77.219872869099518, 24.847870765229104 ], [ 77.219767177963675, 24.847819849381032 ], [ 77.219496326323195, 24.847688864455375 ], [ 77.219225704746705, 24.8475574835151 ], [ 77.21895531519796, 24.847425708383568 ], [ 77.218685155690579, 24.847293539949344 ], [ 77.218534402182101, 24.847200257785744 ], [ 77.218377553436312, 24.847115752981587 ], [ 77.218215222867897, 24.847040357374443 ], [ 77.21804805098192, 24.846974364185815 ], [ 77.217876681577721, 24.846918032346618 ], [ 77.217701792473903, 24.846871582228079 ], [ 77.217524062840141, 24.846835196283244 ], [ 77.217344189093964, 24.846809012852432 ], [ 77.217162872920852, 24.846793136905372 ], [ 77.216938659655341, 24.84678324731183 ], [ 77.216715908862938, 24.846757910984511 ], [ 77.216495895011491, 24.846717276349832 ], [ 77.216279878896245, 24.84666157482026 ], [ 77.216069099667635, 24.846591126149221 ], [ 77.215864762996574, 24.846506333818841 ], [ 77.215668038112256, 24.846407684112993 ], [ 77.215480053894311, 24.846295740665695 ], [ 77.215301885996666, 24.846171145259948 ], [ 77.215197777954785, 24.846088046578831 ], [ 77.215090642474436, 24.84600821452339 ], [ 77.214980606342678, 24.845931741324097 ], [ 77.214867792430198, 24.845858714664139 ], [ 77.214752330586819, 24.845789216864286 ], [ 77.214634354628785, 24.845723329374248 ], [ 77.214513999422024, 24.845661127330526 ], [ 77.214391404797396, 24.845602684103543 ], [ 77.214312362295104, 24.845568060227968 ], [ 77.214266709682278, 24.845548064025287 ], [ 77.214080816893215, 24.845409043330232 ], [ 77.213893347502179, 24.845271797035775 ], [ 77.213704321125974, 24.845136343356646 ], [ 77.213513756452386, 24.845002694178245 ], [ 77.213321676101643, 24.844870864127053 ], [ 77.213128099706893, 24.844740869611929 ], [ 77.212933048915488, 24.84461272344533 ], [ 77.212736545356847, 24.844486440245923 ], [ 77.21253861068638, 24.844362031923332 ], [ 77.212502934163254, 24.844333689301529 ], [ 77.212357485925182, 24.84421814083883 ], [ 77.212177629379326, 24.844072928539997 ], [ 77.211999052803392, 24.843926407770123 ], [ 77.211821770973089, 24.843778585877931 ], [ 77.211645790711799, 24.843629473760789 ], [ 77.211471125787696, 24.84347908056554 ], [ 77.211297787017429, 24.843327413609348 ], [ 77.211125785164811, 24.843174485627316 ], [ 77.210955131019844, 24.843020306645762 ], [ 77.210704280835287, 24.842892438990326 ], [ 77.21046681693872, 24.842744814436951 ], [ 77.210244602688903, 24.842578595080518 ], [ 77.210039379325409, 24.842395081119093 ], [ 77.209852760975366, 24.842195715326294 ], [ 77.209686210113674, 24.841982062078571 ], [ 77.209541031731163, 24.841755796467172 ], [ 77.209418368467681, 24.841518696128329 ], [ 77.209319180033816, 24.841272620302345 ], [ 77.209261546539452, 24.8412035260267 ], [ 77.209188463244644, 24.841147917199226 ], [ 77.209103618353652, 24.841108599849775 ], [ 77.209011297890427, 24.841087559374738 ], [ 77.208916159075372, 24.841085856655003 ], [ 77.208823003162536, 24.84110358016294 ], [ 77.20873653606904, 24.84113983228767 ], [ 77.208661120412046, 24.841192785130001 ], [ 77.208600562898141, 24.841259764578879 ], [ 77.208521838046096, 24.841300526217605 ], [ 77.208438720719116, 24.841333236039326 ], [ 77.208352201445166, 24.841357507374699 ], [ 77.208263302484369, 24.841373049545762 ], [ 77.20817307967566, 24.841379681428279 ], [ 77.208082598763042, 24.84137732313209 ], [ 77.207992937312383, 24.84136600233882 ], [ 77.207905156010227, 24.841345854069452 ], [ 77.207820293749691, 24.841317117032087 ], [ 77.207713179133307, 24.841297378525205 ], [ 77.207604484231126, 24.841287084824419 ], [ 77.20749357930778, 24.841286464742943 ], [ 77.207386358013835, 24.841295127042518 ], [ 77.207278925631002, 24.841313388822204 ], [ 77.207173904882552, 24.841340947984552 ], [ 77.207072256230347, 24.841377554913706 ], [ 77.206974912317278, 24.841422869457329 ], [ 77.206882769884302, 24.841476478020386 ], [ 77.206717035375775, 24.841538699084566 ], [ 77.206548086497534, 24.841593242541727 ], [ 77.20637634819299, 24.841639973643293 ], [ 77.206202252194956, 24.841678772147912 ], [ 77.206026239915076, 24.841709540472944 ], [ 77.205848757512754, 24.841732201848462 ], [ 77.205670249983243, 24.84174669755987 ], [ 77.205491171000986, 24.841752992446722 ], [ 77.205311972085681, 24.841751069395983 ], [ 77.204908269501118, 24.841730437139478 ], [ 77.204826813944067, 24.84169961179402 ], [ 77.204742914187264, 24.841667323368394 ], [ 77.204659230712309, 24.84163457966309 ], [ 77.204575762556601, 24.841601377961393 ], [ 77.204492512645828, 24.841567722803052 ], [ 77.204409483958457, 24.841533613309512 ], [ 77.204326679428945, 24.841499053117435 ], [ 77.204244104995837, 24.841464042275504 ], [ 77.204161759670214, 24.841428580775968 ], [ 77.204085615753939, 24.841396296215919 ], [ 77.204011119887781, 24.841360953419951 ], [ 77.203938420870216, 24.841322619527251 ], [ 77.203867663408388, 24.841281375191063 ], [ 77.20379898631505, 24.841237296501191 ], [ 77.203732525274802, 24.841190475778873 ], [ 77.203668414027462, 24.841141001716899 ], [ 77.203606777282118, 24.841088975578913 ], [ 77.203547739764744, 24.841034496822516 ], [ 77.203488495291921, 24.840986226339083 ], [ 77.203427297702731, 24.840940030740494 ], [ 77.203364234449779, 24.840895974857226 ], [ 77.203299392004425, 24.840854122608565 ], [ 77.203232865779611, 24.840814534374111 ], [ 77.203164750250977, 24.840777265106968 ], [ 77.203095139920308, 24.840742367051206 ], [ 77.203024138204412, 24.84070989162025 ], [ 77.202951841636335, 24.84067988565619 ], [ 77.202846197040472, 24.840635204651619 ], [ 77.20274377182875, 24.840584665784121 ], [ 77.202644955078611, 24.840528460976948 ], [ 77.202550123769257, 24.840466804634421 ], [ 77.20245963885796, 24.840399929997041 ], [ 77.202373844246495, 24.840328093648708 ], [ 77.202293064889901, 24.840251566469973 ], [ 77.202217608713894, 24.84017063997511 ], [ 77.202147763663646, 24.840085624482121 ], [ 77.202027071334612, 24.8399658981401 ], [ 77.201910402769741, 24.839842892607447 ], [ 77.201797867702638, 24.839716721677853 ], [ 77.201689564935364, 24.839587503571398 ], [ 77.201585597253555, 24.839455353831138 ], [ 77.201486058464212, 24.839320395152168 ], [ 77.201391039412826, 24.83918274930214 ], [ 77.2013006279129, 24.839042544345766 ], [ 77.201214904849309, 24.838899908291186 ], [ 77.201177386959387, 24.83880202727665 ], [ 77.201132264457613, 24.838706857936991 ], [ 77.201079772085563, 24.838614889869415 ], [ 77.201020176373703, 24.838526600284982 ], [ 77.200953787631491, 24.838442442365462 ], [ 77.200880949997824, 24.838362850601417 ], [ 77.200802037517619, 24.838288237148099 ], [ 77.200717458144354, 24.838218987342302 ], [ 77.200627648818326, 24.838155456953405 ], [ 77.200518447310884, 24.838101149600469 ], [ 77.200466355096282, 24.838076567672154 ], [ 77.20040798254098, 24.838049020191526 ], [ 77.200296301803476, 24.837999089880846 ], [ 77.200183460265777, 24.837951384402437 ], [ 77.200069510161498, 24.837905925854134 ], [ 77.199954504731124, 24.837862734535687 ], [ 77.199838499176522, 24.837821832569301 ], [ 77.199721549724245, 24.837783238473104 ], [ 77.199603707652471, 24.83774697072505 ], [ 77.199536297104359, 24.837708031196026 ], [ 77.199468607519563, 24.837669494873719 ], [ 77.199400644835421, 24.837631361806061 ], [ 77.199332408008871, 24.837593637403018 ], [ 77.199263903975762, 24.83755632081764 ], [ 77.199195134706031, 24.837519412968636 ], [ 77.19912610116242, 24.837482916572963 ], [ 77.199056807285331, 24.837446833468579 ], [ 77.198987257032741, 24.837411163687406 ], [ 77.198986114136972, 24.837395363021869 ], [ 77.198974109963501, 24.837321739915296 ], [ 77.198955546808392, 24.837249259120874 ], [ 77.198930548587811, 24.837178406630855 ], [ 77.19889928484514, 24.837109657970775 ], [ 77.198844816399543, 24.836972982226211 ], [ 77.198800162813242, 24.836833375381325 ], [ 77.1987655142986, 24.836691421517404 ], [ 77.198741016400433, 24.836547717896845 ], [ 77.198726767098648, 24.836402867714586 ], [ 77.198722831661854, 24.836257479315666 ], [ 77.198729224844058, 24.836112165147028 ], [ 77.19874591889068, 24.835967532791571 ], [ 77.198772843486239, 24.83582419038639 ], [ 77.198819629590446, 24.835622420579046 ], [ 77.198840172906657, 24.83541703751413 ], [ 77.198839315344784, 24.835387451874027 ], [ 77.198834188538882, 24.835210872929935 ], [ 77.198801762615815, 24.835006769702407 ], [ 77.198743340777497, 24.834807543819647 ], [ 77.198659726602855, 24.834615941922507 ], [ 77.198552075036687, 24.83443460422404 ], [ 77.198421872882605, 24.834266034549767 ], [ 77.198270912502963, 24.834112556775914 ], [ 77.198171126486258, 24.834038012103118 ], [ 77.198065968082375, 24.833969896352144 ], [ 77.197955932942861, 24.833908529650994 ], [ 77.197841539758898, 24.833854203415896 ], [ 77.197723329333925, 24.833807174022258 ], [ 77.197601858664129, 24.833767660950102 ], [ 77.197477703845635, 24.833735853130118 ], [ 77.19735144630917, 24.833711899800004 ], [ 77.197223684660301, 24.83369591421414 ], [ 77.19703712516133, 24.833670725359362 ], [ 77.196854037739982, 24.833629453545232 ], [ 77.196676082432617, 24.833572471784127 ], [ 77.196660587942176, 24.833565939365034 ], [ 77.196504878249044, 24.833500299068906 ], [ 77.196341971609328, 24.833413589276596 ], [ 77.196188844276023, 24.833313129425544 ], [ 77.1960468877121, 24.833199830433589 ], [ 77.195917383359102, 24.833074719730288 ], [ 77.195801513602063, 24.832938933216582 ], [ 77.195702236199665, 24.832871304624309 ], [ 77.195594822920128, 24.832814976388214 ], [ 77.195480808721214, 24.832770753985137 ], [ 77.195361822274265, 24.832739271161667 ], [ 77.195239569285022, 24.832720975348987 ], [ 77.195115796809162, 24.832716133693676 ], [ 77.194992276653579, 24.832724810344612 ], [ 77.194870776522095, 24.832746882473419 ], [ 77.194753031364684, 24.832782035524641 ], [ 77.194626494494742, 24.832818047737856 ], [ 77.194498797300028, 24.832850469417071 ], [ 77.194370061828408, 24.832879269044703 ], [ 77.194240412045232, 24.832904421441309 ], [ 77.194109970935386, 24.832925900516649 ], [ 77.193978862411669, 24.83294368651049 ], [ 77.193847216297954, 24.832957762420815 ], [ 77.193715154466105, 24.832968114793427 ], [ 77.193582806687203, 24.832974732045628 ], [ 77.193461682789206, 24.832948197478899 ], [ 77.193339105564206, 24.832927963845098 ], [ 77.193215470204862, 24.832914097594287 ], [ 77.193091172124738, 24.832906642601309 ], [ 77.192966611880095, 24.83290562291528 ], [ 77.192842188251731, 24.832911041799967 ], [ 77.192718299235253, 24.832922881742 ], [ 77.192595344992029, 24.832941106281066 ], [ 77.192473719005562, 24.832965653615709 ], [ 77.192338677483875, 24.832983023923557 ], [ 77.192202542448427, 24.832990424460952 ], [ 77.192066197160514, 24.832987809177254 ], [ 77.191930523296705, 24.832975192522092 ], [ 77.191796401866242, 24.832952656678017 ], [ 77.191664700372172, 24.832920348745724 ], [ 77.191536274816087, 24.832878478050795 ], [ 77.191411956850601, 24.832827314232226 ], [ 77.191292550765326, 24.832767191732419 ], [ 77.191206164996402, 24.832726237980289 ], [ 77.191121189331824, 24.832682893399348 ], [ 77.191037704475406, 24.832637203810666 ], [ 77.190955787252321, 24.832589206875237 ], [ 77.190875512392594, 24.832538951977941 ], [ 77.190796958637392, 24.832486483117759 ], [ 77.190715630724753, 24.832430117915184 ], [ 77.190628784056884, 24.832358029867354 ], [ 77.190546026727745, 24.832306741119815 ], [ 77.190465419104129, 24.832272219521542 ], [ 77.190398587312842, 24.832254292221858 ], [ 77.189320118249356, 24.831857339972277 ], [ 77.190707859899589, 24.825119037002096 ], [ 77.191531026756053, 24.822759802945761 ], [ 77.191552464116683, 24.821978654654956 ], [ 77.191570938053346, 24.821305470137464 ], [ 77.191907837520972, 24.820045771074906 ], [ 77.191920083103966, 24.818800492329334 ], [ 77.192161170855087, 24.816318219511583 ], [ 77.192347297304906, 24.813890637333028 ], [ 77.192643352262252, 24.811367471293124 ], [ 77.192668257004229, 24.810208608345054 ], [ 77.191557465536775, 24.810110373690993 ], [ 77.189098885197239, 24.809868268193352 ], [ 77.188460057450428, 24.808236316825305 ], [ 77.188217029455814, 24.807790391694748 ], [ 77.18759374328603, 24.805932480076009 ], [ 77.186838649654547, 24.804252711202619 ], [ 77.184484031134886, 24.804467372379911 ], [ 77.183489747996717, 24.804019534042176 ], [ 77.182789850035491, 24.803428672679384 ], [ 77.181718148666249, 24.802590948458377 ], [ 77.181100879640283, 24.802085857021257 ], [ 77.180475460588013, 24.801534605109776 ], [ 77.179340251976583, 24.80040997677817 ], [ 77.179374556412427, 24.798030887529755 ], [ 77.18011968437618, 24.797611625171967 ], [ 77.181192719524731, 24.797230428200255 ], [ 77.182117513307617, 24.796701726254252 ], [ 77.184074293018213, 24.795944140734225 ], [ 77.185064910034342, 24.792114189981397 ], [ 77.189653752177193, 24.792308246660841 ], [ 77.19079666578925, 24.792424880880574 ], [ 77.190938049212278, 24.792182250581895 ], [ 77.19074347735463, 24.791299728028282 ], [ 77.190281597831415, 24.790428053670951 ], [ 77.190648874991268, 24.787916662505786 ], [ 77.191960409722981, 24.788278456390326 ], [ 77.191999130087922, 24.788274524842699 ], [ 77.192647259392132, 24.788208693440918 ], [ 77.193963298050335, 24.788112182286746 ], [ 77.195388582806245, 24.787799529504493 ], [ 77.195937295997695, 24.786300553775984 ], [ 77.195179066744984, 24.784621816180252 ], [ 77.194551072145501, 24.78267325966511 ], [ 77.193918287755309, 24.780347890265585 ], [ 77.19323742348395, 24.778006339301893 ], [ 77.192692888298595, 24.777343280809728 ], [ 77.191454334641861, 24.776498585323665 ], [ 77.190748117365274, 24.775944763299545 ], [ 77.19030412999291, 24.775596580377766 ], [ 77.189217156825762, 24.775962509057727 ], [ 77.189198412638945, 24.775968819180527 ], [ 77.188610412199097, 24.776150394309564 ], [ 77.18824545491745, 24.776264310372902 ], [ 77.186431720576124, 24.77683827670818 ], [ 77.18541062549788, 24.777161396424951 ], [ 77.185075551411728, 24.777269126268084 ], [ 77.18129948184594, 24.778483115705225 ], [ 77.180782625208764, 24.7788688149734 ], [ 77.179340827392693, 24.77925561859713 ], [ 77.177096687239455, 24.779453700410144 ], [ 77.177445690610696, 24.779707899875788 ], [ 77.178260366698353, 24.779948620158304 ], [ 77.179803088261082, 24.780598023981717 ], [ 77.179807582901788, 24.780640485191515 ], [ 77.180055076400095, 24.782978579369107 ], [ 77.179102818004338, 24.783196021356844 ], [ 77.17585505353226, 24.783981677624308 ], [ 77.174648649979488, 24.782745418895363 ], [ 77.17412102972871, 24.783200756511569 ], [ 77.172758915007805, 24.784480854797831 ], [ 77.172509596337463, 24.784445166165515 ], [ 77.171043039629723, 24.78365233922095 ], [ 77.17055827941698, 24.783665638520006 ], [ 77.169084301183631, 24.783774701131168 ], [ 77.168783019019259, 24.783494841057024 ], [ 77.167865171344275, 24.78203697967934 ], [ 77.166339756258637, 24.781381271417981 ], [ 77.165042440493536, 24.779877371970702 ], [ 77.164757919616221, 24.778832326652282 ], [ 77.164194742444991, 24.77712494238795 ], [ 77.164147804491819, 24.776129240961446 ], [ 77.164091555682816, 24.775101304443933 ], [ 77.163662859307777, 24.774265668631994 ], [ 77.162982686399644, 24.772754140411251 ], [ 77.162389435303908, 24.771275751884769 ], [ 77.161763342925141, 24.771175167698619 ], [ 77.16083904205145, 24.77131359254669 ], [ 77.160054056931202, 24.770951653010322 ], [ 77.158722133011466, 24.770853380781038 ], [ 77.158338785751283, 24.771179511959122 ], [ 77.157275899485484, 24.771993958081445 ], [ 77.156077223454261, 24.772811459843624 ], [ 77.156063657047611, 24.77415475623204 ], [ 77.156158248006903, 24.77513791405428 ], [ 77.155909429750466, 24.776253882749721 ], [ 77.155914951861206, 24.776311323455381 ], [ 77.15603837241234, 24.777595071188365 ], [ 77.156036878384882, 24.778287436722906 ], [ 77.156035792587247, 24.778791118284957 ], [ 77.156013442357576, 24.780053461268412 ], [ 77.156072993065536, 24.78168338742454 ], [ 77.155371574216815, 24.78240867629388 ], [ 77.154306203867051, 24.783457088347028 ], [ 77.153338393133865, 24.784592677632059 ], [ 77.153304021277407, 24.784633008655845 ], [ 77.152731830032366, 24.785772240791204 ], [ 77.152511237362745, 24.786867396961419 ], [ 77.152483537771786, 24.787725210327661 ], [ 77.153133555461395, 24.788285396036539 ], [ 77.153680011606383, 24.788813894812083 ], [ 77.154262120884866, 24.789512177036634 ], [ 77.153015620904867, 24.790914066498992 ], [ 77.152674961479903, 24.791297186628626 ], [ 77.151723779446371, 24.792320538359562 ], [ 77.151160803328395, 24.790220551670746 ] ], [ [ 77.176248301998328, 24.849994054320547 ], [ 77.174924975026855, 24.85084246740546 ], [ 77.174089815076343, 24.851377894533503 ], [ 77.171852811495498, 24.852366147896664 ], [ 77.170334093492883, 24.851765355558189 ], [ 77.168807916722514, 24.851494157732219 ], [ 77.166916012787041, 24.851679243673335 ], [ 77.161547598724781, 24.851648377954788 ], [ 77.161263614614882, 24.84904719136086 ], [ 77.162563283742742, 24.848781246516371 ], [ 77.161760377433311, 24.846774853407478 ], [ 77.16144621424958, 24.846220646266534 ], [ 77.161738907919727, 24.846128428178172 ], [ 77.164393495319175, 24.845801411814268 ], [ 77.165623583843811, 24.845202169298453 ], [ 77.166931280654083, 24.84463927057611 ], [ 77.169105463481515, 24.844107477485295 ], [ 77.171753085278155, 24.842835235267653 ], [ 77.173772678991881, 24.844588967402597 ], [ 77.176463408462936, 24.846925367396551 ], [ 77.178396731258829, 24.848601105350973 ], [ 77.176248301998328, 24.849994054320547 ] ], [ [ 77.13354536837609, 24.811410047190488 ], [ 77.133179640102412, 24.811092127529193 ], [ 77.127855303179146, 24.809025631296194 ], [ 77.127816786054467, 24.809010680538023 ], [ 77.126277804077418, 24.808510281997304 ], [ 77.126069749670521, 24.808661735431418 ], [ 77.125246272443334, 24.809175734113428 ], [ 77.124812177172544, 24.809417641544762 ], [ 77.122569485807844, 24.808074856105922 ], [ 77.122156350480864, 24.808397012569024 ], [ 77.120466239831302, 24.80782756802785 ], [ 77.118409626215978, 24.806849640023938 ], [ 77.117351760000858, 24.806435152765303 ], [ 77.11664366232425, 24.806277690601345 ], [ 77.115810132390692, 24.805774479567201 ], [ 77.114662832898176, 24.805105697890045 ], [ 77.113391060054127, 24.804203569413506 ], [ 77.112354306079155, 24.803578540823263 ], [ 77.109960273007388, 24.802201328323651 ], [ 77.109776335868915, 24.802075058436341 ], [ 77.108916036638462, 24.801484471549337 ], [ 77.10737857685281, 24.800437067094791 ], [ 77.105146209154356, 24.798862375168135 ], [ 77.104612016663111, 24.79884783142932 ], [ 77.104493025768548, 24.798833439814413 ], [ 77.104374221070216, 24.798817810657944 ], [ 77.104255621358277, 24.798800945028365 ], [ 77.104137240476462, 24.798782843950828 ], [ 77.10401909123155, 24.798763512957059 ], [ 77.103901193412469, 24.798742952221307 ], [ 77.10378355887471, 24.798721163654534 ], [ 77.103666206360671, 24.798698152840647 ], [ 77.103549147735364, 24.798673920787696 ], [ 77.103317423973365, 24.798545994738944 ], [ 77.103087440564664, 24.798415479025724 ], [ 77.102859231951442, 24.798282392021079 ], [ 77.102632832518239, 24.79814675751631 ], [ 77.102408275735911, 24.798008592069934 ], [ 77.102185595997483, 24.797867918570567 ], [ 77.101964827714411, 24.797724758100752 ], [ 77.101746003319136, 24.797579131725808 ], [ 77.101529156213729, 24.797431062325952 ], [ 77.101464687025384, 24.797358275898706 ], [ 77.101392252957822, 24.79729202394584 ], [ 77.101312645780894, 24.797233029590029 ], [ 77.101226731311755, 24.797181936227972 ], [ 77.101135447503253, 24.797139301191688 ], [ 77.101039791660142, 24.797105588412318 ], [ 77.100940804621175, 24.797081167378007 ], [ 77.10083956888657, 24.797066303183847 ], [ 77.100737183877698, 24.797061157217676 ], [ 77.100668225045396, 24.797065855659387 ], [ 77.100599309126082, 24.797071080965349 ], [ 77.10053044504123, 24.797076831407605 ], [ 77.100461634758958, 24.797083107906694 ], [ 77.100392884233059, 24.797089908708852 ], [ 77.100324199398244, 24.797097233866339 ], [ 77.100255584201065, 24.797105084316932 ], [ 77.100187042616824, 24.797113458289594 ], [ 77.100118580608779, 24.797122353127396 ], [ 77.099995056298781, 24.797133119656202 ], [ 77.099871001522843, 24.797135563685355 ], [ 77.099747085273634, 24.79712966942753 ], [ 77.099623978967728, 24.797115472596595 ], [ 77.099502349634434, 24.797093049510401 ], [ 77.099382857917675, 24.79706251887912 ], [ 77.099266149105205, 24.797024048048463 ], [ 77.099152857161471, 24.796977845809206 ], [ 77.099043593854773, 24.796924161399001 ], [ 77.098887751883993, 24.79683548988703 ], [ 77.098733424113775, 24.796744639685926 ], [ 77.09858064494324, 24.796651632778254 ], [ 77.098429451738866, 24.796556491172986 ], [ 77.098279880877413, 24.796459236870326 ], [ 77.098131967727127, 24.796359893667958 ], [ 77.097985744706946, 24.796258483531304 ], [ 77.097841250123309, 24.796155032993575 ], [ 77.097698517383776, 24.796049564028998 ], [ 77.097550609111394, 24.795957331478345 ], [ 77.097398528575923, 24.795870937693458 ], [ 77.09724255109245, 24.795790542231622 ], [ 77.09708296003059, 24.795716291175182 ], [ 77.096920045815963, 24.795648318025975 ], [ 77.09675410589206, 24.795586747317294 ], [ 77.096585441790836, 24.795531690976073 ], [ 77.096414358134226, 24.795483249216971 ], [ 77.096241169558979, 24.795441510603716 ], [ 77.09614366485755, 24.795411305134063 ], [ 77.096045008326755, 24.795384396656971 ], [ 77.095945335141707, 24.795360818875274 ], [ 77.095844778479517, 24.795340607280806 ], [ 77.095743474589881, 24.795323787458468 ], [ 77.095641560730428, 24.795310383196274 ], [ 77.095539176213734, 24.795300411075665 ], [ 77.095436458392655, 24.795293885854981 ], [ 77.095333547654661, 24.795290815997873 ], [ 77.095063902504705, 24.795280637190324 ], [ 77.095462130737744, 24.795600507195932 ], [ 77.096025263517177, 24.795863557077922 ], [ 77.097569777817185, 24.796594630025588 ], [ 77.096287225707073, 24.797725425023362 ], [ 77.09509789048424, 24.797981329442024 ], [ 77.09502417377449, 24.798000908160979 ], [ 77.094033831841145, 24.798263933278754 ], [ 77.092988398208732, 24.798720893768326 ], [ 77.089990665932191, 24.798918619644397 ], [ 77.089418513675341, 24.796804129275209 ], [ 77.086526158022181, 24.795593272544512 ], [ 77.083807228692393, 24.794583614152423 ], [ 77.084220368715549, 24.79350503279078 ], [ 77.084388562176514, 24.793140225542029 ], [ 77.084924105984072, 24.791784977049371 ], [ 77.085467662779479, 24.790457798428353 ], [ 77.086405060286225, 24.79065203839593 ], [ 77.088493340737088, 24.791084731218021 ], [ 77.090469814606323, 24.791670107068747 ], [ 77.092713956458169, 24.792015095497479 ], [ 77.094773925061816, 24.792450141021263 ], [ 77.096314884250731, 24.792839299589495 ], [ 77.097235531374338, 24.79295564678274 ], [ 77.097993204221808, 24.793079190671968 ], [ 77.100429229798905, 24.793359044777194 ], [ 77.101469924734189, 24.793535261181315 ], [ 77.102913159602593, 24.793731248475499 ], [ 77.107161093497851, 24.794264882284711 ], [ 77.107619161633025, 24.794322418116995 ], [ 77.109766973580193, 24.794556636681143 ], [ 77.11260419558981, 24.794991852706321 ], [ 77.113079204199707, 24.795060539509151 ], [ 77.115462941422805, 24.795405201700113 ], [ 77.115621296308817, 24.79623153735573 ], [ 77.116331902392446, 24.796712400390803 ], [ 77.116772123085553, 24.796642482649663 ], [ 77.116877370771817, 24.7966329432785 ], [ 77.116983119946781, 24.796634613240016 ], [ 77.117087944217673, 24.796647471114472 ], [ 77.117190424697867, 24.796671344729397 ], [ 77.117289179682814, 24.796705911417387 ], [ 77.117382874503264, 24.796750701713556 ], [ 77.117470244126523, 24.796805114001195 ], [ 77.117550107042774, 24.796868411019204 ], [ 77.117621386830464, 24.796939739013911 ], [ 77.1177149803313, 24.797077188699706 ], [ 77.117820487641865, 24.797207251242554 ], [ 77.117937213323117, 24.797329066227235 ], [ 77.118064385168935, 24.797441828565006 ], [ 77.11820116599246, 24.797544796725173 ], [ 77.118346651685044, 24.797637289106309 ], [ 77.118499881976248, 24.797718695871193 ], [ 77.118659846341956, 24.797788481708139 ], [ 77.118825488008994, 24.797846181351069 ], [ 77.118913536101985, 24.797874992452574 ], [ 77.118998724178169, 24.797910249580472 ], [ 77.119083122520024, 24.797953328088727 ], [ 77.119158275728324, 24.797999125160533 ], [ 77.119231582769913, 24.79805215465867 ], [ 77.119299918870638, 24.798110455903743 ], [ 77.119362829020275, 24.798173639323664 ], [ 77.119419896098819, 24.798241286774868 ], [ 77.119470743853626, 24.798312950664922 ], [ 77.119562657128029, 24.798397846380716 ], [ 77.119664810653759, 24.798472358187258 ], [ 77.119775799271139, 24.798535464191605 ], [ 77.119894105356664, 24.798586300478149 ], [ 77.120018108604128, 24.79862417203169 ], [ 77.120146109703512, 24.798648559266066 ], [ 77.120276355970418, 24.798659127278075 ], [ 77.120407062058035, 24.798655732349534 ], [ 77.120536439675817, 24.798638418592667 ], [ 77.120680957231343, 24.798607430707328 ], [ 77.120827398054658, 24.798585199771097 ], [ 77.120975125000129, 24.798571823217962 ], [ 77.121123495391075, 24.798567359602213 ], [ 77.121271865984369, 24.798571826835243 ], [ 77.121419592903933, 24.798585208506633 ], [ 77.121566031743299, 24.798607443950935 ], [ 77.121710548362586, 24.798638436468892 ], [ 77.121852514940102, 24.798678052390141 ], [ 77.121949323731755, 24.798735399517504 ], [ 77.122043716321116, 24.798796010341196 ], [ 77.122135559022638, 24.798859801524877 ], [ 77.122224723152542, 24.798926684357028 ], [ 77.122311087026077, 24.798996562961545 ], [ 77.122394526978923, 24.799069341445584 ], [ 77.122474925347277, 24.799144917646188 ], [ 77.122552172417969, 24.79922318585686 ], [ 77.122626158523886, 24.799304035855844 ], [ 77.122807835685919, 24.799439842035323 ], [ 77.122936469575095, 24.79952876514999 ], [ 77.122995033068506, 24.799569251039006 ], [ 77.12318747952979, 24.799692076264602 ], [ 77.123384897875852, 24.799808141895657 ], [ 77.123587002910227, 24.799917280175695 ], [ 77.123793503394012, 24.800019333231138 ], [ 77.124004101065978, 24.80011415216023 ], [ 77.124218491566481, 24.800201603362655 ], [ 77.124436366519376, 24.80028155862372 ], [ 77.124639062356025, 24.8003699432136 ], [ 77.124838640998703, 24.800464050817297 ], [ 77.125034911460148, 24.800563791292625 ], [ 77.125227679839199, 24.800669069054337 ], [ 77.126622728612872, 24.801467254856519 ], [ 77.127297146981604, 24.801833207856706 ], [ 77.127334037707286, 24.801842377315864 ], [ 77.127369596513986, 24.801855201073003 ], [ 77.127403391647547, 24.801871524586531 ], [ 77.127435008647538, 24.80189114740482 ], [ 77.127464066082879, 24.801913832333092 ], [ 77.127490205714636, 24.80193929992949 ], [ 77.127513112113988, 24.801967244930612 ], [ 77.127532504897303, 24.801997321734355 ], [ 77.127548148385728, 24.802029167061121 ], [ 77.127558652648659, 24.802071087621712 ], [ 77.127571289218494, 24.802112515385812 ], [ 77.127586030341121, 24.802153359801199 ], [ 77.127602845285082, 24.802193531193151 ], [ 77.127621694386917, 24.802232942519275 ], [ 77.127642538953666, 24.80227150855173 ], [ 77.127665333376342, 24.802309143099851 ], [ 77.127690026044576, 24.802345766243221 ], [ 77.127716566355673, 24.802381296263579 ], [ 77.128450547457291, 24.802998520116802 ], [ 77.128563281241455, 24.803045814814553 ], [ 77.128678679080934, 24.803087412872816 ], [ 77.12879639597088, 24.803123188489991 ], [ 77.128916079774314, 24.803153035672867 ], [ 77.129037373247684, 24.803176863738344 ], [ 77.129159911997135, 24.803194603617779 ], [ 77.129283329499913, 24.803206200675461 ], [ 77.129407259027431, 24.803211620143724 ], [ 77.129531325730881, 24.803210847055027 ], [ 77.130598311665096, 24.803044003134218 ], [ 77.130730506976505, 24.803043538250478 ], [ 77.130861597559445, 24.803027972522152 ], [ 77.130989522912557, 24.802997547439901 ], [ 77.131112268537819, 24.802952745128461 ], [ 77.131227903761598, 24.802894266995239 ], [ 77.131334609410445, 24.802823036677292 ], [ 77.13143070679196, 24.802740172291397 ], [ 77.131514683493023, 24.802646979429465 ], [ 77.131585215433688, 24.802544923349323 ], [ 77.132101682111951, 24.802137847525287 ], [ 77.132706014179163, 24.802318974179563 ], [ 77.133139220134069, 24.80188897576879 ], [ 77.133991405612193, 24.800579425343344 ], [ 77.135318242900084, 24.800548034318833 ], [ 77.136502816465679, 24.800633180313987 ], [ 77.136654872318061, 24.800640234210224 ], [ 77.139106280879474, 24.800753935423582 ], [ 77.139993773094261, 24.800827179371534 ], [ 77.14052618008364, 24.800880316139278 ], [ 77.140833144647573, 24.800910950948179 ], [ 77.141769766719321, 24.800875156827498 ], [ 77.142674119392424, 24.800871707573616 ], [ 77.145025846059326, 24.801006504971919 ], [ 77.143271235001151, 24.801958529816591 ], [ 77.139453139700933, 24.802619245185358 ], [ 77.139434490891929, 24.802660913439738 ], [ 77.137619125937832, 24.806717135950933 ], [ 77.138082257550622, 24.807508244503271 ], [ 77.142019373586933, 24.814233083815783 ], [ 77.138340338479622, 24.814514272384507 ], [ 77.136573911447485, 24.814007068861418 ], [ 77.135356547102504, 24.813160848251169 ], [ 77.13354536837609, 24.811410047190488 ] ] ], [ [ [ 77.089092435995937, 24.854092147826069 ], [ 77.088760973745252, 24.853705124213199 ], [ 77.085580194153664, 24.854822048511615 ], [ 77.085675150236881, 24.855655052038284 ], [ 77.087303783971208, 24.855648205967579 ], [ 77.087610088672051, 24.858066710899937 ], [ 77.090744629996394, 24.857874677557508 ], [ 77.090605465434805, 24.855773785688125 ], [ 77.091281947687733, 24.855321136964694 ], [ 77.090382419570659, 24.853835386687425 ], [ 77.089965551519697, 24.853496584805018 ], [ 77.089664061772609, 24.85385655623713 ], [ 77.089092435995937, 24.854092147826069 ] ] ], [ [ [ 77.148066347263381, 24.954520290521948 ], [ 77.148062079985067, 24.953938442978671 ], [ 77.148056171023939, 24.953133020424449 ], [ 77.147851626003828, 24.951167111179512 ], [ 77.147739412531962, 24.946431348121298 ], [ 77.147658331177155, 24.943009480568989 ], [ 77.147830389477804, 24.941757742943174 ], [ 77.151624632635773, 24.938843336108196 ], [ 77.153547419947841, 24.937366327372128 ], [ 77.154282529609191, 24.936600599556943 ], [ 77.152161411266903, 24.93289098168507 ], [ 77.151199407506283, 24.931127964058209 ], [ 77.149671961092309, 24.928444145571657 ], [ 77.146852717457563, 24.927822085383575 ], [ 77.146445229672324, 24.925241083722458 ], [ 77.14647494152652, 24.924288854468699 ], [ 77.14679079242002, 24.923997445831809 ], [ 77.148482695125978, 24.923897164802952 ], [ 77.149696220579287, 24.923825227706036 ], [ 77.151418853934672, 24.923905919612526 ], [ 77.152541235138131, 24.9217094003074 ], [ 77.154462568915818, 24.920847643417616 ], [ 77.155402289378571, 24.920774546084175 ], [ 77.155917837112455, 24.920912709061756 ], [ 77.15763219626723, 24.9217191213638 ], [ 77.158539480994861, 24.921078842050989 ], [ 77.160023887406396, 24.920407425957634 ], [ 77.161621670518045, 24.919899089609668 ], [ 77.163282016036945, 24.919797868770413 ], [ 77.164611180008194, 24.919629052321305 ], [ 77.166355551454956, 24.919192137222336 ], [ 77.166320053202313, 24.920019752662348 ], [ 77.166220094404267, 24.922350117955592 ], [ 77.167033468159559, 24.922164254692319 ], [ 77.16896516763336, 24.920871953853975 ], [ 77.171184136361973, 24.918886813496311 ], [ 77.171762321257958, 24.917886777460492 ], [ 77.174369425674755, 24.918964138195779 ], [ 77.175347783467146, 24.917936742116083 ], [ 77.175822898911491, 24.917377430934746 ], [ 77.175869013081766, 24.916676075544611 ], [ 77.175944840521751, 24.914935161926795 ], [ 77.176030881792428, 24.91268567200666 ], [ 77.172027099658308, 24.912190312506763 ], [ 77.167050628489875, 24.911476094504014 ], [ 77.164933843919243, 24.910158906677648 ], [ 77.160921182235811, 24.907814296075845 ], [ 77.160128293509231, 24.907353879486759 ], [ 77.157193269259707, 24.905649500724813 ], [ 77.153429963646047, 24.903879157843221 ], [ 77.152047759249882, 24.901903790742747 ], [ 77.151673515442283, 24.901310838185822 ], [ 77.150851272935597, 24.898848530265834 ], [ 77.147200891516974, 24.899748029341499 ], [ 77.144104380688191, 24.900204568162859 ], [ 77.142644885299305, 24.90019541423602 ], [ 77.1413712121592, 24.900187414776195 ], [ 77.138192527849824, 24.899896566995018 ], [ 77.136707415659558, 24.899657698883249 ], [ 77.135378363520275, 24.899696436 ], [ 77.13154998289491, 24.900691507910221 ], [ 77.129206429496492, 24.901300586345094 ], [ 77.127748136595372, 24.901660091242491 ], [ 77.126204096127978, 24.902040715015872 ], [ 77.125863855082173, 24.902144651012634 ], [ 77.123544305249993, 24.903055582553556 ], [ 77.122059478949112, 24.903769866330958 ], [ 77.122509625255731, 24.904957102597475 ], [ 77.12362939903565, 24.907135765013173 ], [ 77.125786801845337, 24.91184014580692 ], [ 77.127615175949586, 24.912273223242188 ], [ 77.128688354266117, 24.912527409555569 ], [ 77.131070622861287, 24.91305642285597 ], [ 77.132454505163395, 24.913505857006903 ], [ 77.133395382481723, 24.914128833809031 ], [ 77.134546330158315, 24.914517120125822 ], [ 77.136003526076621, 24.914542058461926 ], [ 77.137766799230448, 24.914699087565467 ], [ 77.138985692574508, 24.914792309029831 ], [ 77.139304570296062, 24.916573319314871 ], [ 77.139750215386101, 24.918797103511839 ], [ 77.140039473996168, 24.921214479899273 ], [ 77.140196690332985, 24.922528330278524 ], [ 77.140944223615662, 24.927084980440913 ], [ 77.140573417711082, 24.927917184850557 ], [ 77.137588956981887, 24.929223991184276 ], [ 77.133696459311082, 24.93040889765544 ], [ 77.133502531376394, 24.930330602763494 ], [ 77.132008067280495, 24.929727228572986 ], [ 77.130421640983229, 24.929404290418002 ], [ 77.127823821016776, 24.929148815042865 ], [ 77.125581583032101, 24.929285356491686 ], [ 77.124912321953687, 24.929287659501799 ], [ 77.122402859728496, 24.929251643037478 ], [ 77.121915686053129, 24.930230455278785 ], [ 77.122367890286682, 24.931839692016606 ], [ 77.122502600345484, 24.933165834801958 ], [ 77.122115586304204, 24.933437565899077 ], [ 77.119732105684406, 24.933309990474271 ], [ 77.121447017441128, 24.935055874857273 ], [ 77.122161743415887, 24.935783490127903 ], [ 77.121590694514268, 24.935807022404855 ], [ 77.119374289880739, 24.935833220788727 ], [ 77.119587228331525, 24.939985023403672 ], [ 77.121415108495555, 24.941564270740507 ], [ 77.122733499694405, 24.942703294362104 ], [ 77.123831990434482, 24.943863009064955 ], [ 77.125315925760333, 24.94532530620566 ], [ 77.125475309754449, 24.945464639265868 ], [ 77.127833767088745, 24.947526356176148 ], [ 77.128304486714626, 24.949138112043425 ], [ 77.128540981728221, 24.950481726709238 ], [ 77.128165372587873, 24.950953047913849 ], [ 77.127921422168811, 24.951288611398986 ], [ 77.128801304836713, 24.952580095696934 ], [ 77.129009937928828, 24.95371356358465 ], [ 77.128880002750449, 24.955598684142689 ], [ 77.126299089086601, 24.957127820186585 ], [ 77.124069913826034, 24.958447368650589 ], [ 77.12352041183722, 24.959030372150668 ], [ 77.12244855842863, 24.959374081233385 ], [ 77.122304288324884, 24.959414782916358 ], [ 77.12215792639995, 24.959448710137274 ], [ 77.122009851034676, 24.959475774966695 ], [ 77.12186045431821, 24.95949590494855 ], [ 77.121710123170644, 24.959509048354896 ], [ 77.121559251257665, 24.95951517158003 ], [ 77.12140823404674, 24.959514258194623 ], [ 77.121257465835313, 24.959506308919661 ], [ 77.121107338693562, 24.959491347939139 ], [ 77.120913111305242, 24.959434232647986 ], [ 77.120716856999138, 24.959383194528638 ], [ 77.120518805954177, 24.959338292471386 ], [ 77.12031918938564, 24.959299580861266 ], [ 77.120118239630699, 24.95926710145055 ], [ 77.119916190997003, 24.959240896913229 ], [ 77.11971327995235, 24.959220992783994 ], [ 77.119509740982522, 24.959207414581659 ], [ 77.119305811648644, 24.95920017791892 ], [ 77.119147711099004, 24.959228055656538 ], [ 77.118991235288249, 24.959262722476936 ], [ 77.118836733729736, 24.95930409924787 ], [ 77.118684550127426, 24.959352094144389 ], [ 77.118535029357432, 24.959406598194104 ], [ 77.118388504534181, 24.959467490583066 ], [ 77.118245303982206, 24.959534635103957 ], [ 77.118105748274544, 24.959607879227146 ], [ 77.117970150166329, 24.959687060421487 ], [ 77.117789297393742, 24.959773746225633 ], [ 77.117607958966602, 24.959859581355218 ], [ 77.117426137859482, 24.959944565834441 ], [ 77.117243840037673, 24.960028697907525 ], [ 77.117061071485452, 24.96011197401273 ], [ 77.116877834205894, 24.960194392359597 ], [ 77.116694135136072, 24.960275953007159 ], [ 77.116509978307661, 24.960356649667222 ], [ 77.116325369657758, 24.960436483293215 ], [ 77.116104219613362, 24.960497440552093 ], [ 77.115885594648063, 24.960565551346814 ], [ 77.115669774025918, 24.960640727816799 ], [ 77.115457033117252, 24.960722875747045 ], [ 77.1152476404841, 24.960811889124276 ], [ 77.115041866729243, 24.960907656535756 ], [ 77.114962959671729, 24.960947676907509 ], [ 77.114839969703979, 24.961010054718258 ], [ 77.114642209329219, 24.96111895229976 ], [ 77.114448835670558, 24.961234213307996 ], [ 77.114344656058449, 24.961285843887023 ], [ 77.114231115880145, 24.961317020301017 ], [ 77.114112986136405, 24.961326433221082 ], [ 77.113995234287316, 24.961313686283127 ], [ 77.113882809056776, 24.961279315880777 ], [ 77.113780435618708, 24.961224765891156 ], [ 77.113692418071267, 24.961152329047493 ], [ 77.113622454201902, 24.961065050487157 ], [ 77.113573486250615, 24.960966600005484 ], [ 77.113539241577982, 24.960839642742688 ], [ 77.113517825606522, 24.960710371100085 ], [ 77.11350941622652, 24.960579856816647 ], [ 77.113514084164748, 24.960449187849051 ], [ 77.113531789223828, 24.960319449373735 ], [ 77.113562383293484, 24.9601917202008 ], [ 77.113605615400218, 24.96006706378758 ], [ 77.113661122936279, 24.959946514615577 ], [ 77.113728446529123, 24.959831077417949 ], [ 77.113788563487589, 24.9597125833428 ], [ 77.113861222282694, 24.959600080878577 ], [ 77.113945713904968, 24.959494669203142 ], [ 77.114041211181373, 24.959397380533243 ], [ 77.114146780824399, 24.959309164878054 ], [ 77.114261392404003, 24.959230884699821 ], [ 77.114383921433202, 24.959163304104948 ], [ 77.114513172169111, 24.959107087237708 ], [ 77.114647881754635, 24.959062781158661 ], [ 77.114742277225588, 24.959051783010029 ], [ 77.114833646979747, 24.959027531485813 ], [ 77.114919765735834, 24.958990616733857 ], [ 77.114998534752814, 24.958941937068438 ], [ 77.115068038512248, 24.95888267869341 ], [ 77.115126583674467, 24.958814285334913 ], [ 77.115172744052884, 24.958738420703209 ], [ 77.115205395652879, 24.958656933575803 ], [ 77.11522374297509, 24.958571805645931 ], [ 77.115206143190861, 24.958499458576103 ], [ 77.115175462496154, 24.9584308335711 ], [ 77.115132573950106, 24.958367881734628 ], [ 77.115078695072526, 24.958312391910418 ], [ 77.115015357647906, 24.958265941652307 ], [ 77.11494436066279, 24.958229850755909 ], [ 77.114867723158966, 24.958205142917755 ], [ 77.114787623058504, 24.9581925226246 ], [ 77.114706335037354, 24.95819234842077 ], [ 77.114578630860407, 24.958181417863294 ], [ 77.114450977264681, 24.958170013509594 ], [ 77.114323375251615, 24.958158134465389 ], [ 77.114195827775319, 24.958145782562895 ], [ 77.114068336846813, 24.958132955110642 ], [ 77.113940903420087, 24.958119655729529 ], [ 77.113813531487224, 24.95810588174535 ], [ 77.113686222011751, 24.958091635876158 ], [ 77.113558977004587, 24.958076915430308 ], [ 77.113389313373574, 24.958049170268843 ], [ 77.11322134813166, 24.958013866351674 ], [ 77.113055486584727, 24.957971087609476 ], [ 77.112892127893744, 24.957920936886119 ], [ 77.112731669027042, 24.957863536875912 ], [ 77.112574491940208, 24.957799024593012 ], [ 77.112420980357754, 24.957727556936639 ], [ 77.112271501009758, 24.957649305107868 ], [ 77.112126416470687, 24.957564458334744 ], [ 77.111770228516605, 24.957446050271109 ], [ 77.111798293635474, 24.95735081644283 ], [ 77.111823395011172, 24.957254899179688 ], [ 77.111845516011286, 24.957158373295229 ], [ 77.111864634041339, 24.957061315356849 ], [ 77.111880738364945, 24.956963804744994 ], [ 77.111893814321832, 24.956865917193117 ], [ 77.111903851166417, 24.956767732984314 ], [ 77.111910841172431, 24.956669327912437 ], [ 77.111914779518742, 24.956570784118313 ], [ 77.111919498986552, 24.956512224863694 ], [ 77.111934887067846, 24.956455207652724 ], [ 77.111960511762931, 24.956401337125111 ], [ 77.111995649792107, 24.956352127765996 ], [ 77.112039314750675, 24.956308964416859 ], [ 77.112090279339327, 24.956273060928268 ], [ 77.112147107422913, 24.95624542612407 ], [ 77.112208202841856, 24.956226838039271 ], [ 77.11227184630809, 24.956217820763872 ], [ 77.112359795698296, 24.956225253237424 ], [ 77.112445993804371, 24.956242827533362 ], [ 77.112529037974454, 24.956270256829164 ], [ 77.112607579735126, 24.956307094929898 ], [ 77.112680342534347, 24.956352744551303 ], [ 77.112746142484369, 24.956406462919372 ], [ 77.112803910981668, 24.956467377320209 ], [ 77.112852707450699, 24.956534497854452 ], [ 77.112891740993135, 24.956606731172521 ], [ 77.112906493627889, 24.956678466539408 ], [ 77.112926685607007, 24.956749092645708 ], [ 77.112952218519169, 24.956818266351483 ], [ 77.112982968112547, 24.956885652418176 ], [ 77.113018788247587, 24.95695092444609 ], [ 77.113059501972216, 24.957013765699596 ], [ 77.113104914351212, 24.957073873734924 ], [ 77.113154803608353, 24.957130954904255 ], [ 77.113208927974355, 24.957184732543482 ], [ 77.1132627963418, 24.957207981199939 ], [ 77.113320281181274, 24.957222325272806 ], [ 77.1133796277431, 24.957227325845537 ], [ 77.113439022762407, 24.957222832485265 ], [ 77.113496652950346, 24.957208979239685 ], [ 77.113550757418821, 24.957186192320314 ], [ 77.113599683418698, 24.957155165303043 ], [ 77.113641937982223, 24.957116846935985 ], [ 77.113676228887968, 24.957072408082063 ], [ 77.113828002818749, 24.956910107876542 ], [ 77.113981111604858, 24.95674885323071 ], [ 77.114135548197638, 24.956588654916164 ], [ 77.114291303605484, 24.956429520074952 ], [ 77.11444836780835, 24.956271459452626 ], [ 77.114606731805523, 24.956114481094311 ], [ 77.114766388577394, 24.955958593062498 ], [ 77.114927328104415, 24.955803806102708 ], [ 77.115089539414726, 24.955650127339872 ], [ 77.115213050138308, 24.955557098671175 ], [ 77.115338211376155, 24.955465923035927 ], [ 77.115464993139653, 24.955376626358131 ], [ 77.115593359516268, 24.955289232703851 ], [ 77.115723275603358, 24.955203764341864 ], [ 77.115854709460663, 24.955120244470088 ], [ 77.115987622233575, 24.955038694419777 ], [ 77.116121980982498, 24.954959138283392 ], [ 77.11625774786296, 24.954881595595083 ], [ 77.116374592772686, 24.954763984784364 ], [ 77.116495916376437, 24.954650206012261 ], [ 77.116621569559953, 24.954540403366302 ], [ 77.116751396362545, 24.954434712746448 ], [ 77.116885232958268, 24.954333264565708 ], [ 77.117022914560934, 24.954236186519633 ], [ 77.117164269519108, 24.954143599922585 ], [ 77.117309120325274, 24.954055617910264 ], [ 77.117457287492797, 24.953972353601603 ], [ 77.11761420848029, 24.95378609767458 ], [ 77.117654142246067, 24.953678619689974 ], [ 77.117695738569225, 24.953571670057794 ], [ 77.117738994285048, 24.953465266811033 ], [ 77.117783895285982, 24.953359432402813 ], [ 77.117830436379137, 24.953254189363811 ], [ 77.117878608447583, 24.953149556578204 ], [ 77.117928399346241, 24.953045558322252 ], [ 77.117979801977313, 24.952942209885155 ], [ 77.118032803195916, 24.952839536437519 ], [ 77.118074102566112, 24.952786709913546 ], [ 77.118120609990669, 24.95273761074402 ], [ 77.118171923738444, 24.952692668009437 ], [ 77.118227597943587, 24.952652268862884 ], [ 77.11828715146315, 24.952616764025937 ], [ 77.118350067952704, 24.952586460564753 ], [ 77.118415802809167, 24.952561621047803 ], [ 77.11848378517999, 24.952542460853927 ], [ 77.118553427877316, 24.952529147356081 ], [ 77.118621730963994, 24.952480057352613 ], [ 77.118690416625753, 24.952431414977685 ], [ 77.11875948189136, 24.952383220205068 ], [ 77.118828920789795, 24.952335475691406 ], [ 77.118898733293008, 24.952288184145342 ], [ 77.11896891343001, 24.952241348223659 ], [ 77.119039459191839, 24.952194970617636 ], [ 77.119110365616848, 24.952149052186645 ], [ 77.119181630686697, 24.952103596525063 ], [ 77.119312124824887, 24.952040492558783 ], [ 77.119437757752465, 24.951969660703028 ], [ 77.119557978423757, 24.95189140954847 ], [ 77.119672259191134, 24.951806084015232 ], [ 77.119780105795257, 24.951714057311406 ], [ 77.119881040536328, 24.951615729883361 ], [ 77.119974624008321, 24.951511535023105 ], [ 77.120060445326487, 24.951401926139489 ], [ 77.120138130965913, 24.9512873840598 ], [ 77.120341722113466, 24.951110928907649 ], [ 77.120354095258193, 24.951051916534535 ], [ 77.120372906039222, 24.950994337421974 ], [ 77.120397966118546, 24.950938770625712 ], [ 77.120429021938321, 24.950885780183622 ], [ 77.120465757844187, 24.950835900693246 ], [ 77.120507803009275, 24.950789638275673 ], [ 77.12055473253848, 24.950747459747546 ], [ 77.120606071449274, 24.950709790850173 ], [ 77.12066130062415, 24.950677015398323 ], [ 77.120807782897998, 24.950657404581968 ], [ 77.120955254654803, 24.950645466892929 ], [ 77.121103234061863, 24.950641244196817 ], [ 77.121251236636681, 24.95064474763241 ], [ 77.121398777104517, 24.950655969368224 ], [ 77.121545370520749, 24.950674869968754 ], [ 77.121690537128458, 24.950701387467994 ], [ 77.121833803357873, 24.950735436474488 ], [ 77.121974694939709, 24.950776903596214 ], [ 77.122138779238938, 24.950802253011723 ], [ 77.122304645305292, 24.95081465634123 ], [ 77.12247106671785, 24.950814021641722 ], [ 77.122636814053735, 24.950800354485047 ], [ 77.122800658890043, 24.950773754380208 ], [ 77.122961392577565, 24.9507344194521 ], [ 77.123117825318531, 24.95068264011142 ], [ 77.12326880003495, 24.95061879917467 ], [ 77.123413199332106, 24.950543369214717 ], [ 77.123493881899364, 24.950481834769747 ], [ 77.12357309486579, 24.950418735078951 ], [ 77.123650800337131, 24.950354094199575 ], [ 77.123726963277733, 24.950287947051031 ], [ 77.123801548727712, 24.950220321328519 ], [ 77.123874522670747, 24.950151249251 ], [ 77.123945849119167, 24.950080762117214 ], [ 77.124015496028804, 24.950008893066503 ], [ 77.12408343333658, 24.949935675255173 ], [ 77.124095206874728, 24.949858385629572 ], [ 77.124098686453877, 24.949780418950251 ], [ 77.124093839615981, 24.949702513678396 ], [ 77.124080713179595, 24.949625405349444 ], [ 77.124059430277001, 24.949549825644151 ], [ 77.124030194456836, 24.94947648887759 ], [ 77.123993278826049, 24.949406088292811 ], [ 77.123949035010511, 24.949339291623055 ], [ 77.123897883353507, 24.949276731072949 ], [ 77.123842807160372, 24.94920316098084 ], [ 77.123788581445083, 24.949129068127231 ], [ 77.123735215054921, 24.949054458911561 ], [ 77.123682710856698, 24.94897934329374 ], [ 77.12363107372633, 24.948903728541865 ], [ 77.123580311492248, 24.948827623755822 ], [ 77.123530430020807, 24.948751036212155 ], [ 77.123481433168934, 24.948673975879505 ], [ 77.123433326812361, 24.948596449131383 ], [ 77.123407672571147, 24.94856568422091 ], [ 77.123386902639552, 24.948531995906524 ], [ 77.123371411507165, 24.948496024305694 ], [ 77.123361491200157, 24.948458451092211 ], [ 77.123357333338021, 24.948419992288585 ], [ 77.1233590145129, 24.948381375561468 ], [ 77.123366504251294, 24.94834333667858 ], [ 77.123379660279554, 24.948306598695815 ], [ 77.123398232608579, 24.948271860252614 ], [ 77.123495954028101, 24.948125555373956 ], [ 77.123522625721606, 24.948137994212875 ], [ 77.12354929643017, 24.948150433038542 ], [ 77.123575968134716, 24.948162871868284 ], [ 77.123602639854226, 24.948175309790376 ], [ 77.12362931056991, 24.948187749505411 ], [ 77.123655982300505, 24.948200187418379 ], [ 77.123682654027164, 24.948212626229765 ], [ 77.12370932477836, 24.948225064124987 ], [ 77.123745935269312, 24.948229111719193 ], [ 77.123782488851703, 24.94822466418108 ], [ 77.123816653722869, 24.948212007426402 ], [ 77.123846250145533, 24.94819194797974 ], [ 77.123869387625007, 24.94816576720245 ], [ 77.123884589633249, 24.948135134773111 ], [ 77.123890886787891, 24.948102007443669 ], [ 77.12388787865541, 24.948068496818241 ], [ 77.123875753878323, 24.948036743995562 ], [ 77.123807563387956, 24.947911831307287 ], [ 77.123738770883804, 24.947787192425338 ], [ 77.123669380300868, 24.947662830092405 ], [ 77.123599389631366, 24.947538746999594 ], [ 77.123528801819788, 24.947414945881007 ], [ 77.123457618820183, 24.947291429462116 ], [ 77.12338583964349, 24.947168197733593 ], [ 77.123313468196258, 24.947045256147163 ], [ 77.123240505479743, 24.946922603807529 ], [ 77.123165034721595, 24.946856858848854 ], [ 77.123090895496006, 24.946789866484277 ], [ 77.123018112347324, 24.946721647700286 ], [ 77.122946708782152, 24.946652227990032 ], [ 77.122876709344524, 24.946581628340009 ], [ 77.122808139530989, 24.946509873357595 ], [ 77.122741019885595, 24.946436987607008 ], [ 77.122675372942624, 24.946362994766762 ], [ 77.122611222217103, 24.946287919426766 ], [ 77.122151874962839, 24.94573269712378 ], [ 77.121621157587342, 24.945377721342172 ], [ 77.119437132934138, 24.945115468883756 ], [ 77.116136254909804, 24.944622559277107 ], [ 77.113826433940901, 24.944221280650403 ], [ 77.113139513883127, 24.942802253072824 ], [ 77.112146677247736, 24.940534230557297 ], [ 77.111547615555168, 24.93945946618328 ], [ 77.108158912553534, 24.940311944814159 ], [ 77.106361223391431, 24.941062894014479 ], [ 77.105092291132422, 24.940029184282022 ], [ 77.104124457788373, 24.939058315091525 ], [ 77.104243702615435, 24.936906093258361 ], [ 77.10307501552586, 24.935747192576567 ], [ 77.101002312061269, 24.934061107732958 ], [ 77.099737495672784, 24.9327424144487 ], [ 77.098278046540983, 24.933531510783009 ], [ 77.095864377967118, 24.934578457504919 ], [ 77.092865536742536, 24.934155321695282 ], [ 77.087947161289051, 24.935098491245139 ], [ 77.087696484492312, 24.935277398027857 ], [ 77.084844311792324, 24.937312900721516 ], [ 77.083917751651597, 24.9379233768585 ], [ 77.083575206646771, 24.939957892302701 ], [ 77.08285587290267, 24.940277540244285 ], [ 77.081205612585904, 24.940599432391767 ], [ 77.080053442094709, 24.940686046776218 ], [ 77.077904698777203, 24.940446492549658 ], [ 77.076102741132985, 24.941575995971469 ], [ 77.074914722253283, 24.94209765675815 ], [ 77.07364628464606, 24.945555392112396 ], [ 77.073317989793267, 24.946322259108992 ], [ 77.072705498833912, 24.947488877938603 ], [ 77.070915163419116, 24.947386508152732 ], [ 77.069867531094701, 24.947456956016094 ], [ 77.068603028468743, 24.948080060568721 ], [ 77.067539420928028, 24.948769156446946 ], [ 77.064316364706059, 24.95042458882644 ], [ 77.062130992530555, 24.947485959859506 ], [ 77.060538896443077, 24.947611422279049 ], [ 77.058901805515461, 24.94779920972185 ], [ 77.058495923808664, 24.944816898089076 ], [ 77.058256079994393, 24.943054528899996 ], [ 77.057905157694961, 24.939667870237908 ], [ 77.055242279806222, 24.939677719818487 ], [ 77.055107166228751, 24.939624814786814 ], [ 77.054983426918355, 24.939572852556577 ], [ 77.054043403170169, 24.939537947302366 ], [ 77.053880818013482, 24.93950228464389 ], [ 77.053716729725267, 24.939472895387308 ], [ 77.053551429895663, 24.939449831864611 ], [ 77.053385210233174, 24.939433135572912 ], [ 77.053218368546695, 24.939422833616899 ], [ 77.05305119775231, 24.939418947639361 ], [ 77.052883997907088, 24.93942148038467 ], [ 77.052717060194396, 24.939430430904878 ], [ 77.05255068589031, 24.939445781187281 ], [ 77.052417518723558, 24.939458290765973 ], [ 77.052286476608131, 24.939483253448472 ], [ 77.052158955023742, 24.939520404769482 ], [ 77.052036317224008, 24.939569349024762 ], [ 77.051919867468342, 24.939629561735114 ], [ 77.051810847923207, 24.939700401357321 ], [ 77.051710421767112, 24.939781114547309 ], [ 77.051619660266809, 24.939870840556242 ], [ 77.051539528793214, 24.939968621938586 ], [ 77.051454462873949, 24.940040499846095 ], [ 77.051361555739874, 24.940103796020786 ], [ 77.05126184529631, 24.940157802905311 ], [ 77.051156442579185, 24.940201918373077 ], [ 77.051046523781622, 24.940235650171317 ], [ 77.050933315336962, 24.94025862120349 ], [ 77.050818081943518, 24.940270577547807 ], [ 77.050702107815297, 24.940271381963882 ], [ 77.050586686617265, 24.940261028250173 ], [ 77.05049194484036, 24.940264487190586 ], [ 77.050397320756247, 24.940270026968388 ], [ 77.050302872812523, 24.940277646313429 ], [ 77.050208652563811, 24.940287340280197 ], [ 77.050114716526735, 24.940299103065719 ], [ 77.050021117266382, 24.940312927927675 ], [ 77.049927913300138, 24.94032880727557 ], [ 77.04983515525231, 24.940346730737289 ], [ 77.049742898689331, 24.940366688889245 ], [ 77.049680943703677, 24.940411609174149 ], [ 77.049619440598178, 24.940457043823855 ], [ 77.049558396344977, 24.940502989290522 ], [ 77.049497814975069, 24.940549439290052 ], [ 77.049437700449687, 24.940596393859359 ], [ 77.049378058810547, 24.940643844023427 ], [ 77.049318894999345, 24.9406917907314 ], [ 77.049260213047191, 24.940740227699095 ], [ 77.049202018936114, 24.94078915136966 ], [ 77.049115824637866, 24.940813151901907 ], [ 77.049026511176322, 24.940824154467165 ], [ 77.048936422262798, 24.94082187171847 ], [ 77.048847917588276, 24.940806363248008 ], [ 77.04876331834852, 24.940778035086794 ], [ 77.048684841965311, 24.940737630976653 ], [ 77.04861454488065, 24.940686210170043 ], [ 77.048554270374225, 24.940625118953346 ], [ 77.048505597391767, 24.940555960373594 ], [ 77.048432550661261, 24.940494878261021 ], [ 77.048351822388625, 24.940442444006646 ], [ 77.048264639901376, 24.940399452752391 ], [ 77.048172322240561, 24.940366555989769 ], [ 77.048076272338548, 24.940344252457926 ], [ 77.047977944417738, 24.940332880620058 ], [ 77.047878827235635, 24.940332611285431 ], [ 77.047780427220474, 24.940343450163866 ], [ 77.047684232859439, 24.940365233926496 ], [ 77.047573252649215, 24.940362728611444 ], [ 77.047462266072117, 24.940365011340141 ], [ 77.047351523780691, 24.940372075384818 ], [ 77.047241269594792, 24.940383904924616 ], [ 77.047131753366557, 24.94040047606731 ], [ 77.047023219195893, 24.940421747709511 ], [ 77.046915909232297, 24.940447676021535 ], [ 77.046810062834496, 24.94047820089294 ], [ 77.04670591845148, 24.940513254981063 ], [ 77.04659401853695, 24.940529953717405 ], [ 77.046480998820741, 24.940538283972369 ], [ 77.046367609741964, 24.940538189429535 ], [ 77.046254607062835, 24.940529669815447 ], [ 77.046142740933689, 24.940512784411055 ], [ 77.046032755992329, 24.940487643021967 ], [ 77.04592538334019, 24.940454414935267 ], [ 77.045821337670588, 24.940413319861811 ], [ 77.045721311285732, 24.940364631493669 ], [ 77.045668679537599, 24.940336328427943 ], [ 77.0456130053674, 24.940313367120513 ], [ 77.045554942530998, 24.940296011867634 ], [ 77.045495164259478, 24.940284467541563 ], [ 77.045434369331815, 24.940278867906692 ], [ 77.045373267179599, 24.940279279094668 ], [ 77.045312570014673, 24.940285695016694 ], [ 77.045252984856532, 24.940298041805629 ], [ 77.045195208620996, 24.940316174158358 ], [ 77.045017753581632, 24.94036063432528 ], [ 77.044869125043249, 24.940721085244093 ], [ 77.044744005312879, 24.94102452004114 ], [ 77.047133838134158, 24.941542008416878 ], [ 77.047558676930834, 24.941613186847643 ], [ 77.048940097669444, 24.941844621199404 ], [ 77.049283405865168, 24.942195678079774 ], [ 77.051967590064052, 24.9447576459118 ], [ 77.054624421560504, 24.9472933596772 ], [ 77.057205762553252, 24.949812142028165 ], [ 77.060406612984707, 24.952909702803762 ], [ 77.062675721055982, 24.95510545692423 ], [ 77.062992927678295, 24.955412399873239 ], [ 77.063783281398884, 24.956177172264468 ], [ 77.063739692181784, 24.957032364225949 ], [ 77.062893519868965, 24.959354326921421 ], [ 77.062766514111274, 24.96100082615375 ], [ 77.064116790208445, 24.960897420048703 ], [ 77.065517422992116, 24.96115449707624 ], [ 77.066894857433724, 24.961348599429787 ], [ 77.069129093119656, 24.960809935184326 ], [ 77.070723579724657, 24.957544004079136 ], [ 77.071555883813005, 24.957533894729497 ], [ 77.073222466503495, 24.957599549708686 ], [ 77.073269000241339, 24.955986983695745 ], [ 77.074544905214012, 24.955351819810353 ], [ 77.074705090436865, 24.955749898136705 ], [ 77.075113432212547, 24.957357750337081 ], [ 77.075215780846435, 24.957802267165992 ], [ 77.075493381258781, 24.959867274740638 ], [ 77.076358716815662, 24.961405421688184 ], [ 77.0772496770212, 24.961342924040277 ], [ 77.07843630644939, 24.961679716203538 ], [ 77.078949043616205, 24.961693138494194 ], [ 77.081019789272361, 24.962092859800197 ], [ 77.081732590072036, 24.962398932556496 ], [ 77.082581415926782, 24.963552378558724 ], [ 77.083245289434046, 24.963136921563319 ], [ 77.084758282422044, 24.964682230536329 ], [ 77.086542698638908, 24.966750618845673 ], [ 77.086682017561557, 24.966912102622221 ], [ 77.088165342390354, 24.968667029896292 ], [ 77.085791582846369, 24.96984992841471 ], [ 77.085587200081193, 24.969951773837469 ], [ 77.08228792723537, 24.971418916461285 ], [ 77.080626256608454, 24.972113760675079 ], [ 77.08015286839084, 24.97231170861911 ], [ 77.079671046504643, 24.971133545929391 ], [ 77.078909019441639, 24.969270179698476 ], [ 77.078591511504527, 24.968931800424407 ], [ 77.074531118221088, 24.967488431523602 ], [ 77.071489968977019, 24.966606743514831 ], [ 77.069961731304957, 24.966163649892248 ], [ 77.067307676650927, 24.970863498203634 ], [ 77.064450628731322, 24.970447692803464 ], [ 77.064000699179644, 24.970443176236095 ], [ 77.061645810781897, 24.970460060910479 ], [ 77.059043682870509, 24.970886974649499 ], [ 77.059211899490265, 24.972511506958021 ], [ 77.059768453212683, 24.974170223976117 ], [ 77.060529160186533, 24.975168144749354 ], [ 77.061977587031606, 24.976501869327542 ], [ 77.06309213844753, 24.977793303473408 ], [ 77.063824507732264, 24.978641883198318 ], [ 77.064007718246913, 24.978864988802925 ], [ 77.065281261327783, 24.980415830164723 ], [ 77.065696688741127, 24.982079607839882 ], [ 77.065707709178753, 24.985797663361584 ], [ 77.065962722455069, 24.986371020025814 ], [ 77.066850389510194, 24.987079906227248 ], [ 77.067414814253084, 24.987530646094882 ], [ 77.068151462759417, 24.988084348380621 ], [ 77.068295951165581, 24.98819295305448 ], [ 77.069060958004471, 24.988723339198 ], [ 77.070424865842, 24.989643622563417 ], [ 77.071501463472671, 24.990355265524361 ], [ 77.072850945710229, 24.993906498007469 ], [ 77.073147506737655, 24.995054110913049 ], [ 77.073331819016275, 24.995767341008385 ], [ 77.073780148824625, 24.997502208347534 ], [ 77.074041840028954, 24.998087333818791 ], [ 77.074560215165192, 24.999246375213833 ], [ 77.074885267903255, 24.999973157184368 ], [ 77.074977470918711, 25.000157840921307 ], [ 77.074594438095204, 25.001724342083307 ], [ 77.074483330378655, 25.002074840066463 ], [ 77.073009748948891, 25.006723158008857 ], [ 77.072855587680692, 25.007217627594574 ], [ 77.072680294101801, 25.00777987331475 ], [ 77.072245951293326, 25.009172979846845 ], [ 77.071988164458872, 25.010320350738187 ], [ 77.071880091532108, 25.01080136145335 ], [ 77.07183359792748, 25.012000861425712 ], [ 77.071802540262368, 25.012802103577222 ], [ 77.075239797086098, 25.013380672066759 ], [ 77.077920296749483, 25.012517347236006 ], [ 77.081890602580117, 25.016377517563217 ], [ 77.083274795531196, 25.01809248768614 ], [ 77.082579602816367, 25.019389346823811 ], [ 77.081198974818406, 25.020889622796563 ], [ 77.079259384220705, 25.021672453029137 ], [ 77.077457811354392, 25.022138285768939 ], [ 77.077321811531931, 25.022228165734209 ], [ 77.075390836018585, 25.023506726223218 ], [ 77.074211968788759, 25.024661737006458 ], [ 77.071749254802256, 25.027099447796889 ], [ 77.070394670651851, 25.028440219210939 ], [ 77.069779431895554, 25.029049169942798 ], [ 77.069759116530051, 25.030912987587143 ], [ 77.069735851731096, 25.031441492522259 ], [ 77.069595306377096, 25.034634154930707 ], [ 77.069543072396627, 25.03582065809147 ], [ 77.069539828736239, 25.038462103179963 ], [ 77.069538848189893, 25.039260146334644 ], [ 77.069533664545347, 25.043477094699305 ], [ 77.070260252455682, 25.043794895650034 ], [ 77.072780399369194, 25.044897136288679 ], [ 77.076225613621716, 25.046847429051102 ], [ 77.078240719722757, 25.04798809065252 ], [ 77.080338271636251, 25.049175371605134 ], [ 77.081174976625363, 25.049556390236084 ], [ 77.081430727992597, 25.049672854199581 ], [ 77.083011400650108, 25.050392637544906 ], [ 77.084011567863882, 25.050848068775725 ], [ 77.084469696143842, 25.054193366294822 ], [ 77.084561878223909, 25.055059208851954 ], [ 77.08540808909602, 25.055102844911826 ], [ 77.086608888841099, 25.056710909314674 ], [ 77.087380994073797, 25.057903954069928 ], [ 77.08860879120752, 25.059801077471974 ], [ 77.089134456198039, 25.062144327076798 ], [ 77.089776597150816, 25.06265871999241 ], [ 77.090967143706393, 25.063179749360433 ], [ 77.094149441867899, 25.064572379217733 ], [ 77.09600722433521, 25.065399594688444 ], [ 77.101681600840834, 25.066096268314876 ], [ 77.104253900928072, 25.066531440661574 ], [ 77.109032295221638, 25.066616620635745 ], [ 77.111266354522641, 25.063318922528932 ], [ 77.111631687967048, 25.062081411172663 ], [ 77.113596945193535, 25.060139234324563 ], [ 77.114581937406825, 25.060468395658535 ], [ 77.116245949267622, 25.061076257739305 ], [ 77.120646726713886, 25.063729248094294 ], [ 77.121595079718148, 25.063484694542307 ], [ 77.121825486940693, 25.063426158110531 ], [ 77.124186207647085, 25.062826370331617 ], [ 77.12473126925839, 25.062753165551108 ], [ 77.125100672190001, 25.062697493269599 ], [ 77.127947205706946, 25.064600684840208 ], [ 77.128837485244205, 25.064855731083924 ], [ 77.131676385864836, 25.064895829335075 ], [ 77.134294765959382, 25.066426843909976 ], [ 77.133369384975552, 25.071335003907357 ], [ 77.135605083123949, 25.073107764719552 ], [ 77.132799483089215, 25.073555287927579 ], [ 77.132680223516644, 25.074818505361524 ], [ 77.128822359410577, 25.076455816405335 ], [ 77.129142483617343, 25.077302009679304 ], [ 77.129545617900888, 25.078319794882042 ], [ 77.13043161429114, 25.079209466333342 ], [ 77.132305541534393, 25.081091112097521 ], [ 77.133283893879081, 25.082704734874476 ], [ 77.133327097468523, 25.083336373184583 ], [ 77.133357958152502, 25.084123682097776 ], [ 77.133384707517635, 25.084806110682187 ], [ 77.135544693341373, 25.086564165391586 ], [ 77.136633419418771, 25.087014328541578 ], [ 77.138382603092381, 25.087174232607811 ], [ 77.139526339833438, 25.087982154871067 ], [ 77.141453410382283, 25.088530271649972 ], [ 77.143938239794878, 25.090857865871733 ], [ 77.144297396663461, 25.091383100475866 ], [ 77.148184350746902, 25.087695851651539 ], [ 77.148314533881944, 25.08461292559485 ], [ 77.14833025027761, 25.084240724617256 ], [ 77.148737645816823, 25.083476764135881 ], [ 77.151440913871113, 25.083291427827088 ], [ 77.152854254581484, 25.081612734554636 ], [ 77.152499625801184, 25.080624273197571 ], [ 77.152350327023015, 25.079384341574205 ], [ 77.152338118548883, 25.079282941470687 ], [ 77.152419003581429, 25.078972703543762 ], [ 77.153163506989657, 25.076117051255391 ], [ 77.153941081003325, 25.073212620801741 ], [ 77.154170382803741, 25.072356091715058 ], [ 77.155058844911196, 25.072937383951626 ], [ 77.155911324881515, 25.073762918696598 ], [ 77.156376135633394, 25.075349664352288 ], [ 77.157143469477546, 25.077987852311928 ], [ 77.157911572265576, 25.080628582451229 ], [ 77.156988309020505, 25.081113878284892 ], [ 77.155941986355288, 25.082218958333694 ], [ 77.155474642455133, 25.0833432621654 ], [ 77.155365101179243, 25.083838162259106 ], [ 77.155217888282692, 25.08520827829112 ], [ 77.155135769409043, 25.085620988040294 ], [ 77.155995777876711, 25.0856660356311 ], [ 77.156850054122344, 25.085351555458598 ], [ 77.157251514503812, 25.085408719778595 ], [ 77.157545618619238, 25.085657209346035 ], [ 77.160052312273294, 25.085641715484886 ], [ 77.160266530505424, 25.085640389558254 ], [ 77.163994214738821, 25.085617267500641 ], [ 77.16702847545605, 25.084443722395701 ], [ 77.167340401833613, 25.085311808578755 ], [ 77.168529680541027, 25.088371570384528 ], [ 77.168911073946148, 25.089625068352209 ], [ 77.17006457952148, 25.093416057703774 ], [ 77.170363382276648, 25.09425308280488 ], [ 77.171093963346436, 25.096299580630166 ], [ 77.171358295601237, 25.097040013979388 ], [ 77.171536425399921, 25.097865606344161 ], [ 77.169821113543392, 25.101730599788862 ], [ 77.168984984421044, 25.101924462280476 ], [ 77.168718192142606, 25.102152139486186 ], [ 77.16866906003473, 25.102360259019562 ], [ 77.168684003058374, 25.102964889103696 ], [ 77.169043782603595, 25.103626203924662 ], [ 77.171845518066604, 25.106466600030206 ], [ 77.173264657171742, 25.108500696577323 ], [ 77.173763370250569, 25.109336179869988 ], [ 77.174080730003979, 25.109867838064556 ], [ 77.174388157452341, 25.111752703436309 ], [ 77.179080473971922, 25.110376821461053 ], [ 77.17973216751848, 25.110045225062798 ], [ 77.180863950323314, 25.109614778230622 ], [ 77.181822827415942, 25.109129853331797 ], [ 77.182312343393377, 25.108771641829488 ], [ 77.182463531602821, 25.108661006024739 ], [ 77.182947446999691, 25.108433320722842 ], [ 77.184071490348984, 25.108101420995599 ], [ 77.185331141585195, 25.108352069922717 ], [ 77.186354769467059, 25.108801648019881 ], [ 77.187884255414886, 25.108904674148352 ], [ 77.188456917768406, 25.109221357163023 ], [ 77.188709403402882, 25.109360982063446 ], [ 77.188133778026966, 25.108885213647643 ], [ 77.185802159586615, 25.106549739399863 ], [ 77.183232590156834, 25.103923077855768 ], [ 77.182617657930265, 25.103726837301579 ], [ 77.181963585900391, 25.103518102679555 ], [ 77.178777812207741, 25.103154702852148 ], [ 77.179650129402233, 25.100441399561021 ], [ 77.181062569721092, 25.09693800150886 ], [ 77.177029310443586, 25.096332476040313 ], [ 77.176542964751107, 25.094298728495581 ], [ 77.176284913191537, 25.09321961384391 ], [ 77.177257916001622, 25.092540557697021 ], [ 77.180152504219279, 25.091485556701944 ], [ 77.181220232699374, 25.090627628264119 ], [ 77.180696021422179, 25.089701905169271 ], [ 77.18010480472249, 25.088657836341078 ], [ 77.180415397048591, 25.087637044366591 ], [ 77.180658079951328, 25.087366148251075 ], [ 77.181367476447562, 25.087130328842196 ], [ 77.182106891751872, 25.087099300810511 ], [ 77.182220986763326, 25.085977385771109 ], [ 77.182148710637009, 25.085412020612662 ], [ 77.181906440245911, 25.0833072630823 ], [ 77.181632972871341, 25.080693826753578 ], [ 77.184938140966906, 25.081224625125206 ], [ 77.186395567654742, 25.081344581568157 ], [ 77.187747898171295, 25.08118524646644 ], [ 77.188763488526632, 25.083310963744886 ], [ 77.189121151372944, 25.084064445253563 ], [ 77.189898980140924, 25.085703040168685 ], [ 77.19024157993384, 25.086424757885158 ], [ 77.192873511221137, 25.091762387810043 ], [ 77.193210792176657, 25.092985303662545 ], [ 77.194083873826102, 25.096219235908666 ], [ 77.197211980272755, 25.102776541281749 ], [ 77.194767240566108, 25.10670069623205 ], [ 77.193784915061912, 25.108277382743491 ], [ 77.192334281778983, 25.108501909414333 ], [ 77.190719557664011, 25.109019940258666 ], [ 77.190478030672622, 25.109259223506445 ], [ 77.192968425461942, 25.108923809654357 ], [ 77.195913602852471, 25.109274499162716 ], [ 77.198380673788265, 25.110156746279127 ], [ 77.199786981969396, 25.110726678103333 ], [ 77.200952505051461, 25.111302123026576 ], [ 77.201966170327211, 25.112143388693326 ], [ 77.202715080117102, 25.113222545542474 ], [ 77.203612711587851, 25.113862091668256 ], [ 77.206010604674873, 25.113545956657159 ], [ 77.209350342143793, 25.111308886359772 ], [ 77.210588567438805, 25.110339224772972 ], [ 77.212053355026185, 25.109778546824604 ], [ 77.215055217107221, 25.108960228462784 ], [ 77.220139156019414, 25.10880101946692 ], [ 77.21999648151845, 25.108239228021855 ], [ 77.219683001370214, 25.103194113152135 ], [ 77.219395690567922, 25.102763396908326 ], [ 77.219348337667867, 25.102253016166848 ], [ 77.219504683084565, 25.100768095406018 ], [ 77.219326588881856, 25.099958781472264 ], [ 77.219335849675531, 25.099142508742645 ], [ 77.219774813954956, 25.097459769373774 ], [ 77.219864606018376, 25.096826458119036 ], [ 77.220072009083282, 25.096147215948353 ], [ 77.220181329059386, 25.095789193969257 ], [ 77.220358845088867, 25.094468094231516 ], [ 77.220955765452644, 25.090025516653586 ], [ 77.221014284356087, 25.089437408983379 ], [ 77.221131366984991, 25.088752685832457 ], [ 77.221365360718721, 25.087384210229729 ], [ 77.221520691472364, 25.084988057236338 ], [ 77.221573100429111, 25.084179587787418 ], [ 77.222186975094203, 25.08352770986982 ], [ 77.2225464315854, 25.083320240784481 ], [ 77.222891661078748, 25.083047068587963 ], [ 77.222280353452646, 25.082103171008544 ], [ 77.222384949352175, 25.081144448906958 ], [ 77.223129563598462, 25.08100592618155 ], [ 77.223339162565779, 25.080025644888124 ], [ 77.223060439240584, 25.078193220359985 ], [ 77.223444837816572, 25.076653369079835 ], [ 77.223442111486548, 25.076574634389534 ], [ 77.223351618957338, 25.073961737357124 ], [ 77.223851155104555, 25.072553590341123 ], [ 77.224476371978341, 25.071763085196999 ], [ 77.223949442795885, 25.070563099159294 ], [ 77.224725686332135, 25.069232399664454 ], [ 77.222962219283701, 25.069212021269987 ], [ 77.221067155084668, 25.068752291146705 ], [ 77.220151344958097, 25.068457252095062 ], [ 77.219034151751103, 25.068134307726371 ], [ 77.218074192209841, 25.067856568451351 ], [ 77.216508882094615, 25.06740367249979 ], [ 77.214515592966208, 25.066554208568359 ], [ 77.214451578019961, 25.066544715030425 ], [ 77.213512345252994, 25.066405419345426 ], [ 77.212703375997378, 25.066147676061902 ], [ 77.209086803724162, 25.065942642109217 ], [ 77.207230279355613, 25.066405934057993 ], [ 77.208052890962236, 25.065464866337191 ], [ 77.208163062141594, 25.065319551954765 ], [ 77.208287281692733, 25.065183962752844 ], [ 77.20842452030945, 25.06505922011344 ], [ 77.20857364147605, 25.064946358751072 ], [ 77.208733409531661, 25.064846313233232 ], [ 77.208902502629115, 25.064759910862076 ], [ 77.209079517708673, 25.06468786991033 ], [ 77.209262991475782, 25.064630783536622 ], [ 77.209308872235027, 25.064620639008272 ], [ 77.209451402319829, 25.064589126124229 ], [ 77.210507249648856, 25.064173305109854 ], [ 77.213366729404754, 25.063136337501696 ], [ 77.213420317269936, 25.06311584032791 ], [ 77.213470670364913, 25.063089401521886 ], [ 77.213516999363748, 25.063057435541346 ], [ 77.213558575573288, 25.063020443132199 ], [ 77.21359474685832, 25.062979005135155 ], [ 77.213624945660968, 25.062933773519283 ], [ 77.21364869807347, 25.062885456102379 ], [ 77.213665630804272, 25.06283481389773 ], [ 77.21367547832044, 25.062782640399885 ], [ 77.213898332082778, 25.062406874580027 ], [ 77.213938020760466, 25.06233346402702 ], [ 77.213985575686422, 25.062264040309412 ], [ 77.214040516138652, 25.062199297633256 ], [ 77.214102292414267, 25.062139887199052 ], [ 77.214170284969995, 25.062086403648649 ], [ 77.214243809371126, 25.06203938600872 ], [ 77.214322130311629, 25.061999303355091 ], [ 77.214404461570169, 25.061966559328123 ], [ 77.214487886899363, 25.061942095738644 ], [ 77.214583249191506, 25.061912920563966 ], [ 77.214674228125517, 25.061878757160386 ], [ 77.214762502797015, 25.06183914770212 ], [ 77.214847683834279, 25.06179426514931 ], [ 77.214929389516811, 25.061744311424459 ], [ 77.215007257769443, 25.061689507575014 ], [ 77.215080943152785, 25.061630097361626 ], [ 77.215150115881045, 25.06156634634662 ], [ 77.215214468823334, 25.061498535628989 ], [ 77.215823830820739, 25.060949786271983 ], [ 77.215892467380939, 25.060829275190137 ], [ 77.215963497870945, 25.060709921354469 ], [ 77.216036897122436, 25.060591763391983 ], [ 77.216112641967882, 25.060474838139321 ], [ 77.216190706212984, 25.06035918782754 ], [ 77.216271066708572, 25.060244847487215 ], [ 77.216353692330344, 25.060131856600094 ], [ 77.216438560903654, 25.060020252010741 ], [ 77.216525640331156, 25.059910071386774 ], [ 77.216568533357403, 25.059771692346636 ], [ 77.216621825111162, 25.05963634600235 ], [ 77.216685263380526, 25.059504678740556 ], [ 77.216758544554708, 25.059377321177969 ], [ 77.216841315633872, 25.059254885468768 ], [ 77.216933182275014, 25.059137953629431 ], [ 77.21703370571278, 25.059027088351286 ], [ 77.217142400917552, 25.058922818536935 ], [ 77.217258753414157, 25.058825643048092 ], [ 77.217289571497844, 25.058756474003765 ], [ 77.2173378189473, 25.058696131892582 ], [ 77.217400638232704, 25.058648191630926 ], [ 77.217474306547444, 25.058615488721056 ], [ 77.217561442570855, 25.058599226472708 ], [ 77.218034846378046, 25.057975077949749 ], [ 77.219032227498502, 25.056535512646175 ], [ 77.220279018288082, 25.054806719398691 ], [ 77.220688238829666, 25.054256380652252 ], [ 77.221374111175805, 25.050194119438963 ], [ 77.220891183242784, 25.049029827566248 ], [ 77.221410196053881, 25.048077283865446 ], [ 77.221773967733199, 25.047409643051481 ], [ 77.222488129633604, 25.046213091515536 ], [ 77.222137442154136, 25.043878800130621 ], [ 77.222139838850495, 25.042973322272218 ], [ 77.222566804551846, 25.041820656549188 ], [ 77.221639878581939, 25.040287367444115 ], [ 77.220823949832194, 25.040527656062839 ], [ 77.219785912144417, 25.039394190629839 ], [ 77.220064908839859, 25.038036844621633 ], [ 77.220396836410018, 25.036703253199239 ], [ 77.22188300828806, 25.037243356934024 ], [ 77.227683530616758, 25.039503735212183 ], [ 77.227713775654195, 25.03901938745382 ], [ 77.227791900819881, 25.038321975770039 ], [ 77.227801193969569, 25.038257029095252 ], [ 77.227805236486674, 25.038191635807873 ], [ 77.227804006133297, 25.038126149753701 ], [ 77.227797512443331, 25.038060919613482 ], [ 77.227785787688006, 25.037996300571265 ], [ 77.22776889695335, 25.037932637235599 ], [ 77.227746929123043, 25.037870273501888 ], [ 77.227720003904025, 25.037809543577303 ], [ 77.227688265861474, 25.037750773739525 ], [ 77.227644271980537, 25.037650607939366 ], [ 77.227601603157993, 25.03754996775567 ], [ 77.227560262216741, 25.03744886856505 ], [ 77.22752025495312, 25.037347325767971 ], [ 77.227481588180893, 25.037245352063685 ], [ 77.227444267696271, 25.037142962852492 ], [ 77.22740829732183, 25.037040172615853 ], [ 77.227373684827384, 25.036936997673028 ], [ 77.227340433061556, 25.036833450691283 ], [ 77.227337453614282, 25.036739150125822 ], [ 77.22732804719034, 25.036645200003544 ], [ 77.22731225292587, 25.036551963691149 ], [ 77.227290127824617, 25.036459801988382 ], [ 77.22726175966973, 25.036369070521662 ], [ 77.227227258093762, 25.036280120576194 ], [ 77.227186755595753, 25.036193296394465 ], [ 77.227140409549506, 25.036108932483167 ], [ 77.22708839722138, 25.036027356282784 ], [ 77.2264473875927, 25.035492732729789 ], [ 77.226349466379006, 25.035419904637905 ], [ 77.226247408129836, 25.035351957217248 ], [ 77.226141502381651, 25.035289086949859 ], [ 77.226032053728716, 25.035231470570288 ], [ 77.225919375771042, 25.035179275854563 ], [ 77.22580379317553, 25.035132653508857 ], [ 77.22568563675506, 25.03509173351755 ], [ 77.225565245328809, 25.035056637802011 ], [ 77.225442962905987, 25.035027463941837 ], [ 77.225049322743658, 25.034806448079717 ], [ 77.224974252732082, 25.0347297401308 ], [ 77.224901838839713, 25.034650940148243 ], [ 77.224832151680829, 25.034570126370511 ], [ 77.224765257921817, 25.034487375198058 ], [ 77.224701224184756, 25.034402767546794 ], [ 77.224682118588063, 25.034375761823629 ], [ 77.224640111135187, 25.034316385187527 ], [ 77.224581978412076, 25.034228313495547 ], [ 77.224526882706272, 25.034138635112814 ], [ 77.224474875699869, 25.034047438059869 ], [ 77.224435487402957, 25.033960166946894 ], [ 77.224402431448468, 25.033870738503644 ], [ 77.224375849828533, 25.033779536796029 ], [ 77.224355855745571, 25.033686950173877 ], [ 77.224342531630484, 25.033593371254806 ], [ 77.224341114620415, 25.033573117354873 ], [ 77.224335938019919, 25.033499201511187 ], [ 77.224336101784459, 25.033404838531808 ], [ 77.224343019988964, 25.03331068689036 ], [ 77.224356666936131, 25.033217147364546 ], [ 77.224654059299013, 25.032616969723115 ], [ 77.224676780978868, 25.032566711822145 ], [ 77.224703872286696, 25.032518283466075 ], [ 77.224735157672285, 25.032472002045743 ], [ 77.224770434998902, 25.032428166676208 ], [ 77.224809474499963, 25.032387063607104 ], [ 77.224852021796224, 25.032348961731405 ], [ 77.224897798956746, 25.032314105368918 ], [ 77.224946510376284, 25.032282721538742 ], [ 77.224997838845383, 25.032255016315133 ], [ 77.225063280305889, 25.032241220305782 ], [ 77.225127045555624, 25.032221983074219 ], [ 77.22518859178723, 25.032197467347391 ], [ 77.225247391591026, 25.032167883842003 ], [ 77.225302946901849, 25.032133484151196 ], [ 77.225354781052374, 25.032094562486808 ], [ 77.225402453710771, 25.032051448574194 ], [ 77.225445556872387, 25.03200451213527 ], [ 77.225483723867697, 25.03195415392981 ], [ 77.225644914256023, 25.031722342403107 ], [ 77.225791493293769, 25.031511542995013 ], [ 77.226855700238218, 25.030014546897199 ], [ 77.226934812993676, 25.029929371130859 ], [ 77.227004397465734, 25.029837551548855 ], [ 77.227063786005289, 25.029739967878925 ], [ 77.227112407546855, 25.029637558420767 ], [ 77.22714979766728, 25.029531304773279 ], [ 77.227175596637494, 25.029422228205458 ], [ 77.227189555507451, 25.029311375255041 ], [ 77.227191542138755, 25.029199808745261 ], [ 77.227181535325911, 25.029088600512477 ], [ 77.227125101558372, 25.028941362753663 ], [ 77.226707796297646, 25.0278525933896 ], [ 77.226113443560664, 25.026697199467677 ], [ 77.225930131633234, 25.02634084411989 ], [ 77.225851927666682, 25.02623231175961 ], [ 77.225827978598033, 25.026199077387005 ], [ 77.225783579122421, 25.026126996672332 ], [ 77.225736882383359, 25.026051186613394 ], [ 77.225657283093085, 25.02589788700428 ], [ 77.225589564068159, 25.025739920402021 ], [ 77.225534052939551, 25.025578048971866 ], [ 77.22549101767342, 25.025413054267098 ], [ 77.225460667589616, 25.025245734527392 ], [ 77.225443149467893, 25.02507689742249 ], [ 77.225438544575866, 25.024907360028251 ], [ 77.225425189687243, 25.024729165627779 ], [ 77.225419192706184, 25.024550640947925 ], [ 77.225420564061679, 25.02437203713988 ], [ 77.225429301289424, 25.024193606153542 ], [ 77.225445392005511, 25.024015600761469 ], [ 77.225468812950353, 25.023838270938594 ], [ 77.225499529927774, 25.023661870183624 ], [ 77.22553750188321, 25.023486643811189 ], [ 77.225582673835291, 25.023312842442145 ], [ 77.226334203335639, 25.021688678387605 ], [ 77.226743039335659, 25.020748176640552 ], [ 77.226783396646127, 25.020652267523921 ], [ 77.226820556787743, 25.020555288793858 ], [ 77.22685448319092, 25.020457333181803 ], [ 77.226885145293963, 25.020358487145167 ], [ 77.226912517430023, 25.0202588435024 ], [ 77.226936571993903, 25.020158490540428 ], [ 77.22695728726633, 25.020057522915078 ], [ 77.226974646544647, 25.01995602900028 ], [ 77.226988631074505, 25.019854104378272 ], [ 77.227010927580665, 25.019773348621939 ], [ 77.227038572890095, 25.019693976800578 ], [ 77.227071465030505, 25.01961628431901 ], [ 77.227109480305145, 25.019540558279648 ], [ 77.227152479222042, 25.019467079336394 ], [ 77.227200302573365, 25.019396117147551 ], [ 77.227252775321503, 25.019327938535255 ], [ 77.227309698818388, 25.01926279207008 ], [ 77.227370866532397, 25.019200921743863 ], [ 77.227756131235239, 25.018921822825106 ], [ 77.228936516461971, 25.019469120073143 ], [ 77.229047674693803, 25.019561123276223 ], [ 77.22917011347333, 25.019640353335571 ], [ 77.229236139367501, 25.019673033712174 ], [ 77.229302072570079, 25.019705668163787 ], [ 77.229441660872922, 25.019756135059477 ], [ 77.229586869320102, 25.019791026296662 ], [ 77.229735616292018, 25.019809840260255 ], [ 77.229885765393618, 25.019812307911565 ], [ 77.230035160137859, 25.019798393968323 ], [ 77.230181655664495, 25.019768297158638 ], [ 77.232048369662309, 25.019053732565887 ], [ 77.232128335040514, 25.019029780418592 ], [ 77.232209493889144, 25.019009427651298 ], [ 77.232291647513733, 25.018992723254232 ], [ 77.2323746022535, 25.01897970812999 ], [ 77.232458158605596, 25.018970412297573 ], [ 77.232542114163351, 25.01896485852825 ], [ 77.232626265624546, 25.018963059652322 ], [ 77.232710413720554, 25.018965021307707 ], [ 77.232794355313814, 25.018970739167518 ], [ 77.232941294744762, 25.018967156115991 ], [ 77.230754873131019, 25.017231291392712 ], [ 77.229584862758728, 25.015993031839734 ], [ 77.229456444219807, 25.015895925879274 ], [ 77.229334590030859, 25.015792029272696 ], [ 77.229281200553899, 25.015740749837494 ], [ 77.229219736685536, 25.01568171309329 ], [ 77.229112285794386, 25.015565368004665 ], [ 77.229012621941294, 25.015443402596851 ], [ 77.228921094740528, 25.015316254080133 ], [ 77.228838031911664, 25.015184368520423 ], [ 77.22876372428378, 25.015048214266418 ], [ 77.228698435793149, 25.014908272997673 ], [ 77.228651842535228, 25.014780733756481 ], [ 77.228602167565384, 25.01465416421464 ], [ 77.228549434094887, 25.014528625064113 ], [ 77.228493666291001, 25.014404180616747 ], [ 77.228434895310002, 25.014280889821514 ], [ 77.228373147352684, 25.014158811587297 ], [ 77.228308452557386, 25.014038007564068 ], [ 77.228240843070282, 25.013918536708129 ], [ 77.228170351054558, 25.013800456169569 ], [ 77.227650800872411, 25.013305267081424 ], [ 77.227698219000544, 25.012872664708279 ], [ 77.227699376197705, 25.012832467826662 ], [ 77.227705905998874, 25.012792700442812 ], [ 77.227717708546407, 25.012753954206104 ], [ 77.227734609743237, 25.01271681114055 ], [ 77.227756357488971, 25.012681822842996 ], [ 77.227782626609354, 25.012649513231942 ], [ 77.227813023950574, 25.012620364138694 ], [ 77.227847096342572, 25.012594811758291 ], [ 77.228374543886488, 25.012040554594407 ], [ 77.229113993496497, 25.011330815408119 ], [ 77.229152918738109, 25.011273102399876 ], [ 77.229190586911031, 25.011214701998338 ], [ 77.229226986906738, 25.011155635790754 ], [ 77.229262103635392, 25.011095927138808 ], [ 77.229295921981048, 25.01103560211326 ], [ 77.229328430852945, 25.010974680495227 ], [ 77.229359617126065, 25.010913187468255 ], [ 77.229389467692997, 25.010851146409731 ], [ 77.229417972401947, 25.010788582526967 ], [ 77.229442905531315, 25.010727324034921 ], [ 77.229463909720863, 25.010664853786146 ], [ 77.229480913573283, 25.01060138254331 ], [ 77.229493862538902, 25.01053712120342 ], [ 77.229502712934817, 25.010472284362351 ], [ 77.229507432935776, 25.010407090322875 ], [ 77.229508008563769, 25.010341756626797 ], [ 77.229504436733123, 25.010276501805578 ], [ 77.229496729232096, 25.010211543606118 ], [ 77.229491608964338, 25.010166118953272 ], [ 77.229492411677569, 25.010120460716095 ], [ 77.229499124281006, 25.010075208201417 ], [ 77.229511657420034, 25.010030995590792 ], [ 77.229529831706728, 25.009988440993467 ], [ 77.229553393645958, 25.009948139348303 ], [ 77.229582014713927, 25.009910655191881 ], [ 77.229615292427681, 25.00987651453865 ], [ 77.229652761359233, 25.009846193229041 ], [ 77.230424832570208, 25.009010655388142 ], [ 77.230471930429999, 25.0089585532575 ], [ 77.230512468919699, 25.008902056568672 ], [ 77.230545961790924, 25.008841849629125 ], [ 77.230572003695812, 25.008778655322477 ], [ 77.230590281026792, 25.008713241516386 ], [ 77.23060057316728, 25.008646393978648 ], [ 77.230602754420843, 25.008578921811122 ], [ 77.230596800130073, 25.008511639435753 ], [ 77.230582781816068, 25.008445356621792 ], [ 77.230587326335296, 25.008398669739599 ], [ 77.230599420852855, 25.008353114179975 ], [ 77.230618794059012, 25.008309695663652 ], [ 77.230645021440793, 25.008269377144707 ], [ 77.23067751766709, 25.008233046238107 ], [ 77.230715569317766, 25.008201512771233 ], [ 77.230758333292201, 25.008175468131498 ], [ 77.230804860540772, 25.008155490874405 ], [ 77.230854127010943, 25.008142023489839 ], [ 77.232501617226561, 25.006956538067708 ], [ 77.232530763092157, 25.006935264938843 ], [ 77.232562161993116, 25.006916847361303 ], [ 77.232595478090616, 25.006901478637811 ], [ 77.232630355995354, 25.006889323918823 ], [ 77.232666424809139, 25.006880512106573 ], [ 77.232703298098912, 25.006875138564457 ], [ 77.232740581884855, 25.006873258858413 ], [ 77.232777879534837, 25.00687489511828 ], [ 77.2328147948148, 25.006880027933626 ], [ 77.232861284230893, 25.006867428234575 ], [ 77.232905963423207, 25.006850232558921 ], [ 77.232948290259387, 25.006828649730529 ], [ 77.232987745863568, 25.00680294384933 ], [ 77.233023848533918, 25.006773429886692 ], [ 77.233056156784727, 25.006740466484299 ], [ 77.233084280247411, 25.006704456040865 ], [ 77.233107870803536, 25.006665839222432 ], [ 77.233126644472705, 25.006625086105622 ], [ 77.233393050743203, 25.006168576593861 ], [ 77.233479479156316, 25.006020474388055 ], [ 77.233873954703853, 25.005344496465977 ], [ 77.233924176008799, 25.00527443133322 ], [ 77.233976280110852, 25.005205518188774 ], [ 77.234030236855745, 25.005137801043841 ], [ 77.234086013176977, 25.005071317564845 ], [ 77.23414357398326, 25.005006109917545 ], [ 77.234202886182757, 25.0049422184774 ], [ 77.234263910763929, 25.004879680863464 ], [ 77.234326613635858, 25.004818538346424 ], [ 77.23439095483991, 25.004758824022062 ], [ 77.234507637605518, 25.004651192257789 ], [ 77.23463135550648, 25.004550296728098 ], [ 77.234761643085406, 25.004456517545059 ], [ 77.23489800638562, 25.004370210210972 ], [ 77.235039928939884, 25.00429170115023 ], [ 77.235186878724051, 25.004221285958955 ], [ 77.23533829724775, 25.004159230221539 ], [ 77.235493612444813, 25.004105768710176 ], [ 77.235591691827651, 25.004078152442656 ], [ 77.23565223868161, 25.004061104482137 ], [ 77.236694621573065, 25.003767115533048 ], [ 77.236830714057206, 25.003759155811245 ], [ 77.236967023459286, 25.003755357483595 ], [ 77.237103395134582, 25.003755726548345 ], [ 77.237239677497442, 25.003760259997438 ], [ 77.237375715980534, 25.003768955702711 ], [ 77.237511359075583, 25.003781802529648 ], [ 77.23764645333523, 25.003798784813281 ], [ 77.23778084632869, 25.003819884187727 ], [ 77.237914387641126, 25.003845078691381 ], [ 77.238061978854716, 25.003873707018794 ], [ 77.238210613999485, 25.00389742233801 ], [ 77.238360100114079, 25.003916192410355 ], [ 77.238510235223288, 25.003929994861004 ], [ 77.238660822288921, 25.003938809161117 ], [ 77.238811663195506, 25.003942623805475 ], [ 77.238962554794995, 25.003941435377836 ], [ 77.239113297877225, 25.003935243203475 ], [ 77.239263696101645, 25.003924057468481 ], [ 77.239799165754704, 25.003816091120665 ], [ 77.239874044395094, 25.003781663067763 ], [ 77.239952048672137, 25.003753585204826 ], [ 77.240032532218294, 25.003732089032784 ], [ 77.240114828347984, 25.003717354415002 ], [ 77.240198254072624, 25.003709504190354 ], [ 77.240282118062055, 25.00370860062359 ], [ 77.240365724530477, 25.00371465356455 ], [ 77.24044837926759, 25.003727611464392 ], [ 77.240529398487851, 25.003747368670691 ], [ 77.24112827607857, 25.003857826131778 ], [ 77.242006421800724, 25.004019787966332 ], [ 77.243174555456207, 25.004320939924931 ], [ 77.243341992866647, 25.004364106469364 ], [ 77.243468250964966, 25.004433534258784 ], [ 77.243599520544137, 25.004494756822936 ], [ 77.243735160219046, 25.004547478282781 ], [ 77.243874510419829, 25.00459143874285 ], [ 77.244016888351624, 25.004626423282886 ], [ 77.244161599878439, 25.004652262954984 ], [ 77.244307938584072, 25.004668829357737 ], [ 77.244455188660368, 25.004676043690267 ], [ 77.244602632895365, 25.004673870493463 ], [ 77.244752677429048, 25.004640071146422 ], [ 77.244905983224101, 25.004622168905005 ], [ 77.245060530379433, 25.004620395305583 ], [ 77.245214282120656, 25.004634775846938 ], [ 77.245365212620186, 25.004665122080983 ], [ 77.24551133078532, 25.004711030896775 ], [ 77.245650712811155, 25.004771900128777 ], [ 77.245781521031432, 25.004846925995491 ], [ 77.245902029518902, 25.004935120458299 ], [ 77.246296846584755, 25.005129081481666 ], [ 77.246987160734818, 25.005468209076621 ], [ 77.24710685793211, 25.005510995973282 ], [ 77.247228932051399, 25.005547785730762 ], [ 77.247353022388268, 25.005578468034368 ], [ 77.247478761120462, 25.00560295148059 ], [ 77.247605775298553, 25.005621162688957 ], [ 77.247733688785416, 25.005633050833577 ], [ 77.247862123341605, 25.005638577716965 ], [ 77.247990697532003, 25.005637728599169 ], [ 77.248119029767466, 25.005630504996525 ], [ 77.248195377159945, 25.005610210093529 ], [ 77.248270828643868, 25.005587293555845 ], [ 77.24834527193525, 25.005561786112004 ], [ 77.248418600619559, 25.005533726665227 ], [ 77.248490708282375, 25.005503154118706 ], [ 77.248561493396352, 25.005470114639358 ], [ 77.248630853460497, 25.005434652580352 ], [ 77.248698688878832, 25.005396819542788 ], [ 77.24876490298594, 25.005356671666711 ], [ 77.24881697749133, 25.00533520682853 ], [ 77.248870277554389, 25.005316399567363 ], [ 77.248924636105116, 25.005300310885964 ], [ 77.248979888209391, 25.005286985547869 ], [ 77.249035865968935, 25.005276467390352 ], [ 77.249092396650411, 25.005268787569285 ], [ 77.249149305615532, 25.005263969097705 ], [ 77.249206421267317, 25.005262027787634 ], [ 77.249263566148286, 25.00526297037419 ], [ 77.249344070439278, 25.005252547986171 ], [ 77.249424991819112, 25.00524528526168 ], [ 77.249506180520214, 25.005241195475048 ], [ 77.249587487808625, 25.005240287393185 ], [ 77.249668762054384, 25.005242561632485 ], [ 77.249749854625918, 25.005248016123847 ], [ 77.249830614038231, 25.005256636132351 ], [ 77.249910895708766, 25.005268410589881 ], [ 77.249990545273036, 25.005283314805244 ], [ 77.250395883915758, 25.005497989594001 ], [ 77.250539463129073, 25.00436357917792 ], [ 77.25078225527092, 25.00295768524995 ], [ 77.251039130088387, 25.000034442183171 ], [ 77.251494445720326, 25.000031788792231 ], [ 77.251407180696646, 24.999854748374652 ], [ 77.25118444478251, 24.999110455629989 ], [ 77.251084843903769, 24.997914962053333 ], [ 77.251420708529295, 24.996846465175153 ], [ 77.251496097451479, 24.996490975044463 ], [ 77.250872716956536, 24.996129075713576 ], [ 77.250804421276143, 24.996097316578325 ], [ 77.25073732730138, 24.996063497760606 ], [ 77.250671509002629, 24.996027656870158 ], [ 77.250607040341507, 24.995989832419927 ], [ 77.250543994245902, 24.99595006743046 ], [ 77.250482439654036, 24.995908407600517 ], [ 77.250422444538628, 24.995864895911883 ], [ 77.250364077769149, 24.995819585287961 ], [ 77.250307404293764, 24.995772524105778 ], [ 77.250215800773447, 24.995666604798625 ], [ 77.250123643640734, 24.99556108569897 ], [ 77.250030937859307, 24.995455965941677 ], [ 77.249990441246553, 24.995401140861112 ], [ 77.249932187906111, 24.995330214593061 ], [ 77.2498709077461, 24.995261436590535 ], [ 77.249806701815984, 24.99519491511484 ], [ 77.249739667252129, 24.99513075297795 ], [ 77.249669906170141, 24.995069050321447 ], [ 77.249597530645048, 24.995009901946268 ], [ 77.249522652751097, 24.994953402653337 ], [ 77.249445386628835, 24.994899638228635 ], [ 77.249365854370822, 24.99484869181131 ], [ 77.249253363417267, 24.994730225235315 ], [ 77.249139796324471, 24.994612615331249 ], [ 77.249025158970383, 24.994495869367906 ], [ 77.248909460188528, 24.994379996443453 ], [ 77.248792709811696, 24.99426500476082 ], [ 77.248674913726106, 24.994150900685742 ], [ 77.248556081747282, 24.994037694227192 ], [ 77.248436219769786, 24.993925390847945 ], [ 77.248315338599767, 24.993814000564679 ], [ 77.248243570181472, 24.993702634666089 ], [ 77.248180150129954, 24.993587135655513 ], [ 77.248125366834515, 24.9934680233014 ], [ 77.248079465919403, 24.993345833291478 ], [ 77.248042653242678, 24.993221114546742 ], [ 77.248015094913626, 24.993094427415137 ], [ 77.247996914346601, 24.992966340938981 ], [ 77.247988193243799, 24.992837433765565 ], [ 77.247988626552996, 24.992765211182675 ], [ 77.247988968742931, 24.992708281480983 ], [ 77.247771649117823, 24.992060191684811 ], [ 77.24747128727347, 24.991304726183571 ], [ 77.24719248780535, 24.990603483712515 ], [ 77.247173454917686, 24.990478773553995 ], [ 77.247142967727001, 24.990355968370313 ], [ 77.247101244976562, 24.990235935976436 ], [ 77.247048582812724, 24.99011953214945 ], [ 77.246985353963922, 24.99000758255999 ], [ 77.246912009729911, 24.989900881885333 ], [ 77.246829067159865, 24.989800187386461 ], [ 77.246737118985919, 24.989706216278009 ], [ 77.246636817888628, 24.989619632960835 ], [ 77.245929227174159, 24.988488208441694 ], [ 77.245870468871942, 24.988380053311346 ], [ 77.245819371831871, 24.988268715305942 ], [ 77.245782704220773, 24.988171949034662 ], [ 77.245776144865857, 24.988154639512651 ], [ 77.245740961907586, 24.988038291515146 ], [ 77.245713964165461, 24.987920139347654 ], [ 77.245695261019762, 24.987800663436655 ], [ 77.245684928152855, 24.987680344845192 ], [ 77.245683008480313, 24.987559671601986 ], [ 77.245689508273898, 24.987439129639906 ], [ 77.245720951285861, 24.987273588638129 ], [ 77.245755978569548, 24.987108646606526 ], [ 77.245794575615321, 24.986944369356593 ], [ 77.245836729938191, 24.986780818199708 ], [ 77.245882421092745, 24.986618057997031 ], [ 77.24593163457024, 24.986456154559399 ], [ 77.245984349977249, 24.986295167329018 ], [ 77.246040546852285, 24.98613516297257 ], [ 77.246100202812542, 24.985976201819501 ], [ 77.246150135608673, 24.985867299611389 ], [ 77.246196544986375, 24.985757111607978 ], [ 77.246239393412395, 24.985645730539996 ], [ 77.246278643319741, 24.985533252750137 ], [ 77.246314262078968, 24.985419776425918 ], [ 77.246346218077448, 24.985305397053505 ], [ 77.246374482641244, 24.985190213754134 ], [ 77.246399033041669, 24.985074325695834 ], [ 77.246419848531929, 24.984957832061916 ], [ 77.246406007687284, 24.984486198010021 ], [ 77.246398897575347, 24.984243937905394 ], [ 77.24639109686639, 24.983978122336254 ], [ 77.246085001000807, 24.982200228299384 ], [ 77.246087980314542, 24.982155354408199 ], [ 77.246084950013525, 24.982110483822517 ], [ 77.246075957330859, 24.982066279811452 ], [ 77.246061133750715, 24.982023402693553 ], [ 77.246040701183119, 24.981982485501081 ], [ 77.246014960048598, 24.981944136595548 ], [ 77.245984296358714, 24.981908924370476 ], [ 77.245949161959899, 24.981877370774288 ], [ 77.24502011386835, 24.981209180339583 ], [ 77.244989912147275, 24.98120149174483 ], [ 77.244962217973253, 24.98118808529885 ], [ 77.244938315543109, 24.981169583436024 ], [ 77.244919314387801, 24.981146846545855 ], [ 77.244906095289963, 24.981120929196013 ], [ 77.244899272097641, 24.981093031965621 ], [ 77.24489916148984, 24.981064450631454 ], [ 77.244905768732124, 24.981036511030204 ], [ 77.24491878726883, 24.981010507642505 ], [ 77.244950416798375, 24.980504607164384 ], [ 77.244956379446748, 24.980438555796997 ], [ 77.24495690841087, 24.980372281024135 ], [ 77.244952001147325, 24.98030615672203 ], [ 77.244941681914852, 24.980240551558701 ], [ 77.244926012638544, 24.980175832691739 ], [ 77.244905077074193, 24.980112363837588 ], [ 77.244878995738162, 24.980050498163983 ], [ 77.244857619844993, 24.979931976421401 ], [ 77.244843966664874, 24.979812509392438 ], [ 77.244841890702574, 24.979770181383671 ], [ 77.24483808174287, 24.979692516489706 ], [ 77.244839987835931, 24.979572416945199 ], [ 77.244849677978095, 24.979452629755713 ], [ 77.244867118461542, 24.979333572803153 ], [ 77.24489224683839, 24.97921566464511 ], [ 77.244924975969809, 24.979099315515509 ], [ 77.244965192001999, 24.978984931824474 ], [ 77.244993698337709, 24.978832789971381 ], [ 77.24501698590305, 24.978679912517979 ], [ 77.245035027570793, 24.978526445560977 ], [ 77.245047809034176, 24.978372541619194 ], [ 77.245055317020288, 24.978218348703525 ], [ 77.245057543193084, 24.978064016669389 ], [ 77.245054487125614, 24.977909697240175 ], [ 77.245046150406765, 24.977755538542105 ], [ 77.245032541509218, 24.977601694173778 ], [ 77.245020751294604, 24.977457627865405 ], [ 77.245010933002106, 24.977313439800874 ], [ 77.245003089391673, 24.977169151677273 ], [ 77.244997219260327, 24.977024785160285 ], [ 77.244993327340964, 24.976880362865511 ], [ 77.244991410440463, 24.976735907346033 ], [ 77.244991470319519, 24.976591441193911 ], [ 77.244993506748756, 24.976446987888476 ], [ 77.244997520515184, 24.976302568207696 ], [ 77.244975225927874, 24.976198016966034 ], [ 77.24494572899512, 24.976104357681066 ], [ 77.244901042251698, 24.975996235288115 ], [ 77.244849721155532, 24.975900550954549 ], [ 77.244787669883536, 24.975807142008051 ], [ 77.24487618792844, 24.975529096531087 ], [ 77.24493582819639, 24.975017139405157 ], [ 77.244943770150044, 24.974986220010504 ], [ 77.244955429092272, 24.974956295321029 ], [ 77.244970660812129, 24.974927736290564 ], [ 77.24498927868602, 24.974900893670259 ], [ 77.245011050662697, 24.974876102500019 ], [ 77.245035707334964, 24.974853666819612 ], [ 77.245062942861679, 24.974833866900212 ], [ 77.245092424012867, 24.974816945769508 ], [ 77.24512378320874, 24.974803111865825 ], [ 77.245171783930516, 24.974761036158704 ], [ 77.245216583460504, 24.974716122891827 ], [ 77.245257979747066, 24.974668573682536 ], [ 77.245295787462311, 24.974618602923563 ], [ 77.245329836054751, 24.974566434155314 ], [ 77.245359972687098, 24.974512303701218 ], [ 77.245386061314207, 24.974456453435629 ], [ 77.24540798560345, 24.974399136225184 ], [ 77.245425646048361, 24.974340606875156 ], [ 77.245422039375129, 24.974262364620667 ], [ 77.245427301588151, 24.974184201179604 ], [ 77.245441381202568, 24.974106947929442 ], [ 77.245464125714776, 24.974031431838643 ], [ 77.245495294671045, 24.973958455701094 ], [ 77.245534551742182, 24.973888798073755 ], [ 77.245581481652209, 24.973823204378789 ], [ 77.245635583397657, 24.973762370594439 ], [ 77.245696278147818, 24.973706946026695 ], [ 77.246147833155234, 24.972824463983308 ], [ 77.246390313588122, 24.972400049845167 ], [ 77.24641532951523, 24.972311078504625 ], [ 77.246439710692528, 24.97222196218264 ], [ 77.246463456113375, 24.972132702677939 ], [ 77.246486563754971, 24.972043304490615 ], [ 77.246509033575904, 24.971953772136288 ], [ 77.2465308625967, 24.971864106494987 ], [ 77.246552053722525, 24.971774314814972 ], [ 77.246572601975487, 24.971684399766801 ], [ 77.246592510311956, 24.971594363180262 ], [ 77.247043167480399, 24.970285446994946 ], [ 77.24759037931365, 24.968550290720486 ], [ 77.247803016749813, 24.967772338411663 ], [ 77.247964643630453, 24.967181004141128 ], [ 77.24821468340113, 24.966382684489254 ], [ 77.248330730893983, 24.966012168240738 ], [ 77.248388198012876, 24.965702160925446 ], [ 77.248400901143526, 24.965662501980109 ], [ 77.248421221982326, 24.965625572464102 ], [ 77.248439810399731, 24.96560308309104 ], [ 77.248448495290262, 24.965592574643424 ], [ 77.248481835083851, 24.965564586225543 ], [ 77.248520150869538, 24.965542519846668 ], [ 77.248562195476609, 24.965527093643907 ], [ 77.248606597944175, 24.965518810741898 ], [ 77.248651910251795, 24.965517941557078 ], [ 77.248696655945494, 24.965524515148168 ], [ 77.24879221760068, 24.965510052359214 ], [ 77.248885282262123, 24.965485547857387 ], [ 77.248974586563293, 24.96545133402622 ], [ 77.24905891244957, 24.965407876368062 ], [ 77.249137116975731, 24.965355765609008 ], [ 77.249208135346905, 24.965295710497205 ], [ 77.249271000826226, 24.96522852802357 ], [ 77.249324860704618, 24.965155130902549 ], [ 77.249368982329656, 24.965076518587495 ], [ 77.249437481356651, 24.964966751411982 ], [ 77.249506268123895, 24.964857135472336 ], [ 77.249575339667516, 24.96474766984192 ], [ 77.249644700948835, 24.964638353655985 ], [ 77.249714346988483, 24.964529189584567 ], [ 77.249784279750372, 24.964420179448833 ], [ 77.249854497286776, 24.964311319620631 ], [ 77.24992499956312, 24.964202613711841 ], [ 77.250017265068593, 24.964115108647356 ], [ 77.250127268294065, 24.964025603865352 ], [ 77.250270151771517, 24.963887807720027 ], [ 77.250413060473932, 24.963750034201812 ], [ 77.250555997356145, 24.963612285140172 ], [ 77.250698959471819, 24.963474557802545 ], [ 77.250841948793649, 24.963336853107418 ], [ 77.250984964322555, 24.963199171950023 ], [ 77.251128007049175, 24.963061514338047 ], [ 77.251271075000702, 24.962923879352861 ], [ 77.251414170166967, 24.962786266106818 ], [ 77.251561055779007, 24.962650513022048 ], [ 77.251701759751199, 24.962509424473307 ], [ 77.251836052020664, 24.96236323439625 ], [ 77.251963709386402, 24.962212184908498 ], [ 77.252084518489227, 24.96205652542973 ], [ 77.252198280748146, 24.961896514526455 ], [ 77.252304809405175, 24.961732418082413 ], [ 77.252403926587505, 24.961564505662981 ], [ 77.252495467210252, 24.961393056867418 ], [ 77.252529949779642, 24.96126569460786 ], [ 77.252577805082822, 24.961141976257561 ], [ 77.252638583247773, 24.961023066942012 ], [ 77.252711711032191, 24.960910082953852 ], [ 77.252796502738462, 24.96080409003261 ], [ 77.252892157429699, 24.960706083474914 ], [ 77.252997777777395, 24.96061698557331 ], [ 77.25311237115433, 24.960537634787983 ], [ 77.253234855654256, 24.960468777666662 ], [ 77.252971495689778, 24.960360861700853 ], [ 77.252710517492886, 24.960248239600709 ], [ 77.252452021746151, 24.960130952807436 ], [ 77.252196111052683, 24.9600090490996 ], [ 77.251942884060028, 24.9598825753224 ], [ 77.251819489399139, 24.959818033138014 ], [ 77.251692438423902, 24.959751578313618 ], [ 77.251444870739846, 24.959616112128383 ], [ 77.251200276628296, 24.959476229008246 ], [ 77.250958753698001, 24.959331980307713 ], [ 77.250827406832386, 24.959239473653284 ], [ 77.250698527963067, 24.95914412598464 ], [ 77.250572190886047, 24.95904599117085 ], [ 77.250448467372792, 24.958945127581018 ], [ 77.250327428220317, 24.958841591770369 ], [ 77.250209144190876, 24.95873544390659 ], [ 77.250093682083445, 24.958626744126061 ], [ 77.249981109669761, 24.95851555437941 ], [ 77.249871488743025, 24.958401940182892 ], [ 77.24956197468228, 24.958442177133101 ], [ 77.249239081088206, 24.958486542443442 ], [ 77.248185555944232, 24.958563157503214 ], [ 77.248081496908938, 24.95858294690353 ], [ 77.247975693943616, 24.958592277804279 ], [ 77.247869405281833, 24.958591039960726 ], [ 77.24776389790371, 24.958579246026524 ], [ 77.247660429635289, 24.958557038638169 ], [ 77.247560231393024, 24.958524682147281 ], [ 77.247464501238611, 24.958482562573547 ], [ 77.247374375718721, 24.958431180154243 ], [ 77.247290932835867, 24.958371149366993 ], [ 77.247198427029744, 24.958308428279469 ], [ 77.247101881960944, 24.95825099035558 ], [ 77.247001658167918, 24.958199051558385 ], [ 77.246898133231852, 24.958152806310501 ], [ 77.246791695833124, 24.958112427447105 ], [ 77.246682745734489, 24.958078068022402 ], [ 77.24657169185123, 24.958049855875803 ], [ 77.246458951226771, 24.958027897236395 ], [ 77.246344947068749, 24.958012274901307 ], [ 77.24549196353513, 24.958019441529451 ], [ 77.245185241961337, 24.958065546339316 ], [ 77.245120327027095, 24.957328124223153 ], [ 77.245116454206951, 24.957228621767477 ], [ 77.245108608983429, 24.957129312942008 ], [ 77.245096806949533, 24.957030330629724 ], [ 77.245081058753883, 24.956931806771088 ], [ 77.245061389946358, 24.956833868907996 ], [ 77.245037823070675, 24.956736648170804 ], [ 77.245010391575306, 24.956640274872235 ], [ 77.24497912992463, 24.956544876623418 ], [ 77.244944080549914, 24.956450576582039 ], [ 77.244641485044752, 24.955923518594076 ], [ 77.244612086113293, 24.955893840582753 ], [ 77.244584644255823, 24.955862642640984 ], [ 77.24455925253352, 24.955830035684539 ], [ 77.244535997081613, 24.955796129671374 ], [ 77.244514959030823, 24.955761039938807 ], [ 77.244496209546, 24.955724888067792 ], [ 77.244479812831997, 24.955687798293628 ], [ 77.244465826142346, 24.955649896603148 ], [ 77.244454297772322, 24.955611313428307 ], [ 77.244210879710351, 24.954754035413906 ], [ 77.244177955330031, 24.954638083052821 ], [ 77.244168014175443, 24.954583075325029 ], [ 77.244155815724895, 24.954528447205075 ], [ 77.244141378075014, 24.954474275601306 ], [ 77.244124723327374, 24.95442063293784 ], [ 77.244105871525235, 24.954367599750583 ], [ 77.244084850713378, 24.954315248510316 ], [ 77.244061692898555, 24.954263651718769 ], [ 77.244036428080577, 24.954212884571415 ], [ 77.244009091280347, 24.954163015077764 ], [ 77.243943539920281, 24.95350335162577 ], [ 77.243937311728402, 24.952498176505401 ], [ 77.243941657342191, 24.952436502318051 ], [ 77.243950113632721, 24.952375184718875 ], [ 77.243962649729539, 24.95231444924741 ], [ 77.243979219887052, 24.952254523131902 ], [ 77.243999760581673, 24.952195628041661 ], [ 77.244024197428445, 24.952137981947619 ], [ 77.24405243823864, 24.952081799970831 ], [ 77.244084380005333, 24.952027289019032 ], [ 77.244119902908551, 24.951974653157773 ], [ 77.24432238995297, 24.951417340914535 ], [ 77.24434146973266, 24.951302415590199 ], [ 77.244372984953728, 24.951194468201312 ], [ 77.24441735475564, 24.951090345585488 ], [ 77.244474039141181, 24.950991312384122 ], [ 77.244542346081772, 24.950898578755371 ], [ 77.244621447649422, 24.950813270698443 ], [ 77.24471037803653, 24.950736430038969 ], [ 77.244808052598515, 24.950668991098475 ], [ 77.244873468705848, 24.950623337507825 ], [ 77.244941708805825, 24.950581262641819 ], [ 77.245012537759536, 24.950542910051883 ], [ 77.245085712633099, 24.950508409681323 ], [ 77.245160981655687, 24.950477883276111 ], [ 77.245238085295426, 24.950451435362169 ], [ 77.245316756242289, 24.950429155051367 ], [ 77.245396726298935, 24.950411120611616 ], [ 77.245477719498084, 24.950397393993732 ], [ 77.245654136210092, 24.950309696710885 ], [ 77.245684456688423, 24.950302682897224 ], [ 77.245746320605875, 24.950280530335323 ], [ 77.245804650856726, 24.950251479830371 ], [ 77.245858523820701, 24.950215989240856 ], [ 77.245907088206536, 24.950174619952026 ], [ 77.245949579048002, 24.950128023438598 ], [ 77.246597192197854, 24.949548190475276 ], [ 77.247623311987823, 24.948550913460803 ], [ 77.248819124886822, 24.947405163362085 ], [ 77.249520659567821, 24.946706317796473 ], [ 77.249972595116319, 24.946345421853191 ], [ 77.249992057637215, 24.946320011923138 ], [ 77.246262288473645, 24.945006001470823 ], [ 77.242593461970984, 24.942943263439627 ], [ 77.242020592936868, 24.943301879366491 ], [ 77.239963554160553, 24.943671110332584 ], [ 77.237790805062332, 24.944306759625231 ], [ 77.236159116464108, 24.943938119190545 ], [ 77.234935212366068, 24.94319418327164 ], [ 77.233809594826155, 24.942651669628454 ], [ 77.231718610498419, 24.941785044793079 ], [ 77.227995626680766, 24.943185346718515 ], [ 77.22630302060827, 24.943508581835975 ], [ 77.225713146458986, 24.943621225135761 ], [ 77.224909542794634, 24.94296926056963 ], [ 77.223816336188349, 24.940763637416534 ], [ 77.222550037997877, 24.94144001893752 ], [ 77.222739648829233, 24.942773603990247 ], [ 77.220988251896983, 24.943359209309154 ], [ 77.220956261238044, 24.944342630522804 ], [ 77.220606072558866, 24.945661636212083 ], [ 77.219098599162464, 24.945680265883698 ], [ 77.21887035995907, 24.946963929329105 ], [ 77.216327939042145, 24.950238705646147 ], [ 77.218881334481054, 24.953740591149032 ], [ 77.215512216552284, 24.956634640217107 ], [ 77.214551070666701, 24.954836589845865 ], [ 77.214521627443659, 24.954732797856096 ], [ 77.213818996354988, 24.952255821004744 ], [ 77.2126785878189, 24.947430371964131 ], [ 77.211365405098206, 24.943549916353934 ], [ 77.207882341216219, 24.944585655490449 ], [ 77.201604228652286, 24.94663327266446 ], [ 77.201158713371356, 24.946639075060702 ], [ 77.200262763848926, 24.945816574558954 ], [ 77.200142288685214, 24.945705974047222 ], [ 77.199926612548637, 24.945515477693913 ], [ 77.199023580089275, 24.945430934973135 ], [ 77.197824959780789, 24.945119155864422 ], [ 77.196988799466467, 24.944819773621312 ], [ 77.198058958022884, 24.944449064088541 ], [ 77.195939751928137, 24.943493777258688 ], [ 77.193635285529922, 24.942824043576337 ], [ 77.193586700441912, 24.940936735245405 ], [ 77.1945329801908, 24.939501906864141 ], [ 77.194148638369001, 24.939044492404843 ], [ 77.193880961842268, 24.938354649916739 ], [ 77.192736673742886, 24.938242321893981 ], [ 77.190849736187218, 24.937652685520025 ], [ 77.189233488379429, 24.93615345119899 ], [ 77.188816943668883, 24.934502149534879 ], [ 77.188568720204529, 24.93402912426756 ], [ 77.187619447078461, 24.932220112433519 ], [ 77.18966402213897, 24.930248202629976 ], [ 77.191788689415802, 24.929576521959667 ], [ 77.193715627524455, 24.929675428002952 ], [ 77.195136119891274, 24.929602256672304 ], [ 77.196139737216143, 24.927740639074816 ], [ 77.197823259453358, 24.927634088509997 ], [ 77.199935132069669, 24.927592278695208 ], [ 77.200202293396543, 24.925959817194048 ], [ 77.198862550245607, 24.924874186717449 ], [ 77.195902080068478, 24.926043333567691 ], [ 77.193834499314576, 24.926174618636484 ], [ 77.191804792777546, 24.92704948803085 ], [ 77.190655795071507, 24.926424875681821 ], [ 77.184591181653985, 24.928552269808733 ], [ 77.182459186372768, 24.929735650470136 ], [ 77.181593797164638, 24.93165829155798 ], [ 77.181826106564429, 24.932940829710155 ], [ 77.18242194427701, 24.933987407897849 ], [ 77.183329671928192, 24.936805665655477 ], [ 77.180718646392236, 24.939237074333409 ], [ 77.178660765199467, 24.942685931742158 ], [ 77.178013483281745, 24.943844525945302 ], [ 77.177209639655572, 24.944559012806852 ], [ 77.176605924254545, 24.945173616835309 ], [ 77.175392895311717, 24.945517971423882 ], [ 77.173822790201555, 24.946141881855528 ], [ 77.17167238585759, 24.945737156830347 ], [ 77.170084498257424, 24.944589943851181 ], [ 77.168682703570241, 24.943705352420874 ], [ 77.166430115322825, 24.942976384830178 ], [ 77.164116013354217, 24.942880353033008 ], [ 77.164199991116519, 24.943999354804724 ], [ 77.164414463595136, 24.944928211067229 ], [ 77.164508798761332, 24.946235311364418 ], [ 77.164560471093893, 24.948200173974836 ], [ 77.164572385046696, 24.948927981217967 ], [ 77.164591693141162, 24.950107515423316 ], [ 77.16403849130802, 24.951668077103587 ], [ 77.164116459854029, 24.953728230525421 ], [ 77.162300634107226, 24.954811433840007 ], [ 77.15987310518166, 24.956151929064088 ], [ 77.158614011101108, 24.957413476233477 ], [ 77.156572134087057, 24.959822575965678 ], [ 77.155600480516526, 24.960793409769696 ], [ 77.155060049686838, 24.960298248354356 ], [ 77.154969240760707, 24.960215315548417 ], [ 77.154882087419054, 24.960129185034717 ], [ 77.154798727015503, 24.960039988031742 ], [ 77.154719288894768, 24.959947863818133 ], [ 77.154643897382996, 24.9598529579517 ], [ 77.154572667889795, 24.95975541591465 ], [ 77.154505711787692, 24.959655390379652 ], [ 77.154443133504714, 24.959553034863372 ], [ 77.154385030460062, 24.959448510047991 ], [ 77.153519353481457, 24.958351936750372 ], [ 77.152790934010284, 24.957753914080879 ], [ 77.152714669662032, 24.95768916567209 ], [ 77.152633086567533, 24.957630049050831 ], [ 77.152546685265634, 24.95757692608985 ], [ 77.152455993424212, 24.957530120961895 ], [ 77.152361567794003, 24.957489922866205 ], [ 77.152263982432586, 24.957456575091033 ], [ 77.152163838536836, 24.957430282322488 ], [ 77.152061745687107, 24.957411204163478 ], [ 77.151958330707458, 24.957399460628032 ], [ 77.151832222459731, 24.957387005901559 ], [ 77.151705639016811, 24.957379563824659 ], [ 77.1515788209486, 24.957377148179738 ], [ 77.151452006935912, 24.957379763702715 ], [ 77.151325437751396, 24.957387404310911 ], [ 77.151199354241555, 24.957400056698031 ], [ 77.15107399142066, 24.957417696671726 ], [ 77.150949590338882, 24.957440291060653 ], [ 77.1508263852146, 24.957467796701891 ], [ 77.149285511798396, 24.957861260102987 ], [ 77.148559891046844, 24.958055515294649 ], [ 77.148066347263381, 24.954520290521948 ] ], [ [ 77.142356485821438, 24.958624649961962 ], [ 77.143118009175396, 24.958442388021286 ], [ 77.143371809442229, 24.958360619527024 ], [ 77.144138936177015, 24.957929071071181 ], [ 77.144559915613783, 24.95770100882282 ], [ 77.145003402354547, 24.957604993577831 ], [ 77.145599645077226, 24.957509775086095 ], [ 77.145958300480615, 24.957466773451262 ], [ 77.146260435089204, 24.957662023649867 ], [ 77.146763348360125, 24.957935012125382 ], [ 77.147300920409094, 24.958116169759492 ], [ 77.147658593329012, 24.958169120358257 ], [ 77.148222481761039, 24.958113618126642 ], [ 77.148559891046844, 24.958055515294649 ], [ 77.148580810221034, 24.96015758173035 ], [ 77.14886484915958, 24.961462566516396 ], [ 77.150693747785454, 24.965793640419449 ], [ 77.150761284733619, 24.965953567805485 ], [ 77.151934760929038, 24.967936454161975 ], [ 77.151879768376944, 24.969375782587022 ], [ 77.152043571045041, 24.970914616615026 ], [ 77.152210668264274, 24.972484360159253 ], [ 77.152102151595585, 24.972835777246594 ], [ 77.152059944949826, 24.973143343465509 ], [ 77.152129223570284, 24.973424160155407 ], [ 77.152372917552782, 24.973714335239631 ], [ 77.152688193949402, 24.974010350428479 ], [ 77.152691857006019, 24.974174754084235 ], [ 77.152470282163122, 24.974660509960007 ], [ 77.152299021709183, 24.975035958770832 ], [ 77.151976520208024, 24.976122286659571 ], [ 77.15152100204871, 24.976821286672681 ], [ 77.151468927915701, 24.976940188289081 ], [ 77.151322894704236, 24.977273613445043 ], [ 77.151529217695, 24.977598471375192 ], [ 77.151630139201842, 24.978005802956186 ], [ 77.151944358338369, 24.97835459134237 ], [ 77.152035585349623, 24.978601810017125 ], [ 77.152028527094785, 24.979431626348681 ], [ 77.151796630704979, 24.979704594991681 ], [ 77.151797174466552, 24.980333398263443 ], [ 77.15173646809302, 24.980608494383027 ], [ 77.151883171227155, 24.981273702391402 ], [ 77.151879224696813, 24.981867626305174 ], [ 77.151962458341686, 24.982243417857269 ], [ 77.151689393444101, 24.982510498325148 ], [ 77.151649092670141, 24.982705640220285 ], [ 77.151826203415055, 24.983132906901083 ], [ 77.151811714385687, 24.983775354553455 ], [ 77.151903446397355, 24.984233081606284 ], [ 77.151921125015264, 24.984903585857086 ], [ 77.151604239721991, 24.987477159307968 ], [ 77.151514119699883, 24.988204185379296 ], [ 77.151034662041184, 24.988375781551149 ], [ 77.150092915333616, 24.988836233138947 ], [ 77.150016988341804, 24.988880203976962 ], [ 77.150004145158903, 24.988889216040786 ], [ 77.149992434140373, 24.988899429845507 ], [ 77.14998273369963, 24.988911281846214 ], [ 77.149974067843473, 24.988926218642725 ], [ 77.149974237502136, 24.988939829937056 ], [ 77.149928490549428, 24.988924103875458 ], [ 77.149875878405609, 24.988912466425504 ], [ 77.149822098450102, 24.988906779532044 ], [ 77.14976796035991, 24.988907127755191 ], [ 77.149714273727866, 24.988913507150762 ], [ 77.14966184810983, 24.988925820755224 ], [ 77.14961146620827, 24.988943884679081 ], [ 77.149340282276711, 24.989036650750396 ], [ 77.148940995501263, 24.989207227674992 ], [ 77.148888223682263, 24.989234145830991 ], [ 77.148831653669802, 24.989253632434416 ], [ 77.148772538423401, 24.9892652565383 ], [ 77.148712185592828, 24.989268761963576 ], [ 77.148651928765176, 24.989264068860432 ], [ 77.148593103591224, 24.989251282536141 ], [ 77.14853700921671, 24.989230685900907 ], [ 77.148484887511458, 24.989202735678791 ], [ 77.147661229435315, 24.989268417723601 ], [ 77.146988073448057, 24.989313221813187 ], [ 77.147106931014775, 24.989764038065601 ], [ 77.146872664284928, 24.995512259287409 ], [ 77.146096829598122, 24.996762087141686 ], [ 77.144261734314455, 24.998716408316028 ], [ 77.14362167788606, 24.999315316632913 ], [ 77.142693399977261, 25.000058305109647 ], [ 77.137133637172639, 25.005706923428448 ], [ 77.137986770128478, 25.006673591737666 ], [ 77.13710149365032, 25.007827737976196 ], [ 77.137647260451388, 25.00956752841795 ], [ 77.136828553783815, 25.011199028816527 ], [ 77.137637775761689, 25.013191706600349 ], [ 77.137969887481461, 25.018663264508401 ], [ 77.136958144093356, 25.019588395289052 ], [ 77.133449738493923, 25.022808816060358 ], [ 77.129820617563169, 25.02624399958156 ], [ 77.129313760122429, 25.026723748454231 ], [ 77.128305752341845, 25.026830794826317 ], [ 77.126273787850906, 25.027156061549746 ], [ 77.125755233396049, 25.027732383681553 ], [ 77.125522096779349, 25.027570375419906 ], [ 77.124560351743185, 25.027514079719325 ], [ 77.123334082796376, 25.027492514870435 ], [ 77.122033755835787, 25.027698364983102 ], [ 77.118985457025303, 25.028971137086252 ], [ 77.117851481918223, 25.028631215907339 ], [ 77.116937425785494, 25.028357211284 ], [ 77.116394028833739, 25.028194314937078 ], [ 77.114991902105999, 25.028527591727517 ], [ 77.113726639004312, 25.029397963858894 ], [ 77.110488810447393, 25.029344166030061 ], [ 77.108107223656447, 25.0317682345155 ], [ 77.107642649867316, 25.032885722501771 ], [ 77.107275190946197, 25.033745552898985 ], [ 77.106090122159245, 25.034107478872311 ], [ 77.104627576848003, 25.033080383787734 ], [ 77.098622846968524, 25.033481249903371 ], [ 77.096735006868485, 25.033864431053811 ], [ 77.095880132837294, 25.032665091180853 ], [ 77.093860797752868, 25.029648004145105 ], [ 77.089951935760567, 25.024155422332466 ], [ 77.092868514229764, 25.023284172385775 ], [ 77.093602651498344, 25.02088564941505 ], [ 77.094257174129581, 25.018691944188607 ], [ 77.097585507670345, 25.015433279906389 ], [ 77.09789932476933, 25.014457859746283 ], [ 77.09854638491926, 25.012446582156766 ], [ 77.098456902920276, 25.011517738430403 ], [ 77.098162276791413, 25.008459348815965 ], [ 77.098055516647818, 25.007351092475886 ], [ 77.096162518199364, 25.004787513375486 ], [ 77.097583118071867, 25.002961832596931 ], [ 77.09847868919104, 25.001810854063333 ], [ 77.100136790239702, 25.000043403346808 ], [ 77.101991232029079, 24.998581579586254 ], [ 77.103237620511194, 24.997702255160739 ], [ 77.104575595264464, 24.995918583533864 ], [ 77.10524704366, 24.99485118174039 ], [ 77.105855281623491, 24.994699691514686 ], [ 77.107000670697573, 24.994743877955905 ], [ 77.108358462385951, 24.994775578941404 ], [ 77.111044511220797, 24.994593972665768 ], [ 77.112281420945706, 24.994482070425285 ], [ 77.114680059637493, 24.993854204490923 ], [ 77.116591071346534, 24.993734524654119 ], [ 77.117674322443904, 24.994296582052936 ], [ 77.117798331005531, 24.994611366840914 ], [ 77.119182248062174, 24.994050596574041 ], [ 77.120241632838088, 24.993896007117709 ], [ 77.120729963392421, 24.993750229621117 ], [ 77.121798607417773, 24.992877888968064 ], [ 77.12313063410987, 24.991659977851622 ], [ 77.125460124954387, 24.990354814977589 ], [ 77.125776504962303, 24.990168438816397 ], [ 77.129659052988544, 24.988631959371865 ], [ 77.13035888536524, 24.987716631514651 ], [ 77.131081917810675, 24.986388170082982 ], [ 77.131723833237942, 24.985584277911276 ], [ 77.131758573443435, 24.98508891769362 ], [ 77.131591140046723, 24.984774482697276 ], [ 77.130199313272726, 24.982160611109656 ], [ 77.129794784197358, 24.981400875965523 ], [ 77.129412067566562, 24.980354813857417 ], [ 77.129630756374027, 24.978825160606903 ], [ 77.129783360959536, 24.977941073802107 ], [ 77.13029660211879, 24.974489326422624 ], [ 77.13072724726257, 24.971114097768901 ], [ 77.130870401470261, 24.969992064765588 ], [ 77.131805599044185, 24.969810777503188 ], [ 77.132996147621398, 24.970041122570819 ], [ 77.134632958296635, 24.970357791874473 ], [ 77.137510342836876, 24.970525860553568 ], [ 77.138600732442811, 24.97077498839916 ], [ 77.138791448921637, 24.969344580984394 ], [ 77.138631160554411, 24.968492866919345 ], [ 77.138729932785765, 24.966646074428532 ], [ 77.138784252626522, 24.964226562570389 ], [ 77.138883191828441, 24.959819182902145 ], [ 77.138993806906143, 24.958647891023041 ], [ 77.139623358117646, 24.958575613589034 ], [ 77.140372775025469, 24.958548494890181 ], [ 77.141362958495847, 24.958633803559142 ], [ 77.142356485821438, 24.958624649961962 ] ], [ [ 77.181093084328907, 25.070945790994074 ], [ 77.18422193379557, 25.068813935754989 ], [ 77.185797919587628, 25.067997956414398 ], [ 77.187754635645959, 25.067242951444278 ], [ 77.188997893576484, 25.066457230294368 ], [ 77.191383679754964, 25.064949386810049 ], [ 77.192908409053302, 25.064271244856094 ], [ 77.192686296676911, 25.061268607775354 ], [ 77.192548386209353, 25.059404182424725 ], [ 77.198772610361914, 25.06076610183624 ], [ 77.200502074643836, 25.060652365387671 ], [ 77.202034723664795, 25.060551555145533 ], [ 77.203698253976214, 25.060442117788838 ], [ 77.204384589414929, 25.061719578102217 ], [ 77.206753218538879, 25.066128036152406 ], [ 77.205166799196476, 25.066781781135283 ], [ 77.20159307422729, 25.06892826308637 ], [ 77.200098523175186, 25.071244657277486 ], [ 77.199174447062632, 25.072061859521277 ], [ 77.198845088833821, 25.072288410279494 ], [ 77.19699673112882, 25.073559785261974 ], [ 77.194203709496406, 25.074800408272118 ], [ 77.19428735188103, 25.075695581129462 ], [ 77.194567187401276, 25.078690423192302 ], [ 77.194140288059259, 25.07972366796222 ], [ 77.193606853023255, 25.080402244224071 ], [ 77.192390429927542, 25.081949601718534 ], [ 77.191252748570363, 25.082401564997905 ], [ 77.190242087355898, 25.081493739620345 ], [ 77.19015993597516, 25.081127078303332 ], [ 77.188729625368794, 25.080477946782555 ], [ 77.187635205810793, 25.07969612533908 ], [ 77.186031536651214, 25.07958316279159 ], [ 77.184800216044991, 25.07900327264985 ], [ 77.183811004614412, 25.07814916281621 ], [ 77.182695437057333, 25.077621753117686 ], [ 77.181268171099802, 25.077434557089617 ], [ 77.17949814600928, 25.077021663750049 ], [ 77.178956138494044, 25.076084495131859 ], [ 77.178164698138986, 25.07575274324903 ], [ 77.177274846460861, 25.074875598615385 ], [ 77.179231911200716, 25.072235058889021 ], [ 77.181093084328907, 25.070945790994074 ] ], [ [ 77.222033608381679, 24.955465260788944 ], [ 77.222605278606139, 24.954146122121497 ], [ 77.223814845843492, 24.953020953001886 ], [ 77.225174786490882, 24.951489476874467 ], [ 77.225613652359542, 24.950850336744796 ], [ 77.226970381890013, 24.949749849226382 ], [ 77.228239013623053, 24.950535293446983 ], [ 77.231905209350472, 24.950188540810345 ], [ 77.232351622279197, 24.95093103179741 ], [ 77.233501532634435, 24.951822413743812 ], [ 77.235695775856968, 24.952817324309443 ], [ 77.236856214707757, 24.953448349444272 ], [ 77.237912720682232, 24.954042798262932 ], [ 77.238917731794885, 24.954683348467952 ], [ 77.238243736798452, 24.955747853925264 ], [ 77.237284942847168, 24.956610936820766 ], [ 77.236043190245752, 24.958303533251105 ], [ 77.235160895387523, 24.95945470577578 ], [ 77.234310206838359, 24.959764252160216 ], [ 77.233152505480277, 24.96013647591284 ], [ 77.231906422500956, 24.960482805335506 ], [ 77.229355371060024, 24.961835451944435 ], [ 77.227159984375419, 24.962986033398835 ], [ 77.223858377703962, 24.96437183532964 ], [ 77.222377319829491, 24.964978189377952 ], [ 77.222202812209972, 24.962429694300347 ], [ 77.222053617017565, 24.95984705278396 ], [ 77.222049550031613, 24.957357408338922 ], [ 77.221991764548804, 24.956224617841816 ], [ 77.222033608381679, 24.955465260788944 ] ], [ [ 77.206623431867598, 25.001653608840428 ], [ 77.206653470536423, 25.001569724893784 ], [ 77.207908196052543, 25.001159728859179 ], [ 77.210896896146195, 25.002059103234981 ], [ 77.21079285751982, 25.000049683854289 ], [ 77.210635559467448, 24.999066660969298 ], [ 77.206454323683019, 24.998540663072493 ], [ 77.20513412288885, 24.997429362431188 ], [ 77.201470723241556, 24.994707400008821 ], [ 77.201160519513081, 24.994575511972549 ], [ 77.202493668345227, 24.992331562879123 ], [ 77.204494107438009, 24.991269298208312 ], [ 77.208031238423033, 24.989232294342592 ], [ 77.211269502172229, 24.989896249498205 ], [ 77.211890753529033, 24.990023619128358 ], [ 77.212220271342659, 24.99165501478312 ], [ 77.212487377692881, 24.991934587167254 ], [ 77.213955582662862, 24.99175720943364 ], [ 77.216098811370145, 24.991552590676484 ], [ 77.216262715198994, 24.99170450806723 ], [ 77.216780724599261, 24.993878338646748 ], [ 77.217218676231198, 24.99607423901649 ], [ 77.217791115828007, 24.998964613254692 ], [ 77.216871271853066, 25.000014186609388 ], [ 77.21517466518749, 25.002941894988172 ], [ 77.216169527180426, 25.006140596452916 ], [ 77.216194933468884, 25.006222284763425 ], [ 77.215620095205878, 25.00682577544249 ], [ 77.211821753665305, 25.010786044134672 ], [ 77.211530384802003, 25.011536009755144 ], [ 77.20993579092594, 25.011884518250145 ], [ 77.207038625945188, 25.01228298597087 ], [ 77.205243643489169, 25.010252221072481 ], [ 77.204508607761923, 25.009075994501082 ], [ 77.204638314732378, 25.00778831049405 ], [ 77.205342603084461, 25.005230388570279 ], [ 77.206205915699726, 25.002819571815909 ], [ 77.206623431867598, 25.001653608840428 ] ] ], [ [ [ 77.185369634321503, 24.768291466861818 ], [ 77.185973937908571, 24.76800153736772 ], [ 77.186938501570324, 24.767340067725051 ], [ 77.187818106207772, 24.767340430990238 ], [ 77.188255667754404, 24.767186284919195 ], [ 77.188808119167788, 24.766703733929312 ], [ 77.188925784005477, 24.766600955403003 ], [ 77.189070722535604, 24.766611296841656 ], [ 77.189897650837523, 24.766670295974748 ], [ 77.190120305579455, 24.766686181551911 ], [ 77.190312727212969, 24.766996368629322 ], [ 77.190292806154744, 24.767505816792845 ], [ 77.190484150824673, 24.767925725862142 ], [ 77.191006334299885, 24.768341483332691 ], [ 77.191449829751122, 24.76848487647694 ], [ 77.192388035327852, 24.768643426590579 ], [ 77.19282492526537, 24.76855784278958 ], [ 77.194037507598523, 24.768726380816648 ], [ 77.194459561547532, 24.769388199839732 ], [ 77.194726567838259, 24.769760714766129 ], [ 77.195191330900428, 24.770014409043085 ], [ 77.196319170992211, 24.770003029615967 ], [ 77.19780167878119, 24.76985736731358 ], [ 77.198005528819877, 24.770074088584202 ], [ 77.198935141869725, 24.769292637982893 ], [ 77.199663464667836, 24.768682954863198 ], [ 77.198728983258178, 24.768046889097558 ], [ 77.196918172036362, 24.765910519050582 ], [ 77.195035590434813, 24.764476774909632 ], [ 77.192923971751014, 24.763271155309209 ], [ 77.190907245219464, 24.762407103017871 ], [ 77.190570459405862, 24.762265448466529 ], [ 77.189322864314263, 24.76174069100189 ], [ 77.188819860473231, 24.76152911744445 ], [ 77.188088553699387, 24.761358692940796 ], [ 77.186293009119993, 24.761881084241327 ], [ 77.184944363321819, 24.762177356954989 ], [ 77.181421810776342, 24.762951132082261 ], [ 77.178801230298575, 24.763731271200331 ], [ 77.17808380576156, 24.765658120635987 ], [ 77.17768078765161, 24.76670836043392 ], [ 77.177083991051333, 24.768263545666578 ], [ 77.177041522773777, 24.768909938313932 ], [ 77.178073358898416, 24.770337824193703 ], [ 77.179413411375762, 24.770027958154316 ], [ 77.179446436823696, 24.770020321301402 ], [ 77.179967274519754, 24.769975411303889 ], [ 77.179810277887825, 24.770467501366159 ], [ 77.179270822912841, 24.771143217971154 ], [ 77.179168620414359, 24.772075179266203 ], [ 77.179369048601984, 24.773175381074719 ], [ 77.179643795995787, 24.773593945474499 ], [ 77.180667067758193, 24.774621502866832 ], [ 77.181653297427943, 24.774884042765635 ], [ 77.181905297979341, 24.775040303473624 ], [ 77.182788530056101, 24.775406258754899 ], [ 77.183129274214792, 24.775162177456902 ], [ 77.183613807075076, 24.774062024356002 ], [ 77.184503194164094, 24.773140073815174 ], [ 77.184669525871584, 24.772284187746621 ], [ 77.184665188760349, 24.771961822646347 ], [ 77.184183987396395, 24.771203478663786 ], [ 77.183712500811581, 24.770893469454844 ], [ 77.183266186037883, 24.770409731944124 ], [ 77.183317225151427, 24.770195925348812 ], [ 77.183344613859674, 24.770081190940896 ], [ 77.183750225247834, 24.769357577757585 ], [ 77.183866481447538, 24.769006053071081 ], [ 77.184457855087786, 24.768503424793717 ], [ 77.185369634321503, 24.768291466861818 ] ] ] ] } }
]
}
